{
  "tag": "best_235200",
  "ckpt": "d4rl_ant_umaze_gfull_gfull29_alpha0_4actor_s0_250k/checkpoints/best.pkl",
  "step": 235200,
  "policy_head": {
    "scale_median": 1.0023018148785923e-06,
    "scale_p10": 1.0000013617172954e-06,
    "scale_p90": 3.5392588415561477e-06,
    "log_scale_median": -13.813211441040039,
    "frac_at_min_std": 0.934375,
    "sample_vs_mode_dist": 0.00017488590674474835,
    "mode_sat": 0.2403125,
    "sample_sat": 0.2403125,
    "alpha": null,
    "entropy_mean": 268271452160.0,
    "entropy_median": 160.08798217773438,
    "entropy_clip_artifact_frac": 0.45
  },
  "collection": {
    "moving_transition_frac": 0.6986904761904762,
    "disp_p50": 0.023837752640247345,
    "disp_p90": 0.0887181930243969,
    "disp_max": 0.2082091122865677,
    "speed_mean": 0.03440937412209419,
    "torso_z_mean": 0.4903103364618447,
    "fall_step_frac": 0.0,
    "action_eff_rank": 5.872671972429041,
    "action_per_dim_std_mean": 0.6998570561408997,
    "action_sat": 0.23175595238095237,
    "unique_cells": 117,
    "n_episodes": 12,
    "n_unique_goals": 12
  },
  "eval_deterministic": {
    "success": 0.0,
    "d0": 7.151286196708679,
    "dmin": 6.327824175357819,
    "progress": 0.8234620213508606,
    "path_len": 10.279853081783353,
    "speed": 0.014685504402547647,
    "static_frac": 0.42642857142857143,
    "fall_frac": 0.0,
    "goal_vel": 0.002974242482866561,
    "sat": 0.32558928571428575
  },
  "coverage_gates": {
    "n_unique": 1524,
    "n_unique_ok": true,
    "n_episodes": 12,
    "episodes_ok": true,
    "n_goals": 12,
    "goals_ok": true,
    "moving_frac_pool": 0.7703412073490814,
    "moving_ok": true,
    "stationary_n_pool": 350,
    "selected": 30,
    "selected_moving": 20,
    "no_duplicate_domination": true,
    "pass": true
  },
  "controllability": {
    "sigma_0.05": {
      "std_proj1_median": 0.00040895601125075936,
      "rng_prog1_median": 0.001819610064806687,
      "spearman_prog1_median": 0.1635760073260073,
      "critic_decile_gap_mean": 0.0002441972194562121,
      "true_decile_gap_mean": 0.0019181138804052929,
      "decile_usefulness": 0.12731111631250105,
      "fall3_frac": 0.0
    },
    "sigma_0.2": {
      "std_proj1_median": 0.001608175340308811,
      "rng_prog1_median": 0.007380653369897461,
      "spearman_prog1_median": 0.2262362637362637,
      "critic_decile_gap_mean": 0.001348910599578952,
      "true_decile_gap_mean": 0.006878674207971363,
      "decile_usefulness": 0.19610037611894227,
      "fall3_frac": 0.0
    },
    "actor_disp1_median": 0.02486396845981454
  }
}