{
  "arm": "best_235200",
  "env": "d4rl_ant_umaze_gfull",
  "ckpt": "d4rl_ant_umaze_gfull_gfull29_alpha0_4actor_s0_250k/checkpoints/best.pkl",
  "step": 235200,
  "n_states": 30,
  "gradient": {
    "norm_median": 3.6493717432022095,
    "norm_p10": 2.228405582904816,
    "norm_p90": 5.439445924758912,
    "participation_ratio_median": 5.392845869064331,
    "top_dim_share_median": 0.28961367905139923,
    "saturated_dim_frac_median": 0.25,
    "blocked_outward_mass_median": 0.1639275774359703,
    "finite_diff_rel_err_median": 0.1770818906477672,
    "f0_mean": -12.844815317789713
  },
  "perturbations": {
    "0.02": {
      "df_plus_mean": 0.05748888651529948,
      "df_plus_pos_frac": 1.0,
      "df_minus_mean": -0.06990516980489095,
      "eff_norm_plus": 0.017309074693669876,
      "prog1_margin_vs_minus": [
        8.452968742063879e-06,
        [
          -9.379203127582817e-05,
          0.00010895598728982768
        ]
      ],
      "prog1_margin_vs_random": [
        -3.6117556999941545e-05,
        [
          -0.00016325659563687424,
          6.369889689626796e-05
        ]
      ],
      "prog3_margin_vs_minus": [
        0.0004770129477465172,
        [
          -0.000686895763772092,
          0.0016863706086666572
        ]
      ],
      "prog3_margin_vs_random": [
        -0.00046291245269076525,
        [
          -0.0018280598242198314,
          0.0005797735581942574
        ]
      ],
      "prog5_margin_vs_minus": [
        0.0002125461474841365,
        [
          -0.002996734843674833,
          0.003300524353121363
        ]
      ],
      "prog5_margin_vs_random": [
        -0.00013426403922913477,
        [
          -0.0023067422996343773,
          0.001669259229267037
        ]
      ],
      "fell5_plus": 0.0,
      "fell5_random": 0.0,
      "minz5_plus": 0.4784508875280868
    },
    "0.05": {
      "df_plus_mean": 0.1305803934733073,
      "df_plus_pos_frac": 1.0,
      "df_minus_mean": -0.1688385009765625,
      "eff_norm_plus": 0.04044440612196922,
      "prog1_margin_vs_minus": [
        0.00013515353426123608,
        [
          -7.676314636983914e-05,
          0.000366047510778078
        ]
      ],
      "prog1_margin_vs_random": [
        7.338159818414959e-05,
        [
          -4.307765281299864e-05,
          0.00019573398204622038
        ]
      ],
      "prog3_margin_vs_minus": [
        0.002021718602519588,
        [
          0.0005269352537026914,
          0.0038694787181766627
        ]
      ],
      "prog3_margin_vs_random": [
        0.0007103769946243379,
        [
          -0.00012958926454123996,
          0.0015565007126991165
        ]
      ],
      "prog5_margin_vs_minus": [
        0.004249325493879965,
        [
          -0.0002778875495294149,
          0.009250407073084143
        ]
      ],
      "prog5_margin_vs_random": [
        0.000435863014431188,
        [
          -0.002459621296781414,
          0.0031129052837703553
        ]
      ],
      "fell5_plus": 0.0,
      "fell5_random": 0.0,
      "minz5_plus": 0.4781487396046806
    },
    "0.1": {
      "df_plus_mean": 0.24170063336690267,
      "df_plus_pos_frac": 1.0,
      "df_minus_mean": -0.32688061396280926,
      "eff_norm_plus": 0.0780160663028558,
      "prog1_margin_vs_minus": [
        0.00022398469089578247,
        [
          -5.77481143702308e-05,
          0.0005324451862975797
        ]
      ],
      "prog1_margin_vs_random": [
        0.0001150417618158317,
        [
          -3.6537856547152175e-05,
          0.00028158367691377895
        ]
      ],
      "prog3_margin_vs_minus": [
        0.0005022043300972797,
        [
          -0.00127120384462311,
          0.0020990664684035084
        ]
      ],
      "prog3_margin_vs_random": [
        0.0007312568187488621,
        [
          -3.654622920834985e-05,
          0.0014597909703025157
        ]
      ],
      "prog5_margin_vs_minus": [
        0.005250306764755121,
        [
          -0.00034079743641686635,
          0.012250826962778178
        ]
      ],
      "prog5_margin_vs_random": [
        0.0018795457381086682,
        [
          -0.0009704716559912676,
          0.005258960481973933
        ]
      ],
      "fell5_plus": 0.0,
      "fell5_random": 0.0,
      "minz5_plus": 0.4790439245047471
    }
  },
  "score_progress_coupling": {
    "spearman_df_prog1": 0.23910031976656332,
    "spearman_df_prog5": 0.129215044782108
  },
  "actor_step_1": {
    "df_mean": 0.45219895044962566,
    "df_pos_frac": 0.8666666666666667,
    "da_median": 0.23264170438051224,
    "sat_mean": 0.2375,
    "dprog1_mean": 0.0017471617520262031,
    "dprog5_mean": 0.013375275498022195,
    "dprog5_ci": [
      -9.774753709388328e-05,
      0.02701804443015193
    ],
    "sp_df_dprog5": 0.6044493882091213
  },
  "actor_steps_50_probe": {
    "df_mean": 2.6939536571502685,
    "df_pos_frac": 1.0,
    "da_median": 1.9118671417236328,
    "sat_mean": 0.5,
    "dprog1_mean": 0.0037571779171036027,
    "dprog5_mean": 0.03999775207747779,
    "dprog5_ci": [
      0.0016789894312839468,
      0.07891975689294062
    ],
    "sp_df_dprog5": 0.40155728587319245,
    "loss_first": 13.684982299804688,
    "loss_last": 11.337400436401367,
    "sat_before": 0.23333333333333334
  },
  "checks": {
    "score_valid": true,
    "vanishes": false,
    "drives_saturation": true,
    "aligns": false,
    "actor_step_increases_score": true
  },
  "verdict": "CRITIC_GRADIENT_DRIVES_SATURATION"
}