{
  "tag": "xy_10000",
  "env": "antmaze_open_near",
  "step": 10200,
  "k_way": 64,
  "chance_acc": 0.015625,
  "baseline_acc": 0.2604166666666667,
  "positive_rank_median": 3.5,
  "blocks": {
    "xy": {
      "n_dims": 2,
      "knockout_acc": 0.0,
      "reliance": 0.2604166666666667,
      "only_block_acc": 0.2604166666666667
    }
  }
}