{
  "tag": "gcompact_20000",
  "env": "antmaze_open_near_gcompact",
  "step": 20400,
  "k_way": 64,
  "chance_acc": 0.015625,
  "baseline_acc": 0.8958333333333334,
  "positive_rank_median": 0.0,
  "blocks": {
    "xy": {
      "n_dims": 2,
      "knockout_acc": 0.03125,
      "reliance": 0.8645833333333334,
      "only_block_acc": 0.4270833333333333
    },
    "pose": {
      "n_dims": 5,
      "knockout_acc": 0.375,
      "reliance": 0.5208333333333334,
      "only_block_acc": 0.08333333333333333
    },
    "velocity": {
      "n_dims": 6,
      "knockout_acc": 0.9166666666666666,
      "reliance": -0.02083333333333326,
      "only_block_acc": 0.03125
    }
  }
}