{
  "tag": "gcompact_30000",
  "env": "antmaze_open_near_gcompact",
  "step": 30000,
  "k_way": 64,
  "chance_acc": 0.015625,
  "baseline_acc": 1.0,
  "positive_rank_median": 0.0,
  "blocks": {
    "xy": {
      "n_dims": 2,
      "knockout_acc": 0.020833333333333332,
      "reliance": 0.9791666666666666,
      "only_block_acc": 0.78125
    },
    "pose": {
      "n_dims": 5,
      "knockout_acc": 0.7291666666666666,
      "reliance": 0.27083333333333337,
      "only_block_acc": 0.041666666666666664
    },
    "velocity": {
      "n_dims": 6,
      "knockout_acc": 1.0,
      "reliance": 0.0,
      "only_block_acc": 0.03125
    }
  }
}