{
  "tag": "xy_30000",
  "env": "antmaze_open_near",
  "step": 30000,
  "k_way": 64,
  "chance_acc": 0.015625,
  "baseline_acc": 0.8020833333333334,
  "positive_rank_median": 0.0,
  "blocks": {
    "xy": {
      "n_dims": 2,
      "knockout_acc": 0.020833333333333332,
      "reliance": 0.78125,
      "only_block_acc": 0.8020833333333334
    }
  }
}