{
  "tag": "gcompact_10000",
  "env": "antmaze_open_near_gcompact",
  "step": 10200,
  "k_way": 64,
  "chance_acc": 0.015625,
  "baseline_acc": 0.3125,
  "positive_rank_median": 4.0,
  "blocks": {
    "xy": {
      "n_dims": 2,
      "knockout_acc": 0.020833333333333332,
      "reliance": 0.2916666666666667,
      "only_block_acc": 0.15625
    },
    "pose": {
      "n_dims": 5,
      "knockout_acc": 0.22916666666666666,
      "reliance": 0.08333333333333334,
      "only_block_acc": 0.020833333333333332
    },
    "velocity": {
      "n_dims": 6,
      "knockout_acc": 0.2708333333333333,
      "reliance": 0.041666666666666685,
      "only_block_acc": 0.03125
    }
  }
}