{
  "n_total": 110,
  "n_unique": 20,
  "n_moving": 16,
  "n_resting_copies": 91,
  "n_goals": 1,
  "per_set_unique": {
    "local_s0.01": {
      "n": 20,
      "std_proj1_median": 2.2988609998719767e-05,
      "rng_prog1_median": 0.00012401584535837173,
      "sp_prog1_median": 0.212790125434902,
      "sp_frac_pos": 0.65,
      "critic_gap_mean": 1.4203990758687723e-05,
      "true_gap_mean": 0.00011546388122951612,
      "usefulness": 0.12301674485206604
    },
    "local_s0.03": {
      "n": 20,
      "std_proj1_median": 6.502244650619105e-05,
      "rng_prog1_median": 0.0003057535504922271,
      "sp_prog1_median": 0.22158258560703165,
      "sp_frac_pos": 0.65,
      "critic_gap_mean": 2.2722848370904103e-05,
      "true_gap_mean": 0.00031148584093898535,
      "usefulness": 0.0729498565196991
    },
    "local_s0.05": {
      "n": 20,
      "std_proj1_median": 8.410686859861016e-05,
      "rng_prog1_median": 0.0004128599539399147,
      "sp_prog1_median": 0.297673274125618,
      "sp_frac_pos": 0.65,
      "critic_gap_mean": 4.9596936150919646e-05,
      "true_gap_mean": 0.0005190768279135227,
      "usefulness": 0.0955483540892601
    },
    "local_s0.1": {
      "n": 20,
      "std_proj1_median": 0.0001898798072943464,
      "rng_prog1_median": 0.0011213161051273346,
      "sp_prog1_median": 0.15558047976561068,
      "sp_frac_pos": 0.65,
      "critic_gap_mean": 7.854452996980399e-05,
      "true_gap_mean": 0.000948171888012439,
      "usefulness": 0.08283785730600357
    },
    "local_s0.2": {
      "n": 20,
      "std_proj1_median": 0.0003567270759958774,
      "rng_prog1_median": 0.0021515132393687963,
      "sp_prog1_median": 0.18165171214063358,
      "sp_frac_pos": 0.65,
      "critic_gap_mean": 0.00022290844935923815,
      "true_gap_mean": 0.0019188688602298498,
      "usefulness": 0.11616659164428711
    },
    "replay_nbr": {
      "n": 20,
      "std_proj1_median": 0.0023444602265954018,
      "rng_prog1_median": 0.007065598852932453,
      "sp_prog1_median": -0.49090909090909085,
      "sp_frac_pos": 0.2,
      "critic_gap_mean": -0.0033074759412556887,
      "true_gap_mean": 0.008242207579314709,
      "usefulness": -0.40128520131111145
    },
    "uniform": {
      "n": 20,
      "std_proj1_median": 0.005365799181163311,
      "rng_prog1_median": 0.026995189487934113,
      "sp_prog1_median": 0.012632187328328144,
      "sp_frac_pos": 0.55,
      "critic_gap_mean": 0.0006020989967510104,
      "true_gap_mean": 0.01853523589670658,
      "usefulness": 0.032484021037817
    }
  },
  "per_set_moving": {
    "local_s0.01": {
      "n": 16,
      "std_proj1_median": 3.025773912668228e-05,
      "rng_prog1_median": 0.00016937404870986938,
      "sp_prog1_median": 0.17419829243728255,
      "sp_frac_pos": 0.5625,
      "critic_gap_mean": 1.6830126696731895e-05,
      "true_gap_mean": 0.00014071179612074047,
      "usefulness": 0.11960707604885101
    },
    "local_s0.03": {
      "n": 16,
      "std_proj1_median": 9.325344581156969e-05,
      "rng_prog1_median": 0.0004359339363873005,
      "sp_prog1_median": 0.15287664804980772,
      "sp_frac_pos": 0.5625,
      "critic_gap_mean": 2.6204892492387444e-05,
      "true_gap_mean": 0.0003793549258261919,
      "usefulness": 0.0690775066614151
    },
    "local_s0.05": {
      "n": 16,
      "std_proj1_median": 0.000126687329611741,
      "rng_prog1_median": 0.0007595992647111416,
      "sp_prog1_median": 0.1746846960263688,
      "sp_frac_pos": 0.5625,
      "critic_gap_mean": 5.533387593459338e-05,
      "true_gap_mean": 0.000632169540040195,
      "usefulness": 0.08753012120723724
    },
    "local_s0.1": {
      "n": 16,
      "std_proj1_median": 0.00027934167883358896,
      "rng_prog1_median": 0.0013894313015043736,
      "sp_prog1_median": 0.07511788134041383,
      "sp_frac_pos": 0.5625,
      "critic_gap_mean": 8.69022769620642e-05,
      "true_gap_mean": 0.0011519340332597494,
      "usefulness": 0.07544032484292984
    },
    "local_s0.2": {
      "n": 16,
      "std_proj1_median": 0.0005292943678796291,
      "rng_prog1_median": 0.002158581744879484,
      "sp_prog1_median": 0.10555244002929867,
      "sp_frac_pos": 0.5625,
      "critic_gap_mean": 0.00019661884289234877,
      "true_gap_mean": 0.002251187339425087,
      "usefulness": 0.08734006434679031
    },
    "replay_nbr": {
      "n": 16,
      "std_proj1_median": 0.002750770188868046,
      "rng_prog1_median": 0.008561755530536175,
      "sp_prog1_median": -0.2121212121212121,
      "sp_frac_pos": 0.25,
      "critic_gap_mean": -0.002892392221838236,
      "true_gap_mean": 0.008749859407544136,
      "usefulness": -0.3305644094944
    },
    "uniform": {
      "n": 16,
      "std_proj1_median": 0.005365799181163311,
      "rng_prog1_median": 0.02595723420381546,
      "sp_prog1_median": 0.0801335607031679,
      "sp_frac_pos": 0.625,
      "critic_gap_mean": 0.0012704386608675122,
      "true_gap_mean": 0.018372222781181335,
      "usefulness": 0.06914997100830078
    }
  }
}