episode,policy,reach,strict_success,discounted_return,undiscounted_return,absorbed,lower_route,reached_y_below_2,shortcut,stuck_other,first_departure_1_2,first_departure_2_3,hazard_landings,route_class,first_departure_cell,time_to_goal,death_time
0,O_bc0p3_s0_final,1.0,1.0,9.837102339994921,39.0,0.0,1.0,1.0,0.0,0.0,0.0,1.0,0.0,lower,"(2, 3)",12,
1,O_bc0p3_s0_final,0.0,0.0,0.0,0.0,1.0,0.0,0.0,1.0,0.0,0.0,1.0,3.0,shortcut,"(2, 3)",,5
2,O_bc0p3_s0_final,0.0,0.0,0.0,0.0,1.0,0.0,0.0,1.0,0.0,0.0,1.0,1.0,shortcut,"(2, 3)",,3
3,O_bc0p3_s0_final,1.0,1.0,13.16293830696572,44.0,0.0,0.0,0.0,1.0,0.0,0.0,1.0,3.0,shortcut,"(2, 3)",7,
4,O_bc0p3_s0_final,0.0,0.0,0.0,0.0,1.0,0.0,0.0,1.0,0.0,0.0,1.0,2.0,shortcut,"(2, 3)",,6
5,O_bc0p3_s0_final,1.0,1.0,13.16293830696572,44.0,0.0,0.0,0.0,1.0,0.0,0.0,1.0,3.0,shortcut,"(2, 3)",7,
6,O_bc0p3_s0_final,0.0,0.0,0.0,0.0,1.0,0.0,0.0,1.0,0.0,0.0,1.0,2.0,shortcut,"(2, 3)",,5
7,O_bc0p3_s0_final,0.0,0.0,0.0,0.0,1.0,0.0,0.0,1.0,0.0,0.0,1.0,2.0,shortcut,"(2, 3)",,5
8,O_bc0p3_s0_final,0.0,0.0,0.0,0.0,1.0,0.0,0.0,1.0,0.0,0.0,1.0,3.0,shortcut,"(2, 3)",,6
9,O_bc0p3_s0_final,1.0,1.0,11.72950912024697,42.0,0.0,1.0,1.0,0.0,0.0,1.0,0.0,0.0,lower,"(1, 2)",9,
10,O_bc0p3_s0_final,0.0,0.0,0.0,0.0,1.0,0.0,0.0,1.0,0.0,0.0,1.0,1.0,shortcut,"(2, 3)",,4
11,O_bc0p3_s0_final,0.0,0.0,0.0,0.0,1.0,0.0,0.0,1.0,0.0,0.0,1.0,2.0,shortcut,"(2, 3)",,4
12,O_bc0p3_s0_final,0.0,0.0,0.0,0.0,1.0,0.0,0.0,1.0,0.0,0.0,1.0,4.0,shortcut,"(2, 3)",,6
13,O_bc0p3_s0_final,0.0,0.0,0.0,0.0,1.0,0.0,0.0,1.0,0.0,0.0,1.0,1.0,shortcut,"(2, 3)",,5
14,O_bc0p3_s0_final,0.0,0.0,0.0,0.0,1.0,0.0,0.0,1.0,0.0,0.0,1.0,3.0,shortcut,"(2, 3)",,6
15,O_bc0p3_s0_final,1.0,1.0,13.16293830696572,44.0,0.0,0.0,0.0,1.0,0.0,0.0,1.0,4.0,shortcut,"(2, 3)",7,
16,O_bc0p3_s0_final,0.0,0.0,0.0,0.0,1.0,0.0,0.0,1.0,0.0,0.0,1.0,1.0,shortcut,"(2, 3)",,3
17,O_bc0p3_s0_final,0.0,0.0,0.0,0.0,1.0,0.0,0.0,1.0,0.0,0.0,1.0,3.0,shortcut,"(2, 3)",,7
18,O_bc0p3_s0_final,0.0,0.0,0.0,0.0,1.0,0.0,0.0,1.0,0.0,0.0,1.0,1.0,shortcut,"(2, 3)",,5
19,O_bc0p3_s0_final,0.0,0.0,0.0,0.0,1.0,0.0,0.0,1.0,0.0,0.0,1.0,1.0,shortcut,"(2, 3)",,3
20,O_bc0p3_s0_final,0.0,0.0,0.0,0.0,1.0,0.0,0.0,1.0,0.0,0.0,1.0,4.0,shortcut,"(2, 3)",,6
21,O_bc0p3_s0_final,0.0,0.0,0.0,0.0,1.0,0.0,0.0,1.0,0.0,0.0,1.0,2.0,shortcut,"(2, 3)",,5
22,O_bc0p3_s0_final,0.0,0.0,0.0,0.0,1.0,0.0,0.0,1.0,0.0,0.0,1.0,1.0,shortcut,"(2, 3)",,3
23,O_bc0p3_s0_final,1.0,1.0,9.837102339994921,39.0,0.0,0.0,0.0,1.0,0.0,0.0,1.0,4.0,shortcut,"(2, 3)",12,
24,O_bc0p3_s0_final,1.0,1.0,13.16293830696572,44.0,0.0,1.0,0.0,0.0,0.0,1.0,0.0,3.0,lower,"(1, 2)",7,
25,O_bc0p3_s0_final,0.0,0.0,0.0,0.0,1.0,0.0,0.0,1.0,0.0,0.0,1.0,5.0,shortcut,"(2, 3)",,8
26,O_bc0p3_s0_final,1.0,1.0,13.16293830696572,44.0,0.0,0.0,0.0,1.0,0.0,0.0,1.0,3.0,shortcut,"(2, 3)",7,
27,O_bc0p3_s0_final,1.0,1.0,11.72950912024697,42.0,0.0,0.0,0.0,1.0,0.0,0.0,1.0,4.0,shortcut,"(2, 3)",9,
28,O_bc0p3_s0_final,1.0,1.0,13.16293830696572,44.0,0.0,0.0,0.0,1.0,0.0,0.0,1.0,3.0,shortcut,"(2, 3)",7,
29,O_bc0p3_s0_final,0.0,0.0,0.0,0.0,1.0,0.0,0.0,1.0,0.0,0.0,1.0,1.0,shortcut,"(2, 3)",,3
30,O_bc0p3_s0_final,0.0,0.0,0.0,0.0,1.0,0.0,0.0,1.0,0.0,0.0,1.0,1.0,shortcut,"(2, 3)",,3
31,O_bc0p3_s0_final,0.0,0.0,0.0,0.0,1.0,0.0,0.0,1.0,0.0,0.0,1.0,1.0,shortcut,"(2, 3)",,3
32,O_bc0p3_s0_final,0.0,0.0,0.0,0.0,1.0,0.0,0.0,1.0,0.0,0.0,1.0,2.0,shortcut,"(2, 3)",,4
33,O_bc0p3_s0_final,1.0,1.0,9.837102339994921,39.0,0.0,0.0,0.0,1.0,0.0,0.0,1.0,5.0,shortcut,"(2, 3)",12,
34,O_bc0p3_s0_final,1.0,1.0,13.16293830696572,44.0,0.0,0.0,0.0,1.0,0.0,0.0,1.0,3.0,shortcut,"(2, 3)",7,
35,O_bc0p3_s0_final,0.0,0.0,0.0,0.0,1.0,0.0,0.0,1.0,0.0,0.0,1.0,3.0,shortcut,"(2, 3)",,5
36,O_bc0p3_s0_final,0.0,0.0,0.0,0.0,1.0,0.0,0.0,1.0,0.0,0.0,1.0,2.0,shortcut,"(2, 3)",,4
37,O_bc0p3_s0_final,1.0,1.0,11.72950912024697,42.0,0.0,0.0,0.0,1.0,0.0,0.0,1.0,4.0,shortcut,"(2, 3)",9,
38,O_bc0p3_s0_final,1.0,1.0,11.066088688957908,41.0,0.0,0.0,0.0,1.0,0.0,0.0,1.0,6.0,shortcut,"(2, 3)",10,
39,O_bc0p3_s0_final,1.0,1.0,13.16293830696572,44.0,0.0,0.0,0.0,1.0,0.0,0.0,1.0,3.0,shortcut,"(2, 3)",7,
40,O_bc0p3_s0_final,1.0,1.0,13.16293830696572,44.0,0.0,0.0,0.0,1.0,0.0,0.0,1.0,3.0,shortcut,"(2, 3)",7,
41,O_bc0p3_s0_final,1.0,1.0,13.16293830696572,44.0,0.0,0.0,0.0,1.0,0.0,0.0,1.0,3.0,shortcut,"(2, 3)",7,
42,O_bc0p3_s0_final,1.0,1.0,12.42784641634072,43.0,0.0,0.0,0.0,1.0,0.0,0.0,1.0,3.0,shortcut,"(2, 3)",8,
43,O_bc0p3_s0_final,1.0,1.0,13.16293830696572,44.0,0.0,0.0,0.0,1.0,0.0,0.0,1.0,3.0,shortcut,"(2, 3)",7,
44,O_bc0p3_s0_final,1.0,1.0,13.16293830696572,44.0,0.0,0.0,0.0,1.0,0.0,0.0,1.0,3.0,shortcut,"(2, 3)",7,
45,O_bc0p3_s0_final,0.0,0.0,0.0,0.0,1.0,0.0,0.0,1.0,0.0,0.0,1.0,1.0,shortcut,"(2, 3)",,3
46,O_bc0p3_s0_final,0.0,0.0,0.0,0.0,1.0,0.0,0.0,1.0,0.0,0.0,1.0,3.0,shortcut,"(2, 3)",,5
47,O_bc0p3_s0_final,0.0,0.0,0.0,0.0,1.0,0.0,0.0,1.0,0.0,0.0,1.0,1.0,shortcut,"(2, 3)",,3
48,O_bc0p3_s0_final,0.0,0.0,0.0,0.0,1.0,0.0,0.0,1.0,0.0,0.0,1.0,1.0,shortcut,"(2, 3)",,3
49,O_bc0p3_s0_final,1.0,1.0,13.16293830696572,44.0,0.0,0.0,0.0,1.0,0.0,0.0,1.0,3.0,shortcut,"(2, 3)",7,
50,O_bc0p3_s0_final,1.0,1.0,13.16293830696572,44.0,0.0,0.0,0.0,1.0,0.0,0.0,1.0,3.0,shortcut,"(2, 3)",7,
51,O_bc0p3_s0_final,1.0,1.0,13.16293830696572,44.0,0.0,0.0,0.0,1.0,0.0,0.0,1.0,3.0,shortcut,"(2, 3)",7,
52,O_bc0p3_s0_final,0.0,0.0,0.0,0.0,1.0,0.0,0.0,1.0,0.0,0.0,1.0,3.0,shortcut,"(2, 3)",,5
53,O_bc0p3_s0_final,0.0,0.0,0.0,0.0,1.0,0.0,0.0,1.0,0.0,0.0,1.0,1.0,shortcut,"(2, 3)",,3
54,O_bc0p3_s0_final,0.0,0.0,0.0,0.0,1.0,0.0,0.0,1.0,0.0,0.0,1.0,1.0,shortcut,"(2, 3)",,3
55,O_bc0p3_s0_final,0.0,0.0,0.0,0.0,1.0,0.0,0.0,1.0,0.0,0.0,1.0,2.0,shortcut,"(2, 3)",,5
56,O_bc0p3_s0_final,0.0,0.0,0.0,0.0,1.0,0.0,0.0,1.0,0.0,0.0,1.0,2.0,shortcut,"(2, 3)",,4
57,O_bc0p3_s0_final,0.0,0.0,0.0,0.0,1.0,0.0,0.0,1.0,0.0,0.0,1.0,1.0,shortcut,"(2, 3)",,3
58,O_bc0p3_s0_final,0.0,0.0,0.0,0.0,1.0,0.0,0.0,1.0,0.0,0.0,1.0,3.0,shortcut,"(2, 3)",,5
59,O_bc0p3_s0_final,1.0,1.0,13.16293830696572,44.0,0.0,0.0,0.0,1.0,0.0,0.0,1.0,4.0,shortcut,"(2, 3)",7,
60,O_bc0p3_s0_final,1.0,1.0,11.066088688957908,41.0,0.0,1.0,1.0,0.0,0.0,1.0,0.0,0.0,lower,"(1, 2)",10,
61,O_bc0p3_s0_final,0.0,0.0,0.0,0.0,1.0,0.0,0.0,1.0,0.0,0.0,1.0,3.0,shortcut,"(2, 3)",,5
62,O_bc0p3_s0_final,1.0,1.0,11.72950912024697,42.0,0.0,1.0,1.0,0.0,0.0,1.0,0.0,0.0,lower,"(1, 2)",9,
63,O_bc0p3_s0_final,0.0,0.0,0.0,0.0,1.0,0.0,0.0,1.0,0.0,0.0,1.0,1.0,shortcut,"(2, 3)",,3
64,O_bc0p3_s0_final,0.0,0.0,0.0,0.0,1.0,0.0,0.0,1.0,0.0,0.0,1.0,3.0,shortcut,"(2, 3)",,9
65,O_bc0p3_s0_final,0.0,0.0,0.0,0.0,1.0,0.0,0.0,1.0,0.0,0.0,1.0,2.0,shortcut,"(2, 3)",,4
66,O_bc0p3_s0_final,0.0,0.0,0.0,0.0,1.0,0.0,0.0,1.0,0.0,0.0,1.0,2.0,shortcut,"(2, 3)",,5
67,O_bc0p3_s0_final,0.0,0.0,0.0,0.0,1.0,1.0,0.0,0.0,0.0,1.0,0.0,1.0,lower,"(1, 2)",,5
68,O_bc0p3_s0_final,1.0,1.0,13.16293830696572,44.0,0.0,0.0,0.0,1.0,0.0,0.0,1.0,3.0,shortcut,"(2, 3)",7,
69,O_bc0p3_s0_final,0.0,0.0,0.0,0.0,1.0,0.0,0.0,1.0,0.0,0.0,1.0,3.0,shortcut,"(2, 3)",,5
70,O_bc0p3_s0_final,1.0,1.0,13.16293830696572,44.0,0.0,0.0,0.0,1.0,0.0,0.0,1.0,3.0,shortcut,"(2, 3)",7,
71,O_bc0p3_s0_final,0.0,0.0,0.0,0.0,1.0,0.0,0.0,1.0,0.0,0.0,1.0,3.0,shortcut,"(2, 3)",,5
72,O_bc0p3_s0_final,1.0,1.0,9.837102339994921,39.0,0.0,0.0,0.0,1.0,0.0,0.0,1.0,6.0,shortcut,"(2, 3)",12,
73,O_bc0p3_s0_final,1.0,1.0,13.16293830696572,44.0,0.0,0.0,0.0,1.0,0.0,0.0,1.0,3.0,shortcut,"(2, 3)",7,
74,O_bc0p3_s0_final,0.0,0.0,0.0,0.0,1.0,0.0,0.0,1.0,0.0,0.0,1.0,7.0,shortcut,"(2, 3)",,13
75,O_bc0p3_s0_final,1.0,1.0,11.066088688957908,41.0,0.0,1.0,1.0,0.0,0.0,1.0,0.0,0.0,lower,"(1, 2)",10,
76,O_bc0p3_s0_final,0.0,0.0,0.0,0.0,1.0,0.0,0.0,1.0,0.0,0.0,1.0,1.0,shortcut,"(2, 3)",,3
77,O_bc0p3_s0_final,0.0,0.0,0.0,0.0,1.0,0.0,0.0,1.0,0.0,0.0,1.0,2.0,shortcut,"(2, 3)",,6
78,O_bc0p3_s0_final,0.0,0.0,0.0,0.0,1.0,0.0,0.0,1.0,0.0,0.0,1.0,3.0,shortcut,"(2, 3)",,6
79,O_bc0p3_s0_final,0.0,0.0,0.0,0.0,1.0,0.0,0.0,1.0,0.0,0.0,1.0,2.0,shortcut,"(2, 3)",,4
80,O_bc0p3_s0_final,0.0,0.0,0.0,0.0,1.0,0.0,0.0,1.0,0.0,0.0,1.0,5.0,shortcut,"(2, 3)",,8
81,O_bc0p3_s0_final,1.0,1.0,13.16293830696572,44.0,0.0,0.0,0.0,1.0,0.0,0.0,1.0,3.0,shortcut,"(2, 3)",7,
82,O_bc0p3_s0_final,1.0,1.0,11.066088688957908,41.0,0.0,0.0,0.0,1.0,0.0,0.0,1.0,4.0,shortcut,"(2, 3)",10,
83,O_bc0p3_s0_final,0.0,0.0,0.0,0.0,1.0,0.0,0.0,1.0,0.0,0.0,1.0,3.0,shortcut,"(2, 3)",,5
84,O_bc0p3_s0_final,1.0,1.0,11.066088688957908,41.0,0.0,1.0,1.0,0.0,0.0,1.0,0.0,0.0,lower,"(1, 2)",10,
85,O_bc0p3_s0_final,1.0,1.0,13.16293830696572,44.0,0.0,0.0,0.0,1.0,0.0,0.0,1.0,3.0,shortcut,"(2, 3)",7,
86,O_bc0p3_s0_final,0.0,0.0,0.0,0.0,1.0,0.0,0.0,1.0,0.0,0.0,1.0,2.0,shortcut,"(2, 3)",,4
87,O_bc0p3_s0_final,1.0,1.0,10.4358392792333,40.0,0.0,0.0,0.0,1.0,0.0,0.0,1.0,6.0,shortcut,"(2, 3)",11,
88,O_bc0p3_s0_final,1.0,1.0,11.72950912024697,42.0,0.0,0.0,0.0,1.0,0.0,0.0,1.0,3.0,shortcut,"(2, 3)",9,
89,O_bc0p3_s0_final,0.0,0.0,0.0,0.0,1.0,0.0,0.0,1.0,0.0,0.0,1.0,2.0,shortcut,"(2, 3)",,7
90,O_bc0p3_s0_final,1.0,1.0,13.16293830696572,44.0,0.0,0.0,0.0,1.0,0.0,0.0,1.0,3.0,shortcut,"(2, 3)",7,
91,O_bc0p3_s0_final,0.0,0.0,0.0,0.0,1.0,0.0,0.0,1.0,0.0,0.0,1.0,8.0,shortcut,"(2, 3)",,13
92,O_bc0p3_s0_final,0.0,0.0,0.0,0.0,1.0,0.0,0.0,1.0,0.0,0.0,1.0,1.0,shortcut,"(2, 3)",,3
93,O_bc0p3_s0_final,0.0,0.0,0.0,0.0,1.0,0.0,0.0,1.0,0.0,0.0,1.0,1.0,shortcut,"(2, 3)",,5
94,O_bc0p3_s0_final,0.0,0.0,0.0,0.0,1.0,0.0,0.0,1.0,0.0,0.0,1.0,1.0,shortcut,"(2, 3)",,3
95,O_bc0p3_s0_final,0.0,0.0,0.0,0.0,1.0,0.0,0.0,1.0,0.0,0.0,1.0,1.0,shortcut,"(2, 3)",,5
96,O_bc0p3_s0_final,0.0,0.0,0.0,0.0,1.0,0.0,0.0,1.0,0.0,0.0,1.0,4.0,shortcut,"(2, 3)",,10
97,O_bc0p3_s0_final,0.0,0.0,0.0,0.0,1.0,0.0,0.0,1.0,0.0,0.0,1.0,3.0,shortcut,"(2, 3)",,5
98,O_bc0p3_s0_final,1.0,1.0,13.16293830696572,44.0,0.0,0.0,0.0,1.0,0.0,0.0,1.0,3.0,shortcut,"(2, 3)",7,
99,O_bc0p3_s0_final,0.0,0.0,0.0,0.0,1.0,0.0,0.0,1.0,0.0,0.0,1.0,1.0,shortcut,"(2, 3)",,3
100,O_bc0p3_s0_final,0.0,0.0,0.0,0.0,1.0,1.0,0.0,0.0,0.0,0.0,1.0,1.0,lower,"(2, 3)",,15
101,O_bc0p3_s0_final,0.0,0.0,0.0,0.0,1.0,0.0,0.0,1.0,0.0,0.0,1.0,1.0,shortcut,"(2, 3)",,3
102,O_bc0p3_s0_final,0.0,0.0,0.0,0.0,1.0,0.0,0.0,1.0,0.0,0.0,1.0,2.0,shortcut,"(2, 3)",,4
103,O_bc0p3_s0_final,1.0,1.0,12.42784641634072,43.0,0.0,1.0,0.0,0.0,0.0,0.0,1.0,3.0,lower,"(2, 3)",8,
104,O_bc0p3_s0_final,0.0,0.0,0.0,0.0,1.0,0.0,0.0,1.0,0.0,0.0,1.0,2.0,shortcut,"(2, 3)",,4
105,O_bc0p3_s0_final,1.0,1.0,7.72692509766079,35.0,0.0,0.0,0.0,1.0,0.0,0.0,1.0,7.0,shortcut,"(2, 3)",16,
106,O_bc0p3_s0_final,0.0,0.0,0.0,0.0,1.0,0.0,0.0,1.0,0.0,0.0,1.0,2.0,shortcut,"(2, 3)",,4
107,O_bc0p3_s0_final,1.0,1.0,10.4358392792333,40.0,0.0,1.0,1.0,0.0,0.0,1.0,0.0,0.0,lower,"(1, 2)",11,
108,O_bc0p3_s0_final,0.0,0.0,0.0,0.0,1.0,0.0,0.0,1.0,0.0,0.0,1.0,3.0,shortcut,"(2, 3)",,5
109,O_bc0p3_s0_final,0.0,0.0,0.0,0.0,1.0,0.0,0.0,1.0,0.0,0.0,1.0,4.0,shortcut,"(2, 3)",,7
110,O_bc0p3_s0_final,0.0,0.0,0.0,0.0,1.0,0.0,0.0,1.0,0.0,0.0,1.0,4.0,shortcut,"(2, 3)",,8
111,O_bc0p3_s0_final,0.0,0.0,0.0,0.0,1.0,0.0,0.0,1.0,0.0,0.0,1.0,1.0,shortcut,"(2, 3)",,3
112,O_bc0p3_s0_final,0.0,0.0,0.0,0.0,1.0,0.0,0.0,1.0,0.0,0.0,1.0,3.0,shortcut,"(2, 3)",,5
113,O_bc0p3_s0_final,1.0,1.0,13.16293830696572,44.0,0.0,0.0,0.0,1.0,0.0,0.0,1.0,4.0,shortcut,"(2, 3)",7,
114,O_bc0p3_s0_final,0.0,0.0,0.0,0.0,1.0,0.0,0.0,1.0,0.0,0.0,1.0,3.0,shortcut,"(2, 3)",,7
115,O_bc0p3_s0_final,0.0,0.0,0.0,0.0,1.0,0.0,0.0,1.0,0.0,0.0,1.0,1.0,shortcut,"(2, 3)",,3
116,O_bc0p3_s0_final,1.0,1.0,13.16293830696572,44.0,0.0,0.0,0.0,1.0,0.0,0.0,1.0,3.0,shortcut,"(2, 3)",7,
117,O_bc0p3_s0_final,0.0,0.0,0.0,0.0,1.0,0.0,0.0,1.0,0.0,0.0,1.0,2.0,shortcut,"(2, 3)",,4
118,O_bc0p3_s0_final,1.0,1.0,13.16293830696572,44.0,0.0,0.0,0.0,1.0,0.0,0.0,1.0,3.0,shortcut,"(2, 3)",7,
119,O_bc0p3_s0_final,0.0,0.0,0.0,0.0,1.0,0.0,0.0,1.0,0.0,0.0,1.0,2.0,shortcut,"(2, 3)",,7
120,O_bc0p3_s0_final,0.0,0.0,0.0,0.0,1.0,0.0,0.0,1.0,0.0,0.0,1.0,2.0,shortcut,"(2, 3)",,6
121,O_bc0p3_s0_final,1.0,1.0,13.16293830696572,44.0,0.0,0.0,0.0,1.0,0.0,0.0,1.0,3.0,shortcut,"(2, 3)",7,
122,O_bc0p3_s0_final,0.0,0.0,0.0,0.0,1.0,0.0,0.0,1.0,0.0,0.0,1.0,1.0,shortcut,"(2, 3)",,3
123,O_bc0p3_s0_final,0.0,0.0,0.0,0.0,1.0,0.0,0.0,1.0,0.0,0.0,1.0,1.0,shortcut,"(2, 3)",,6
124,O_bc0p3_s0_final,0.0,0.0,0.0,0.0,1.0,0.0,0.0,1.0,0.0,0.0,1.0,3.0,shortcut,"(2, 3)",,7
125,O_bc0p3_s0_final,1.0,1.0,13.16293830696572,44.0,0.0,0.0,0.0,1.0,0.0,0.0,1.0,3.0,shortcut,"(2, 3)",7,
126,O_bc0p3_s0_final,0.0,0.0,0.0,0.0,1.0,0.0,0.0,1.0,0.0,0.0,1.0,2.0,shortcut,"(2, 3)",,4
127,O_bc0p3_s0_final,1.0,1.0,10.4358392792333,40.0,0.0,1.0,1.0,0.0,0.0,1.0,0.0,0.0,lower,"(1, 2)",11,
128,O_bc0p3_s0_final,0.0,0.0,0.0,0.0,1.0,0.0,0.0,1.0,0.0,0.0,1.0,3.0,shortcut,"(2, 3)",,7
129,O_bc0p3_s0_final,1.0,1.0,13.16293830696572,44.0,0.0,0.0,0.0,1.0,0.0,0.0,1.0,3.0,shortcut,"(2, 3)",7,
130,O_bc0p3_s0_final,0.0,0.0,0.0,0.0,1.0,0.0,0.0,1.0,0.0,0.0,1.0,1.0,shortcut,"(2, 3)",,3
131,O_bc0p3_s0_final,0.0,0.0,0.0,0.0,1.0,0.0,0.0,1.0,0.0,0.0,1.0,2.0,shortcut,"(2, 3)",,4
132,O_bc0p3_s0_final,0.0,0.0,0.0,0.0,1.0,0.0,0.0,1.0,0.0,0.0,1.0,3.0,shortcut,"(2, 3)",,5
133,O_bc0p3_s0_final,0.0,0.0,0.0,0.0,1.0,0.0,0.0,1.0,0.0,0.0,1.0,3.0,shortcut,"(2, 3)",,5
134,O_bc0p3_s0_final,0.0,0.0,0.0,0.0,1.0,0.0,0.0,1.0,0.0,0.0,1.0,2.0,shortcut,"(2, 3)",,4
135,O_bc0p3_s0_final,1.0,1.0,13.16293830696572,44.0,0.0,1.0,0.0,0.0,0.0,1.0,0.0,3.0,lower,"(1, 2)",7,
136,O_bc0p3_s0_final,0.0,0.0,0.0,0.0,1.0,0.0,0.0,1.0,0.0,0.0,1.0,1.0,shortcut,"(2, 3)",,5
137,O_bc0p3_s0_final,0.0,0.0,0.0,0.0,1.0,0.0,0.0,1.0,0.0,0.0,1.0,3.0,shortcut,"(2, 3)",,5
138,O_bc0p3_s0_final,1.0,1.0,9.837102339994921,39.0,0.0,1.0,1.0,0.0,0.0,0.0,1.0,0.0,lower,"(2, 3)",12,
139,O_bc0p3_s0_final,0.0,0.0,0.0,0.0,1.0,0.0,0.0,1.0,0.0,0.0,1.0,3.0,shortcut,"(2, 3)",,5
140,O_bc0p3_s0_final,0.0,0.0,0.0,0.0,1.0,0.0,0.0,1.0,0.0,0.0,1.0,1.0,shortcut,"(2, 3)",,3
141,O_bc0p3_s0_final,0.0,0.0,0.0,0.0,1.0,0.0,0.0,1.0,0.0,0.0,1.0,2.0,shortcut,"(2, 3)",,4
142,O_bc0p3_s0_final,1.0,1.0,12.42784641634072,43.0,0.0,0.0,0.0,1.0,0.0,0.0,1.0,4.0,shortcut,"(2, 3)",8,
143,O_bc0p3_s0_final,1.0,1.0,13.16293830696572,44.0,0.0,0.0,0.0,1.0,0.0,0.0,1.0,3.0,shortcut,"(2, 3)",7,
144,O_bc0p3_s0_final,0.0,0.0,0.0,0.0,1.0,0.0,0.0,1.0,0.0,0.0,1.0,1.0,shortcut,"(2, 3)",,3
145,O_bc0p3_s0_final,1.0,1.0,11.72950912024697,42.0,0.0,0.0,0.0,1.0,0.0,0.0,1.0,4.0,shortcut,"(2, 3)",9,
146,O_bc0p3_s0_final,0.0,0.0,0.0,0.0,1.0,0.0,0.0,1.0,0.0,0.0,1.0,10.0,shortcut,"(2, 3)",,13
147,O_bc0p3_s0_final,0.0,0.0,0.0,0.0,1.0,0.0,0.0,1.0,0.0,0.0,1.0,2.0,shortcut,"(2, 3)",,4
148,O_bc0p3_s0_final,1.0,1.0,13.16293830696572,44.0,0.0,0.0,0.0,1.0,0.0,0.0,1.0,3.0,shortcut,"(2, 3)",7,
149,O_bc0p3_s0_final,0.0,0.0,0.0,0.0,1.0,0.0,0.0,1.0,0.0,0.0,1.0,1.0,shortcut,"(2, 3)",,3
150,O_bc0p3_s0_final,1.0,1.0,13.16293830696572,44.0,0.0,0.0,0.0,1.0,0.0,0.0,1.0,3.0,shortcut,"(2, 3)",7,
151,O_bc0p3_s0_final,0.0,0.0,0.0,0.0,1.0,0.0,0.0,1.0,0.0,0.0,1.0,2.0,shortcut,"(2, 3)",,4
152,O_bc0p3_s0_final,0.0,0.0,0.0,0.0,1.0,0.0,0.0,1.0,0.0,0.0,1.0,3.0,shortcut,"(2, 3)",,5
153,O_bc0p3_s0_final,0.0,0.0,0.0,0.0,1.0,0.0,0.0,1.0,0.0,0.0,1.0,1.0,shortcut,"(2, 3)",,5
154,O_bc0p3_s0_final,0.0,0.0,0.0,0.0,1.0,0.0,0.0,1.0,0.0,0.0,1.0,1.0,shortcut,"(2, 3)",,3
155,O_bc0p3_s0_final,0.0,0.0,0.0,0.0,1.0,0.0,0.0,1.0,0.0,0.0,1.0,1.0,shortcut,"(2, 3)",,3
156,O_bc0p3_s0_final,0.0,0.0,0.0,0.0,1.0,0.0,0.0,1.0,0.0,0.0,1.0,5.0,shortcut,"(2, 3)",,11
157,O_bc0p3_s0_final,0.0,0.0,0.0,0.0,1.0,0.0,0.0,1.0,0.0,0.0,1.0,1.0,shortcut,"(2, 3)",,7
158,O_bc0p3_s0_final,0.0,0.0,0.0,0.0,1.0,0.0,0.0,1.0,0.0,0.0,1.0,1.0,shortcut,"(2, 3)",,4
159,O_bc0p3_s0_final,0.0,0.0,0.0,0.0,1.0,0.0,0.0,1.0,0.0,0.0,1.0,1.0,shortcut,"(2, 3)",,5
160,O_bc0p3_s0_final,1.0,1.0,9.837102339994921,39.0,0.0,1.0,0.0,0.0,0.0,1.0,0.0,3.0,lower,"(1, 2)",12,
161,O_bc0p3_s0_final,0.0,0.0,0.0,0.0,1.0,0.0,0.0,1.0,0.0,0.0,1.0,2.0,shortcut,"(2, 3)",,4
162,O_bc0p3_s0_final,0.0,0.0,0.0,0.0,1.0,0.0,0.0,1.0,0.0,0.0,1.0,1.0,shortcut,"(2, 3)",,3
163,O_bc0p3_s0_final,1.0,1.0,13.16293830696572,44.0,0.0,0.0,0.0,1.0,0.0,0.0,1.0,3.0,shortcut,"(2, 3)",7,
164,O_bc0p3_s0_final,1.0,1.0,11.72950912024697,42.0,0.0,0.0,0.0,1.0,0.0,0.0,1.0,3.0,shortcut,"(2, 3)",9,
165,O_bc0p3_s0_final,0.0,0.0,0.0,0.0,1.0,0.0,0.0,1.0,0.0,0.0,1.0,1.0,shortcut,"(2, 3)",,3
166,O_bc0p3_s0_final,0.0,0.0,0.0,0.0,1.0,0.0,0.0,1.0,0.0,0.0,1.0,1.0,shortcut,"(2, 3)",,3
167,O_bc0p3_s0_final,0.0,0.0,0.0,0.0,1.0,0.0,0.0,1.0,0.0,0.0,1.0,1.0,shortcut,"(2, 3)",,3
168,O_bc0p3_s0_final,0.0,0.0,0.0,0.0,1.0,0.0,0.0,1.0,0.0,0.0,1.0,2.0,shortcut,"(2, 3)",,11
169,O_bc0p3_s0_final,0.0,0.0,0.0,0.0,1.0,0.0,0.0,1.0,0.0,0.0,1.0,3.0,shortcut,"(2, 3)",,6
170,O_bc0p3_s0_final,1.0,1.0,13.16293830696572,44.0,0.0,0.0,0.0,1.0,0.0,0.0,1.0,3.0,shortcut,"(2, 3)",7,
171,O_bc0p3_s0_final,1.0,1.0,13.16293830696572,44.0,0.0,0.0,0.0,1.0,0.0,0.0,1.0,4.0,shortcut,"(2, 3)",7,
172,O_bc0p3_s0_final,0.0,0.0,0.0,0.0,1.0,0.0,0.0,1.0,0.0,0.0,1.0,2.0,shortcut,"(2, 3)",,4
173,O_bc0p3_s0_final,1.0,1.0,11.72950912024697,42.0,0.0,0.0,0.0,1.0,0.0,0.0,1.0,3.0,shortcut,"(2, 3)",9,
174,O_bc0p3_s0_final,0.0,0.0,0.0,0.0,1.0,0.0,0.0,1.0,0.0,0.0,1.0,9.0,shortcut,"(2, 3)",,12
175,O_bc0p3_s0_final,0.0,0.0,0.0,0.0,1.0,0.0,0.0,1.0,0.0,0.0,1.0,1.0,shortcut,"(2, 3)",,3
176,O_bc0p3_s0_final,1.0,1.0,12.42784641634072,43.0,0.0,0.0,0.0,1.0,0.0,0.0,1.0,3.0,shortcut,"(2, 3)",8,
177,O_bc0p3_s0_final,0.0,0.0,0.0,0.0,1.0,0.0,0.0,1.0,0.0,0.0,1.0,2.0,shortcut,"(2, 3)",,6
178,O_bc0p3_s0_final,1.0,1.0,13.16293830696572,44.0,0.0,0.0,0.0,1.0,0.0,0.0,1.0,4.0,shortcut,"(2, 3)",7,
179,O_bc0p3_s0_final,0.0,0.0,0.0,0.0,1.0,0.0,0.0,1.0,0.0,0.0,1.0,3.0,shortcut,"(2, 3)",,6
180,O_bc0p3_s0_final,0.0,0.0,0.0,0.0,1.0,0.0,0.0,1.0,0.0,0.0,1.0,2.0,shortcut,"(2, 3)",,7
181,O_bc0p3_s0_final,1.0,1.0,13.16293830696572,44.0,0.0,0.0,0.0,1.0,0.0,0.0,1.0,3.0,shortcut,"(2, 3)",7,
182,O_bc0p3_s0_final,0.0,0.0,0.0,0.0,1.0,0.0,0.0,1.0,0.0,0.0,1.0,4.0,shortcut,"(2, 3)",,7
183,O_bc0p3_s0_final,0.0,0.0,0.0,0.0,1.0,0.0,0.0,1.0,0.0,0.0,1.0,2.0,shortcut,"(2, 3)",,5
184,O_bc0p3_s0_final,1.0,1.0,12.42784641634072,43.0,0.0,0.0,0.0,1.0,0.0,0.0,1.0,5.0,shortcut,"(2, 3)",8,
185,O_bc0p3_s0_final,0.0,0.0,0.0,0.0,1.0,0.0,0.0,1.0,0.0,0.0,1.0,1.0,shortcut,"(2, 3)",,3
186,O_bc0p3_s0_final,0.0,0.0,0.0,0.0,1.0,0.0,0.0,1.0,0.0,0.0,1.0,3.0,shortcut,"(2, 3)",,5
187,O_bc0p3_s0_final,0.0,0.0,0.0,0.0,1.0,0.0,0.0,1.0,0.0,0.0,1.0,4.0,shortcut,"(2, 3)",,11
188,O_bc0p3_s0_final,1.0,1.0,13.16293830696572,44.0,0.0,0.0,0.0,1.0,0.0,0.0,1.0,3.0,shortcut,"(2, 3)",7,
189,O_bc0p3_s0_final,0.0,0.0,0.0,0.0,1.0,0.0,0.0,1.0,0.0,0.0,1.0,1.0,shortcut,"(2, 3)",,3
190,O_bc0p3_s0_final,0.0,0.0,0.0,0.0,1.0,0.0,0.0,1.0,0.0,0.0,1.0,1.0,shortcut,"(2, 3)",,6
191,O_bc0p3_s0_final,1.0,1.0,13.16293830696572,44.0,0.0,0.0,0.0,1.0,0.0,0.0,1.0,3.0,shortcut,"(2, 3)",7,
192,O_bc0p3_s0_final,0.0,0.0,0.0,0.0,1.0,0.0,0.0,1.0,0.0,0.0,1.0,8.0,shortcut,"(2, 3)",,14
193,O_bc0p3_s0_final,0.0,0.0,0.0,0.0,1.0,0.0,0.0,1.0,0.0,0.0,1.0,2.0,shortcut,"(2, 3)",,4
194,O_bc0p3_s0_final,0.0,0.0,0.0,0.0,1.0,0.0,0.0,1.0,0.0,0.0,1.0,3.0,shortcut,"(2, 3)",,6
195,O_bc0p3_s0_final,0.0,0.0,0.0,0.0,1.0,0.0,0.0,1.0,0.0,0.0,1.0,1.0,shortcut,"(2, 3)",,5
196,O_bc0p3_s0_final,0.0,0.0,0.0,0.0,1.0,0.0,0.0,1.0,0.0,0.0,1.0,1.0,shortcut,"(2, 3)",,3
197,O_bc0p3_s0_final,0.0,0.0,0.0,0.0,1.0,0.0,0.0,1.0,0.0,0.0,1.0,1.0,shortcut,"(2, 3)",,3
198,O_bc0p3_s0_final,0.0,0.0,0.0,0.0,1.0,0.0,0.0,1.0,0.0,0.0,1.0,4.0,shortcut,"(2, 3)",,7
199,O_bc0p3_s0_final,0.0,0.0,0.0,0.0,1.0,0.0,0.0,1.0,0.0,0.0,1.0,1.0,shortcut,"(2, 3)",,3
0,O_bc0p3_s1_final,1.0,1.0,11.72950912024697,42.0,0.0,0.0,0.0,1.0,0.0,0.0,1.0,4.0,shortcut,"(2, 3)",9,
1,O_bc0p3_s1_final,0.0,0.0,0.0,0.0,1.0,0.0,0.0,1.0,0.0,0.0,1.0,3.0,shortcut,"(2, 3)",,5
2,O_bc0p3_s1_final,0.0,0.0,0.0,0.0,1.0,1.0,0.0,0.0,0.0,1.0,0.0,1.0,lower,"(1, 2)",,3
3,O_bc0p3_s1_final,1.0,1.0,13.16293830696572,44.0,0.0,0.0,0.0,1.0,0.0,0.0,1.0,3.0,shortcut,"(2, 3)",7,
4,O_bc0p3_s1_final,0.0,0.0,0.0,0.0,1.0,0.0,0.0,1.0,0.0,0.0,1.0,2.0,shortcut,"(2, 3)",,6
5,O_bc0p3_s1_final,1.0,1.0,13.16293830696572,44.0,0.0,0.0,0.0,1.0,0.0,0.0,1.0,3.0,shortcut,"(2, 3)",7,
6,O_bc0p3_s1_final,0.0,0.0,0.0,0.0,1.0,0.0,0.0,1.0,0.0,0.0,1.0,2.0,shortcut,"(2, 3)",,5
7,O_bc0p3_s1_final,0.0,0.0,0.0,0.0,1.0,0.0,0.0,1.0,0.0,0.0,1.0,3.0,shortcut,"(2, 3)",,5
8,O_bc0p3_s1_final,0.0,0.0,0.0,0.0,1.0,0.0,0.0,1.0,0.0,0.0,1.0,3.0,shortcut,"(2, 3)",,6
9,O_bc0p3_s1_final,1.0,1.0,11.72950912024697,42.0,0.0,1.0,1.0,0.0,0.0,1.0,0.0,0.0,lower,"(1, 2)",9,
10,O_bc0p3_s1_final,0.0,0.0,0.0,0.0,1.0,0.0,0.0,1.0,0.0,0.0,1.0,1.0,shortcut,"(2, 3)",,3
11,O_bc0p3_s1_final,0.0,0.0,0.0,0.0,1.0,0.0,0.0,1.0,0.0,0.0,1.0,2.0,shortcut,"(2, 3)",,4
12,O_bc0p3_s1_final,0.0,0.0,0.0,0.0,1.0,0.0,0.0,1.0,0.0,0.0,1.0,4.0,shortcut,"(2, 3)",,6
13,O_bc0p3_s1_final,0.0,0.0,0.0,0.0,1.0,0.0,0.0,1.0,0.0,0.0,1.0,2.0,shortcut,"(2, 3)",,5
14,O_bc0p3_s1_final,0.0,0.0,0.0,0.0,1.0,0.0,0.0,1.0,0.0,0.0,1.0,2.0,shortcut,"(2, 3)",,4
15,O_bc0p3_s1_final,1.0,1.0,13.16293830696572,44.0,0.0,0.0,0.0,1.0,0.0,0.0,1.0,4.0,shortcut,"(2, 3)",7,
16,O_bc0p3_s1_final,0.0,0.0,0.0,0.0,1.0,0.0,0.0,1.0,0.0,0.0,1.0,1.0,shortcut,"(2, 3)",,3
17,O_bc0p3_s1_final,0.0,0.0,0.0,0.0,1.0,0.0,0.0,1.0,0.0,0.0,1.0,2.0,shortcut,"(2, 3)",,4
18,O_bc0p3_s1_final,0.0,0.0,0.0,0.0,1.0,0.0,0.0,1.0,0.0,0.0,1.0,1.0,shortcut,"(2, 3)",,5
19,O_bc0p3_s1_final,0.0,0.0,0.0,0.0,1.0,0.0,0.0,1.0,0.0,0.0,1.0,1.0,shortcut,"(2, 3)",,3
20,O_bc0p3_s1_final,1.0,1.0,12.42784641634072,43.0,0.0,0.0,0.0,1.0,0.0,0.0,1.0,5.0,shortcut,"(2, 3)",8,
21,O_bc0p3_s1_final,0.0,0.0,0.0,0.0,1.0,0.0,0.0,1.0,0.0,0.0,1.0,3.0,shortcut,"(2, 3)",,5
22,O_bc0p3_s1_final,0.0,0.0,0.0,0.0,1.0,0.0,0.0,1.0,0.0,0.0,1.0,1.0,shortcut,"(2, 3)",,3
23,O_bc0p3_s1_final,0.0,0.0,0.0,0.0,1.0,0.0,0.0,1.0,0.0,0.0,1.0,3.0,shortcut,"(2, 3)",,8
24,O_bc0p3_s1_final,1.0,1.0,13.16293830696572,44.0,0.0,1.0,0.0,0.0,0.0,1.0,0.0,3.0,lower,"(1, 2)",7,
25,O_bc0p3_s1_final,1.0,1.0,13.16293830696572,44.0,0.0,0.0,0.0,1.0,0.0,0.0,1.0,4.0,shortcut,"(2, 3)",7,
26,O_bc0p3_s1_final,1.0,1.0,13.16293830696572,44.0,0.0,0.0,0.0,1.0,0.0,0.0,1.0,3.0,shortcut,"(2, 3)",7,
27,O_bc0p3_s1_final,1.0,1.0,11.72950912024697,42.0,0.0,0.0,0.0,1.0,0.0,0.0,1.0,4.0,shortcut,"(2, 3)",9,
28,O_bc0p3_s1_final,1.0,1.0,13.16293830696572,44.0,0.0,0.0,0.0,1.0,0.0,0.0,1.0,3.0,shortcut,"(2, 3)",7,
29,O_bc0p3_s1_final,0.0,0.0,0.0,0.0,1.0,0.0,0.0,1.0,0.0,0.0,1.0,1.0,shortcut,"(2, 3)",,3
30,O_bc0p3_s1_final,0.0,0.0,0.0,0.0,1.0,0.0,0.0,1.0,0.0,0.0,1.0,1.0,shortcut,"(2, 3)",,3
31,O_bc0p3_s1_final,0.0,0.0,0.0,0.0,1.0,0.0,0.0,1.0,0.0,0.0,1.0,1.0,shortcut,"(2, 3)",,3
32,O_bc0p3_s1_final,0.0,0.0,0.0,0.0,1.0,0.0,0.0,1.0,0.0,0.0,1.0,2.0,shortcut,"(2, 3)",,4
33,O_bc0p3_s1_final,0.0,0.0,0.0,0.0,1.0,0.0,0.0,1.0,0.0,0.0,1.0,2.0,shortcut,"(2, 3)",,5
34,O_bc0p3_s1_final,1.0,1.0,13.16293830696572,44.0,0.0,0.0,0.0,1.0,0.0,0.0,1.0,3.0,shortcut,"(2, 3)",7,
35,O_bc0p3_s1_final,0.0,0.0,0.0,0.0,1.0,0.0,0.0,1.0,0.0,0.0,1.0,3.0,shortcut,"(2, 3)",,5
36,O_bc0p3_s1_final,0.0,0.0,0.0,0.0,1.0,0.0,0.0,1.0,0.0,0.0,1.0,2.0,shortcut,"(2, 3)",,4
37,O_bc0p3_s1_final,1.0,1.0,11.72950912024697,42.0,0.0,0.0,0.0,1.0,0.0,0.0,1.0,4.0,shortcut,"(2, 3)",9,
38,O_bc0p3_s1_final,0.0,0.0,0.0,0.0,1.0,0.0,0.0,1.0,0.0,0.0,1.0,5.0,shortcut,"(2, 3)",,7
39,O_bc0p3_s1_final,1.0,1.0,13.16293830696572,44.0,0.0,0.0,0.0,1.0,0.0,0.0,1.0,3.0,shortcut,"(2, 3)",7,
40,O_bc0p3_s1_final,1.0,1.0,13.16293830696572,44.0,0.0,0.0,0.0,1.0,0.0,0.0,1.0,3.0,shortcut,"(2, 3)",7,
41,O_bc0p3_s1_final,1.0,1.0,13.16293830696572,44.0,0.0,0.0,0.0,1.0,0.0,0.0,1.0,3.0,shortcut,"(2, 3)",7,
42,O_bc0p3_s1_final,0.0,0.0,0.0,0.0,1.0,0.0,0.0,1.0,0.0,0.0,1.0,3.0,shortcut,"(2, 3)",,6
43,O_bc0p3_s1_final,1.0,1.0,13.16293830696572,44.0,0.0,0.0,0.0,1.0,0.0,0.0,1.0,3.0,shortcut,"(2, 3)",7,
44,O_bc0p3_s1_final,1.0,1.0,13.16293830696572,44.0,0.0,0.0,0.0,1.0,0.0,0.0,1.0,3.0,shortcut,"(2, 3)",7,
45,O_bc0p3_s1_final,0.0,0.0,0.0,0.0,1.0,0.0,0.0,1.0,0.0,0.0,1.0,1.0,shortcut,"(2, 3)",,3
46,O_bc0p3_s1_final,0.0,0.0,0.0,0.0,1.0,0.0,0.0,1.0,0.0,0.0,1.0,3.0,shortcut,"(2, 3)",,5
47,O_bc0p3_s1_final,0.0,0.0,0.0,0.0,1.0,1.0,0.0,0.0,0.0,1.0,0.0,1.0,lower,"(1, 2)",,4
48,O_bc0p3_s1_final,0.0,0.0,0.0,0.0,1.0,0.0,0.0,1.0,0.0,0.0,1.0,1.0,shortcut,"(2, 3)",,3
49,O_bc0p3_s1_final,1.0,1.0,13.16293830696572,44.0,0.0,0.0,0.0,1.0,0.0,0.0,1.0,3.0,shortcut,"(2, 3)",7,
50,O_bc0p3_s1_final,1.0,1.0,13.16293830696572,44.0,0.0,0.0,0.0,1.0,0.0,0.0,1.0,3.0,shortcut,"(2, 3)",7,
51,O_bc0p3_s1_final,1.0,1.0,13.16293830696572,44.0,0.0,0.0,0.0,1.0,0.0,0.0,1.0,3.0,shortcut,"(2, 3)",7,
52,O_bc0p3_s1_final,0.0,0.0,0.0,0.0,1.0,0.0,0.0,1.0,0.0,0.0,1.0,2.0,shortcut,"(2, 3)",,4
53,O_bc0p3_s1_final,0.0,0.0,0.0,0.0,1.0,0.0,0.0,1.0,0.0,0.0,1.0,1.0,shortcut,"(2, 3)",,3
54,O_bc0p3_s1_final,0.0,0.0,0.0,0.0,1.0,0.0,0.0,1.0,0.0,0.0,1.0,1.0,shortcut,"(2, 3)",,3
55,O_bc0p3_s1_final,0.0,0.0,0.0,0.0,1.0,0.0,0.0,1.0,0.0,0.0,1.0,2.0,shortcut,"(2, 3)",,5
56,O_bc0p3_s1_final,0.0,0.0,0.0,0.0,1.0,0.0,0.0,1.0,0.0,0.0,1.0,2.0,shortcut,"(2, 3)",,4
57,O_bc0p3_s1_final,0.0,0.0,0.0,0.0,1.0,0.0,0.0,1.0,0.0,0.0,1.0,1.0,shortcut,"(2, 3)",,3
58,O_bc0p3_s1_final,0.0,0.0,0.0,0.0,1.0,0.0,0.0,1.0,0.0,0.0,1.0,3.0,shortcut,"(2, 3)",,5
59,O_bc0p3_s1_final,0.0,0.0,0.0,0.0,1.0,0.0,0.0,1.0,0.0,0.0,1.0,2.0,shortcut,"(2, 3)",,4
60,O_bc0p3_s1_final,1.0,1.0,11.066088688957908,41.0,0.0,1.0,1.0,0.0,0.0,1.0,0.0,0.0,lower,"(1, 2)",10,
61,O_bc0p3_s1_final,0.0,0.0,0.0,0.0,1.0,0.0,0.0,1.0,0.0,0.0,1.0,3.0,shortcut,"(2, 3)",,5
62,O_bc0p3_s1_final,1.0,1.0,11.72950912024697,42.0,0.0,1.0,1.0,0.0,0.0,1.0,0.0,0.0,lower,"(1, 2)",9,
63,O_bc0p3_s1_final,0.0,0.0,0.0,0.0,1.0,0.0,0.0,1.0,0.0,0.0,1.0,1.0,shortcut,"(2, 3)",,3
64,O_bc0p3_s1_final,0.0,0.0,0.0,0.0,1.0,0.0,0.0,1.0,0.0,0.0,1.0,4.0,shortcut,"(2, 3)",,8
65,O_bc0p3_s1_final,0.0,0.0,0.0,0.0,1.0,0.0,0.0,1.0,0.0,0.0,1.0,2.0,shortcut,"(2, 3)",,4
66,O_bc0p3_s1_final,0.0,0.0,0.0,0.0,1.0,0.0,0.0,1.0,0.0,0.0,1.0,2.0,shortcut,"(2, 3)",,5
67,O_bc0p3_s1_final,0.0,0.0,0.0,0.0,1.0,1.0,0.0,0.0,0.0,1.0,0.0,1.0,lower,"(1, 2)",,5
68,O_bc0p3_s1_final,1.0,1.0,13.16293830696572,44.0,0.0,0.0,0.0,1.0,0.0,0.0,1.0,3.0,shortcut,"(2, 3)",7,
69,O_bc0p3_s1_final,1.0,1.0,13.16293830696572,44.0,0.0,0.0,0.0,1.0,0.0,0.0,1.0,3.0,shortcut,"(2, 3)",7,
70,O_bc0p3_s1_final,1.0,1.0,13.16293830696572,44.0,0.0,0.0,0.0,1.0,0.0,0.0,1.0,3.0,shortcut,"(2, 3)",7,
71,O_bc0p3_s1_final,0.0,0.0,0.0,0.0,1.0,0.0,0.0,1.0,0.0,0.0,1.0,3.0,shortcut,"(2, 3)",,5
72,O_bc0p3_s1_final,0.0,0.0,0.0,0.0,1.0,0.0,0.0,1.0,0.0,0.0,1.0,6.0,shortcut,"(2, 3)",,9
73,O_bc0p3_s1_final,1.0,1.0,13.16293830696572,44.0,0.0,0.0,0.0,1.0,0.0,0.0,1.0,3.0,shortcut,"(2, 3)",7,
74,O_bc0p3_s1_final,1.0,1.0,11.72950912024697,42.0,0.0,1.0,1.0,0.0,0.0,1.0,0.0,0.0,lower,"(1, 2)",9,
75,O_bc0p3_s1_final,1.0,1.0,11.72950912024697,42.0,0.0,1.0,1.0,0.0,0.0,1.0,0.0,0.0,lower,"(1, 2)",9,
76,O_bc0p3_s1_final,0.0,0.0,0.0,0.0,1.0,0.0,0.0,1.0,0.0,0.0,1.0,1.0,shortcut,"(2, 3)",,3
77,O_bc0p3_s1_final,0.0,0.0,0.0,0.0,1.0,0.0,0.0,1.0,0.0,0.0,1.0,2.0,shortcut,"(2, 3)",,6
78,O_bc0p3_s1_final,0.0,0.0,0.0,0.0,1.0,0.0,0.0,1.0,0.0,0.0,1.0,3.0,shortcut,"(2, 3)",,5
79,O_bc0p3_s1_final,0.0,0.0,0.0,0.0,1.0,0.0,0.0,1.0,0.0,0.0,1.0,2.0,shortcut,"(2, 3)",,4
80,O_bc0p3_s1_final,0.0,0.0,0.0,0.0,1.0,0.0,0.0,1.0,0.0,0.0,1.0,2.0,shortcut,"(2, 3)",,4
81,O_bc0p3_s1_final,1.0,1.0,13.16293830696572,44.0,0.0,0.0,0.0,1.0,0.0,0.0,1.0,3.0,shortcut,"(2, 3)",7,
82,O_bc0p3_s1_final,1.0,1.0,11.72950912024697,42.0,0.0,0.0,0.0,1.0,0.0,0.0,1.0,4.0,shortcut,"(2, 3)",9,
83,O_bc0p3_s1_final,1.0,1.0,13.16293830696572,44.0,0.0,0.0,0.0,1.0,0.0,0.0,1.0,3.0,shortcut,"(2, 3)",7,
84,O_bc0p3_s1_final,1.0,1.0,11.72950912024697,42.0,0.0,1.0,1.0,0.0,0.0,1.0,0.0,0.0,lower,"(1, 2)",9,
85,O_bc0p3_s1_final,1.0,1.0,13.16293830696572,44.0,0.0,0.0,0.0,1.0,0.0,0.0,1.0,3.0,shortcut,"(2, 3)",7,
86,O_bc0p3_s1_final,0.0,0.0,0.0,0.0,1.0,0.0,0.0,1.0,0.0,0.0,1.0,2.0,shortcut,"(2, 3)",,4
87,O_bc0p3_s1_final,1.0,1.0,11.066088688957908,41.0,0.0,0.0,0.0,1.0,0.0,0.0,1.0,6.0,shortcut,"(2, 3)",10,
88,O_bc0p3_s1_final,1.0,1.0,12.42784641634072,43.0,0.0,0.0,0.0,1.0,0.0,0.0,1.0,3.0,shortcut,"(2, 3)",8,
89,O_bc0p3_s1_final,0.0,0.0,0.0,0.0,1.0,0.0,0.0,1.0,0.0,0.0,1.0,3.0,shortcut,"(2, 3)",,7
90,O_bc0p3_s1_final,1.0,1.0,13.16293830696572,44.0,0.0,0.0,0.0,1.0,0.0,0.0,1.0,3.0,shortcut,"(2, 3)",7,
91,O_bc0p3_s1_final,0.0,0.0,0.0,0.0,1.0,0.0,0.0,1.0,0.0,0.0,1.0,10.0,shortcut,"(2, 3)",,13
92,O_bc0p3_s1_final,0.0,0.0,0.0,0.0,1.0,0.0,0.0,1.0,0.0,0.0,1.0,1.0,shortcut,"(2, 3)",,3
93,O_bc0p3_s1_final,0.0,0.0,0.0,0.0,1.0,0.0,0.0,1.0,0.0,0.0,1.0,1.0,shortcut,"(2, 3)",,5
94,O_bc0p3_s1_final,0.0,0.0,0.0,0.0,1.0,0.0,0.0,1.0,0.0,0.0,1.0,1.0,shortcut,"(2, 3)",,3
95,O_bc0p3_s1_final,1.0,1.0,13.16293830696572,44.0,0.0,0.0,0.0,1.0,0.0,0.0,1.0,3.0,shortcut,"(2, 3)",7,
96,O_bc0p3_s1_final,0.0,0.0,0.0,0.0,1.0,0.0,0.0,1.0,0.0,0.0,1.0,1.0,shortcut,"(2, 3)",,3
97,O_bc0p3_s1_final,0.0,0.0,0.0,0.0,1.0,0.0,0.0,1.0,0.0,0.0,1.0,3.0,shortcut,"(2, 3)",,5
98,O_bc0p3_s1_final,1.0,1.0,13.16293830696572,44.0,0.0,0.0,0.0,1.0,0.0,0.0,1.0,3.0,shortcut,"(2, 3)",7,
99,O_bc0p3_s1_final,0.0,0.0,0.0,0.0,1.0,0.0,0.0,1.0,0.0,0.0,1.0,1.0,shortcut,"(2, 3)",,3
100,O_bc0p3_s1_final,1.0,1.0,8.214600076776321,36.0,0.0,1.0,1.0,0.0,0.0,0.0,1.0,0.0,lower,"(2, 3)",15,
101,O_bc0p3_s1_final,0.0,0.0,0.0,0.0,1.0,0.0,0.0,1.0,0.0,0.0,1.0,1.0,shortcut,"(2, 3)",,3
102,O_bc0p3_s1_final,1.0,1.0,13.16293830696572,44.0,0.0,0.0,0.0,1.0,0.0,0.0,1.0,3.0,shortcut,"(2, 3)",7,
103,O_bc0p3_s1_final,1.0,1.0,13.16293830696572,44.0,0.0,0.0,0.0,1.0,0.0,0.0,1.0,3.0,shortcut,"(2, 3)",7,
104,O_bc0p3_s1_final,0.0,0.0,0.0,0.0,1.0,0.0,0.0,1.0,0.0,0.0,1.0,2.0,shortcut,"(2, 3)",,4
105,O_bc0p3_s1_final,1.0,1.0,12.42784641634072,43.0,0.0,0.0,0.0,1.0,0.0,0.0,1.0,5.0,shortcut,"(2, 3)",8,
106,O_bc0p3_s1_final,0.0,0.0,0.0,0.0,1.0,0.0,0.0,1.0,0.0,0.0,1.0,2.0,shortcut,"(2, 3)",,4
107,O_bc0p3_s1_final,1.0,1.0,11.72950912024697,42.0,0.0,1.0,1.0,0.0,0.0,1.0,0.0,0.0,lower,"(1, 2)",9,
108,O_bc0p3_s1_final,0.0,0.0,0.0,0.0,1.0,0.0,0.0,1.0,0.0,0.0,1.0,3.0,shortcut,"(2, 3)",,5
109,O_bc0p3_s1_final,0.0,0.0,0.0,0.0,1.0,0.0,0.0,1.0,0.0,0.0,1.0,3.0,shortcut,"(2, 3)",,5
110,O_bc0p3_s1_final,0.0,0.0,0.0,0.0,1.0,0.0,0.0,1.0,0.0,0.0,1.0,3.0,shortcut,"(2, 3)",,5
111,O_bc0p3_s1_final,0.0,0.0,0.0,0.0,1.0,0.0,0.0,1.0,0.0,0.0,1.0,1.0,shortcut,"(2, 3)",,3
112,O_bc0p3_s1_final,0.0,0.0,0.0,0.0,1.0,0.0,0.0,1.0,0.0,0.0,1.0,3.0,shortcut,"(2, 3)",,5
113,O_bc0p3_s1_final,0.0,0.0,0.0,0.0,1.0,0.0,0.0,1.0,0.0,0.0,1.0,2.0,shortcut,"(2, 3)",,4
114,O_bc0p3_s1_final,1.0,1.0,13.16293830696572,44.0,0.0,0.0,0.0,1.0,0.0,0.0,1.0,3.0,shortcut,"(2, 3)",7,
115,O_bc0p3_s1_final,0.0,0.0,0.0,0.0,1.0,0.0,0.0,1.0,0.0,0.0,1.0,1.0,shortcut,"(2, 3)",,3
116,O_bc0p3_s1_final,1.0,1.0,13.16293830696572,44.0,0.0,0.0,0.0,1.0,0.0,0.0,1.0,3.0,shortcut,"(2, 3)",7,
117,O_bc0p3_s1_final,0.0,0.0,0.0,0.0,1.0,0.0,0.0,1.0,0.0,0.0,1.0,2.0,shortcut,"(2, 3)",,4
118,O_bc0p3_s1_final,1.0,1.0,13.16293830696572,44.0,0.0,0.0,0.0,1.0,0.0,0.0,1.0,3.0,shortcut,"(2, 3)",7,
119,O_bc0p3_s1_final,0.0,0.0,0.0,0.0,1.0,0.0,0.0,1.0,0.0,0.0,1.0,2.0,shortcut,"(2, 3)",,7
120,O_bc0p3_s1_final,0.0,0.0,0.0,0.0,1.0,0.0,0.0,1.0,0.0,0.0,1.0,3.0,shortcut,"(2, 3)",,7
121,O_bc0p3_s1_final,1.0,1.0,13.16293830696572,44.0,0.0,0.0,0.0,1.0,0.0,0.0,1.0,3.0,shortcut,"(2, 3)",7,
122,O_bc0p3_s1_final,0.0,0.0,0.0,0.0,1.0,0.0,0.0,1.0,0.0,0.0,1.0,1.0,shortcut,"(2, 3)",,3
123,O_bc0p3_s1_final,1.0,1.0,11.72950912024697,42.0,0.0,0.0,0.0,1.0,0.0,0.0,1.0,3.0,shortcut,"(2, 3)",9,
124,O_bc0p3_s1_final,0.0,0.0,0.0,0.0,1.0,0.0,0.0,1.0,0.0,0.0,1.0,3.0,shortcut,"(2, 3)",,7
125,O_bc0p3_s1_final,1.0,1.0,13.16293830696572,44.0,0.0,0.0,0.0,1.0,0.0,0.0,1.0,3.0,shortcut,"(2, 3)",7,
126,O_bc0p3_s1_final,0.0,0.0,0.0,0.0,1.0,0.0,0.0,1.0,0.0,0.0,1.0,2.0,shortcut,"(2, 3)",,4
127,O_bc0p3_s1_final,1.0,1.0,11.066088688957908,41.0,0.0,1.0,1.0,0.0,0.0,1.0,0.0,0.0,lower,"(1, 2)",10,
128,O_bc0p3_s1_final,0.0,0.0,0.0,0.0,1.0,0.0,0.0,1.0,0.0,0.0,1.0,4.0,shortcut,"(2, 3)",,7
129,O_bc0p3_s1_final,1.0,1.0,13.16293830696572,44.0,0.0,0.0,0.0,1.0,0.0,0.0,1.0,3.0,shortcut,"(2, 3)",7,
130,O_bc0p3_s1_final,0.0,0.0,0.0,0.0,1.0,0.0,0.0,1.0,0.0,0.0,1.0,1.0,shortcut,"(2, 3)",,3
131,O_bc0p3_s1_final,0.0,0.0,0.0,0.0,1.0,0.0,0.0,1.0,0.0,0.0,1.0,2.0,shortcut,"(2, 3)",,4
132,O_bc0p3_s1_final,1.0,1.0,13.16293830696572,44.0,0.0,0.0,0.0,1.0,0.0,0.0,1.0,3.0,shortcut,"(2, 3)",7,
133,O_bc0p3_s1_final,0.0,0.0,0.0,0.0,1.0,0.0,0.0,1.0,0.0,0.0,1.0,3.0,shortcut,"(2, 3)",,5
134,O_bc0p3_s1_final,0.0,0.0,0.0,0.0,1.0,0.0,0.0,1.0,0.0,0.0,1.0,2.0,shortcut,"(2, 3)",,4
135,O_bc0p3_s1_final,1.0,1.0,13.16293830696572,44.0,0.0,1.0,0.0,0.0,0.0,1.0,0.0,3.0,lower,"(1, 2)",7,
136,O_bc0p3_s1_final,0.0,0.0,0.0,0.0,1.0,0.0,0.0,1.0,0.0,0.0,1.0,1.0,shortcut,"(2, 3)",,3
137,O_bc0p3_s1_final,1.0,1.0,11.72950912024697,42.0,0.0,1.0,1.0,0.0,0.0,1.0,0.0,0.0,lower,"(1, 2)",9,
138,O_bc0p3_s1_final,0.0,0.0,0.0,0.0,1.0,0.0,0.0,1.0,0.0,0.0,1.0,3.0,shortcut,"(2, 3)",,6
139,O_bc0p3_s1_final,0.0,0.0,0.0,0.0,1.0,0.0,0.0,1.0,0.0,0.0,1.0,3.0,shortcut,"(2, 3)",,5
140,O_bc0p3_s1_final,0.0,0.0,0.0,0.0,1.0,0.0,0.0,1.0,0.0,0.0,1.0,1.0,shortcut,"(2, 3)",,3
141,O_bc0p3_s1_final,0.0,0.0,0.0,0.0,1.0,0.0,0.0,1.0,0.0,0.0,1.0,2.0,shortcut,"(2, 3)",,4
142,O_bc0p3_s1_final,1.0,1.0,12.42784641634072,43.0,0.0,0.0,0.0,1.0,0.0,0.0,1.0,4.0,shortcut,"(2, 3)",8,
143,O_bc0p3_s1_final,1.0,1.0,13.16293830696572,44.0,0.0,0.0,0.0,1.0,0.0,0.0,1.0,3.0,shortcut,"(2, 3)",7,
144,O_bc0p3_s1_final,0.0,0.0,0.0,0.0,1.0,0.0,0.0,1.0,0.0,0.0,1.0,1.0,shortcut,"(2, 3)",,3
145,O_bc0p3_s1_final,0.0,0.0,0.0,0.0,1.0,0.0,0.0,1.0,0.0,0.0,1.0,4.0,shortcut,"(2, 3)",,6
146,O_bc0p3_s1_final,1.0,1.0,12.42784641634072,43.0,0.0,0.0,0.0,1.0,0.0,0.0,1.0,3.0,shortcut,"(2, 3)",8,
147,O_bc0p3_s1_final,0.0,0.0,0.0,0.0,1.0,0.0,0.0,1.0,0.0,0.0,1.0,2.0,shortcut,"(2, 3)",,4
148,O_bc0p3_s1_final,1.0,1.0,13.16293830696572,44.0,0.0,0.0,0.0,1.0,0.0,0.0,1.0,3.0,shortcut,"(2, 3)",7,
149,O_bc0p3_s1_final,0.0,0.0,0.0,0.0,1.0,0.0,0.0,1.0,0.0,0.0,1.0,1.0,shortcut,"(2, 3)",,3
150,O_bc0p3_s1_final,0.0,0.0,0.0,0.0,1.0,0.0,0.0,1.0,0.0,0.0,1.0,1.0,shortcut,"(2, 3)",,3
151,O_bc0p3_s1_final,0.0,0.0,0.0,0.0,1.0,0.0,0.0,1.0,0.0,0.0,1.0,2.0,shortcut,"(2, 3)",,4
152,O_bc0p3_s1_final,0.0,0.0,0.0,0.0,1.0,0.0,0.0,1.0,0.0,0.0,1.0,2.0,shortcut,"(2, 3)",,4
153,O_bc0p3_s1_final,0.0,0.0,0.0,0.0,1.0,0.0,0.0,1.0,0.0,0.0,1.0,1.0,shortcut,"(2, 3)",,5
154,O_bc0p3_s1_final,0.0,0.0,0.0,0.0,1.0,0.0,0.0,1.0,0.0,0.0,1.0,1.0,shortcut,"(2, 3)",,3
155,O_bc0p3_s1_final,0.0,0.0,0.0,0.0,1.0,0.0,0.0,1.0,0.0,0.0,1.0,1.0,shortcut,"(2, 3)",,3
156,O_bc0p3_s1_final,0.0,0.0,0.0,0.0,1.0,0.0,0.0,1.0,0.0,0.0,1.0,2.0,shortcut,"(2, 3)",,4
157,O_bc0p3_s1_final,0.0,0.0,0.0,0.0,1.0,0.0,0.0,1.0,0.0,0.0,1.0,2.0,shortcut,"(2, 3)",,7
158,O_bc0p3_s1_final,0.0,0.0,0.0,0.0,1.0,0.0,0.0,1.0,0.0,0.0,1.0,1.0,shortcut,"(2, 3)",,4
159,O_bc0p3_s1_final,0.0,0.0,0.0,0.0,1.0,0.0,0.0,1.0,0.0,0.0,1.0,3.0,shortcut,"(2, 3)",,6
160,O_bc0p3_s1_final,0.0,0.0,0.0,0.0,1.0,1.0,0.0,0.0,0.0,1.0,0.0,1.0,lower,"(1, 2)",,7
161,O_bc0p3_s1_final,0.0,0.0,0.0,0.0,1.0,0.0,0.0,1.0,0.0,0.0,1.0,2.0,shortcut,"(2, 3)",,4
162,O_bc0p3_s1_final,0.0,0.0,0.0,0.0,1.0,0.0,0.0,1.0,0.0,0.0,1.0,1.0,shortcut,"(2, 3)",,3
163,O_bc0p3_s1_final,1.0,1.0,13.16293830696572,44.0,0.0,0.0,0.0,1.0,0.0,0.0,1.0,3.0,shortcut,"(2, 3)",7,
164,O_bc0p3_s1_final,1.0,1.0,10.4358392792333,40.0,0.0,1.0,1.0,0.0,0.0,1.0,0.0,3.0,lower,"(1, 2)",11,
165,O_bc0p3_s1_final,1.0,1.0,11.72950912024697,42.0,0.0,1.0,1.0,0.0,0.0,1.0,0.0,0.0,lower,"(1, 2)",9,
166,O_bc0p3_s1_final,0.0,0.0,0.0,0.0,1.0,0.0,0.0,1.0,0.0,0.0,1.0,1.0,shortcut,"(2, 3)",,3
167,O_bc0p3_s1_final,0.0,0.0,0.0,0.0,1.0,0.0,0.0,1.0,0.0,0.0,1.0,1.0,shortcut,"(2, 3)",,3
168,O_bc0p3_s1_final,1.0,1.0,9.837102339994921,39.0,0.0,1.0,1.0,0.0,0.0,1.0,0.0,0.0,lower,"(1, 2)",12,
169,O_bc0p3_s1_final,0.0,0.0,0.0,0.0,1.0,0.0,0.0,1.0,0.0,0.0,1.0,3.0,shortcut,"(2, 3)",,6
170,O_bc0p3_s1_final,0.0,0.0,0.0,0.0,1.0,1.0,0.0,0.0,0.0,1.0,0.0,1.0,lower,"(1, 2)",,8
171,O_bc0p3_s1_final,1.0,1.0,13.16293830696572,44.0,0.0,0.0,0.0,1.0,0.0,0.0,1.0,3.0,shortcut,"(2, 3)",7,
172,O_bc0p3_s1_final,0.0,0.0,0.0,0.0,1.0,0.0,0.0,1.0,0.0,0.0,1.0,2.0,shortcut,"(2, 3)",,4
173,O_bc0p3_s1_final,0.0,0.0,0.0,0.0,1.0,0.0,0.0,1.0,0.0,0.0,1.0,2.0,shortcut,"(2, 3)",,5
174,O_bc0p3_s1_final,0.0,0.0,0.0,0.0,1.0,0.0,0.0,1.0,0.0,0.0,1.0,5.0,shortcut,"(2, 3)",,7
175,O_bc0p3_s1_final,0.0,0.0,0.0,0.0,1.0,0.0,0.0,1.0,0.0,0.0,1.0,1.0,shortcut,"(2, 3)",,3
176,O_bc0p3_s1_final,1.0,1.0,13.16293830696572,44.0,0.0,0.0,0.0,1.0,0.0,0.0,1.0,3.0,shortcut,"(2, 3)",7,
177,O_bc0p3_s1_final,0.0,0.0,0.0,0.0,1.0,0.0,0.0,1.0,0.0,0.0,1.0,2.0,shortcut,"(2, 3)",,6
178,O_bc0p3_s1_final,1.0,1.0,13.16293830696572,44.0,0.0,0.0,0.0,1.0,0.0,0.0,1.0,3.0,shortcut,"(2, 3)",7,
179,O_bc0p3_s1_final,0.0,0.0,0.0,0.0,1.0,1.0,0.0,0.0,0.0,1.0,0.0,3.0,lower,"(1, 2)",,9
180,O_bc0p3_s1_final,0.0,0.0,0.0,0.0,1.0,0.0,0.0,1.0,0.0,0.0,1.0,1.0,shortcut,"(2, 3)",,3
181,O_bc0p3_s1_final,1.0,1.0,13.16293830696572,44.0,0.0,0.0,0.0,1.0,0.0,0.0,1.0,3.0,shortcut,"(2, 3)",7,
182,O_bc0p3_s1_final,0.0,0.0,0.0,0.0,1.0,0.0,0.0,1.0,0.0,0.0,1.0,3.0,shortcut,"(2, 3)",,5
183,O_bc0p3_s1_final,0.0,0.0,0.0,0.0,1.0,0.0,0.0,1.0,0.0,0.0,1.0,4.0,shortcut,"(2, 3)",,6
184,O_bc0p3_s1_final,1.0,1.0,13.16293830696572,44.0,0.0,0.0,0.0,1.0,0.0,0.0,1.0,4.0,shortcut,"(2, 3)",7,
185,O_bc0p3_s1_final,0.0,0.0,0.0,0.0,1.0,0.0,0.0,1.0,0.0,0.0,1.0,1.0,shortcut,"(2, 3)",,3
186,O_bc0p3_s1_final,1.0,1.0,13.16293830696572,44.0,0.0,0.0,0.0,1.0,0.0,0.0,1.0,3.0,shortcut,"(2, 3)",7,
187,O_bc0p3_s1_final,0.0,0.0,0.0,0.0,1.0,0.0,0.0,1.0,0.0,0.0,1.0,2.0,shortcut,"(2, 3)",,7
188,O_bc0p3_s1_final,1.0,1.0,13.16293830696572,44.0,0.0,0.0,0.0,1.0,0.0,0.0,1.0,3.0,shortcut,"(2, 3)",7,
189,O_bc0p3_s1_final,0.0,0.0,0.0,0.0,1.0,0.0,0.0,1.0,0.0,0.0,1.0,1.0,shortcut,"(2, 3)",,3
190,O_bc0p3_s1_final,0.0,0.0,0.0,0.0,1.0,0.0,0.0,1.0,0.0,0.0,1.0,3.0,shortcut,"(2, 3)",,6
191,O_bc0p3_s1_final,1.0,1.0,13.16293830696572,44.0,0.0,0.0,0.0,1.0,0.0,0.0,1.0,3.0,shortcut,"(2, 3)",7,
192,O_bc0p3_s1_final,1.0,0.0,3.3258359669707995,5.0,1.0,0.0,0.0,1.0,0.0,0.0,1.0,4.0,shortcut,"(2, 3)",7,12
193,O_bc0p3_s1_final,0.0,0.0,0.0,0.0,1.0,0.0,0.0,1.0,0.0,0.0,1.0,2.0,shortcut,"(2, 3)",,4
194,O_bc0p3_s1_final,0.0,0.0,0.0,0.0,1.0,0.0,0.0,1.0,0.0,0.0,1.0,2.0,shortcut,"(2, 3)",,4
195,O_bc0p3_s1_final,0.0,0.0,0.0,0.0,1.0,0.0,0.0,1.0,0.0,0.0,1.0,2.0,shortcut,"(2, 3)",,5
196,O_bc0p3_s1_final,0.0,0.0,0.0,0.0,1.0,0.0,0.0,1.0,0.0,0.0,1.0,1.0,shortcut,"(2, 3)",,3
197,O_bc0p3_s1_final,0.0,0.0,0.0,0.0,1.0,0.0,0.0,1.0,0.0,0.0,1.0,1.0,shortcut,"(2, 3)",,3
198,O_bc0p3_s1_final,0.0,0.0,0.0,0.0,1.0,0.0,0.0,1.0,0.0,0.0,1.0,3.0,shortcut,"(2, 3)",,5
199,O_bc0p3_s1_final,0.0,0.0,0.0,0.0,1.0,0.0,0.0,1.0,0.0,0.0,1.0,1.0,shortcut,"(2, 3)",,3
0,O_bc0p3_s2_final,1.0,1.0,11.72950912024697,42.0,0.0,0.0,0.0,1.0,0.0,0.0,1.0,3.0,shortcut,"(2, 3)",9,
1,O_bc0p3_s2_final,0.0,0.0,0.0,0.0,1.0,0.0,0.0,1.0,0.0,0.0,1.0,3.0,shortcut,"(2, 3)",,5
2,O_bc0p3_s2_final,0.0,0.0,0.0,0.0,1.0,0.0,0.0,1.0,0.0,0.0,1.0,1.0,shortcut,"(2, 3)",,3
3,O_bc0p3_s2_final,1.0,1.0,13.16293830696572,44.0,0.0,0.0,0.0,1.0,0.0,0.0,1.0,3.0,shortcut,"(2, 3)",7,
4,O_bc0p3_s2_final,0.0,0.0,0.0,0.0,1.0,0.0,0.0,1.0,0.0,0.0,1.0,2.0,shortcut,"(2, 3)",,6
5,O_bc0p3_s2_final,1.0,0.0,0.7350918906249998,1.0,1.0,0.0,0.0,1.0,0.0,0.0,1.0,6.0,shortcut,"(2, 3)",7,11
6,O_bc0p3_s2_final,0.0,0.0,0.0,0.0,1.0,0.0,0.0,1.0,0.0,0.0,1.0,2.0,shortcut,"(2, 3)",,5
7,O_bc0p3_s2_final,0.0,0.0,0.0,0.0,1.0,0.0,0.0,1.0,0.0,0.0,1.0,2.0,shortcut,"(2, 3)",,5
8,O_bc0p3_s2_final,0.0,0.0,0.0,0.0,1.0,0.0,0.0,1.0,0.0,0.0,1.0,3.0,shortcut,"(2, 3)",,6
9,O_bc0p3_s2_final,1.0,1.0,13.16293830696572,44.0,0.0,0.0,0.0,1.0,0.0,0.0,1.0,3.0,shortcut,"(2, 3)",7,
10,O_bc0p3_s2_final,0.0,0.0,0.0,0.0,1.0,0.0,0.0,1.0,0.0,0.0,1.0,1.0,shortcut,"(2, 3)",,4
11,O_bc0p3_s2_final,0.0,0.0,0.0,0.0,1.0,0.0,0.0,1.0,0.0,0.0,1.0,2.0,shortcut,"(2, 3)",,4
12,O_bc0p3_s2_final,0.0,0.0,0.0,0.0,1.0,0.0,0.0,1.0,0.0,0.0,1.0,4.0,shortcut,"(2, 3)",,6
13,O_bc0p3_s2_final,0.0,0.0,0.0,0.0,1.0,0.0,0.0,1.0,0.0,0.0,1.0,1.0,shortcut,"(2, 3)",,5
14,O_bc0p3_s2_final,0.0,0.0,0.0,0.0,1.0,0.0,0.0,1.0,0.0,0.0,1.0,3.0,shortcut,"(2, 3)",,6
15,O_bc0p3_s2_final,1.0,1.0,12.42784641634072,43.0,0.0,0.0,0.0,1.0,0.0,0.0,1.0,5.0,shortcut,"(2, 3)",8,
16,O_bc0p3_s2_final,0.0,0.0,0.0,0.0,1.0,0.0,0.0,1.0,0.0,0.0,1.0,1.0,shortcut,"(2, 3)",,3
17,O_bc0p3_s2_final,0.0,0.0,0.0,0.0,1.0,0.0,0.0,1.0,0.0,0.0,1.0,2.0,shortcut,"(2, 3)",,5
18,O_bc0p3_s2_final,0.0,0.0,0.0,0.0,1.0,0.0,0.0,1.0,0.0,0.0,1.0,1.0,shortcut,"(2, 3)",,5
19,O_bc0p3_s2_final,0.0,0.0,0.0,0.0,1.0,0.0,0.0,1.0,0.0,0.0,1.0,1.0,shortcut,"(2, 3)",,3
20,O_bc0p3_s2_final,1.0,1.0,11.72950912024697,42.0,0.0,0.0,0.0,1.0,0.0,0.0,1.0,5.0,shortcut,"(2, 3)",9,
21,O_bc0p3_s2_final,0.0,0.0,0.0,0.0,1.0,0.0,0.0,1.0,0.0,0.0,1.0,2.0,shortcut,"(2, 3)",,5
22,O_bc0p3_s2_final,0.0,0.0,0.0,0.0,1.0,0.0,0.0,1.0,0.0,0.0,1.0,1.0,shortcut,"(2, 3)",,3
23,O_bc0p3_s2_final,1.0,0.0,0.5688000922764597,1.0,1.0,0.0,0.0,1.0,0.0,0.0,1.0,6.0,shortcut,"(2, 3)",12,15
24,O_bc0p3_s2_final,1.0,1.0,13.16293830696572,44.0,0.0,0.0,0.0,1.0,0.0,0.0,1.0,3.0,shortcut,"(2, 3)",7,
25,O_bc0p3_s2_final,1.0,1.0,11.72950912024697,42.0,0.0,0.0,0.0,1.0,0.0,0.0,1.0,4.0,shortcut,"(2, 3)",9,
26,O_bc0p3_s2_final,1.0,1.0,13.16293830696572,44.0,0.0,0.0,0.0,1.0,0.0,0.0,1.0,3.0,shortcut,"(2, 3)",7,
27,O_bc0p3_s2_final,1.0,1.0,11.72950912024697,42.0,0.0,0.0,0.0,1.0,0.0,0.0,1.0,4.0,shortcut,"(2, 3)",9,
28,O_bc0p3_s2_final,1.0,1.0,13.16293830696572,44.0,0.0,0.0,0.0,1.0,0.0,0.0,1.0,3.0,shortcut,"(2, 3)",7,
29,O_bc0p3_s2_final,0.0,0.0,0.0,0.0,1.0,0.0,0.0,1.0,0.0,0.0,1.0,1.0,shortcut,"(2, 3)",,3
30,O_bc0p3_s2_final,0.0,0.0,0.0,0.0,1.0,0.0,0.0,1.0,0.0,0.0,1.0,1.0,shortcut,"(2, 3)",,3
31,O_bc0p3_s2_final,0.0,0.0,0.0,0.0,1.0,0.0,0.0,1.0,0.0,0.0,1.0,1.0,shortcut,"(2, 3)",,3
32,O_bc0p3_s2_final,0.0,0.0,0.0,0.0,1.0,0.0,0.0,1.0,0.0,0.0,1.0,2.0,shortcut,"(2, 3)",,4
33,O_bc0p3_s2_final,1.0,1.0,9.837102339994921,39.0,0.0,0.0,0.0,1.0,0.0,0.0,1.0,4.0,shortcut,"(2, 3)",12,
34,O_bc0p3_s2_final,1.0,1.0,13.16293830696572,44.0,0.0,0.0,0.0,1.0,0.0,0.0,1.0,3.0,shortcut,"(2, 3)",7,
35,O_bc0p3_s2_final,0.0,0.0,0.0,0.0,1.0,0.0,0.0,1.0,0.0,0.0,1.0,3.0,shortcut,"(2, 3)",,5
36,O_bc0p3_s2_final,0.0,0.0,0.0,0.0,1.0,0.0,0.0,1.0,0.0,0.0,1.0,2.0,shortcut,"(2, 3)",,4
37,O_bc0p3_s2_final,0.0,0.0,0.0,0.0,1.0,0.0,0.0,1.0,0.0,0.0,1.0,4.0,shortcut,"(2, 3)",,7
38,O_bc0p3_s2_final,1.0,1.0,11.066088688957908,41.0,0.0,0.0,0.0,1.0,0.0,0.0,1.0,6.0,shortcut,"(2, 3)",10,
39,O_bc0p3_s2_final,1.0,1.0,13.16293830696572,44.0,0.0,0.0,0.0,1.0,0.0,0.0,1.0,3.0,shortcut,"(2, 3)",7,
40,O_bc0p3_s2_final,1.0,1.0,13.16293830696572,44.0,0.0,0.0,0.0,1.0,0.0,0.0,1.0,3.0,shortcut,"(2, 3)",7,
41,O_bc0p3_s2_final,1.0,1.0,13.16293830696572,44.0,0.0,0.0,0.0,1.0,0.0,0.0,1.0,3.0,shortcut,"(2, 3)",7,
42,O_bc0p3_s2_final,0.0,0.0,0.0,0.0,1.0,0.0,0.0,1.0,0.0,0.0,1.0,3.0,shortcut,"(2, 3)",,6
43,O_bc0p3_s2_final,1.0,1.0,13.16293830696572,44.0,0.0,0.0,0.0,1.0,0.0,0.0,1.0,3.0,shortcut,"(2, 3)",7,
44,O_bc0p3_s2_final,0.0,0.0,0.0,0.0,1.0,0.0,0.0,1.0,0.0,0.0,1.0,3.0,shortcut,"(2, 3)",,5
45,O_bc0p3_s2_final,0.0,0.0,0.0,0.0,1.0,0.0,0.0,1.0,0.0,0.0,1.0,1.0,shortcut,"(2, 3)",,3
46,O_bc0p3_s2_final,0.0,0.0,0.0,0.0,1.0,0.0,0.0,1.0,0.0,0.0,1.0,3.0,shortcut,"(2, 3)",,5
47,O_bc0p3_s2_final,0.0,0.0,0.0,0.0,1.0,0.0,0.0,1.0,0.0,0.0,1.0,1.0,shortcut,"(2, 3)",,3
48,O_bc0p3_s2_final,0.0,0.0,0.0,0.0,1.0,0.0,0.0,1.0,0.0,0.0,1.0,1.0,shortcut,"(2, 3)",,3
49,O_bc0p3_s2_final,1.0,1.0,13.16293830696572,44.0,0.0,0.0,0.0,1.0,0.0,0.0,1.0,3.0,shortcut,"(2, 3)",7,
50,O_bc0p3_s2_final,1.0,1.0,13.16293830696572,44.0,0.0,0.0,0.0,1.0,0.0,0.0,1.0,3.0,shortcut,"(2, 3)",7,
51,O_bc0p3_s2_final,1.0,1.0,13.16293830696572,44.0,0.0,0.0,0.0,1.0,0.0,0.0,1.0,3.0,shortcut,"(2, 3)",7,
52,O_bc0p3_s2_final,0.0,0.0,0.0,0.0,1.0,0.0,0.0,1.0,0.0,0.0,1.0,3.0,shortcut,"(2, 3)",,5
53,O_bc0p3_s2_final,0.0,0.0,0.0,0.0,1.0,0.0,0.0,1.0,0.0,0.0,1.0,1.0,shortcut,"(2, 3)",,3
54,O_bc0p3_s2_final,0.0,0.0,0.0,0.0,1.0,0.0,0.0,1.0,0.0,0.0,1.0,1.0,shortcut,"(2, 3)",,3
55,O_bc0p3_s2_final,0.0,0.0,0.0,0.0,1.0,0.0,0.0,1.0,0.0,0.0,1.0,2.0,shortcut,"(2, 3)",,5
56,O_bc0p3_s2_final,0.0,0.0,0.0,0.0,1.0,0.0,0.0,1.0,0.0,0.0,1.0,2.0,shortcut,"(2, 3)",,4
57,O_bc0p3_s2_final,0.0,0.0,0.0,0.0,1.0,0.0,0.0,1.0,0.0,0.0,1.0,1.0,shortcut,"(2, 3)",,3
58,O_bc0p3_s2_final,0.0,0.0,0.0,0.0,1.0,0.0,0.0,1.0,0.0,0.0,1.0,3.0,shortcut,"(2, 3)",,5
59,O_bc0p3_s2_final,1.0,1.0,13.16293830696572,44.0,0.0,0.0,0.0,1.0,0.0,0.0,1.0,4.0,shortcut,"(2, 3)",7,
60,O_bc0p3_s2_final,0.0,0.0,0.0,0.0,1.0,1.0,0.0,0.0,0.0,1.0,0.0,1.0,lower,"(1, 2)",,8
61,O_bc0p3_s2_final,0.0,0.0,0.0,0.0,1.0,0.0,0.0,1.0,0.0,0.0,1.0,3.0,shortcut,"(2, 3)",,5
62,O_bc0p3_s2_final,1.0,1.0,11.066088688957908,41.0,0.0,1.0,1.0,0.0,0.0,1.0,0.0,0.0,lower,"(1, 2)",10,
63,O_bc0p3_s2_final,0.0,0.0,0.0,0.0,1.0,0.0,0.0,1.0,0.0,0.0,1.0,1.0,shortcut,"(2, 3)",,3
64,O_bc0p3_s2_final,0.0,0.0,0.0,0.0,1.0,0.0,0.0,1.0,0.0,0.0,1.0,4.0,shortcut,"(2, 3)",,8
65,O_bc0p3_s2_final,0.0,0.0,0.0,0.0,1.0,0.0,0.0,1.0,0.0,0.0,1.0,2.0,shortcut,"(2, 3)",,4
66,O_bc0p3_s2_final,0.0,0.0,0.0,0.0,1.0,0.0,0.0,1.0,0.0,0.0,1.0,2.0,shortcut,"(2, 3)",,5
67,O_bc0p3_s2_final,0.0,0.0,0.0,0.0,1.0,0.0,0.0,1.0,0.0,0.0,1.0,1.0,shortcut,"(2, 3)",,5
68,O_bc0p3_s2_final,1.0,1.0,13.16293830696572,44.0,0.0,0.0,0.0,1.0,0.0,0.0,1.0,3.0,shortcut,"(2, 3)",7,
69,O_bc0p3_s2_final,0.0,0.0,0.0,0.0,1.0,0.0,0.0,1.0,0.0,0.0,1.0,3.0,shortcut,"(2, 3)",,5
70,O_bc0p3_s2_final,1.0,1.0,13.16293830696572,44.0,0.0,0.0,0.0,1.0,0.0,0.0,1.0,3.0,shortcut,"(2, 3)",7,
71,O_bc0p3_s2_final,0.0,0.0,0.0,0.0,1.0,0.0,0.0,1.0,0.0,0.0,1.0,3.0,shortcut,"(2, 3)",,5
72,O_bc0p3_s2_final,0.0,0.0,0.0,0.0,1.0,0.0,0.0,1.0,0.0,0.0,1.0,6.0,shortcut,"(2, 3)",,9
73,O_bc0p3_s2_final,1.0,1.0,13.16293830696572,44.0,0.0,0.0,0.0,1.0,0.0,0.0,1.0,3.0,shortcut,"(2, 3)",7,
74,O_bc0p3_s2_final,0.0,0.0,0.0,0.0,1.0,0.0,0.0,1.0,0.0,0.0,1.0,10.0,shortcut,"(2, 3)",,13
75,O_bc0p3_s2_final,1.0,1.0,11.72950912024697,42.0,0.0,1.0,1.0,0.0,0.0,1.0,0.0,0.0,lower,"(1, 2)",9,
76,O_bc0p3_s2_final,0.0,0.0,0.0,0.0,1.0,0.0,0.0,1.0,0.0,0.0,1.0,1.0,shortcut,"(2, 3)",,3
77,O_bc0p3_s2_final,0.0,0.0,0.0,0.0,1.0,0.0,0.0,1.0,0.0,0.0,1.0,2.0,shortcut,"(2, 3)",,6
78,O_bc0p3_s2_final,0.0,0.0,0.0,0.0,1.0,0.0,0.0,1.0,0.0,0.0,1.0,3.0,shortcut,"(2, 3)",,6
79,O_bc0p3_s2_final,0.0,0.0,0.0,0.0,1.0,0.0,0.0,1.0,0.0,0.0,1.0,2.0,shortcut,"(2, 3)",,4
80,O_bc0p3_s2_final,0.0,0.0,0.0,0.0,1.0,0.0,0.0,1.0,0.0,0.0,1.0,5.0,shortcut,"(2, 3)",,8
81,O_bc0p3_s2_final,1.0,1.0,13.16293830696572,44.0,0.0,0.0,0.0,1.0,0.0,0.0,1.0,3.0,shortcut,"(2, 3)",7,
82,O_bc0p3_s2_final,1.0,1.0,11.066088688957908,41.0,0.0,0.0,0.0,1.0,0.0,0.0,1.0,4.0,shortcut,"(2, 3)",10,
83,O_bc0p3_s2_final,0.0,0.0,0.0,0.0,1.0,0.0,0.0,1.0,0.0,0.0,1.0,3.0,shortcut,"(2, 3)",,5
84,O_bc0p3_s2_final,1.0,1.0,12.42784641634072,43.0,0.0,1.0,1.0,0.0,0.0,1.0,0.0,0.0,lower,"(1, 2)",8,
85,O_bc0p3_s2_final,1.0,1.0,13.16293830696572,44.0,0.0,0.0,0.0,1.0,0.0,0.0,1.0,3.0,shortcut,"(2, 3)",7,
86,O_bc0p3_s2_final,0.0,0.0,0.0,0.0,1.0,0.0,0.0,1.0,0.0,0.0,1.0,2.0,shortcut,"(2, 3)",,4
87,O_bc0p3_s2_final,1.0,1.0,10.4358392792333,40.0,0.0,0.0,0.0,1.0,0.0,0.0,1.0,6.0,shortcut,"(2, 3)",11,
88,O_bc0p3_s2_final,1.0,1.0,12.42784641634072,43.0,0.0,0.0,0.0,1.0,0.0,0.0,1.0,3.0,shortcut,"(2, 3)",8,
89,O_bc0p3_s2_final,0.0,0.0,0.0,0.0,1.0,0.0,0.0,1.0,0.0,0.0,1.0,2.0,shortcut,"(2, 3)",,7
90,O_bc0p3_s2_final,1.0,1.0,13.16293830696572,44.0,0.0,0.0,0.0,1.0,0.0,0.0,1.0,3.0,shortcut,"(2, 3)",7,
91,O_bc0p3_s2_final,1.0,1.0,9.268302247718463,38.0,0.0,0.0,0.0,1.0,0.0,0.0,1.0,8.0,shortcut,"(2, 3)",13,
92,O_bc0p3_s2_final,0.0,0.0,0.0,0.0,1.0,0.0,0.0,1.0,0.0,0.0,1.0,1.0,shortcut,"(2, 3)",,3
93,O_bc0p3_s2_final,0.0,0.0,0.0,0.0,1.0,0.0,0.0,1.0,0.0,0.0,1.0,1.0,shortcut,"(2, 3)",,5
94,O_bc0p3_s2_final,0.0,0.0,0.0,0.0,1.0,0.0,0.0,1.0,0.0,0.0,1.0,1.0,shortcut,"(2, 3)",,3
95,O_bc0p3_s2_final,0.0,0.0,0.0,0.0,1.0,0.0,0.0,1.0,0.0,0.0,1.0,1.0,shortcut,"(2, 3)",,4
96,O_bc0p3_s2_final,1.0,0.0,1.361757727382812,2.0,1.0,0.0,0.0,1.0,0.0,0.0,1.0,4.0,shortcut,"(2, 3)",8,10
97,O_bc0p3_s2_final,0.0,0.0,0.0,0.0,1.0,0.0,0.0,1.0,0.0,0.0,1.0,3.0,shortcut,"(2, 3)",,5
98,O_bc0p3_s2_final,1.0,1.0,13.16293830696572,44.0,0.0,0.0,0.0,1.0,0.0,0.0,1.0,3.0,shortcut,"(2, 3)",7,
99,O_bc0p3_s2_final,0.0,0.0,0.0,0.0,1.0,0.0,0.0,1.0,0.0,0.0,1.0,1.0,shortcut,"(2, 3)",,3
100,O_bc0p3_s2_final,0.0,0.0,0.0,0.0,1.0,1.0,0.0,0.0,0.0,0.0,1.0,3.0,lower,"(2, 3)",,15
101,O_bc0p3_s2_final,0.0,0.0,0.0,0.0,1.0,0.0,0.0,1.0,0.0,0.0,1.0,1.0,shortcut,"(2, 3)",,3
102,O_bc0p3_s2_final,1.0,1.0,13.16293830696572,44.0,0.0,0.0,0.0,1.0,0.0,0.0,1.0,3.0,shortcut,"(2, 3)",7,
103,O_bc0p3_s2_final,1.0,1.0,12.42784641634072,43.0,0.0,0.0,0.0,1.0,0.0,0.0,1.0,3.0,shortcut,"(2, 3)",8,
104,O_bc0p3_s2_final,0.0,0.0,0.0,0.0,1.0,0.0,0.0,1.0,0.0,0.0,1.0,2.0,shortcut,"(2, 3)",,4
105,O_bc0p3_s2_final,1.0,1.0,6.823507198849272,33.0,0.0,0.0,0.0,1.0,0.0,0.0,1.0,14.0,shortcut,"(2, 3)",18,
106,O_bc0p3_s2_final,0.0,0.0,0.0,0.0,1.0,0.0,0.0,1.0,0.0,0.0,1.0,2.0,shortcut,"(2, 3)",,4
107,O_bc0p3_s2_final,1.0,1.0,13.16293830696572,44.0,0.0,0.0,0.0,1.0,0.0,0.0,1.0,3.0,shortcut,"(2, 3)",7,
108,O_bc0p3_s2_final,0.0,0.0,0.0,0.0,1.0,0.0,0.0,1.0,0.0,0.0,1.0,3.0,shortcut,"(2, 3)",,5
109,O_bc0p3_s2_final,0.0,0.0,0.0,0.0,1.0,0.0,0.0,1.0,0.0,0.0,1.0,4.0,shortcut,"(2, 3)",,7
110,O_bc0p3_s2_final,0.0,0.0,0.0,0.0,1.0,0.0,0.0,1.0,0.0,0.0,1.0,4.0,shortcut,"(2, 3)",,8
111,O_bc0p3_s2_final,0.0,0.0,0.0,0.0,1.0,0.0,0.0,1.0,0.0,0.0,1.0,1.0,shortcut,"(2, 3)",,3
112,O_bc0p3_s2_final,0.0,0.0,0.0,0.0,1.0,0.0,0.0,1.0,0.0,0.0,1.0,3.0,shortcut,"(2, 3)",,5
113,O_bc0p3_s2_final,1.0,1.0,13.16293830696572,44.0,0.0,0.0,0.0,1.0,0.0,0.0,1.0,4.0,shortcut,"(2, 3)",7,
114,O_bc0p3_s2_final,0.0,0.0,0.0,0.0,1.0,0.0,0.0,1.0,0.0,0.0,1.0,3.0,shortcut,"(2, 3)",,7
115,O_bc0p3_s2_final,0.0,0.0,0.0,0.0,1.0,0.0,0.0,1.0,0.0,0.0,1.0,1.0,shortcut,"(2, 3)",,3
116,O_bc0p3_s2_final,1.0,1.0,13.16293830696572,44.0,0.0,0.0,0.0,1.0,0.0,0.0,1.0,3.0,shortcut,"(2, 3)",7,
117,O_bc0p3_s2_final,0.0,0.0,0.0,0.0,1.0,0.0,0.0,1.0,0.0,0.0,1.0,2.0,shortcut,"(2, 3)",,4
118,O_bc0p3_s2_final,1.0,1.0,13.16293830696572,44.0,0.0,0.0,0.0,1.0,0.0,0.0,1.0,3.0,shortcut,"(2, 3)",7,
119,O_bc0p3_s2_final,0.0,0.0,0.0,0.0,1.0,0.0,0.0,1.0,0.0,0.0,1.0,2.0,shortcut,"(2, 3)",,7
120,O_bc0p3_s2_final,0.0,0.0,0.0,0.0,1.0,0.0,0.0,1.0,0.0,0.0,1.0,2.0,shortcut,"(2, 3)",,6
121,O_bc0p3_s2_final,1.0,1.0,13.16293830696572,44.0,0.0,0.0,0.0,1.0,0.0,0.0,1.0,3.0,shortcut,"(2, 3)",7,
122,O_bc0p3_s2_final,0.0,0.0,0.0,0.0,1.0,0.0,0.0,1.0,0.0,0.0,1.0,1.0,shortcut,"(2, 3)",,3
123,O_bc0p3_s2_final,1.0,1.0,11.066088688957908,41.0,0.0,0.0,0.0,1.0,0.0,0.0,1.0,4.0,shortcut,"(2, 3)",10,
124,O_bc0p3_s2_final,0.0,0.0,0.0,0.0,1.0,0.0,0.0,1.0,0.0,0.0,1.0,3.0,shortcut,"(2, 3)",,7
125,O_bc0p3_s2_final,1.0,1.0,13.16293830696572,44.0,0.0,0.0,0.0,1.0,0.0,0.0,1.0,3.0,shortcut,"(2, 3)",7,
126,O_bc0p3_s2_final,0.0,0.0,0.0,0.0,1.0,0.0,0.0,1.0,0.0,0.0,1.0,2.0,shortcut,"(2, 3)",,4
127,O_bc0p3_s2_final,1.0,1.0,11.066088688957908,41.0,0.0,1.0,1.0,0.0,0.0,1.0,0.0,0.0,lower,"(1, 2)",10,
128,O_bc0p3_s2_final,0.0,0.0,0.0,0.0,1.0,0.0,0.0,1.0,0.0,0.0,1.0,3.0,shortcut,"(2, 3)",,7
129,O_bc0p3_s2_final,1.0,1.0,13.16293830696572,44.0,0.0,0.0,0.0,1.0,0.0,0.0,1.0,3.0,shortcut,"(2, 3)",7,
130,O_bc0p3_s2_final,0.0,0.0,0.0,0.0,1.0,0.0,0.0,1.0,0.0,0.0,1.0,1.0,shortcut,"(2, 3)",,3
131,O_bc0p3_s2_final,0.0,0.0,0.0,0.0,1.0,0.0,0.0,1.0,0.0,0.0,1.0,2.0,shortcut,"(2, 3)",,4
132,O_bc0p3_s2_final,0.0,0.0,0.0,0.0,1.0,0.0,0.0,1.0,0.0,0.0,1.0,3.0,shortcut,"(2, 3)",,5
133,O_bc0p3_s2_final,0.0,0.0,0.0,0.0,1.0,0.0,0.0,1.0,0.0,0.0,1.0,3.0,shortcut,"(2, 3)",,5
134,O_bc0p3_s2_final,0.0,0.0,0.0,0.0,1.0,0.0,0.0,1.0,0.0,0.0,1.0,2.0,shortcut,"(2, 3)",,4
135,O_bc0p3_s2_final,1.0,1.0,13.16293830696572,44.0,0.0,1.0,0.0,0.0,0.0,1.0,0.0,3.0,lower,"(1, 2)",7,
136,O_bc0p3_s2_final,0.0,0.0,0.0,0.0,1.0,0.0,0.0,1.0,0.0,0.0,1.0,4.0,shortcut,"(2, 3)",,8
137,O_bc0p3_s2_final,0.0,0.0,0.0,0.0,1.0,0.0,0.0,1.0,0.0,0.0,1.0,3.0,shortcut,"(2, 3)",,5
138,O_bc0p3_s2_final,0.0,0.0,0.0,0.0,1.0,0.0,0.0,1.0,0.0,0.0,1.0,2.0,shortcut,"(2, 3)",,6
139,O_bc0p3_s2_final,0.0,0.0,0.0,0.0,1.0,0.0,0.0,1.0,0.0,0.0,1.0,3.0,shortcut,"(2, 3)",,5
140,O_bc0p3_s2_final,0.0,0.0,0.0,0.0,1.0,0.0,0.0,1.0,0.0,0.0,1.0,1.0,shortcut,"(2, 3)",,3
141,O_bc0p3_s2_final,0.0,0.0,0.0,0.0,1.0,0.0,0.0,1.0,0.0,0.0,1.0,2.0,shortcut,"(2, 3)",,4
142,O_bc0p3_s2_final,1.0,1.0,12.42784641634072,43.0,0.0,0.0,0.0,1.0,0.0,0.0,1.0,4.0,shortcut,"(2, 3)",8,
143,O_bc0p3_s2_final,1.0,1.0,13.16293830696572,44.0,0.0,0.0,0.0,1.0,0.0,0.0,1.0,3.0,shortcut,"(2, 3)",7,
144,O_bc0p3_s2_final,0.0,0.0,0.0,0.0,1.0,0.0,0.0,1.0,0.0,0.0,1.0,1.0,shortcut,"(2, 3)",,3
145,O_bc0p3_s2_final,1.0,1.0,12.42784641634072,43.0,0.0,0.0,0.0,1.0,0.0,0.0,1.0,5.0,shortcut,"(2, 3)",8,
146,O_bc0p3_s2_final,0.0,0.0,0.0,0.0,1.0,0.0,0.0,1.0,0.0,0.0,1.0,6.0,shortcut,"(2, 3)",,8
147,O_bc0p3_s2_final,0.0,0.0,0.0,0.0,1.0,0.0,0.0,1.0,0.0,0.0,1.0,2.0,shortcut,"(2, 3)",,4
148,O_bc0p3_s2_final,1.0,1.0,13.16293830696572,44.0,0.0,0.0,0.0,1.0,0.0,0.0,1.0,3.0,shortcut,"(2, 3)",7,
149,O_bc0p3_s2_final,0.0,0.0,0.0,0.0,1.0,0.0,0.0,1.0,0.0,0.0,1.0,1.0,shortcut,"(2, 3)",,3
150,O_bc0p3_s2_final,1.0,1.0,12.42784641634072,43.0,0.0,0.0,0.0,1.0,0.0,0.0,1.0,3.0,shortcut,"(2, 3)",8,
151,O_bc0p3_s2_final,0.0,0.0,0.0,0.0,1.0,0.0,0.0,1.0,0.0,0.0,1.0,2.0,shortcut,"(2, 3)",,4
152,O_bc0p3_s2_final,0.0,0.0,0.0,0.0,1.0,0.0,0.0,1.0,0.0,0.0,1.0,3.0,shortcut,"(2, 3)",,5
153,O_bc0p3_s2_final,0.0,0.0,0.0,0.0,1.0,0.0,0.0,1.0,0.0,0.0,1.0,1.0,shortcut,"(2, 3)",,5
154,O_bc0p3_s2_final,0.0,0.0,0.0,0.0,1.0,0.0,0.0,1.0,0.0,0.0,1.0,1.0,shortcut,"(2, 3)",,3
155,O_bc0p3_s2_final,0.0,0.0,0.0,0.0,1.0,0.0,0.0,1.0,0.0,0.0,1.0,1.0,shortcut,"(2, 3)",,3
156,O_bc0p3_s2_final,0.0,0.0,0.0,0.0,1.0,0.0,0.0,1.0,0.0,0.0,1.0,2.0,shortcut,"(2, 3)",,4
157,O_bc0p3_s2_final,0.0,0.0,0.0,0.0,1.0,0.0,0.0,1.0,0.0,0.0,1.0,1.0,shortcut,"(2, 3)",,7
158,O_bc0p3_s2_final,0.0,0.0,0.0,0.0,1.0,0.0,0.0,1.0,0.0,0.0,1.0,1.0,shortcut,"(2, 3)",,4
159,O_bc0p3_s2_final,0.0,0.0,0.0,0.0,1.0,0.0,0.0,1.0,0.0,0.0,1.0,1.0,shortcut,"(2, 3)",,5
160,O_bc0p3_s2_final,0.0,0.0,0.0,0.0,1.0,1.0,0.0,0.0,0.0,1.0,0.0,1.0,lower,"(1, 2)",,7
161,O_bc0p3_s2_final,0.0,0.0,0.0,0.0,1.0,0.0,0.0,1.0,0.0,0.0,1.0,2.0,shortcut,"(2, 3)",,4
162,O_bc0p3_s2_final,0.0,0.0,0.0,0.0,1.0,0.0,0.0,1.0,0.0,0.0,1.0,1.0,shortcut,"(2, 3)",,3
163,O_bc0p3_s2_final,1.0,1.0,13.16293830696572,44.0,0.0,0.0,0.0,1.0,0.0,0.0,1.0,3.0,shortcut,"(2, 3)",7,
164,O_bc0p3_s2_final,1.0,1.0,11.72950912024697,42.0,0.0,0.0,0.0,1.0,0.0,0.0,1.0,3.0,shortcut,"(2, 3)",9,
165,O_bc0p3_s2_final,0.0,0.0,0.0,0.0,1.0,0.0,0.0,1.0,0.0,0.0,1.0,1.0,shortcut,"(2, 3)",,3
166,O_bc0p3_s2_final,0.0,0.0,0.0,0.0,1.0,0.0,0.0,1.0,0.0,0.0,1.0,1.0,shortcut,"(2, 3)",,3
167,O_bc0p3_s2_final,0.0,0.0,0.0,0.0,1.0,0.0,0.0,1.0,0.0,0.0,1.0,1.0,shortcut,"(2, 3)",,3
168,O_bc0p3_s2_final,1.0,1.0,9.268302247718463,38.0,0.0,1.0,0.0,0.0,0.0,1.0,0.0,3.0,lower,"(1, 2)",13,
169,O_bc0p3_s2_final,0.0,0.0,0.0,0.0,1.0,0.0,0.0,1.0,0.0,0.0,1.0,3.0,shortcut,"(2, 3)",,6
170,O_bc0p3_s2_final,1.0,1.0,13.16293830696572,44.0,0.0,0.0,0.0,1.0,0.0,0.0,1.0,3.0,shortcut,"(2, 3)",7,
171,O_bc0p3_s2_final,1.0,1.0,12.42784641634072,43.0,0.0,0.0,0.0,1.0,0.0,0.0,1.0,4.0,shortcut,"(2, 3)",8,
172,O_bc0p3_s2_final,0.0,0.0,0.0,0.0,1.0,0.0,0.0,1.0,0.0,0.0,1.0,2.0,shortcut,"(2, 3)",,4
173,O_bc0p3_s2_final,1.0,1.0,12.42784641634072,43.0,0.0,0.0,0.0,1.0,0.0,0.0,1.0,3.0,shortcut,"(2, 3)",8,
174,O_bc0p3_s2_final,0.0,0.0,0.0,0.0,1.0,0.0,0.0,1.0,0.0,0.0,1.0,6.0,shortcut,"(2, 3)",,8
175,O_bc0p3_s2_final,0.0,0.0,0.0,0.0,1.0,0.0,0.0,1.0,0.0,0.0,1.0,1.0,shortcut,"(2, 3)",,3
176,O_bc0p3_s2_final,0.0,0.0,0.0,0.0,1.0,0.0,0.0,1.0,0.0,0.0,1.0,4.0,shortcut,"(2, 3)",,7
177,O_bc0p3_s2_final,0.0,0.0,0.0,0.0,1.0,0.0,0.0,1.0,0.0,0.0,1.0,2.0,shortcut,"(2, 3)",,6
178,O_bc0p3_s2_final,1.0,1.0,13.16293830696572,44.0,0.0,0.0,0.0,1.0,0.0,0.0,1.0,4.0,shortcut,"(2, 3)",7,
179,O_bc0p3_s2_final,0.0,0.0,0.0,0.0,1.0,0.0,0.0,1.0,0.0,0.0,1.0,3.0,shortcut,"(2, 3)",,6
180,O_bc0p3_s2_final,0.0,0.0,0.0,0.0,1.0,0.0,0.0,1.0,0.0,0.0,1.0,2.0,shortcut,"(2, 3)",,7
181,O_bc0p3_s2_final,1.0,1.0,13.16293830696572,44.0,0.0,0.0,0.0,1.0,0.0,0.0,1.0,3.0,shortcut,"(2, 3)",7,
182,O_bc0p3_s2_final,1.0,1.0,13.16293830696572,44.0,0.0,0.0,0.0,1.0,0.0,0.0,1.0,4.0,shortcut,"(2, 3)",7,
183,O_bc0p3_s2_final,0.0,0.0,0.0,0.0,1.0,0.0,0.0,1.0,0.0,0.0,1.0,2.0,shortcut,"(2, 3)",,5
184,O_bc0p3_s2_final,1.0,1.0,11.72950912024697,42.0,0.0,0.0,0.0,1.0,0.0,0.0,1.0,5.0,shortcut,"(2, 3)",9,
185,O_bc0p3_s2_final,0.0,0.0,0.0,0.0,1.0,0.0,0.0,1.0,0.0,0.0,1.0,1.0,shortcut,"(2, 3)",,3
186,O_bc0p3_s2_final,1.0,1.0,13.16293830696572,44.0,0.0,0.0,0.0,1.0,0.0,0.0,1.0,3.0,shortcut,"(2, 3)",7,
187,O_bc0p3_s2_final,0.0,0.0,0.0,0.0,1.0,0.0,0.0,1.0,0.0,0.0,1.0,4.0,shortcut,"(2, 3)",,11
188,O_bc0p3_s2_final,1.0,1.0,13.16293830696572,44.0,0.0,0.0,0.0,1.0,0.0,0.0,1.0,3.0,shortcut,"(2, 3)",7,
189,O_bc0p3_s2_final,0.0,0.0,0.0,0.0,1.0,0.0,0.0,1.0,0.0,0.0,1.0,1.0,shortcut,"(2, 3)",,3
190,O_bc0p3_s2_final,0.0,0.0,0.0,0.0,1.0,0.0,0.0,1.0,0.0,0.0,1.0,2.0,shortcut,"(2, 3)",,6
191,O_bc0p3_s2_final,1.0,1.0,13.16293830696572,44.0,0.0,0.0,0.0,1.0,0.0,0.0,1.0,3.0,shortcut,"(2, 3)",7,
192,O_bc0p3_s2_final,0.0,0.0,0.0,0.0,1.0,0.0,0.0,1.0,0.0,0.0,1.0,8.0,shortcut,"(2, 3)",,15
193,O_bc0p3_s2_final,0.0,0.0,0.0,0.0,1.0,0.0,0.0,1.0,0.0,0.0,1.0,2.0,shortcut,"(2, 3)",,4
194,O_bc0p3_s2_final,0.0,0.0,0.0,0.0,1.0,0.0,0.0,1.0,0.0,0.0,1.0,3.0,shortcut,"(2, 3)",,6
195,O_bc0p3_s2_final,0.0,0.0,0.0,0.0,1.0,0.0,0.0,1.0,0.0,0.0,1.0,1.0,shortcut,"(2, 3)",,5
196,O_bc0p3_s2_final,0.0,0.0,0.0,0.0,1.0,0.0,0.0,1.0,0.0,0.0,1.0,1.0,shortcut,"(2, 3)",,3
197,O_bc0p3_s2_final,0.0,0.0,0.0,0.0,1.0,0.0,0.0,1.0,0.0,0.0,1.0,1.0,shortcut,"(2, 3)",,3
198,O_bc0p3_s2_final,0.0,0.0,0.0,0.0,1.0,0.0,0.0,1.0,0.0,0.0,1.0,4.0,shortcut,"(2, 3)",,7
199,O_bc0p3_s2_final,0.0,0.0,0.0,0.0,1.0,0.0,0.0,1.0,0.0,0.0,1.0,1.0,shortcut,"(2, 3)",,3
0,O_bc0p3_s3_final,1.0,1.0,9.268302247718463,38.0,0.0,1.0,1.0,0.0,0.0,0.0,1.0,0.0,lower,"(2, 3)",13,
1,O_bc0p3_s3_final,0.0,0.0,0.0,0.0,1.0,0.0,0.0,1.0,0.0,0.0,1.0,3.0,shortcut,"(2, 3)",,5
2,O_bc0p3_s3_final,1.0,1.0,11.066088688957908,41.0,0.0,1.0,1.0,0.0,0.0,1.0,0.0,0.0,lower,"(1, 2)",10,
3,O_bc0p3_s3_final,1.0,1.0,13.16293830696572,44.0,0.0,0.0,0.0,1.0,0.0,0.0,1.0,3.0,shortcut,"(2, 3)",7,
4,O_bc0p3_s3_final,0.0,0.0,0.0,0.0,1.0,0.0,0.0,1.0,0.0,0.0,1.0,2.0,shortcut,"(2, 3)",,6
5,O_bc0p3_s3_final,1.0,1.0,12.46460101087197,43.0,0.0,0.0,0.0,1.0,0.0,0.0,1.0,3.0,shortcut,"(2, 3)",7,
6,O_bc0p3_s3_final,0.0,0.0,0.0,0.0,1.0,0.0,0.0,1.0,0.0,0.0,1.0,2.0,shortcut,"(2, 3)",,5
7,O_bc0p3_s3_final,0.0,0.0,0.0,0.0,1.0,0.0,0.0,1.0,0.0,0.0,1.0,3.0,shortcut,"(2, 3)",,5
8,O_bc0p3_s3_final,0.0,0.0,0.0,0.0,1.0,0.0,0.0,1.0,0.0,0.0,1.0,3.0,shortcut,"(2, 3)",,6
9,O_bc0p3_s3_final,1.0,1.0,11.72950912024697,42.0,0.0,1.0,1.0,0.0,0.0,1.0,0.0,0.0,lower,"(1, 2)",9,
10,O_bc0p3_s3_final,0.0,0.0,0.0,0.0,1.0,0.0,0.0,1.0,0.0,0.0,1.0,1.0,shortcut,"(2, 3)",,4
11,O_bc0p3_s3_final,0.0,0.0,0.0,0.0,1.0,0.0,0.0,1.0,0.0,0.0,1.0,2.0,shortcut,"(2, 3)",,4
12,O_bc0p3_s3_final,0.0,0.0,0.0,0.0,1.0,0.0,0.0,1.0,0.0,0.0,1.0,4.0,shortcut,"(2, 3)",,6
13,O_bc0p3_s3_final,0.0,0.0,0.0,0.0,1.0,1.0,0.0,0.0,0.0,1.0,0.0,2.0,lower,"(1, 2)",,20
14,O_bc0p3_s3_final,0.0,0.0,0.0,0.0,1.0,0.0,0.0,1.0,0.0,0.0,1.0,3.0,shortcut,"(2, 3)",,6
15,O_bc0p3_s3_final,1.0,1.0,12.42784641634072,43.0,0.0,0.0,0.0,1.0,0.0,0.0,1.0,4.0,shortcut,"(2, 3)",8,
16,O_bc0p3_s3_final,1.0,1.0,10.4358392792333,40.0,0.0,1.0,1.0,0.0,0.0,1.0,0.0,0.0,lower,"(1, 2)",11,
17,O_bc0p3_s3_final,0.0,0.0,0.0,0.0,1.0,0.0,0.0,1.0,0.0,0.0,1.0,2.0,shortcut,"(2, 3)",,4
18,O_bc0p3_s3_final,0.0,0.0,0.0,0.0,1.0,0.0,0.0,1.0,0.0,0.0,1.0,1.0,shortcut,"(2, 3)",,5
19,O_bc0p3_s3_final,0.0,0.0,0.0,0.0,1.0,0.0,0.0,1.0,0.0,0.0,1.0,1.0,shortcut,"(2, 3)",,3
20,O_bc0p3_s3_final,1.0,1.0,12.42784641634072,43.0,0.0,0.0,0.0,1.0,0.0,0.0,1.0,5.0,shortcut,"(2, 3)",8,
21,O_bc0p3_s3_final,0.0,0.0,0.0,0.0,1.0,0.0,0.0,1.0,0.0,0.0,1.0,3.0,shortcut,"(2, 3)",,5
22,O_bc0p3_s3_final,0.0,0.0,0.0,0.0,1.0,0.0,0.0,1.0,0.0,0.0,1.0,1.0,shortcut,"(2, 3)",,3
23,O_bc0p3_s3_final,1.0,1.0,9.296742252332283,38.0,0.0,0.0,0.0,1.0,0.0,0.0,1.0,4.0,shortcut,"(2, 3)",12,
24,O_bc0p3_s3_final,1.0,1.0,10.4358392792333,40.0,0.0,1.0,1.0,0.0,0.0,1.0,0.0,0.0,lower,"(1, 2)",11,
25,O_bc0p3_s3_final,1.0,1.0,9.837102339994921,39.0,0.0,1.0,1.0,0.0,0.0,1.0,0.0,0.0,lower,"(1, 2)",12,
26,O_bc0p3_s3_final,1.0,1.0,13.16293830696572,44.0,0.0,0.0,0.0,1.0,0.0,0.0,1.0,3.0,shortcut,"(2, 3)",7,
27,O_bc0p3_s3_final,1.0,1.0,11.72950912024697,42.0,0.0,0.0,0.0,1.0,0.0,0.0,1.0,4.0,shortcut,"(2, 3)",9,
28,O_bc0p3_s3_final,1.0,1.0,13.16293830696572,44.0,0.0,0.0,0.0,1.0,0.0,0.0,1.0,3.0,shortcut,"(2, 3)",7,
29,O_bc0p3_s3_final,0.0,0.0,0.0,0.0,1.0,0.0,0.0,1.0,0.0,0.0,1.0,1.0,shortcut,"(2, 3)",,3
30,O_bc0p3_s3_final,0.0,0.0,0.0,0.0,1.0,0.0,0.0,1.0,0.0,0.0,1.0,1.0,shortcut,"(2, 3)",,3
31,O_bc0p3_s3_final,0.0,0.0,0.0,0.0,1.0,0.0,0.0,1.0,0.0,0.0,1.0,1.0,shortcut,"(2, 3)",,3
32,O_bc0p3_s3_final,0.0,0.0,0.0,0.0,1.0,0.0,0.0,1.0,0.0,0.0,1.0,2.0,shortcut,"(2, 3)",,4
33,O_bc0p3_s3_final,0.0,0.0,0.0,0.0,1.0,1.0,0.0,0.0,0.0,0.0,1.0,2.0,lower,"(2, 3)",,12
34,O_bc0p3_s3_final,1.0,1.0,13.16293830696572,44.0,0.0,1.0,0.0,0.0,0.0,1.0,0.0,3.0,lower,"(1, 2)",7,
35,O_bc0p3_s3_final,0.0,0.0,0.0,0.0,1.0,0.0,0.0,1.0,0.0,0.0,1.0,3.0,shortcut,"(2, 3)",,5
36,O_bc0p3_s3_final,0.0,0.0,0.0,0.0,1.0,0.0,0.0,1.0,0.0,0.0,1.0,2.0,shortcut,"(2, 3)",,4
37,O_bc0p3_s3_final,1.0,1.0,11.066088688957908,41.0,0.0,1.0,1.0,0.0,0.0,1.0,0.0,0.0,lower,"(1, 2)",10,
38,O_bc0p3_s3_final,0.0,0.0,0.0,0.0,1.0,0.0,0.0,1.0,0.0,0.0,1.0,5.0,shortcut,"(2, 3)",,7
39,O_bc0p3_s3_final,1.0,1.0,13.16293830696572,44.0,0.0,0.0,0.0,1.0,0.0,0.0,1.0,3.0,shortcut,"(2, 3)",7,
40,O_bc0p3_s3_final,1.0,1.0,13.16293830696572,44.0,0.0,0.0,0.0,1.0,0.0,0.0,1.0,3.0,shortcut,"(2, 3)",7,
41,O_bc0p3_s3_final,1.0,1.0,13.16293830696572,44.0,0.0,1.0,0.0,0.0,0.0,1.0,0.0,3.0,lower,"(1, 2)",7,
42,O_bc0p3_s3_final,1.0,1.0,11.72950912024697,42.0,0.0,1.0,0.0,0.0,0.0,1.0,0.0,3.0,lower,"(1, 2)",9,
43,O_bc0p3_s3_final,1.0,1.0,13.16293830696572,44.0,0.0,0.0,0.0,1.0,0.0,0.0,1.0,3.0,shortcut,"(2, 3)",7,
44,O_bc0p3_s3_final,1.0,1.0,13.16293830696572,44.0,0.0,0.0,0.0,1.0,0.0,0.0,1.0,3.0,shortcut,"(2, 3)",7,
45,O_bc0p3_s3_final,1.0,1.0,9.837102339994921,39.0,0.0,1.0,1.0,0.0,0.0,1.0,0.0,0.0,lower,"(1, 2)",12,
46,O_bc0p3_s3_final,0.0,0.0,0.0,0.0,1.0,0.0,0.0,1.0,0.0,0.0,1.0,3.0,shortcut,"(2, 3)",,5
47,O_bc0p3_s3_final,1.0,1.0,11.066088688957908,41.0,0.0,1.0,1.0,0.0,0.0,1.0,0.0,0.0,lower,"(1, 2)",10,
48,O_bc0p3_s3_final,0.0,0.0,0.0,0.0,1.0,0.0,0.0,1.0,0.0,0.0,1.0,1.0,shortcut,"(2, 3)",,3
49,O_bc0p3_s3_final,1.0,1.0,13.16293830696572,44.0,0.0,0.0,0.0,1.0,0.0,0.0,1.0,3.0,shortcut,"(2, 3)",7,
50,O_bc0p3_s3_final,1.0,1.0,13.16293830696572,44.0,0.0,0.0,0.0,1.0,0.0,0.0,1.0,3.0,shortcut,"(2, 3)",7,
51,O_bc0p3_s3_final,1.0,1.0,13.16293830696572,44.0,0.0,0.0,0.0,1.0,0.0,0.0,1.0,3.0,shortcut,"(2, 3)",7,
52,O_bc0p3_s3_final,0.0,0.0,0.0,0.0,1.0,0.0,0.0,1.0,0.0,0.0,1.0,2.0,shortcut,"(2, 3)",,4
53,O_bc0p3_s3_final,0.0,0.0,0.0,0.0,1.0,0.0,0.0,1.0,0.0,0.0,1.0,1.0,shortcut,"(2, 3)",,3
54,O_bc0p3_s3_final,0.0,0.0,0.0,0.0,1.0,0.0,0.0,1.0,0.0,0.0,1.0,1.0,shortcut,"(2, 3)",,3
55,O_bc0p3_s3_final,0.0,0.0,0.0,0.0,1.0,0.0,0.0,1.0,0.0,0.0,1.0,2.0,shortcut,"(2, 3)",,5
56,O_bc0p3_s3_final,0.0,0.0,0.0,0.0,1.0,1.0,0.0,0.0,0.0,1.0,0.0,4.0,lower,"(1, 2)",,7
57,O_bc0p3_s3_final,0.0,0.0,0.0,0.0,1.0,0.0,0.0,1.0,0.0,0.0,1.0,1.0,shortcut,"(2, 3)",,3
58,O_bc0p3_s3_final,0.0,0.0,0.0,0.0,1.0,0.0,0.0,1.0,0.0,0.0,1.0,3.0,shortcut,"(2, 3)",,5
59,O_bc0p3_s3_final,0.0,0.0,0.0,0.0,1.0,0.0,0.0,1.0,0.0,0.0,1.0,2.0,shortcut,"(2, 3)",,4
60,O_bc0p3_s3_final,1.0,1.0,11.066088688957908,41.0,0.0,1.0,1.0,0.0,0.0,1.0,0.0,0.0,lower,"(1, 2)",10,
61,O_bc0p3_s3_final,0.0,0.0,0.0,0.0,1.0,0.0,0.0,1.0,0.0,0.0,1.0,3.0,shortcut,"(2, 3)",,5
62,O_bc0p3_s3_final,1.0,1.0,11.72950912024697,42.0,0.0,1.0,1.0,0.0,0.0,1.0,0.0,0.0,lower,"(1, 2)",9,
63,O_bc0p3_s3_final,0.0,0.0,0.0,0.0,1.0,0.0,0.0,1.0,0.0,0.0,1.0,1.0,shortcut,"(2, 3)",,3
64,O_bc0p3_s3_final,0.0,0.0,0.0,0.0,1.0,0.0,0.0,1.0,0.0,0.0,1.0,3.0,shortcut,"(2, 3)",,9
65,O_bc0p3_s3_final,0.0,0.0,0.0,0.0,1.0,0.0,0.0,1.0,0.0,0.0,1.0,2.0,shortcut,"(2, 3)",,4
66,O_bc0p3_s3_final,0.0,0.0,0.0,0.0,1.0,0.0,0.0,1.0,0.0,0.0,1.0,2.0,shortcut,"(2, 3)",,5
67,O_bc0p3_s3_final,0.0,0.0,0.0,0.0,1.0,1.0,0.0,0.0,0.0,1.0,0.0,1.0,lower,"(1, 2)",,6
68,O_bc0p3_s3_final,1.0,1.0,13.16293830696572,44.0,0.0,0.0,0.0,1.0,0.0,0.0,1.0,3.0,shortcut,"(2, 3)",7,
69,O_bc0p3_s3_final,1.0,1.0,13.16293830696572,44.0,0.0,0.0,0.0,1.0,0.0,0.0,1.0,3.0,shortcut,"(2, 3)",7,
70,O_bc0p3_s3_final,1.0,1.0,13.16293830696572,44.0,0.0,0.0,0.0,1.0,0.0,0.0,1.0,3.0,shortcut,"(2, 3)",7,
71,O_bc0p3_s3_final,0.0,0.0,0.0,0.0,1.0,0.0,0.0,1.0,0.0,0.0,1.0,3.0,shortcut,"(2, 3)",,5
72,O_bc0p3_s3_final,1.0,1.0,9.268302247718463,38.0,0.0,0.0,0.0,1.0,0.0,0.0,1.0,8.0,shortcut,"(2, 3)",13,
73,O_bc0p3_s3_final,1.0,1.0,13.16293830696572,44.0,0.0,0.0,0.0,1.0,0.0,0.0,1.0,3.0,shortcut,"(2, 3)",7,
74,O_bc0p3_s3_final,1.0,1.0,11.066088688957908,41.0,0.0,1.0,1.0,0.0,0.0,1.0,0.0,0.0,lower,"(1, 2)",10,
75,O_bc0p3_s3_final,1.0,1.0,11.72950912024697,42.0,0.0,1.0,1.0,0.0,0.0,1.0,0.0,0.0,lower,"(1, 2)",9,
76,O_bc0p3_s3_final,0.0,0.0,0.0,0.0,1.0,0.0,0.0,1.0,0.0,0.0,1.0,1.0,shortcut,"(2, 3)",,3
77,O_bc0p3_s3_final,0.0,0.0,0.0,0.0,1.0,0.0,0.0,1.0,0.0,0.0,1.0,2.0,shortcut,"(2, 3)",,6
78,O_bc0p3_s3_final,0.0,0.0,0.0,0.0,1.0,0.0,0.0,1.0,0.0,0.0,1.0,3.0,shortcut,"(2, 3)",,6
79,O_bc0p3_s3_final,0.0,0.0,0.0,0.0,1.0,0.0,0.0,1.0,0.0,0.0,1.0,2.0,shortcut,"(2, 3)",,4
80,O_bc0p3_s3_final,0.0,0.0,0.0,0.0,1.0,0.0,0.0,1.0,0.0,0.0,1.0,2.0,shortcut,"(2, 3)",,4
81,O_bc0p3_s3_final,1.0,1.0,13.16293830696572,44.0,0.0,0.0,0.0,1.0,0.0,0.0,1.0,3.0,shortcut,"(2, 3)",7,
82,O_bc0p3_s3_final,1.0,1.0,11.066088688957908,41.0,0.0,0.0,0.0,1.0,0.0,0.0,1.0,4.0,shortcut,"(2, 3)",10,
83,O_bc0p3_s3_final,0.0,0.0,0.0,0.0,1.0,0.0,0.0,1.0,0.0,0.0,1.0,4.0,shortcut,"(2, 3)",,6
84,O_bc0p3_s3_final,1.0,1.0,11.72950912024697,42.0,0.0,1.0,1.0,0.0,0.0,1.0,0.0,0.0,lower,"(1, 2)",9,
85,O_bc0p3_s3_final,1.0,1.0,13.16293830696572,44.0,0.0,0.0,0.0,1.0,0.0,0.0,1.0,3.0,shortcut,"(2, 3)",7,
86,O_bc0p3_s3_final,0.0,0.0,0.0,0.0,1.0,0.0,0.0,1.0,0.0,0.0,1.0,2.0,shortcut,"(2, 3)",,4
87,O_bc0p3_s3_final,1.0,1.0,10.4358392792333,40.0,0.0,0.0,0.0,1.0,0.0,0.0,1.0,6.0,shortcut,"(2, 3)",11,
88,O_bc0p3_s3_final,1.0,1.0,12.42784641634072,43.0,0.0,0.0,0.0,1.0,0.0,0.0,1.0,3.0,shortcut,"(2, 3)",8,
89,O_bc0p3_s3_final,1.0,1.0,8.214600076776321,36.0,0.0,1.0,1.0,0.0,0.0,0.0,1.0,0.0,lower,"(2, 3)",15,
90,O_bc0p3_s3_final,1.0,1.0,11.72950912024697,42.0,0.0,1.0,1.0,0.0,0.0,1.0,0.0,0.0,lower,"(1, 2)",9,
91,O_bc0p3_s3_final,1.0,1.0,9.268302247718463,38.0,0.0,0.0,0.0,1.0,0.0,0.0,1.0,8.0,shortcut,"(2, 3)",13,
92,O_bc0p3_s3_final,0.0,0.0,0.0,0.0,1.0,0.0,0.0,1.0,0.0,0.0,1.0,1.0,shortcut,"(2, 3)",,3
93,O_bc0p3_s3_final,0.0,0.0,0.0,0.0,1.0,0.0,0.0,1.0,0.0,0.0,1.0,1.0,shortcut,"(2, 3)",,5
94,O_bc0p3_s3_final,0.0,0.0,0.0,0.0,1.0,0.0,0.0,1.0,0.0,0.0,1.0,1.0,shortcut,"(2, 3)",,3
95,O_bc0p3_s3_final,0.0,0.0,0.0,0.0,1.0,0.0,0.0,1.0,0.0,0.0,1.0,1.0,shortcut,"(2, 3)",,5
96,O_bc0p3_s3_final,0.0,0.0,0.0,0.0,1.0,0.0,0.0,1.0,0.0,0.0,1.0,4.0,shortcut,"(2, 3)",,10
97,O_bc0p3_s3_final,0.0,0.0,0.0,0.0,1.0,0.0,0.0,1.0,0.0,0.0,1.0,3.0,shortcut,"(2, 3)",,5
98,O_bc0p3_s3_final,1.0,1.0,13.16293830696572,44.0,0.0,0.0,0.0,1.0,0.0,0.0,1.0,3.0,shortcut,"(2, 3)",7,
99,O_bc0p3_s3_final,0.0,0.0,0.0,0.0,1.0,0.0,0.0,1.0,0.0,0.0,1.0,1.0,shortcut,"(2, 3)",,3
100,O_bc0p3_s3_final,1.0,1.0,7.72692509766079,35.0,0.0,1.0,1.0,0.0,0.0,0.0,1.0,0.0,lower,"(2, 3)",16,
101,O_bc0p3_s3_final,0.0,0.0,0.0,0.0,1.0,0.0,0.0,1.0,0.0,0.0,1.0,1.0,shortcut,"(2, 3)",,3
102,O_bc0p3_s3_final,1.0,1.0,13.16293830696572,44.0,0.0,0.0,0.0,1.0,0.0,0.0,1.0,3.0,shortcut,"(2, 3)",7,
103,O_bc0p3_s3_final,1.0,1.0,12.42784641634072,43.0,0.0,0.0,0.0,1.0,0.0,0.0,1.0,3.0,shortcut,"(2, 3)",8,
104,O_bc0p3_s3_final,0.0,0.0,0.0,0.0,1.0,0.0,0.0,1.0,0.0,0.0,1.0,2.0,shortcut,"(2, 3)",,4
105,O_bc0p3_s3_final,0.0,0.0,0.0,0.0,1.0,0.0,0.0,1.0,0.0,0.0,1.0,8.0,shortcut,"(2, 3)",,14
106,O_bc0p3_s3_final,0.0,0.0,0.0,0.0,1.0,0.0,0.0,1.0,0.0,0.0,1.0,2.0,shortcut,"(2, 3)",,4
107,O_bc0p3_s3_final,1.0,1.0,11.066088688957908,41.0,0.0,1.0,1.0,0.0,0.0,1.0,0.0,0.0,lower,"(1, 2)",10,
108,O_bc0p3_s3_final,0.0,0.0,0.0,0.0,1.0,0.0,0.0,1.0,0.0,0.0,1.0,3.0,shortcut,"(2, 3)",,5
109,O_bc0p3_s3_final,0.0,0.0,0.0,0.0,1.0,0.0,0.0,1.0,0.0,0.0,1.0,3.0,shortcut,"(2, 3)",,5
110,O_bc0p3_s3_final,0.0,0.0,0.0,0.0,1.0,0.0,0.0,1.0,0.0,0.0,1.0,5.0,shortcut,"(2, 3)",,8
111,O_bc0p3_s3_final,0.0,0.0,0.0,0.0,1.0,0.0,0.0,1.0,0.0,0.0,1.0,1.0,shortcut,"(2, 3)",,3
112,O_bc0p3_s3_final,0.0,0.0,0.0,0.0,1.0,0.0,0.0,1.0,0.0,0.0,1.0,3.0,shortcut,"(2, 3)",,5
113,O_bc0p3_s3_final,0.0,0.0,0.0,0.0,1.0,0.0,0.0,1.0,0.0,0.0,1.0,2.0,shortcut,"(2, 3)",,4
114,O_bc0p3_s3_final,0.0,0.0,0.0,0.0,1.0,0.0,0.0,1.0,0.0,0.0,1.0,3.0,shortcut,"(2, 3)",,7
115,O_bc0p3_s3_final,0.0,0.0,0.0,0.0,1.0,0.0,0.0,1.0,0.0,0.0,1.0,1.0,shortcut,"(2, 3)",,3
116,O_bc0p3_s3_final,1.0,1.0,13.16293830696572,44.0,0.0,0.0,0.0,1.0,0.0,0.0,1.0,3.0,shortcut,"(2, 3)",7,
117,O_bc0p3_s3_final,0.0,0.0,0.0,0.0,1.0,0.0,0.0,1.0,0.0,0.0,1.0,2.0,shortcut,"(2, 3)",,4
118,O_bc0p3_s3_final,1.0,1.0,13.16293830696572,44.0,0.0,1.0,0.0,0.0,0.0,1.0,0.0,3.0,lower,"(1, 2)",7,
119,O_bc0p3_s3_final,0.0,0.0,0.0,0.0,1.0,0.0,0.0,1.0,0.0,0.0,1.0,2.0,shortcut,"(2, 3)",,7
120,O_bc0p3_s3_final,1.0,1.0,7.263633867501038,34.0,0.0,1.0,1.0,0.0,0.0,0.0,1.0,0.0,lower,"(2, 3)",17,
121,O_bc0p3_s3_final,1.0,1.0,13.16293830696572,44.0,0.0,0.0,0.0,1.0,0.0,0.0,1.0,3.0,shortcut,"(2, 3)",7,
122,O_bc0p3_s3_final,0.0,0.0,0.0,0.0,1.0,0.0,0.0,1.0,0.0,0.0,1.0,1.0,shortcut,"(2, 3)",,3
123,O_bc0p3_s3_final,0.0,0.0,0.0,0.0,1.0,0.0,0.0,1.0,0.0,0.0,1.0,1.0,shortcut,"(2, 3)",,6
124,O_bc0p3_s3_final,0.0,0.0,0.0,0.0,1.0,0.0,0.0,1.0,0.0,0.0,1.0,3.0,shortcut,"(2, 3)",,7
125,O_bc0p3_s3_final,1.0,1.0,13.16293830696572,44.0,0.0,0.0,0.0,1.0,0.0,0.0,1.0,3.0,shortcut,"(2, 3)",7,
126,O_bc0p3_s3_final,0.0,0.0,0.0,0.0,1.0,0.0,0.0,1.0,0.0,0.0,1.0,2.0,shortcut,"(2, 3)",,4
127,O_bc0p3_s3_final,1.0,1.0,11.066088688957908,41.0,0.0,1.0,1.0,0.0,0.0,1.0,0.0,0.0,lower,"(1, 2)",10,
128,O_bc0p3_s3_final,0.0,0.0,0.0,0.0,1.0,1.0,0.0,0.0,0.0,0.0,1.0,3.0,lower,"(2, 3)",,7
129,O_bc0p3_s3_final,1.0,1.0,13.16293830696572,44.0,0.0,1.0,0.0,0.0,0.0,1.0,0.0,3.0,lower,"(1, 2)",7,
130,O_bc0p3_s3_final,1.0,1.0,11.72950912024697,42.0,0.0,1.0,1.0,0.0,0.0,1.0,0.0,0.0,lower,"(1, 2)",9,
131,O_bc0p3_s3_final,0.0,0.0,0.0,0.0,1.0,0.0,0.0,1.0,0.0,0.0,1.0,2.0,shortcut,"(2, 3)",,4
132,O_bc0p3_s3_final,0.0,0.0,0.0,0.0,1.0,0.0,0.0,1.0,0.0,0.0,1.0,3.0,shortcut,"(2, 3)",,5
133,O_bc0p3_s3_final,0.0,0.0,0.0,0.0,1.0,0.0,0.0,1.0,0.0,0.0,1.0,3.0,shortcut,"(2, 3)",,5
134,O_bc0p3_s3_final,0.0,0.0,0.0,0.0,1.0,0.0,0.0,1.0,0.0,0.0,1.0,2.0,shortcut,"(2, 3)",,4
135,O_bc0p3_s3_final,1.0,1.0,10.4358392792333,40.0,0.0,1.0,1.0,0.0,0.0,1.0,0.0,0.0,lower,"(1, 2)",11,
136,O_bc0p3_s3_final,0.0,0.0,0.0,0.0,1.0,0.0,0.0,1.0,0.0,0.0,1.0,2.0,shortcut,"(2, 3)",,5
137,O_bc0p3_s3_final,1.0,1.0,10.46735174971953,40.0,0.0,1.0,1.0,0.0,0.0,1.0,0.0,0.0,lower,"(1, 2)",10,
138,O_bc0p3_s3_final,1.0,1.0,9.268302247718463,38.0,0.0,1.0,1.0,0.0,0.0,0.0,1.0,0.0,lower,"(2, 3)",13,
139,O_bc0p3_s3_final,0.0,0.0,0.0,0.0,1.0,0.0,0.0,1.0,0.0,0.0,1.0,3.0,shortcut,"(2, 3)",,5
140,O_bc0p3_s3_final,0.0,0.0,0.0,0.0,1.0,0.0,0.0,1.0,0.0,0.0,1.0,1.0,shortcut,"(2, 3)",,3
141,O_bc0p3_s3_final,0.0,0.0,0.0,0.0,1.0,0.0,0.0,1.0,0.0,0.0,1.0,2.0,shortcut,"(2, 3)",,4
142,O_bc0p3_s3_final,1.0,1.0,11.72950912024697,42.0,0.0,1.0,1.0,0.0,0.0,1.0,0.0,0.0,lower,"(1, 2)",9,
143,O_bc0p3_s3_final,1.0,1.0,13.16293830696572,44.0,0.0,0.0,0.0,1.0,0.0,0.0,1.0,3.0,shortcut,"(2, 3)",7,
144,O_bc0p3_s3_final,0.0,0.0,0.0,0.0,1.0,0.0,0.0,1.0,0.0,0.0,1.0,1.0,shortcut,"(2, 3)",,3
145,O_bc0p3_s3_final,1.0,1.0,11.72950912024697,42.0,0.0,1.0,1.0,0.0,0.0,1.0,0.0,0.0,lower,"(1, 2)",9,
146,O_bc0p3_s3_final,0.0,0.0,0.0,0.0,1.0,0.0,0.0,1.0,0.0,0.0,1.0,5.0,shortcut,"(2, 3)",,8
147,O_bc0p3_s3_final,0.0,0.0,0.0,0.0,1.0,0.0,0.0,1.0,0.0,0.0,1.0,2.0,shortcut,"(2, 3)",,4
148,O_bc0p3_s3_final,1.0,1.0,13.16293830696572,44.0,0.0,0.0,0.0,1.0,0.0,0.0,1.0,3.0,shortcut,"(2, 3)",7,
149,O_bc0p3_s3_final,1.0,1.0,11.066088688957908,41.0,0.0,1.0,1.0,0.0,0.0,1.0,0.0,0.0,lower,"(1, 2)",10,
150,O_bc0p3_s3_final,0.0,0.0,0.0,0.0,1.0,0.0,0.0,1.0,0.0,0.0,1.0,1.0,shortcut,"(2, 3)",,3
151,O_bc0p3_s3_final,0.0,0.0,0.0,0.0,1.0,0.0,0.0,1.0,0.0,0.0,1.0,2.0,shortcut,"(2, 3)",,4
152,O_bc0p3_s3_final,0.0,0.0,0.0,0.0,1.0,0.0,0.0,1.0,0.0,0.0,1.0,2.0,shortcut,"(2, 3)",,4
153,O_bc0p3_s3_final,0.0,0.0,0.0,0.0,1.0,0.0,0.0,1.0,0.0,0.0,1.0,1.0,shortcut,"(2, 3)",,5
154,O_bc0p3_s3_final,1.0,1.0,11.72950912024697,42.0,0.0,1.0,1.0,0.0,0.0,1.0,0.0,0.0,lower,"(1, 2)",9,
155,O_bc0p3_s3_final,0.0,0.0,0.0,0.0,1.0,0.0,0.0,1.0,0.0,0.0,1.0,1.0,shortcut,"(2, 3)",,3
156,O_bc0p3_s3_final,1.0,1.0,9.268302247718463,38.0,0.0,1.0,1.0,0.0,0.0,1.0,0.0,0.0,lower,"(1, 2)",13,
157,O_bc0p3_s3_final,0.0,0.0,0.0,0.0,1.0,0.0,0.0,1.0,0.0,0.0,1.0,1.0,shortcut,"(2, 3)",,7
158,O_bc0p3_s3_final,0.0,0.0,0.0,0.0,1.0,0.0,0.0,1.0,0.0,0.0,1.0,1.0,shortcut,"(2, 3)",,4
159,O_bc0p3_s3_final,0.0,0.0,0.0,0.0,1.0,1.0,0.0,0.0,0.0,0.0,1.0,1.0,lower,"(2, 3)",,5
160,O_bc0p3_s3_final,0.0,0.0,0.0,0.0,1.0,1.0,0.0,0.0,0.0,1.0,0.0,3.0,lower,"(1, 2)",,10
161,O_bc0p3_s3_final,0.0,0.0,0.0,0.0,1.0,0.0,0.0,1.0,0.0,0.0,1.0,2.0,shortcut,"(2, 3)",,4
162,O_bc0p3_s3_final,0.0,0.0,0.0,0.0,1.0,0.0,0.0,1.0,0.0,0.0,1.0,1.0,shortcut,"(2, 3)",,3
163,O_bc0p3_s3_final,1.0,1.0,11.066088688957908,41.0,0.0,1.0,1.0,0.0,0.0,1.0,0.0,0.0,lower,"(1, 2)",10,
164,O_bc0p3_s3_final,0.0,0.0,0.0,0.0,1.0,0.0,0.0,1.0,0.0,0.0,1.0,2.0,shortcut,"(2, 3)",,7
165,O_bc0p3_s3_final,1.0,1.0,11.066088688957908,41.0,0.0,1.0,1.0,0.0,0.0,1.0,0.0,0.0,lower,"(1, 2)",10,
166,O_bc0p3_s3_final,0.0,0.0,0.0,0.0,1.0,0.0,0.0,1.0,0.0,0.0,1.0,1.0,shortcut,"(2, 3)",,3
167,O_bc0p3_s3_final,0.0,0.0,0.0,0.0,1.0,0.0,0.0,1.0,0.0,0.0,1.0,1.0,shortcut,"(2, 3)",,3
168,O_bc0p3_s3_final,0.0,0.0,0.0,0.0,1.0,1.0,0.0,0.0,0.0,1.0,0.0,3.0,lower,"(1, 2)",,13
169,O_bc0p3_s3_final,0.0,0.0,0.0,0.0,1.0,0.0,0.0,1.0,0.0,0.0,1.0,3.0,shortcut,"(2, 3)",,6
170,O_bc0p3_s3_final,1.0,1.0,11.72950912024697,42.0,0.0,1.0,1.0,0.0,0.0,1.0,0.0,0.0,lower,"(1, 2)",9,
171,O_bc0p3_s3_final,1.0,1.0,13.16293830696572,44.0,0.0,0.0,0.0,1.0,0.0,0.0,1.0,4.0,shortcut,"(2, 3)",7,
172,O_bc0p3_s3_final,0.0,0.0,0.0,0.0,1.0,0.0,0.0,1.0,0.0,0.0,1.0,2.0,shortcut,"(2, 3)",,4
173,O_bc0p3_s3_final,1.0,1.0,12.42784641634072,43.0,0.0,0.0,0.0,1.0,0.0,0.0,1.0,3.0,shortcut,"(2, 3)",8,
174,O_bc0p3_s3_final,0.0,0.0,0.0,0.0,1.0,0.0,0.0,1.0,0.0,0.0,1.0,6.0,shortcut,"(2, 3)",,8
175,O_bc0p3_s3_final,0.0,0.0,0.0,0.0,1.0,0.0,0.0,1.0,0.0,0.0,1.0,1.0,shortcut,"(2, 3)",,3
176,O_bc0p3_s3_final,0.0,0.0,0.0,0.0,1.0,0.0,0.0,1.0,0.0,0.0,1.0,4.0,shortcut,"(2, 3)",,7
177,O_bc0p3_s3_final,0.0,0.0,0.0,0.0,1.0,0.0,0.0,1.0,0.0,0.0,1.0,2.0,shortcut,"(2, 3)",,6
178,O_bc0p3_s3_final,1.0,1.0,13.16293830696572,44.0,0.0,0.0,0.0,1.0,0.0,0.0,1.0,4.0,shortcut,"(2, 3)",7,
179,O_bc0p3_s3_final,1.0,1.0,10.4358392792333,40.0,0.0,1.0,1.0,0.0,0.0,1.0,0.0,0.0,lower,"(1, 2)",11,
180,O_bc0p3_s3_final,1.0,1.0,10.4358392792333,40.0,0.0,1.0,1.0,0.0,0.0,1.0,0.0,0.0,lower,"(1, 2)",11,
181,O_bc0p3_s3_final,1.0,1.0,13.16293830696572,44.0,0.0,0.0,0.0,1.0,0.0,0.0,1.0,3.0,shortcut,"(2, 3)",7,
182,O_bc0p3_s3_final,0.0,0.0,0.0,0.0,1.0,0.0,0.0,1.0,0.0,0.0,1.0,4.0,shortcut,"(2, 3)",,7
183,O_bc0p3_s3_final,0.0,0.0,0.0,0.0,1.0,0.0,0.0,1.0,0.0,0.0,1.0,4.0,shortcut,"(2, 3)",,6
184,O_bc0p3_s3_final,1.0,1.0,12.42784641634072,43.0,0.0,0.0,0.0,1.0,0.0,0.0,1.0,5.0,shortcut,"(2, 3)",8,
185,O_bc0p3_s3_final,0.0,0.0,0.0,0.0,1.0,0.0,0.0,1.0,0.0,0.0,1.0,1.0,shortcut,"(2, 3)",,3
186,O_bc0p3_s3_final,1.0,1.0,13.16293830696572,44.0,0.0,0.0,0.0,1.0,0.0,0.0,1.0,3.0,shortcut,"(2, 3)",7,
187,O_bc0p3_s3_final,1.0,1.0,7.263633867501038,34.0,0.0,1.0,1.0,0.0,0.0,1.0,0.0,0.0,lower,"(1, 2)",17,
188,O_bc0p3_s3_final,1.0,1.0,13.16293830696572,44.0,0.0,0.0,0.0,1.0,0.0,0.0,1.0,3.0,shortcut,"(2, 3)",7,
189,O_bc0p3_s3_final,0.0,0.0,0.0,0.0,1.0,0.0,0.0,1.0,0.0,0.0,1.0,1.0,shortcut,"(2, 3)",,3
190,O_bc0p3_s3_final,0.0,0.0,0.0,0.0,1.0,0.0,0.0,1.0,0.0,0.0,1.0,1.0,shortcut,"(2, 3)",,6
191,O_bc0p3_s3_final,1.0,1.0,13.16293830696572,44.0,0.0,0.0,0.0,1.0,0.0,0.0,1.0,3.0,shortcut,"(2, 3)",7,
192,O_bc0p3_s3_final,0.0,0.0,0.0,0.0,1.0,0.0,0.0,1.0,0.0,0.0,1.0,6.0,shortcut,"(2, 3)",,9
193,O_bc0p3_s3_final,0.0,0.0,0.0,0.0,1.0,0.0,0.0,1.0,0.0,0.0,1.0,2.0,shortcut,"(2, 3)",,4
194,O_bc0p3_s3_final,0.0,0.0,0.0,0.0,1.0,0.0,0.0,1.0,0.0,0.0,1.0,3.0,shortcut,"(2, 3)",,6
195,O_bc0p3_s3_final,0.0,0.0,0.0,0.0,1.0,0.0,0.0,1.0,0.0,0.0,1.0,1.0,shortcut,"(2, 3)",,5
196,O_bc0p3_s3_final,0.0,0.0,0.0,0.0,1.0,0.0,0.0,1.0,0.0,0.0,1.0,1.0,shortcut,"(2, 3)",,3
197,O_bc0p3_s3_final,0.0,0.0,0.0,0.0,1.0,0.0,0.0,1.0,0.0,0.0,1.0,1.0,shortcut,"(2, 3)",,3
198,O_bc0p3_s3_final,0.0,0.0,0.0,0.0,1.0,0.0,0.0,1.0,0.0,0.0,1.0,4.0,shortcut,"(2, 3)",,7
199,O_bc0p3_s3_final,0.0,0.0,0.0,0.0,1.0,0.0,0.0,1.0,0.0,0.0,1.0,1.0,shortcut,"(2, 3)",,3
0,O_bc0p3_s4_final,1.0,1.0,9.268302247718463,38.0,0.0,1.0,1.0,0.0,0.0,0.0,1.0,0.0,lower,"(2, 3)",13,
1,O_bc0p3_s4_final,0.0,0.0,0.0,0.0,1.0,0.0,0.0,1.0,0.0,0.0,1.0,3.0,shortcut,"(2, 3)",,5
2,O_bc0p3_s4_final,0.0,0.0,0.0,0.0,1.0,0.0,0.0,1.0,0.0,0.0,1.0,1.0,shortcut,"(2, 3)",,3
3,O_bc0p3_s4_final,1.0,1.0,13.16293830696572,44.0,0.0,0.0,0.0,1.0,0.0,0.0,1.0,3.0,shortcut,"(2, 3)",7,
4,O_bc0p3_s4_final,0.0,0.0,0.0,0.0,1.0,0.0,0.0,1.0,0.0,0.0,1.0,2.0,shortcut,"(2, 3)",,6
5,O_bc0p3_s4_final,1.0,0.0,0.7350918906249998,1.0,1.0,0.0,0.0,1.0,0.0,0.0,1.0,6.0,shortcut,"(2, 3)",7,11
6,O_bc0p3_s4_final,0.0,0.0,0.0,0.0,1.0,0.0,0.0,1.0,0.0,0.0,1.0,2.0,shortcut,"(2, 3)",,5
7,O_bc0p3_s4_final,0.0,0.0,0.0,0.0,1.0,0.0,0.0,1.0,0.0,0.0,1.0,2.0,shortcut,"(2, 3)",,5
8,O_bc0p3_s4_final,0.0,0.0,0.0,0.0,1.0,0.0,0.0,1.0,0.0,0.0,1.0,3.0,shortcut,"(2, 3)",,6
9,O_bc0p3_s4_final,1.0,1.0,11.72950912024697,42.0,0.0,1.0,1.0,0.0,0.0,1.0,0.0,0.0,lower,"(1, 2)",9,
10,O_bc0p3_s4_final,0.0,0.0,0.0,0.0,1.0,0.0,0.0,1.0,0.0,0.0,1.0,1.0,shortcut,"(2, 3)",,4
11,O_bc0p3_s4_final,0.0,0.0,0.0,0.0,1.0,0.0,0.0,1.0,0.0,0.0,1.0,2.0,shortcut,"(2, 3)",,4
12,O_bc0p3_s4_final,0.0,0.0,0.0,0.0,1.0,0.0,0.0,1.0,0.0,0.0,1.0,4.0,shortcut,"(2, 3)",,6
13,O_bc0p3_s4_final,0.0,0.0,0.0,0.0,1.0,0.0,0.0,1.0,0.0,0.0,1.0,1.0,shortcut,"(2, 3)",,5
14,O_bc0p3_s4_final,0.0,0.0,0.0,0.0,1.0,0.0,0.0,1.0,0.0,0.0,1.0,2.0,shortcut,"(2, 3)",,4
15,O_bc0p3_s4_final,1.0,1.0,12.42784641634072,43.0,0.0,0.0,0.0,1.0,0.0,0.0,1.0,4.0,shortcut,"(2, 3)",8,
16,O_bc0p3_s4_final,0.0,0.0,0.0,0.0,1.0,0.0,0.0,1.0,0.0,0.0,1.0,1.0,shortcut,"(2, 3)",,3
17,O_bc0p3_s4_final,0.0,0.0,0.0,0.0,1.0,0.0,0.0,1.0,0.0,0.0,1.0,2.0,shortcut,"(2, 3)",,4
18,O_bc0p3_s4_final,0.0,0.0,0.0,0.0,1.0,0.0,0.0,1.0,0.0,0.0,1.0,1.0,shortcut,"(2, 3)",,5
19,O_bc0p3_s4_final,0.0,0.0,0.0,0.0,1.0,0.0,0.0,1.0,0.0,0.0,1.0,1.0,shortcut,"(2, 3)",,3
20,O_bc0p3_s4_final,1.0,1.0,11.72950912024697,42.0,0.0,0.0,0.0,1.0,0.0,0.0,1.0,6.0,shortcut,"(2, 3)",9,
21,O_bc0p3_s4_final,0.0,0.0,0.0,0.0,1.0,0.0,0.0,1.0,0.0,0.0,1.0,2.0,shortcut,"(2, 3)",,5
22,O_bc0p3_s4_final,0.0,0.0,0.0,0.0,1.0,0.0,0.0,1.0,0.0,0.0,1.0,1.0,shortcut,"(2, 3)",,3
23,O_bc0p3_s4_final,1.0,0.0,1.707897119177475,3.0,1.0,0.0,0.0,1.0,0.0,0.0,1.0,6.0,shortcut,"(2, 3)",11,15
24,O_bc0p3_s4_final,1.0,1.0,12.42784641634072,43.0,0.0,1.0,0.0,0.0,0.0,1.0,0.0,3.0,lower,"(1, 2)",8,
25,O_bc0p3_s4_final,0.0,0.0,0.0,0.0,1.0,0.0,0.0,1.0,0.0,0.0,1.0,5.0,shortcut,"(2, 3)",,8
26,O_bc0p3_s4_final,1.0,1.0,13.16293830696572,44.0,0.0,0.0,0.0,1.0,0.0,0.0,1.0,3.0,shortcut,"(2, 3)",7,
27,O_bc0p3_s4_final,1.0,1.0,11.72950912024697,42.0,0.0,0.0,0.0,1.0,0.0,0.0,1.0,4.0,shortcut,"(2, 3)",9,
28,O_bc0p3_s4_final,1.0,1.0,13.16293830696572,44.0,0.0,0.0,0.0,1.0,0.0,0.0,1.0,3.0,shortcut,"(2, 3)",7,
29,O_bc0p3_s4_final,0.0,0.0,0.0,0.0,1.0,0.0,0.0,1.0,0.0,0.0,1.0,1.0,shortcut,"(2, 3)",,3
30,O_bc0p3_s4_final,0.0,0.0,0.0,0.0,1.0,0.0,0.0,1.0,0.0,0.0,1.0,1.0,shortcut,"(2, 3)",,3
31,O_bc0p3_s4_final,0.0,0.0,0.0,0.0,1.0,0.0,0.0,1.0,0.0,0.0,1.0,1.0,shortcut,"(2, 3)",,3
32,O_bc0p3_s4_final,0.0,0.0,0.0,0.0,1.0,0.0,0.0,1.0,0.0,0.0,1.0,2.0,shortcut,"(2, 3)",,4
33,O_bc0p3_s4_final,0.0,0.0,0.0,0.0,1.0,0.0,0.0,1.0,0.0,0.0,1.0,3.0,shortcut,"(2, 3)",,8
34,O_bc0p3_s4_final,1.0,1.0,13.16293830696572,44.0,0.0,0.0,0.0,1.0,0.0,0.0,1.0,3.0,shortcut,"(2, 3)",7,
35,O_bc0p3_s4_final,0.0,0.0,0.0,0.0,1.0,0.0,0.0,1.0,0.0,0.0,1.0,3.0,shortcut,"(2, 3)",,5
36,O_bc0p3_s4_final,0.0,0.0,0.0,0.0,1.0,0.0,0.0,1.0,0.0,0.0,1.0,2.0,shortcut,"(2, 3)",,4
37,O_bc0p3_s4_final,1.0,1.0,11.72950912024697,42.0,0.0,0.0,0.0,1.0,0.0,0.0,1.0,4.0,shortcut,"(2, 3)",9,
38,O_bc0p3_s4_final,1.0,1.0,11.066088688957908,41.0,0.0,0.0,0.0,1.0,0.0,0.0,1.0,6.0,shortcut,"(2, 3)",10,
39,O_bc0p3_s4_final,1.0,1.0,13.16293830696572,44.0,0.0,0.0,0.0,1.0,0.0,0.0,1.0,3.0,shortcut,"(2, 3)",7,
40,O_bc0p3_s4_final,1.0,1.0,13.16293830696572,44.0,0.0,0.0,0.0,1.0,0.0,0.0,1.0,3.0,shortcut,"(2, 3)",7,
41,O_bc0p3_s4_final,1.0,1.0,13.16293830696572,44.0,0.0,0.0,0.0,1.0,0.0,0.0,1.0,3.0,shortcut,"(2, 3)",7,
42,O_bc0p3_s4_final,0.0,0.0,0.0,0.0,1.0,0.0,0.0,1.0,0.0,0.0,1.0,3.0,shortcut,"(2, 3)",,6
43,O_bc0p3_s4_final,1.0,1.0,13.16293830696572,44.0,0.0,0.0,0.0,1.0,0.0,0.0,1.0,3.0,shortcut,"(2, 3)",7,
44,O_bc0p3_s4_final,0.0,0.0,0.0,0.0,1.0,0.0,0.0,1.0,0.0,0.0,1.0,3.0,shortcut,"(2, 3)",,5
45,O_bc0p3_s4_final,0.0,0.0,0.0,0.0,1.0,0.0,0.0,1.0,0.0,0.0,1.0,1.0,shortcut,"(2, 3)",,3
46,O_bc0p3_s4_final,0.0,0.0,0.0,0.0,1.0,0.0,0.0,1.0,0.0,0.0,1.0,3.0,shortcut,"(2, 3)",,5
47,O_bc0p3_s4_final,0.0,0.0,0.0,0.0,1.0,0.0,0.0,1.0,0.0,0.0,1.0,1.0,shortcut,"(2, 3)",,3
48,O_bc0p3_s4_final,0.0,0.0,0.0,0.0,1.0,0.0,0.0,1.0,0.0,0.0,1.0,1.0,shortcut,"(2, 3)",,3
49,O_bc0p3_s4_final,1.0,1.0,13.16293830696572,44.0,0.0,0.0,0.0,1.0,0.0,0.0,1.0,3.0,shortcut,"(2, 3)",7,
50,O_bc0p3_s4_final,1.0,1.0,13.16293830696572,44.0,0.0,0.0,0.0,1.0,0.0,0.0,1.0,3.0,shortcut,"(2, 3)",7,
51,O_bc0p3_s4_final,1.0,1.0,13.16293830696572,44.0,0.0,0.0,0.0,1.0,0.0,0.0,1.0,3.0,shortcut,"(2, 3)",7,
52,O_bc0p3_s4_final,0.0,0.0,0.0,0.0,1.0,0.0,0.0,1.0,0.0,0.0,1.0,3.0,shortcut,"(2, 3)",,5
53,O_bc0p3_s4_final,0.0,0.0,0.0,0.0,1.0,0.0,0.0,1.0,0.0,0.0,1.0,1.0,shortcut,"(2, 3)",,3
54,O_bc0p3_s4_final,0.0,0.0,0.0,0.0,1.0,0.0,0.0,1.0,0.0,0.0,1.0,1.0,shortcut,"(2, 3)",,3
55,O_bc0p3_s4_final,0.0,0.0,0.0,0.0,1.0,0.0,0.0,1.0,0.0,0.0,1.0,2.0,shortcut,"(2, 3)",,5
56,O_bc0p3_s4_final,0.0,0.0,0.0,0.0,1.0,0.0,0.0,1.0,0.0,0.0,1.0,2.0,shortcut,"(2, 3)",,4
57,O_bc0p3_s4_final,0.0,0.0,0.0,0.0,1.0,0.0,0.0,1.0,0.0,0.0,1.0,1.0,shortcut,"(2, 3)",,3
58,O_bc0p3_s4_final,0.0,0.0,0.0,0.0,1.0,0.0,0.0,1.0,0.0,0.0,1.0,3.0,shortcut,"(2, 3)",,5
59,O_bc0p3_s4_final,0.0,0.0,0.0,0.0,1.0,0.0,0.0,1.0,0.0,0.0,1.0,2.0,shortcut,"(2, 3)",,4
60,O_bc0p3_s4_final,0.0,0.0,0.0,0.0,1.0,1.0,0.0,0.0,0.0,1.0,0.0,1.0,lower,"(1, 2)",,5
61,O_bc0p3_s4_final,0.0,0.0,0.0,0.0,1.0,0.0,0.0,1.0,0.0,0.0,1.0,3.0,shortcut,"(2, 3)",,5
62,O_bc0p3_s4_final,1.0,1.0,11.72950912024697,42.0,0.0,1.0,1.0,0.0,0.0,1.0,0.0,0.0,lower,"(1, 2)",9,
63,O_bc0p3_s4_final,0.0,0.0,0.0,0.0,1.0,0.0,0.0,1.0,0.0,0.0,1.0,1.0,shortcut,"(2, 3)",,3
64,O_bc0p3_s4_final,0.0,0.0,0.0,0.0,1.0,0.0,0.0,1.0,0.0,0.0,1.0,3.0,shortcut,"(2, 3)",,9
65,O_bc0p3_s4_final,0.0,0.0,0.0,0.0,1.0,0.0,0.0,1.0,0.0,0.0,1.0,2.0,shortcut,"(2, 3)",,4
66,O_bc0p3_s4_final,0.0,0.0,0.0,0.0,1.0,0.0,0.0,1.0,0.0,0.0,1.0,2.0,shortcut,"(2, 3)",,5
67,O_bc0p3_s4_final,0.0,0.0,0.0,0.0,1.0,1.0,0.0,0.0,0.0,1.0,0.0,1.0,lower,"(1, 2)",,5
68,O_bc0p3_s4_final,1.0,1.0,13.16293830696572,44.0,0.0,0.0,0.0,1.0,0.0,0.0,1.0,3.0,shortcut,"(2, 3)",7,
69,O_bc0p3_s4_final,0.0,0.0,0.0,0.0,1.0,0.0,0.0,1.0,0.0,0.0,1.0,3.0,shortcut,"(2, 3)",,5
70,O_bc0p3_s4_final,1.0,1.0,13.16293830696572,44.0,0.0,0.0,0.0,1.0,0.0,0.0,1.0,3.0,shortcut,"(2, 3)",7,
71,O_bc0p3_s4_final,0.0,0.0,0.0,0.0,1.0,0.0,0.0,1.0,0.0,0.0,1.0,3.0,shortcut,"(2, 3)",,5
72,O_bc0p3_s4_final,0.0,0.0,0.0,0.0,1.0,0.0,0.0,1.0,0.0,0.0,1.0,6.0,shortcut,"(2, 3)",,8
73,O_bc0p3_s4_final,1.0,1.0,13.16293830696572,44.0,0.0,0.0,0.0,1.0,0.0,0.0,1.0,3.0,shortcut,"(2, 3)",7,
74,O_bc0p3_s4_final,1.0,1.0,11.72950912024697,42.0,0.0,1.0,1.0,0.0,0.0,1.0,0.0,0.0,lower,"(1, 2)",9,
75,O_bc0p3_s4_final,1.0,1.0,11.72950912024697,42.0,0.0,1.0,1.0,0.0,0.0,1.0,0.0,0.0,lower,"(1, 2)",9,
76,O_bc0p3_s4_final,0.0,0.0,0.0,0.0,1.0,0.0,0.0,1.0,0.0,0.0,1.0,1.0,shortcut,"(2, 3)",,3
77,O_bc0p3_s4_final,0.0,0.0,0.0,0.0,1.0,0.0,0.0,1.0,0.0,0.0,1.0,2.0,shortcut,"(2, 3)",,6
78,O_bc0p3_s4_final,0.0,0.0,0.0,0.0,1.0,0.0,0.0,1.0,0.0,0.0,1.0,3.0,shortcut,"(2, 3)",,6
79,O_bc0p3_s4_final,0.0,0.0,0.0,0.0,1.0,0.0,0.0,1.0,0.0,0.0,1.0,2.0,shortcut,"(2, 3)",,4
80,O_bc0p3_s4_final,0.0,0.0,0.0,0.0,1.0,0.0,0.0,1.0,0.0,0.0,1.0,2.0,shortcut,"(2, 3)",,4
81,O_bc0p3_s4_final,1.0,1.0,13.16293830696572,44.0,0.0,0.0,0.0,1.0,0.0,0.0,1.0,3.0,shortcut,"(2, 3)",7,
82,O_bc0p3_s4_final,1.0,1.0,11.066088688957908,41.0,0.0,0.0,0.0,1.0,0.0,0.0,1.0,4.0,shortcut,"(2, 3)",10,
83,O_bc0p3_s4_final,0.0,0.0,0.0,0.0,1.0,0.0,0.0,1.0,0.0,0.0,1.0,3.0,shortcut,"(2, 3)",,5
84,O_bc0p3_s4_final,1.0,1.0,12.42784641634072,43.0,0.0,1.0,1.0,0.0,0.0,1.0,0.0,0.0,lower,"(1, 2)",8,
85,O_bc0p3_s4_final,1.0,1.0,13.16293830696572,44.0,0.0,0.0,0.0,1.0,0.0,0.0,1.0,3.0,shortcut,"(2, 3)",7,
86,O_bc0p3_s4_final,0.0,0.0,0.0,0.0,1.0,0.0,0.0,1.0,0.0,0.0,1.0,2.0,shortcut,"(2, 3)",,4
87,O_bc0p3_s4_final,1.0,1.0,11.066088688957908,41.0,0.0,0.0,0.0,1.0,0.0,0.0,1.0,6.0,shortcut,"(2, 3)",10,
88,O_bc0p3_s4_final,1.0,1.0,12.42784641634072,43.0,0.0,0.0,0.0,1.0,0.0,0.0,1.0,3.0,shortcut,"(2, 3)",8,
89,O_bc0p3_s4_final,1.0,1.0,8.214600076776321,36.0,0.0,1.0,1.0,0.0,0.0,0.0,1.0,0.0,lower,"(2, 3)",15,
90,O_bc0p3_s4_final,1.0,1.0,13.16293830696572,44.0,0.0,0.0,0.0,1.0,0.0,0.0,1.0,3.0,shortcut,"(2, 3)",7,
91,O_bc0p3_s4_final,1.0,1.0,9.837102339994921,39.0,0.0,0.0,0.0,1.0,0.0,0.0,1.0,8.0,shortcut,"(2, 3)",12,
92,O_bc0p3_s4_final,0.0,0.0,0.0,0.0,1.0,0.0,0.0,1.0,0.0,0.0,1.0,1.0,shortcut,"(2, 3)",,3
93,O_bc0p3_s4_final,0.0,0.0,0.0,0.0,1.0,0.0,0.0,1.0,0.0,0.0,1.0,1.0,shortcut,"(2, 3)",,5
94,O_bc0p3_s4_final,0.0,0.0,0.0,0.0,1.0,0.0,0.0,1.0,0.0,0.0,1.0,1.0,shortcut,"(2, 3)",,3
95,O_bc0p3_s4_final,0.0,0.0,0.0,0.0,1.0,0.0,0.0,1.0,0.0,0.0,1.0,1.0,shortcut,"(2, 3)",,4
96,O_bc0p3_s4_final,1.0,0.0,0.6983372960937497,1.0,1.0,0.0,0.0,1.0,0.0,0.0,1.0,7.0,shortcut,"(2, 3)",8,13
97,O_bc0p3_s4_final,0.0,0.0,0.0,0.0,1.0,0.0,0.0,1.0,0.0,0.0,1.0,3.0,shortcut,"(2, 3)",,5
98,O_bc0p3_s4_final,1.0,1.0,13.16293830696572,44.0,0.0,0.0,0.0,1.0,0.0,0.0,1.0,3.0,shortcut,"(2, 3)",7,
99,O_bc0p3_s4_final,0.0,0.0,0.0,0.0,1.0,0.0,0.0,1.0,0.0,0.0,1.0,1.0,shortcut,"(2, 3)",,3
100,O_bc0p3_s4_final,1.0,1.0,7.263633867501038,34.0,0.0,1.0,1.0,0.0,0.0,0.0,1.0,0.0,lower,"(2, 3)",17,
101,O_bc0p3_s4_final,0.0,0.0,0.0,0.0,1.0,0.0,0.0,1.0,0.0,0.0,1.0,1.0,shortcut,"(2, 3)",,3
102,O_bc0p3_s4_final,0.0,0.0,0.0,0.0,1.0,0.0,0.0,1.0,0.0,0.0,1.0,2.0,shortcut,"(2, 3)",,4
103,O_bc0p3_s4_final,1.0,1.0,12.42784641634072,43.0,0.0,0.0,0.0,1.0,0.0,0.0,1.0,3.0,shortcut,"(2, 3)",8,
104,O_bc0p3_s4_final,0.0,0.0,0.0,0.0,1.0,0.0,0.0,1.0,0.0,0.0,1.0,2.0,shortcut,"(2, 3)",,4
105,O_bc0p3_s4_final,1.0,1.0,6.823507198849272,33.0,0.0,0.0,0.0,1.0,0.0,0.0,1.0,13.0,shortcut,"(2, 3)",18,
106,O_bc0p3_s4_final,0.0,0.0,0.0,0.0,1.0,0.0,0.0,1.0,0.0,0.0,1.0,2.0,shortcut,"(2, 3)",,4
107,O_bc0p3_s4_final,1.0,1.0,11.72950912024697,42.0,0.0,1.0,1.0,0.0,0.0,1.0,0.0,0.0,lower,"(1, 2)",9,
108,O_bc0p3_s4_final,0.0,0.0,0.0,0.0,1.0,0.0,0.0,1.0,0.0,0.0,1.0,3.0,shortcut,"(2, 3)",,5
109,O_bc0p3_s4_final,0.0,0.0,0.0,0.0,1.0,0.0,0.0,1.0,0.0,0.0,1.0,3.0,shortcut,"(2, 3)",,5
110,O_bc0p3_s4_final,1.0,1.0,10.4358392792333,40.0,0.0,0.0,0.0,1.0,0.0,0.0,1.0,8.0,shortcut,"(2, 3)",11,
111,O_bc0p3_s4_final,0.0,0.0,0.0,0.0,1.0,0.0,0.0,1.0,0.0,0.0,1.0,1.0,shortcut,"(2, 3)",,3
112,O_bc0p3_s4_final,0.0,0.0,0.0,0.0,1.0,0.0,0.0,1.0,0.0,0.0,1.0,3.0,shortcut,"(2, 3)",,5
113,O_bc0p3_s4_final,1.0,1.0,13.16293830696572,44.0,0.0,0.0,0.0,1.0,0.0,0.0,1.0,4.0,shortcut,"(2, 3)",7,
114,O_bc0p3_s4_final,1.0,1.0,12.42784641634072,43.0,0.0,0.0,0.0,1.0,0.0,0.0,1.0,3.0,shortcut,"(2, 3)",8,
115,O_bc0p3_s4_final,0.0,0.0,0.0,0.0,1.0,0.0,0.0,1.0,0.0,0.0,1.0,1.0,shortcut,"(2, 3)",,3
116,O_bc0p3_s4_final,1.0,1.0,13.16293830696572,44.0,0.0,0.0,0.0,1.0,0.0,0.0,1.0,3.0,shortcut,"(2, 3)",7,
117,O_bc0p3_s4_final,0.0,0.0,0.0,0.0,1.0,0.0,0.0,1.0,0.0,0.0,1.0,2.0,shortcut,"(2, 3)",,4
118,O_bc0p3_s4_final,1.0,1.0,13.16293830696572,44.0,0.0,0.0,0.0,1.0,0.0,0.0,1.0,3.0,shortcut,"(2, 3)",7,
119,O_bc0p3_s4_final,0.0,0.0,0.0,0.0,1.0,0.0,0.0,1.0,0.0,0.0,1.0,2.0,shortcut,"(2, 3)",,7
120,O_bc0p3_s4_final,0.0,0.0,0.0,0.0,1.0,0.0,0.0,1.0,0.0,0.0,1.0,3.0,shortcut,"(2, 3)",,7
121,O_bc0p3_s4_final,1.0,0.0,2.0968496180078118,3.0,1.0,0.0,0.0,1.0,0.0,0.0,1.0,6.0,shortcut,"(2, 3)",7,12
122,O_bc0p3_s4_final,0.0,0.0,0.0,0.0,1.0,0.0,0.0,1.0,0.0,0.0,1.0,1.0,shortcut,"(2, 3)",,3
123,O_bc0p3_s4_final,0.0,0.0,0.0,0.0,1.0,0.0,0.0,1.0,0.0,0.0,1.0,1.0,shortcut,"(2, 3)",,6
124,O_bc0p3_s4_final,1.0,0.0,0.6634204312890623,1.0,1.0,0.0,0.0,1.0,0.0,0.0,1.0,9.0,shortcut,"(2, 3)",9,15
125,O_bc0p3_s4_final,1.0,1.0,13.16293830696572,44.0,0.0,0.0,0.0,1.0,0.0,0.0,1.0,4.0,shortcut,"(2, 3)",7,
126,O_bc0p3_s4_final,0.0,0.0,0.0,0.0,1.0,0.0,0.0,1.0,0.0,0.0,1.0,2.0,shortcut,"(2, 3)",,4
127,O_bc0p3_s4_final,1.0,1.0,11.066088688957908,41.0,0.0,1.0,1.0,0.0,0.0,1.0,0.0,0.0,lower,"(1, 2)",10,
128,O_bc0p3_s4_final,0.0,0.0,0.0,0.0,1.0,0.0,0.0,1.0,0.0,0.0,1.0,3.0,shortcut,"(2, 3)",,7
129,O_bc0p3_s4_final,1.0,1.0,13.16293830696572,44.0,0.0,0.0,0.0,1.0,0.0,0.0,1.0,3.0,shortcut,"(2, 3)",7,
130,O_bc0p3_s4_final,0.0,0.0,0.0,0.0,1.0,0.0,0.0,1.0,0.0,0.0,1.0,1.0,shortcut,"(2, 3)",,3
131,O_bc0p3_s4_final,0.0,0.0,0.0,0.0,1.0,0.0,0.0,1.0,0.0,0.0,1.0,2.0,shortcut,"(2, 3)",,4
132,O_bc0p3_s4_final,0.0,0.0,0.0,0.0,1.0,0.0,0.0,1.0,0.0,0.0,1.0,4.0,shortcut,"(2, 3)",,6
133,O_bc0p3_s4_final,0.0,0.0,0.0,0.0,1.0,0.0,0.0,1.0,0.0,0.0,1.0,3.0,shortcut,"(2, 3)",,5
134,O_bc0p3_s4_final,0.0,0.0,0.0,0.0,1.0,0.0,0.0,1.0,0.0,0.0,1.0,2.0,shortcut,"(2, 3)",,4
135,O_bc0p3_s4_final,1.0,1.0,13.16293830696572,44.0,0.0,1.0,0.0,0.0,0.0,1.0,0.0,3.0,lower,"(1, 2)",7,
136,O_bc0p3_s4_final,0.0,0.0,0.0,0.0,1.0,0.0,0.0,1.0,0.0,0.0,1.0,2.0,shortcut,"(2, 3)",,5
137,O_bc0p3_s4_final,0.0,0.0,0.0,0.0,1.0,0.0,0.0,1.0,0.0,0.0,1.0,3.0,shortcut,"(2, 3)",,5
138,O_bc0p3_s4_final,0.0,0.0,0.0,0.0,1.0,0.0,0.0,1.0,0.0,0.0,1.0,2.0,shortcut,"(2, 3)",,6
139,O_bc0p3_s4_final,0.0,0.0,0.0,0.0,1.0,0.0,0.0,1.0,0.0,0.0,1.0,3.0,shortcut,"(2, 3)",,5
140,O_bc0p3_s4_final,0.0,0.0,0.0,0.0,1.0,0.0,0.0,1.0,0.0,0.0,1.0,1.0,shortcut,"(2, 3)",,3
141,O_bc0p3_s4_final,0.0,0.0,0.0,0.0,1.0,0.0,0.0,1.0,0.0,0.0,1.0,2.0,shortcut,"(2, 3)",,4
142,O_bc0p3_s4_final,1.0,1.0,12.42784641634072,43.0,0.0,0.0,0.0,1.0,0.0,0.0,1.0,4.0,shortcut,"(2, 3)",8,
143,O_bc0p3_s4_final,1.0,1.0,13.16293830696572,44.0,0.0,0.0,0.0,1.0,0.0,0.0,1.0,3.0,shortcut,"(2, 3)",7,
144,O_bc0p3_s4_final,0.0,0.0,0.0,0.0,1.0,0.0,0.0,1.0,0.0,0.0,1.0,1.0,shortcut,"(2, 3)",,3
145,O_bc0p3_s4_final,1.0,1.0,11.72950912024697,42.0,0.0,0.0,0.0,1.0,0.0,0.0,1.0,5.0,shortcut,"(2, 3)",9,
146,O_bc0p3_s4_final,0.0,0.0,0.0,0.0,1.0,0.0,0.0,1.0,0.0,0.0,1.0,6.0,shortcut,"(2, 3)",,8
147,O_bc0p3_s4_final,0.0,0.0,0.0,0.0,1.0,0.0,0.0,1.0,0.0,0.0,1.0,2.0,shortcut,"(2, 3)",,4
148,O_bc0p3_s4_final,1.0,1.0,13.16293830696572,44.0,0.0,0.0,0.0,1.0,0.0,0.0,1.0,3.0,shortcut,"(2, 3)",7,
149,O_bc0p3_s4_final,0.0,0.0,0.0,0.0,1.0,0.0,0.0,1.0,0.0,0.0,1.0,1.0,shortcut,"(2, 3)",,3
150,O_bc0p3_s4_final,0.0,0.0,0.0,0.0,1.0,0.0,0.0,1.0,0.0,0.0,1.0,1.0,shortcut,"(2, 3)",,3
151,O_bc0p3_s4_final,0.0,0.0,0.0,0.0,1.0,0.0,0.0,1.0,0.0,0.0,1.0,2.0,shortcut,"(2, 3)",,4
152,O_bc0p3_s4_final,0.0,0.0,0.0,0.0,1.0,0.0,0.0,1.0,0.0,0.0,1.0,3.0,shortcut,"(2, 3)",,5
153,O_bc0p3_s4_final,0.0,0.0,0.0,0.0,1.0,0.0,0.0,1.0,0.0,0.0,1.0,1.0,shortcut,"(2, 3)",,5
154,O_bc0p3_s4_final,0.0,0.0,0.0,0.0,1.0,0.0,0.0,1.0,0.0,0.0,1.0,1.0,shortcut,"(2, 3)",,3
155,O_bc0p3_s4_final,0.0,0.0,0.0,0.0,1.0,0.0,0.0,1.0,0.0,0.0,1.0,1.0,shortcut,"(2, 3)",,3
156,O_bc0p3_s4_final,0.0,0.0,0.0,0.0,1.0,0.0,0.0,1.0,0.0,0.0,1.0,2.0,shortcut,"(2, 3)",,4
157,O_bc0p3_s4_final,0.0,0.0,0.0,0.0,1.0,0.0,0.0,1.0,0.0,0.0,1.0,2.0,shortcut,"(2, 3)",,7
158,O_bc0p3_s4_final,0.0,0.0,0.0,0.0,1.0,0.0,0.0,1.0,0.0,0.0,1.0,1.0,shortcut,"(2, 3)",,4
159,O_bc0p3_s4_final,0.0,0.0,0.0,0.0,1.0,0.0,0.0,1.0,0.0,0.0,1.0,1.0,shortcut,"(2, 3)",,5
160,O_bc0p3_s4_final,0.0,0.0,0.0,0.0,1.0,0.0,0.0,1.0,0.0,0.0,1.0,1.0,shortcut,"(2, 3)",,5
161,O_bc0p3_s4_final,0.0,0.0,0.0,0.0,1.0,0.0,0.0,1.0,0.0,0.0,1.0,2.0,shortcut,"(2, 3)",,4
162,O_bc0p3_s4_final,0.0,0.0,0.0,0.0,1.0,0.0,0.0,1.0,0.0,0.0,1.0,1.0,shortcut,"(2, 3)",,3
163,O_bc0p3_s4_final,1.0,1.0,13.16293830696572,44.0,0.0,0.0,0.0,1.0,0.0,0.0,1.0,3.0,shortcut,"(2, 3)",7,
164,O_bc0p3_s4_final,1.0,1.0,11.72950912024697,42.0,0.0,1.0,0.0,0.0,0.0,1.0,0.0,3.0,lower,"(1, 2)",9,
165,O_bc0p3_s4_final,0.0,0.0,0.0,0.0,1.0,0.0,0.0,1.0,0.0,0.0,1.0,1.0,shortcut,"(2, 3)",,3
166,O_bc0p3_s4_final,0.0,0.0,0.0,0.0,1.0,0.0,0.0,1.0,0.0,0.0,1.0,1.0,shortcut,"(2, 3)",,3
167,O_bc0p3_s4_final,0.0,0.0,0.0,0.0,1.0,0.0,0.0,1.0,0.0,0.0,1.0,1.0,shortcut,"(2, 3)",,3
168,O_bc0p3_s4_final,0.0,0.0,0.0,0.0,1.0,0.0,0.0,1.0,0.0,0.0,1.0,2.0,shortcut,"(2, 3)",,11
169,O_bc0p3_s4_final,0.0,0.0,0.0,0.0,1.0,0.0,0.0,1.0,0.0,0.0,1.0,3.0,shortcut,"(2, 3)",,6
170,O_bc0p3_s4_final,1.0,1.0,13.16293830696572,44.0,0.0,0.0,0.0,1.0,0.0,0.0,1.0,3.0,shortcut,"(2, 3)",7,
171,O_bc0p3_s4_final,1.0,1.0,13.16293830696572,44.0,0.0,0.0,0.0,1.0,0.0,0.0,1.0,4.0,shortcut,"(2, 3)",7,
172,O_bc0p3_s4_final,0.0,0.0,0.0,0.0,1.0,0.0,0.0,1.0,0.0,0.0,1.0,2.0,shortcut,"(2, 3)",,4
173,O_bc0p3_s4_final,1.0,1.0,12.42784641634072,43.0,0.0,0.0,0.0,1.0,0.0,0.0,1.0,3.0,shortcut,"(2, 3)",8,
174,O_bc0p3_s4_final,0.0,0.0,0.0,0.0,1.0,0.0,0.0,1.0,0.0,0.0,1.0,6.0,shortcut,"(2, 3)",,8
175,O_bc0p3_s4_final,0.0,0.0,0.0,0.0,1.0,0.0,0.0,1.0,0.0,0.0,1.0,1.0,shortcut,"(2, 3)",,3
176,O_bc0p3_s4_final,1.0,1.0,12.42784641634072,43.0,0.0,0.0,0.0,1.0,0.0,0.0,1.0,3.0,shortcut,"(2, 3)",8,
177,O_bc0p3_s4_final,0.0,0.0,0.0,0.0,1.0,0.0,0.0,1.0,0.0,0.0,1.0,2.0,shortcut,"(2, 3)",,6
178,O_bc0p3_s4_final,1.0,1.0,13.16293830696572,44.0,0.0,0.0,0.0,1.0,0.0,0.0,1.0,4.0,shortcut,"(2, 3)",7,
179,O_bc0p3_s4_final,0.0,0.0,0.0,0.0,1.0,0.0,0.0,1.0,0.0,0.0,1.0,3.0,shortcut,"(2, 3)",,6
180,O_bc0p3_s4_final,0.0,0.0,0.0,0.0,1.0,0.0,0.0,1.0,0.0,0.0,1.0,2.0,shortcut,"(2, 3)",,7
181,O_bc0p3_s4_final,1.0,1.0,13.16293830696572,44.0,0.0,0.0,0.0,1.0,0.0,0.0,1.0,3.0,shortcut,"(2, 3)",7,
182,O_bc0p3_s4_final,1.0,1.0,12.42784641634072,43.0,0.0,0.0,0.0,1.0,0.0,0.0,1.0,4.0,shortcut,"(2, 3)",8,
183,O_bc0p3_s4_final,0.0,0.0,0.0,0.0,1.0,0.0,0.0,1.0,0.0,0.0,1.0,4.0,shortcut,"(2, 3)",,6
184,O_bc0p3_s4_final,0.0,0.0,0.0,0.0,1.0,0.0,0.0,1.0,0.0,0.0,1.0,6.0,shortcut,"(2, 3)",,8
185,O_bc0p3_s4_final,0.0,0.0,0.0,0.0,1.0,0.0,0.0,1.0,0.0,0.0,1.0,1.0,shortcut,"(2, 3)",,3
186,O_bc0p3_s4_final,1.0,1.0,13.16293830696572,44.0,0.0,0.0,0.0,1.0,0.0,0.0,1.0,3.0,shortcut,"(2, 3)",7,
187,O_bc0p3_s4_final,0.0,0.0,0.0,0.0,1.0,0.0,0.0,1.0,0.0,0.0,1.0,1.0,shortcut,"(2, 3)",,7
188,O_bc0p3_s4_final,1.0,1.0,13.16293830696572,44.0,0.0,0.0,0.0,1.0,0.0,0.0,1.0,3.0,shortcut,"(2, 3)",7,
189,O_bc0p3_s4_final,0.0,0.0,0.0,0.0,1.0,0.0,0.0,1.0,0.0,0.0,1.0,1.0,shortcut,"(2, 3)",,3
190,O_bc0p3_s4_final,0.0,0.0,0.0,0.0,1.0,0.0,0.0,1.0,0.0,0.0,1.0,2.0,shortcut,"(2, 3)",,6
191,O_bc0p3_s4_final,1.0,1.0,13.16293830696572,44.0,0.0,0.0,0.0,1.0,0.0,0.0,1.0,3.0,shortcut,"(2, 3)",7,
192,O_bc0p3_s4_final,0.0,0.0,0.0,0.0,1.0,0.0,0.0,1.0,0.0,0.0,1.0,8.0,shortcut,"(2, 3)",,16
193,O_bc0p3_s4_final,0.0,0.0,0.0,0.0,1.0,0.0,0.0,1.0,0.0,0.0,1.0,2.0,shortcut,"(2, 3)",,4
194,O_bc0p3_s4_final,0.0,0.0,0.0,0.0,1.0,0.0,0.0,1.0,0.0,0.0,1.0,3.0,shortcut,"(2, 3)",,6
195,O_bc0p3_s4_final,0.0,0.0,0.0,0.0,1.0,0.0,0.0,1.0,0.0,0.0,1.0,1.0,shortcut,"(2, 3)",,5
196,O_bc0p3_s4_final,0.0,0.0,0.0,0.0,1.0,0.0,0.0,1.0,0.0,0.0,1.0,1.0,shortcut,"(2, 3)",,3
197,O_bc0p3_s4_final,0.0,0.0,0.0,0.0,1.0,0.0,0.0,1.0,0.0,0.0,1.0,1.0,shortcut,"(2, 3)",,3
198,O_bc0p3_s4_final,0.0,0.0,0.0,0.0,1.0,0.0,0.0,1.0,0.0,0.0,1.0,4.0,shortcut,"(2, 3)",,7
199,O_bc0p3_s4_final,0.0,0.0,0.0,0.0,1.0,0.0,0.0,1.0,0.0,0.0,1.0,1.0,shortcut,"(2, 3)",,3
0,O_bc0p3_s5_final,1.0,1.0,11.066088688957908,41.0,0.0,0.0,0.0,1.0,0.0,0.0,1.0,3.0,shortcut,"(2, 3)",10,
1,O_bc0p3_s5_final,0.0,0.0,0.0,0.0,1.0,0.0,0.0,1.0,0.0,0.0,1.0,3.0,shortcut,"(2, 3)",,5
2,O_bc0p3_s5_final,0.0,0.0,0.0,0.0,1.0,0.0,0.0,1.0,0.0,0.0,1.0,1.0,shortcut,"(2, 3)",,3
3,O_bc0p3_s5_final,1.0,1.0,13.16293830696572,44.0,0.0,0.0,0.0,1.0,0.0,0.0,1.0,3.0,shortcut,"(2, 3)",7,
4,O_bc0p3_s5_final,0.0,0.0,0.0,0.0,1.0,0.0,0.0,1.0,0.0,0.0,1.0,2.0,shortcut,"(2, 3)",,6
5,O_bc0p3_s5_final,1.0,1.0,12.46460101087197,43.0,0.0,0.0,0.0,1.0,0.0,0.0,1.0,3.0,shortcut,"(2, 3)",7,
6,O_bc0p3_s5_final,0.0,0.0,0.0,0.0,1.0,0.0,0.0,1.0,0.0,0.0,1.0,2.0,shortcut,"(2, 3)",,5
7,O_bc0p3_s5_final,0.0,0.0,0.0,0.0,1.0,0.0,0.0,1.0,0.0,0.0,1.0,3.0,shortcut,"(2, 3)",,5
8,O_bc0p3_s5_final,0.0,0.0,0.0,0.0,1.0,0.0,0.0,1.0,0.0,0.0,1.0,3.0,shortcut,"(2, 3)",,6
9,O_bc0p3_s5_final,1.0,1.0,11.72950912024697,42.0,0.0,1.0,1.0,0.0,0.0,1.0,0.0,0.0,lower,"(1, 2)",9,
10,O_bc0p3_s5_final,0.0,0.0,0.0,0.0,1.0,0.0,0.0,1.0,0.0,0.0,1.0,1.0,shortcut,"(2, 3)",,4
11,O_bc0p3_s5_final,0.0,0.0,0.0,0.0,1.0,0.0,0.0,1.0,0.0,0.0,1.0,2.0,shortcut,"(2, 3)",,4
12,O_bc0p3_s5_final,0.0,0.0,0.0,0.0,1.0,0.0,0.0,1.0,0.0,0.0,1.0,4.0,shortcut,"(2, 3)",,6
13,O_bc0p3_s5_final,0.0,0.0,0.0,0.0,1.0,0.0,0.0,1.0,0.0,0.0,1.0,1.0,shortcut,"(2, 3)",,5
14,O_bc0p3_s5_final,0.0,0.0,0.0,0.0,1.0,0.0,0.0,1.0,0.0,0.0,1.0,3.0,shortcut,"(2, 3)",,6
15,O_bc0p3_s5_final,1.0,1.0,12.42784641634072,43.0,0.0,0.0,0.0,1.0,0.0,0.0,1.0,5.0,shortcut,"(2, 3)",8,
16,O_bc0p3_s5_final,0.0,0.0,0.0,0.0,1.0,0.0,0.0,1.0,0.0,0.0,1.0,1.0,shortcut,"(2, 3)",,3
17,O_bc0p3_s5_final,0.0,0.0,0.0,0.0,1.0,0.0,0.0,1.0,0.0,0.0,1.0,2.0,shortcut,"(2, 3)",,4
18,O_bc0p3_s5_final,0.0,0.0,0.0,0.0,1.0,0.0,0.0,1.0,0.0,0.0,1.0,1.0,shortcut,"(2, 3)",,5
19,O_bc0p3_s5_final,0.0,0.0,0.0,0.0,1.0,0.0,0.0,1.0,0.0,0.0,1.0,1.0,shortcut,"(2, 3)",,3
20,O_bc0p3_s5_final,1.0,1.0,11.72950912024697,42.0,0.0,0.0,0.0,1.0,0.0,0.0,1.0,5.0,shortcut,"(2, 3)",9,
21,O_bc0p3_s5_final,0.0,0.0,0.0,0.0,1.0,0.0,0.0,1.0,0.0,0.0,1.0,3.0,shortcut,"(2, 3)",,5
22,O_bc0p3_s5_final,0.0,0.0,0.0,0.0,1.0,0.0,0.0,1.0,0.0,0.0,1.0,1.0,shortcut,"(2, 3)",,3
23,O_bc0p3_s5_final,1.0,1.0,10.4358392792333,40.0,0.0,0.0,0.0,1.0,0.0,0.0,1.0,4.0,shortcut,"(2, 3)",11,
24,O_bc0p3_s5_final,1.0,1.0,13.16293830696572,44.0,0.0,1.0,0.0,0.0,0.0,1.0,0.0,3.0,lower,"(1, 2)",7,
25,O_bc0p3_s5_final,1.0,0.0,0.7350918906249998,1.0,1.0,0.0,0.0,1.0,0.0,0.0,1.0,5.0,shortcut,"(2, 3)",7,8
26,O_bc0p3_s5_final,1.0,1.0,13.16293830696572,44.0,0.0,0.0,0.0,1.0,0.0,0.0,1.0,3.0,shortcut,"(2, 3)",7,
27,O_bc0p3_s5_final,1.0,1.0,11.72950912024697,42.0,0.0,0.0,0.0,1.0,0.0,0.0,1.0,4.0,shortcut,"(2, 3)",9,
28,O_bc0p3_s5_final,1.0,1.0,13.16293830696572,44.0,0.0,0.0,0.0,1.0,0.0,0.0,1.0,3.0,shortcut,"(2, 3)",7,
29,O_bc0p3_s5_final,0.0,0.0,0.0,0.0,1.0,0.0,0.0,1.0,0.0,0.0,1.0,1.0,shortcut,"(2, 3)",,3
30,O_bc0p3_s5_final,0.0,0.0,0.0,0.0,1.0,0.0,0.0,1.0,0.0,0.0,1.0,1.0,shortcut,"(2, 3)",,3
31,O_bc0p3_s5_final,0.0,0.0,0.0,0.0,1.0,0.0,0.0,1.0,0.0,0.0,1.0,1.0,shortcut,"(2, 3)",,3
32,O_bc0p3_s5_final,0.0,0.0,0.0,0.0,1.0,0.0,0.0,1.0,0.0,0.0,1.0,2.0,shortcut,"(2, 3)",,4
33,O_bc0p3_s5_final,0.0,0.0,0.0,0.0,1.0,0.0,0.0,1.0,0.0,0.0,1.0,4.0,shortcut,"(2, 3)",,9
34,O_bc0p3_s5_final,1.0,1.0,13.16293830696572,44.0,0.0,0.0,0.0,1.0,0.0,0.0,1.0,3.0,shortcut,"(2, 3)",7,
35,O_bc0p3_s5_final,0.0,0.0,0.0,0.0,1.0,0.0,0.0,1.0,0.0,0.0,1.0,3.0,shortcut,"(2, 3)",,5
36,O_bc0p3_s5_final,0.0,0.0,0.0,0.0,1.0,0.0,0.0,1.0,0.0,0.0,1.0,2.0,shortcut,"(2, 3)",,4
37,O_bc0p3_s5_final,1.0,1.0,11.72950912024697,42.0,0.0,0.0,0.0,1.0,0.0,0.0,1.0,4.0,shortcut,"(2, 3)",9,
38,O_bc0p3_s5_final,0.0,0.0,0.0,0.0,1.0,0.0,0.0,1.0,0.0,0.0,1.0,5.0,shortcut,"(2, 3)",,7
39,O_bc0p3_s5_final,1.0,1.0,13.16293830696572,44.0,0.0,0.0,0.0,1.0,0.0,0.0,1.0,3.0,shortcut,"(2, 3)",7,
40,O_bc0p3_s5_final,1.0,1.0,13.16293830696572,44.0,0.0,0.0,0.0,1.0,0.0,0.0,1.0,3.0,shortcut,"(2, 3)",7,
41,O_bc0p3_s5_final,1.0,1.0,13.16293830696572,44.0,0.0,0.0,0.0,1.0,0.0,0.0,1.0,3.0,shortcut,"(2, 3)",7,
42,O_bc0p3_s5_final,1.0,1.0,12.42784641634072,43.0,0.0,0.0,0.0,1.0,0.0,0.0,1.0,3.0,shortcut,"(2, 3)",8,
43,O_bc0p3_s5_final,1.0,1.0,13.16293830696572,44.0,0.0,0.0,0.0,1.0,0.0,0.0,1.0,3.0,shortcut,"(2, 3)",7,
44,O_bc0p3_s5_final,1.0,1.0,13.16293830696572,44.0,0.0,0.0,0.0,1.0,0.0,0.0,1.0,3.0,shortcut,"(2, 3)",7,
45,O_bc0p3_s5_final,0.0,0.0,0.0,0.0,1.0,0.0,0.0,1.0,0.0,0.0,1.0,1.0,shortcut,"(2, 3)",,3
46,O_bc0p3_s5_final,0.0,0.0,0.0,0.0,1.0,0.0,0.0,1.0,0.0,0.0,1.0,3.0,shortcut,"(2, 3)",,5
47,O_bc0p3_s5_final,1.0,1.0,10.4358392792333,40.0,0.0,1.0,1.0,0.0,0.0,1.0,0.0,0.0,lower,"(1, 2)",11,
48,O_bc0p3_s5_final,0.0,0.0,0.0,0.0,1.0,0.0,0.0,1.0,0.0,0.0,1.0,1.0,shortcut,"(2, 3)",,3
49,O_bc0p3_s5_final,1.0,1.0,13.16293830696572,44.0,0.0,0.0,0.0,1.0,0.0,0.0,1.0,3.0,shortcut,"(2, 3)",7,
50,O_bc0p3_s5_final,1.0,1.0,13.16293830696572,44.0,0.0,0.0,0.0,1.0,0.0,0.0,1.0,3.0,shortcut,"(2, 3)",7,
51,O_bc0p3_s5_final,1.0,1.0,13.16293830696572,44.0,0.0,0.0,0.0,1.0,0.0,0.0,1.0,3.0,shortcut,"(2, 3)",7,
52,O_bc0p3_s5_final,0.0,0.0,0.0,0.0,1.0,0.0,0.0,1.0,0.0,0.0,1.0,2.0,shortcut,"(2, 3)",,4
53,O_bc0p3_s5_final,0.0,0.0,0.0,0.0,1.0,0.0,0.0,1.0,0.0,0.0,1.0,1.0,shortcut,"(2, 3)",,3
54,O_bc0p3_s5_final,0.0,0.0,0.0,0.0,1.0,0.0,0.0,1.0,0.0,0.0,1.0,1.0,shortcut,"(2, 3)",,3
55,O_bc0p3_s5_final,0.0,0.0,0.0,0.0,1.0,0.0,0.0,1.0,0.0,0.0,1.0,2.0,shortcut,"(2, 3)",,5
56,O_bc0p3_s5_final,0.0,0.0,0.0,0.0,1.0,0.0,0.0,1.0,0.0,0.0,1.0,2.0,shortcut,"(2, 3)",,4
57,O_bc0p3_s5_final,0.0,0.0,0.0,0.0,1.0,0.0,0.0,1.0,0.0,0.0,1.0,1.0,shortcut,"(2, 3)",,3
58,O_bc0p3_s5_final,0.0,0.0,0.0,0.0,1.0,0.0,0.0,1.0,0.0,0.0,1.0,3.0,shortcut,"(2, 3)",,5
59,O_bc0p3_s5_final,0.0,0.0,0.0,0.0,1.0,0.0,0.0,1.0,0.0,0.0,1.0,2.0,shortcut,"(2, 3)",,4
60,O_bc0p3_s5_final,1.0,1.0,11.066088688957908,41.0,0.0,1.0,1.0,0.0,0.0,1.0,0.0,0.0,lower,"(1, 2)",10,
61,O_bc0p3_s5_final,0.0,0.0,0.0,0.0,1.0,0.0,0.0,1.0,0.0,0.0,1.0,3.0,shortcut,"(2, 3)",,5
62,O_bc0p3_s5_final,1.0,1.0,11.72950912024697,42.0,0.0,1.0,1.0,0.0,0.0,1.0,0.0,0.0,lower,"(1, 2)",9,
63,O_bc0p3_s5_final,0.0,0.0,0.0,0.0,1.0,0.0,0.0,1.0,0.0,0.0,1.0,1.0,shortcut,"(2, 3)",,3
64,O_bc0p3_s5_final,0.0,0.0,0.0,0.0,1.0,0.0,0.0,1.0,0.0,0.0,1.0,4.0,shortcut,"(2, 3)",,8
65,O_bc0p3_s5_final,0.0,0.0,0.0,0.0,1.0,0.0,0.0,1.0,0.0,0.0,1.0,2.0,shortcut,"(2, 3)",,4
66,O_bc0p3_s5_final,0.0,0.0,0.0,0.0,1.0,0.0,0.0,1.0,0.0,0.0,1.0,2.0,shortcut,"(2, 3)",,5
67,O_bc0p3_s5_final,0.0,0.0,0.0,0.0,1.0,1.0,0.0,0.0,0.0,1.0,0.0,1.0,lower,"(1, 2)",,5
68,O_bc0p3_s5_final,1.0,1.0,12.42784641634072,43.0,0.0,0.0,0.0,1.0,0.0,0.0,1.0,3.0,shortcut,"(2, 3)",8,
69,O_bc0p3_s5_final,1.0,1.0,13.16293830696572,44.0,0.0,0.0,0.0,1.0,0.0,0.0,1.0,3.0,shortcut,"(2, 3)",7,
70,O_bc0p3_s5_final,1.0,1.0,13.16293830696572,44.0,0.0,0.0,0.0,1.0,0.0,0.0,1.0,3.0,shortcut,"(2, 3)",7,
71,O_bc0p3_s5_final,0.0,0.0,0.0,0.0,1.0,0.0,0.0,1.0,0.0,0.0,1.0,3.0,shortcut,"(2, 3)",,5
72,O_bc0p3_s5_final,0.0,0.0,0.0,0.0,1.0,0.0,0.0,1.0,0.0,0.0,1.0,9.0,shortcut,"(2, 3)",,12
73,O_bc0p3_s5_final,1.0,1.0,13.16293830696572,44.0,0.0,0.0,0.0,1.0,0.0,0.0,1.0,3.0,shortcut,"(2, 3)",7,
74,O_bc0p3_s5_final,1.0,1.0,11.72950912024697,42.0,0.0,1.0,1.0,0.0,0.0,1.0,0.0,0.0,lower,"(1, 2)",9,
75,O_bc0p3_s5_final,1.0,1.0,11.72950912024697,42.0,0.0,1.0,1.0,0.0,0.0,1.0,0.0,0.0,lower,"(1, 2)",9,
76,O_bc0p3_s5_final,0.0,0.0,0.0,0.0,1.0,0.0,0.0,1.0,0.0,0.0,1.0,1.0,shortcut,"(2, 3)",,3
77,O_bc0p3_s5_final,0.0,0.0,0.0,0.0,1.0,0.0,0.0,1.0,0.0,0.0,1.0,2.0,shortcut,"(2, 3)",,6
78,O_bc0p3_s5_final,0.0,0.0,0.0,0.0,1.0,0.0,0.0,1.0,0.0,0.0,1.0,3.0,shortcut,"(2, 3)",,6
79,O_bc0p3_s5_final,0.0,0.0,0.0,0.0,1.0,0.0,0.0,1.0,0.0,0.0,1.0,2.0,shortcut,"(2, 3)",,4
80,O_bc0p3_s5_final,0.0,0.0,0.0,0.0,1.0,0.0,0.0,1.0,0.0,0.0,1.0,2.0,shortcut,"(2, 3)",,4
81,O_bc0p3_s5_final,1.0,1.0,13.16293830696572,44.0,0.0,0.0,0.0,1.0,0.0,0.0,1.0,3.0,shortcut,"(2, 3)",7,
82,O_bc0p3_s5_final,1.0,1.0,11.066088688957908,41.0,0.0,0.0,0.0,1.0,0.0,0.0,1.0,4.0,shortcut,"(2, 3)",10,
83,O_bc0p3_s5_final,0.0,0.0,0.0,0.0,1.0,0.0,0.0,1.0,0.0,0.0,1.0,4.0,shortcut,"(2, 3)",,6
84,O_bc0p3_s5_final,1.0,1.0,12.42784641634072,43.0,0.0,1.0,1.0,0.0,0.0,1.0,0.0,0.0,lower,"(1, 2)",8,
85,O_bc0p3_s5_final,1.0,1.0,13.16293830696572,44.0,0.0,0.0,0.0,1.0,0.0,0.0,1.0,3.0,shortcut,"(2, 3)",7,
86,O_bc0p3_s5_final,0.0,0.0,0.0,0.0,1.0,0.0,0.0,1.0,0.0,0.0,1.0,1.0,shortcut,"(2, 3)",,4
87,O_bc0p3_s5_final,1.0,1.0,11.066088688957908,41.0,0.0,0.0,0.0,1.0,0.0,0.0,1.0,6.0,shortcut,"(2, 3)",10,
88,O_bc0p3_s5_final,1.0,1.0,12.42784641634072,43.0,0.0,0.0,0.0,1.0,0.0,0.0,1.0,3.0,shortcut,"(2, 3)",8,
89,O_bc0p3_s5_final,0.0,0.0,0.0,0.0,1.0,0.0,0.0,1.0,0.0,0.0,1.0,3.0,shortcut,"(2, 3)",,7
90,O_bc0p3_s5_final,1.0,1.0,13.16293830696572,44.0,0.0,0.0,0.0,1.0,0.0,0.0,1.0,3.0,shortcut,"(2, 3)",7,
91,O_bc0p3_s5_final,0.0,0.0,0.0,0.0,1.0,0.0,0.0,1.0,0.0,0.0,1.0,7.0,shortcut,"(2, 3)",,10
92,O_bc0p3_s5_final,0.0,0.0,0.0,0.0,1.0,0.0,0.0,1.0,0.0,0.0,1.0,1.0,shortcut,"(2, 3)",,3
93,O_bc0p3_s5_final,0.0,0.0,0.0,0.0,1.0,0.0,0.0,1.0,0.0,0.0,1.0,1.0,shortcut,"(2, 3)",,5
94,O_bc0p3_s5_final,0.0,0.0,0.0,0.0,1.0,0.0,0.0,1.0,0.0,0.0,1.0,1.0,shortcut,"(2, 3)",,3
95,O_bc0p3_s5_final,0.0,0.0,0.0,0.0,1.0,0.0,0.0,1.0,0.0,0.0,1.0,1.0,shortcut,"(2, 3)",,4
96,O_bc0p3_s5_final,1.0,0.0,1.4334291867187496,2.0,1.0,0.0,0.0,1.0,0.0,0.0,1.0,11.0,shortcut,"(2, 3)",7,20
97,O_bc0p3_s5_final,0.0,0.0,0.0,0.0,1.0,0.0,0.0,1.0,0.0,0.0,1.0,3.0,shortcut,"(2, 3)",,5
98,O_bc0p3_s5_final,1.0,1.0,13.16293830696572,44.0,0.0,0.0,0.0,1.0,0.0,0.0,1.0,3.0,shortcut,"(2, 3)",7,
99,O_bc0p3_s5_final,0.0,0.0,0.0,0.0,1.0,0.0,0.0,1.0,0.0,0.0,1.0,1.0,shortcut,"(2, 3)",,3
100,O_bc0p3_s5_final,0.0,0.0,0.0,0.0,1.0,0.0,0.0,1.0,0.0,0.0,1.0,3.0,shortcut,"(2, 3)",,12
101,O_bc0p3_s5_final,0.0,0.0,0.0,0.0,1.0,0.0,0.0,1.0,0.0,0.0,1.0,1.0,shortcut,"(2, 3)",,3
102,O_bc0p3_s5_final,1.0,1.0,13.16293830696572,44.0,0.0,0.0,0.0,1.0,0.0,0.0,1.0,3.0,shortcut,"(2, 3)",7,
103,O_bc0p3_s5_final,1.0,1.0,12.42784641634072,43.0,0.0,0.0,0.0,1.0,0.0,0.0,1.0,3.0,shortcut,"(2, 3)",8,
104,O_bc0p3_s5_final,0.0,0.0,0.0,0.0,1.0,0.0,0.0,1.0,0.0,0.0,1.0,2.0,shortcut,"(2, 3)",,4
105,O_bc0p3_s5_final,1.0,1.0,8.214600076776321,36.0,0.0,0.0,0.0,1.0,0.0,0.0,1.0,9.0,shortcut,"(2, 3)",15,
106,O_bc0p3_s5_final,0.0,0.0,0.0,0.0,1.0,0.0,0.0,1.0,0.0,0.0,1.0,2.0,shortcut,"(2, 3)",,4
107,O_bc0p3_s5_final,1.0,1.0,11.72950912024697,42.0,0.0,1.0,1.0,0.0,0.0,1.0,0.0,0.0,lower,"(1, 2)",9,
108,O_bc0p3_s5_final,0.0,0.0,0.0,0.0,1.0,0.0,0.0,1.0,0.0,0.0,1.0,3.0,shortcut,"(2, 3)",,5
109,O_bc0p3_s5_final,0.0,0.0,0.0,0.0,1.0,0.0,0.0,1.0,0.0,0.0,1.0,3.0,shortcut,"(2, 3)",,5
110,O_bc0p3_s5_final,0.0,0.0,0.0,0.0,1.0,0.0,0.0,1.0,0.0,0.0,1.0,3.0,shortcut,"(2, 3)",,5
111,O_bc0p3_s5_final,0.0,0.0,0.0,0.0,1.0,0.0,0.0,1.0,0.0,0.0,1.0,1.0,shortcut,"(2, 3)",,3
112,O_bc0p3_s5_final,0.0,0.0,0.0,0.0,1.0,0.0,0.0,1.0,0.0,0.0,1.0,3.0,shortcut,"(2, 3)",,5
113,O_bc0p3_s5_final,0.0,0.0,0.0,0.0,1.0,0.0,0.0,1.0,0.0,0.0,1.0,2.0,shortcut,"(2, 3)",,4
114,O_bc0p3_s5_final,0.0,0.0,0.0,0.0,1.0,0.0,0.0,1.0,0.0,0.0,1.0,3.0,shortcut,"(2, 3)",,7
115,O_bc0p3_s5_final,0.0,0.0,0.0,0.0,1.0,0.0,0.0,1.0,0.0,0.0,1.0,1.0,shortcut,"(2, 3)",,3
116,O_bc0p3_s5_final,1.0,1.0,13.16293830696572,44.0,0.0,0.0,0.0,1.0,0.0,0.0,1.0,3.0,shortcut,"(2, 3)",7,
117,O_bc0p3_s5_final,0.0,0.0,0.0,0.0,1.0,0.0,0.0,1.0,0.0,0.0,1.0,2.0,shortcut,"(2, 3)",,4
118,O_bc0p3_s5_final,1.0,1.0,13.16293830696572,44.0,0.0,0.0,0.0,1.0,0.0,0.0,1.0,3.0,shortcut,"(2, 3)",7,
119,O_bc0p3_s5_final,0.0,0.0,0.0,0.0,1.0,0.0,0.0,1.0,0.0,0.0,1.0,2.0,shortcut,"(2, 3)",,7
120,O_bc0p3_s5_final,0.0,0.0,0.0,0.0,1.0,0.0,0.0,1.0,0.0,0.0,1.0,3.0,shortcut,"(2, 3)",,7
121,O_bc0p3_s5_final,1.0,1.0,13.16293830696572,44.0,0.0,0.0,0.0,1.0,0.0,0.0,1.0,3.0,shortcut,"(2, 3)",7,
122,O_bc0p3_s5_final,0.0,0.0,0.0,0.0,1.0,0.0,0.0,1.0,0.0,0.0,1.0,1.0,shortcut,"(2, 3)",,3
123,O_bc0p3_s5_final,1.0,0.0,1.2289863489629878,2.0,1.0,0.0,0.0,1.0,0.0,0.0,1.0,7.0,shortcut,"(2, 3)",10,15
124,O_bc0p3_s5_final,0.0,0.0,0.0,0.0,1.0,0.0,0.0,1.0,0.0,0.0,1.0,3.0,shortcut,"(2, 3)",,7
125,O_bc0p3_s5_final,1.0,1.0,13.16293830696572,44.0,0.0,0.0,0.0,1.0,0.0,0.0,1.0,3.0,shortcut,"(2, 3)",7,
126,O_bc0p3_s5_final,0.0,0.0,0.0,0.0,1.0,0.0,0.0,1.0,0.0,0.0,1.0,2.0,shortcut,"(2, 3)",,4
127,O_bc0p3_s5_final,1.0,1.0,11.72950912024697,42.0,0.0,1.0,1.0,0.0,0.0,1.0,0.0,0.0,lower,"(1, 2)",9,
128,O_bc0p3_s5_final,0.0,0.0,0.0,0.0,1.0,0.0,0.0,1.0,0.0,0.0,1.0,3.0,shortcut,"(2, 3)",,7
129,O_bc0p3_s5_final,1.0,1.0,13.16293830696572,44.0,0.0,0.0,0.0,1.0,0.0,0.0,1.0,3.0,shortcut,"(2, 3)",7,
130,O_bc0p3_s5_final,0.0,0.0,0.0,0.0,1.0,0.0,0.0,1.0,0.0,0.0,1.0,1.0,shortcut,"(2, 3)",,3
131,O_bc0p3_s5_final,0.0,0.0,0.0,0.0,1.0,0.0,0.0,1.0,0.0,0.0,1.0,2.0,shortcut,"(2, 3)",,4
132,O_bc0p3_s5_final,0.0,0.0,0.0,0.0,1.0,0.0,0.0,1.0,0.0,0.0,1.0,3.0,shortcut,"(2, 3)",,5
133,O_bc0p3_s5_final,0.0,0.0,0.0,0.0,1.0,0.0,0.0,1.0,0.0,0.0,1.0,3.0,shortcut,"(2, 3)",,5
134,O_bc0p3_s5_final,0.0,0.0,0.0,0.0,1.0,0.0,0.0,1.0,0.0,0.0,1.0,2.0,shortcut,"(2, 3)",,4
135,O_bc0p3_s5_final,1.0,1.0,13.16293830696572,44.0,0.0,1.0,0.0,0.0,0.0,1.0,0.0,3.0,lower,"(1, 2)",7,
136,O_bc0p3_s5_final,0.0,0.0,0.0,0.0,1.0,0.0,0.0,1.0,0.0,0.0,1.0,2.0,shortcut,"(2, 3)",,5
137,O_bc0p3_s5_final,0.0,0.0,0.0,0.0,1.0,0.0,0.0,1.0,0.0,0.0,1.0,3.0,shortcut,"(2, 3)",,5
138,O_bc0p3_s5_final,1.0,1.0,9.837102339994921,39.0,0.0,1.0,1.0,0.0,0.0,0.0,1.0,0.0,lower,"(2, 3)",12,
139,O_bc0p3_s5_final,0.0,0.0,0.0,0.0,1.0,0.0,0.0,1.0,0.0,0.0,1.0,3.0,shortcut,"(2, 3)",,5
140,O_bc0p3_s5_final,0.0,0.0,0.0,0.0,1.0,0.0,0.0,1.0,0.0,0.0,1.0,1.0,shortcut,"(2, 3)",,3
141,O_bc0p3_s5_final,0.0,0.0,0.0,0.0,1.0,0.0,0.0,1.0,0.0,0.0,1.0,2.0,shortcut,"(2, 3)",,4
142,O_bc0p3_s5_final,1.0,1.0,12.42784641634072,43.0,0.0,0.0,0.0,1.0,0.0,0.0,1.0,4.0,shortcut,"(2, 3)",8,
143,O_bc0p3_s5_final,1.0,1.0,13.16293830696572,44.0,0.0,0.0,0.0,1.0,0.0,0.0,1.0,3.0,shortcut,"(2, 3)",7,
144,O_bc0p3_s5_final,0.0,0.0,0.0,0.0,1.0,0.0,0.0,1.0,0.0,0.0,1.0,1.0,shortcut,"(2, 3)",,3
145,O_bc0p3_s5_final,0.0,0.0,0.0,0.0,1.0,0.0,0.0,1.0,0.0,0.0,1.0,3.0,shortcut,"(2, 3)",,6
146,O_bc0p3_s5_final,0.0,0.0,0.0,0.0,1.0,0.0,0.0,1.0,0.0,0.0,1.0,9.0,shortcut,"(2, 3)",,13
147,O_bc0p3_s5_final,0.0,0.0,0.0,0.0,1.0,0.0,0.0,1.0,0.0,0.0,1.0,2.0,shortcut,"(2, 3)",,4
148,O_bc0p3_s5_final,1.0,1.0,13.16293830696572,44.0,0.0,0.0,0.0,1.0,0.0,0.0,1.0,3.0,shortcut,"(2, 3)",7,
149,O_bc0p3_s5_final,0.0,0.0,0.0,0.0,1.0,0.0,0.0,1.0,0.0,0.0,1.0,1.0,shortcut,"(2, 3)",,3
150,O_bc0p3_s5_final,1.0,1.0,13.16293830696572,44.0,0.0,0.0,0.0,1.0,0.0,0.0,1.0,3.0,shortcut,"(2, 3)",7,
151,O_bc0p3_s5_final,0.0,0.0,0.0,0.0,1.0,0.0,0.0,1.0,0.0,0.0,1.0,2.0,shortcut,"(2, 3)",,4
152,O_bc0p3_s5_final,0.0,0.0,0.0,0.0,1.0,0.0,0.0,1.0,0.0,0.0,1.0,2.0,shortcut,"(2, 3)",,4
153,O_bc0p3_s5_final,0.0,0.0,0.0,0.0,1.0,0.0,0.0,1.0,0.0,0.0,1.0,1.0,shortcut,"(2, 3)",,5
154,O_bc0p3_s5_final,0.0,0.0,0.0,0.0,1.0,0.0,0.0,1.0,0.0,0.0,1.0,1.0,shortcut,"(2, 3)",,3
155,O_bc0p3_s5_final,0.0,0.0,0.0,0.0,1.0,0.0,0.0,1.0,0.0,0.0,1.0,1.0,shortcut,"(2, 3)",,3
156,O_bc0p3_s5_final,0.0,0.0,0.0,0.0,1.0,0.0,0.0,1.0,0.0,0.0,1.0,2.0,shortcut,"(2, 3)",,4
157,O_bc0p3_s5_final,0.0,0.0,0.0,0.0,1.0,0.0,0.0,1.0,0.0,0.0,1.0,1.0,shortcut,"(2, 3)",,7
158,O_bc0p3_s5_final,0.0,0.0,0.0,0.0,1.0,0.0,0.0,1.0,0.0,0.0,1.0,1.0,shortcut,"(2, 3)",,4
159,O_bc0p3_s5_final,0.0,0.0,0.0,0.0,1.0,0.0,0.0,1.0,0.0,0.0,1.0,1.0,shortcut,"(2, 3)",,5
160,O_bc0p3_s5_final,0.0,0.0,0.0,0.0,1.0,0.0,0.0,1.0,0.0,0.0,1.0,1.0,shortcut,"(2, 3)",,5
161,O_bc0p3_s5_final,0.0,0.0,0.0,0.0,1.0,0.0,0.0,1.0,0.0,0.0,1.0,2.0,shortcut,"(2, 3)",,4
162,O_bc0p3_s5_final,0.0,0.0,0.0,0.0,1.0,0.0,0.0,1.0,0.0,0.0,1.0,1.0,shortcut,"(2, 3)",,3
163,O_bc0p3_s5_final,1.0,1.0,13.16293830696572,44.0,0.0,0.0,0.0,1.0,0.0,0.0,1.0,3.0,shortcut,"(2, 3)",7,
164,O_bc0p3_s5_final,0.0,0.0,0.0,0.0,1.0,1.0,0.0,0.0,0.0,1.0,0.0,2.0,lower,"(1, 2)",,7
165,O_bc0p3_s5_final,1.0,1.0,11.72950912024697,42.0,0.0,1.0,1.0,0.0,0.0,1.0,0.0,0.0,lower,"(1, 2)",9,
166,O_bc0p3_s5_final,0.0,0.0,0.0,0.0,1.0,0.0,0.0,1.0,0.0,0.0,1.0,1.0,shortcut,"(2, 3)",,3
167,O_bc0p3_s5_final,0.0,0.0,0.0,0.0,1.0,0.0,0.0,1.0,0.0,0.0,1.0,1.0,shortcut,"(2, 3)",,3
168,O_bc0p3_s5_final,0.0,0.0,0.0,0.0,1.0,1.0,0.0,0.0,0.0,1.0,0.0,2.0,lower,"(1, 2)",,11
169,O_bc0p3_s5_final,0.0,0.0,0.0,0.0,1.0,0.0,0.0,1.0,0.0,0.0,1.0,3.0,shortcut,"(2, 3)",,6
170,O_bc0p3_s5_final,1.0,1.0,13.16293830696572,44.0,0.0,0.0,0.0,1.0,0.0,0.0,1.0,3.0,shortcut,"(2, 3)",7,
171,O_bc0p3_s5_final,1.0,1.0,12.42784641634072,43.0,0.0,0.0,0.0,1.0,0.0,0.0,1.0,4.0,shortcut,"(2, 3)",8,
172,O_bc0p3_s5_final,0.0,0.0,0.0,0.0,1.0,0.0,0.0,1.0,0.0,0.0,1.0,2.0,shortcut,"(2, 3)",,4
173,O_bc0p3_s5_final,1.0,1.0,12.42784641634072,43.0,0.0,0.0,0.0,1.0,0.0,0.0,1.0,3.0,shortcut,"(2, 3)",8,
174,O_bc0p3_s5_final,0.0,0.0,0.0,0.0,1.0,0.0,0.0,1.0,0.0,0.0,1.0,6.0,shortcut,"(2, 3)",,8
175,O_bc0p3_s5_final,0.0,0.0,0.0,0.0,1.0,0.0,0.0,1.0,0.0,0.0,1.0,1.0,shortcut,"(2, 3)",,3
176,O_bc0p3_s5_final,0.0,0.0,0.0,0.0,1.0,0.0,0.0,1.0,0.0,0.0,1.0,4.0,shortcut,"(2, 3)",,7
177,O_bc0p3_s5_final,0.0,0.0,0.0,0.0,1.0,0.0,0.0,1.0,0.0,0.0,1.0,2.0,shortcut,"(2, 3)",,6
178,O_bc0p3_s5_final,1.0,1.0,12.42784641634072,43.0,0.0,0.0,0.0,1.0,0.0,0.0,1.0,4.0,shortcut,"(2, 3)",8,
179,O_bc0p3_s5_final,0.0,0.0,0.0,0.0,1.0,0.0,0.0,1.0,0.0,0.0,1.0,3.0,shortcut,"(2, 3)",,6
180,O_bc0p3_s5_final,1.0,1.0,11.066088688957908,41.0,0.0,1.0,1.0,0.0,0.0,1.0,0.0,0.0,lower,"(1, 2)",10,
181,O_bc0p3_s5_final,1.0,1.0,13.16293830696572,44.0,0.0,0.0,0.0,1.0,0.0,0.0,1.0,3.0,shortcut,"(2, 3)",7,
182,O_bc0p3_s5_final,1.0,1.0,13.16293830696572,44.0,0.0,0.0,0.0,1.0,0.0,0.0,1.0,4.0,shortcut,"(2, 3)",7,
183,O_bc0p3_s5_final,0.0,0.0,0.0,0.0,1.0,0.0,0.0,1.0,0.0,0.0,1.0,4.0,shortcut,"(2, 3)",,6
184,O_bc0p3_s5_final,0.0,0.0,0.0,0.0,1.0,0.0,0.0,1.0,0.0,0.0,1.0,6.0,shortcut,"(2, 3)",,8
185,O_bc0p3_s5_final,0.0,0.0,0.0,0.0,1.0,0.0,0.0,1.0,0.0,0.0,1.0,1.0,shortcut,"(2, 3)",,3
186,O_bc0p3_s5_final,1.0,1.0,13.16293830696572,44.0,0.0,0.0,0.0,1.0,0.0,0.0,1.0,3.0,shortcut,"(2, 3)",7,
187,O_bc0p3_s5_final,0.0,0.0,0.0,0.0,1.0,0.0,0.0,1.0,0.0,0.0,1.0,1.0,shortcut,"(2, 3)",,7
188,O_bc0p3_s5_final,1.0,1.0,13.16293830696572,44.0,0.0,0.0,0.0,1.0,0.0,0.0,1.0,3.0,shortcut,"(2, 3)",7,
189,O_bc0p3_s5_final,0.0,0.0,0.0,0.0,1.0,0.0,0.0,1.0,0.0,0.0,1.0,1.0,shortcut,"(2, 3)",,3
190,O_bc0p3_s5_final,0.0,0.0,0.0,0.0,1.0,0.0,0.0,1.0,0.0,0.0,1.0,1.0,shortcut,"(2, 3)",,6
191,O_bc0p3_s5_final,1.0,1.0,13.16293830696572,44.0,0.0,0.0,0.0,1.0,0.0,0.0,1.0,3.0,shortcut,"(2, 3)",7,
192,O_bc0p3_s5_final,0.0,0.0,0.0,0.0,1.0,0.0,0.0,1.0,0.0,0.0,1.0,6.0,shortcut,"(2, 3)",,9
193,O_bc0p3_s5_final,0.0,0.0,0.0,0.0,1.0,0.0,0.0,1.0,0.0,0.0,1.0,2.0,shortcut,"(2, 3)",,4
194,O_bc0p3_s5_final,1.0,1.0,12.42784641634072,43.0,0.0,0.0,0.0,1.0,0.0,0.0,1.0,3.0,shortcut,"(2, 3)",8,
195,O_bc0p3_s5_final,0.0,0.0,0.0,0.0,1.0,0.0,0.0,1.0,0.0,0.0,1.0,7.0,shortcut,"(2, 3)",,11
196,O_bc0p3_s5_final,0.0,0.0,0.0,0.0,1.0,0.0,0.0,1.0,0.0,0.0,1.0,1.0,shortcut,"(2, 3)",,3
197,O_bc0p3_s5_final,0.0,0.0,0.0,0.0,1.0,0.0,0.0,1.0,0.0,0.0,1.0,1.0,shortcut,"(2, 3)",,3
198,O_bc0p3_s5_final,0.0,0.0,0.0,0.0,1.0,0.0,0.0,1.0,0.0,0.0,1.0,3.0,shortcut,"(2, 3)",,6
199,O_bc0p3_s5_final,0.0,0.0,0.0,0.0,1.0,0.0,0.0,1.0,0.0,0.0,1.0,1.0,shortcut,"(2, 3)",,3
0,O_bc0p1_s3_final,1.0,1.0,11.72950912024697,42.0,0.0,0.0,0.0,1.0,0.0,0.0,1.0,4.0,shortcut,"(2, 3)",9,
1,O_bc0p1_s3_final,0.0,0.0,0.0,0.0,1.0,0.0,0.0,1.0,0.0,0.0,1.0,3.0,shortcut,"(2, 3)",,5
2,O_bc0p1_s3_final,0.0,0.0,0.0,0.0,1.0,0.0,0.0,1.0,0.0,0.0,1.0,1.0,shortcut,"(2, 3)",,3
3,O_bc0p1_s3_final,1.0,1.0,13.16293830696572,44.0,0.0,0.0,0.0,1.0,0.0,0.0,1.0,3.0,shortcut,"(2, 3)",7,
4,O_bc0p1_s3_final,1.0,1.0,11.72950912024697,42.0,0.0,0.0,0.0,1.0,0.0,0.0,1.0,5.0,shortcut,"(2, 3)",9,
5,O_bc0p1_s3_final,1.0,1.0,13.16293830696572,44.0,0.0,0.0,0.0,1.0,0.0,0.0,1.0,3.0,shortcut,"(2, 3)",7,
6,O_bc0p1_s3_final,0.0,0.0,0.0,0.0,1.0,0.0,0.0,1.0,0.0,0.0,1.0,3.0,shortcut,"(2, 3)",,5
7,O_bc0p1_s3_final,0.0,0.0,0.0,0.0,1.0,0.0,0.0,1.0,0.0,0.0,1.0,3.0,shortcut,"(2, 3)",,5
8,O_bc0p1_s3_final,0.0,0.0,0.0,0.0,1.0,0.0,0.0,1.0,0.0,0.0,1.0,3.0,shortcut,"(2, 3)",,5
9,O_bc0p1_s3_final,1.0,1.0,11.72950912024697,42.0,0.0,1.0,1.0,0.0,0.0,1.0,0.0,0.0,lower,"(1, 2)",9,
10,O_bc0p1_s3_final,0.0,0.0,0.0,0.0,1.0,0.0,0.0,1.0,0.0,0.0,1.0,1.0,shortcut,"(2, 3)",,3
11,O_bc0p1_s3_final,0.0,0.0,0.0,0.0,1.0,0.0,0.0,1.0,0.0,0.0,1.0,2.0,shortcut,"(2, 3)",,4
12,O_bc0p1_s3_final,0.0,0.0,0.0,0.0,1.0,0.0,0.0,1.0,0.0,0.0,1.0,4.0,shortcut,"(2, 3)",,6
13,O_bc0p1_s3_final,0.0,0.0,0.0,0.0,1.0,0.0,0.0,1.0,0.0,0.0,1.0,2.0,shortcut,"(2, 3)",,5
14,O_bc0p1_s3_final,0.0,0.0,0.0,0.0,1.0,0.0,0.0,1.0,0.0,0.0,1.0,2.0,shortcut,"(2, 3)",,4
15,O_bc0p1_s3_final,1.0,1.0,13.16293830696572,44.0,0.0,0.0,0.0,1.0,0.0,0.0,1.0,3.0,shortcut,"(2, 3)",7,
16,O_bc0p1_s3_final,1.0,1.0,11.066088688957908,41.0,0.0,1.0,1.0,0.0,0.0,1.0,0.0,0.0,lower,"(1, 2)",10,
17,O_bc0p1_s3_final,0.0,0.0,0.0,0.0,1.0,0.0,0.0,1.0,0.0,0.0,1.0,2.0,shortcut,"(2, 3)",,4
18,O_bc0p1_s3_final,1.0,1.0,11.72950912024697,42.0,0.0,0.0,0.0,1.0,0.0,0.0,1.0,5.0,shortcut,"(2, 3)",9,
19,O_bc0p1_s3_final,0.0,0.0,0.0,0.0,1.0,0.0,0.0,1.0,0.0,0.0,1.0,1.0,shortcut,"(2, 3)",,3
20,O_bc0p1_s3_final,0.0,0.0,0.0,0.0,1.0,0.0,0.0,1.0,0.0,0.0,1.0,4.0,shortcut,"(2, 3)",,6
21,O_bc0p1_s3_final,0.0,0.0,0.0,0.0,1.0,0.0,0.0,1.0,0.0,0.0,1.0,3.0,shortcut,"(2, 3)",,5
22,O_bc0p1_s3_final,0.0,0.0,0.0,0.0,1.0,0.0,0.0,1.0,0.0,0.0,1.0,1.0,shortcut,"(2, 3)",,3
23,O_bc0p1_s3_final,0.0,0.0,0.0,0.0,1.0,0.0,0.0,1.0,0.0,0.0,1.0,2.0,shortcut,"(2, 3)",,6
24,O_bc0p1_s3_final,1.0,1.0,12.42784641634072,43.0,0.0,1.0,0.0,0.0,0.0,1.0,0.0,3.0,lower,"(1, 2)",8,
25,O_bc0p1_s3_final,0.0,0.0,0.0,0.0,1.0,0.0,0.0,1.0,0.0,0.0,1.0,3.0,shortcut,"(2, 3)",,5
26,O_bc0p1_s3_final,1.0,1.0,13.16293830696572,44.0,0.0,0.0,0.0,1.0,0.0,0.0,1.0,3.0,shortcut,"(2, 3)",7,
27,O_bc0p1_s3_final,1.0,1.0,12.42784641634072,43.0,0.0,0.0,0.0,1.0,0.0,0.0,1.0,4.0,shortcut,"(2, 3)",8,
28,O_bc0p1_s3_final,1.0,1.0,13.16293830696572,44.0,0.0,0.0,0.0,1.0,0.0,0.0,1.0,3.0,shortcut,"(2, 3)",7,
29,O_bc0p1_s3_final,0.0,0.0,0.0,0.0,1.0,0.0,0.0,1.0,0.0,0.0,1.0,1.0,shortcut,"(2, 3)",,3
30,O_bc0p1_s3_final,0.0,0.0,0.0,0.0,1.0,0.0,0.0,1.0,0.0,0.0,1.0,1.0,shortcut,"(2, 3)",,3
31,O_bc0p1_s3_final,0.0,0.0,0.0,0.0,1.0,0.0,0.0,1.0,0.0,0.0,1.0,1.0,shortcut,"(2, 3)",,3
32,O_bc0p1_s3_final,0.0,0.0,0.0,0.0,1.0,0.0,0.0,1.0,0.0,0.0,1.0,2.0,shortcut,"(2, 3)",,4
33,O_bc0p1_s3_final,0.0,0.0,0.0,0.0,1.0,0.0,0.0,1.0,0.0,0.0,1.0,2.0,shortcut,"(2, 3)",,5
34,O_bc0p1_s3_final,1.0,1.0,13.16293830696572,44.0,0.0,0.0,0.0,1.0,0.0,0.0,1.0,3.0,shortcut,"(2, 3)",7,
35,O_bc0p1_s3_final,0.0,0.0,0.0,0.0,1.0,0.0,0.0,1.0,0.0,0.0,1.0,3.0,shortcut,"(2, 3)",,5
36,O_bc0p1_s3_final,0.0,0.0,0.0,0.0,1.0,0.0,0.0,1.0,0.0,0.0,1.0,2.0,shortcut,"(2, 3)",,4
37,O_bc0p1_s3_final,0.0,0.0,0.0,0.0,1.0,0.0,0.0,1.0,0.0,0.0,1.0,3.0,shortcut,"(2, 3)",,5
38,O_bc0p1_s3_final,1.0,1.0,11.72950912024697,42.0,0.0,0.0,0.0,1.0,0.0,0.0,1.0,5.0,shortcut,"(2, 3)",9,
39,O_bc0p1_s3_final,1.0,1.0,13.16293830696572,44.0,0.0,0.0,0.0,1.0,0.0,0.0,1.0,3.0,shortcut,"(2, 3)",7,
40,O_bc0p1_s3_final,1.0,1.0,13.16293830696572,44.0,0.0,0.0,0.0,1.0,0.0,0.0,1.0,3.0,shortcut,"(2, 3)",7,
41,O_bc0p1_s3_final,1.0,1.0,13.16293830696572,44.0,0.0,0.0,0.0,1.0,0.0,0.0,1.0,3.0,shortcut,"(2, 3)",7,
42,O_bc0p1_s3_final,0.0,0.0,0.0,0.0,1.0,0.0,0.0,1.0,0.0,0.0,1.0,3.0,shortcut,"(2, 3)",,6
43,O_bc0p1_s3_final,1.0,1.0,13.16293830696572,44.0,0.0,0.0,0.0,1.0,0.0,0.0,1.0,3.0,shortcut,"(2, 3)",7,
44,O_bc0p1_s3_final,1.0,1.0,13.16293830696572,44.0,0.0,0.0,0.0,1.0,0.0,0.0,1.0,3.0,shortcut,"(2, 3)",7,
45,O_bc0p1_s3_final,0.0,0.0,0.0,0.0,1.0,0.0,0.0,1.0,0.0,0.0,1.0,1.0,shortcut,"(2, 3)",,3
46,O_bc0p1_s3_final,0.0,0.0,0.0,0.0,1.0,0.0,0.0,1.0,0.0,0.0,1.0,3.0,shortcut,"(2, 3)",,5
47,O_bc0p1_s3_final,1.0,1.0,11.066088688957908,41.0,0.0,1.0,1.0,0.0,0.0,1.0,0.0,0.0,lower,"(1, 2)",10,
48,O_bc0p1_s3_final,0.0,0.0,0.0,0.0,1.0,0.0,0.0,1.0,0.0,0.0,1.0,1.0,shortcut,"(2, 3)",,3
49,O_bc0p1_s3_final,1.0,1.0,13.16293830696572,44.0,0.0,0.0,0.0,1.0,0.0,0.0,1.0,3.0,shortcut,"(2, 3)",7,
50,O_bc0p1_s3_final,1.0,1.0,13.16293830696572,44.0,0.0,0.0,0.0,1.0,0.0,0.0,1.0,3.0,shortcut,"(2, 3)",7,
51,O_bc0p1_s3_final,1.0,1.0,13.16293830696572,44.0,0.0,0.0,0.0,1.0,0.0,0.0,1.0,3.0,shortcut,"(2, 3)",7,
52,O_bc0p1_s3_final,0.0,0.0,0.0,0.0,1.0,0.0,0.0,1.0,0.0,0.0,1.0,2.0,shortcut,"(2, 3)",,4
53,O_bc0p1_s3_final,0.0,0.0,0.0,0.0,1.0,0.0,0.0,1.0,0.0,0.0,1.0,1.0,shortcut,"(2, 3)",,3
54,O_bc0p1_s3_final,0.0,0.0,0.0,0.0,1.0,0.0,0.0,1.0,0.0,0.0,1.0,1.0,shortcut,"(2, 3)",,3
55,O_bc0p1_s3_final,0.0,0.0,0.0,0.0,1.0,0.0,0.0,1.0,0.0,0.0,1.0,2.0,shortcut,"(2, 3)",,5
56,O_bc0p1_s3_final,0.0,0.0,0.0,0.0,1.0,0.0,0.0,1.0,0.0,0.0,1.0,2.0,shortcut,"(2, 3)",,4
57,O_bc0p1_s3_final,0.0,0.0,0.0,0.0,1.0,0.0,0.0,1.0,0.0,0.0,1.0,1.0,shortcut,"(2, 3)",,3
58,O_bc0p1_s3_final,0.0,0.0,0.0,0.0,1.0,0.0,0.0,1.0,0.0,0.0,1.0,3.0,shortcut,"(2, 3)",,5
59,O_bc0p1_s3_final,0.0,0.0,0.0,0.0,1.0,0.0,0.0,1.0,0.0,0.0,1.0,2.0,shortcut,"(2, 3)",,4
60,O_bc0p1_s3_final,1.0,1.0,11.72950912024697,42.0,0.0,1.0,1.0,0.0,0.0,1.0,0.0,0.0,lower,"(1, 2)",9,
61,O_bc0p1_s3_final,0.0,0.0,0.0,0.0,1.0,0.0,0.0,1.0,0.0,0.0,1.0,3.0,shortcut,"(2, 3)",,5
62,O_bc0p1_s3_final,1.0,1.0,11.066088688957908,41.0,0.0,1.0,1.0,0.0,0.0,1.0,0.0,0.0,lower,"(1, 2)",10,
63,O_bc0p1_s3_final,0.0,0.0,0.0,0.0,1.0,0.0,0.0,1.0,0.0,0.0,1.0,1.0,shortcut,"(2, 3)",,3
64,O_bc0p1_s3_final,0.0,0.0,0.0,0.0,1.0,0.0,0.0,1.0,0.0,0.0,1.0,4.0,shortcut,"(2, 3)",,6
65,O_bc0p1_s3_final,0.0,0.0,0.0,0.0,1.0,0.0,0.0,1.0,0.0,0.0,1.0,2.0,shortcut,"(2, 3)",,4
66,O_bc0p1_s3_final,0.0,0.0,0.0,0.0,1.0,0.0,0.0,1.0,0.0,0.0,1.0,2.0,shortcut,"(2, 3)",,5
67,O_bc0p1_s3_final,0.0,0.0,0.0,0.0,1.0,1.0,0.0,0.0,0.0,1.0,0.0,1.0,lower,"(1, 2)",,5
68,O_bc0p1_s3_final,1.0,1.0,13.16293830696572,44.0,0.0,0.0,0.0,1.0,0.0,0.0,1.0,3.0,shortcut,"(2, 3)",7,
69,O_bc0p1_s3_final,1.0,1.0,13.16293830696572,44.0,0.0,0.0,0.0,1.0,0.0,0.0,1.0,3.0,shortcut,"(2, 3)",7,
70,O_bc0p1_s3_final,1.0,1.0,13.16293830696572,44.0,0.0,0.0,0.0,1.0,0.0,0.0,1.0,3.0,shortcut,"(2, 3)",7,
71,O_bc0p1_s3_final,0.0,0.0,0.0,0.0,1.0,0.0,0.0,1.0,0.0,0.0,1.0,3.0,shortcut,"(2, 3)",,5
72,O_bc0p1_s3_final,0.0,0.0,0.0,0.0,1.0,0.0,0.0,1.0,0.0,0.0,1.0,3.0,shortcut,"(2, 3)",,5
73,O_bc0p1_s3_final,1.0,1.0,13.16293830696572,44.0,0.0,0.0,0.0,1.0,0.0,0.0,1.0,3.0,shortcut,"(2, 3)",7,
74,O_bc0p1_s3_final,1.0,1.0,10.4358392792333,40.0,0.0,1.0,1.0,0.0,0.0,1.0,0.0,0.0,lower,"(1, 2)",11,
75,O_bc0p1_s3_final,1.0,1.0,12.42784641634072,43.0,0.0,1.0,1.0,0.0,0.0,1.0,0.0,0.0,lower,"(1, 2)",8,
76,O_bc0p1_s3_final,0.0,0.0,0.0,0.0,1.0,0.0,0.0,1.0,0.0,0.0,1.0,1.0,shortcut,"(2, 3)",,3
77,O_bc0p1_s3_final,0.0,0.0,0.0,0.0,1.0,0.0,0.0,1.0,0.0,0.0,1.0,1.0,shortcut,"(2, 3)",,4
78,O_bc0p1_s3_final,0.0,0.0,0.0,0.0,1.0,0.0,0.0,1.0,0.0,0.0,1.0,2.0,shortcut,"(2, 3)",,4
79,O_bc0p1_s3_final,0.0,0.0,0.0,0.0,1.0,0.0,0.0,1.0,0.0,0.0,1.0,2.0,shortcut,"(2, 3)",,4
80,O_bc0p1_s3_final,0.0,0.0,0.0,0.0,1.0,0.0,0.0,1.0,0.0,0.0,1.0,2.0,shortcut,"(2, 3)",,4
81,O_bc0p1_s3_final,1.0,1.0,13.16293830696572,44.0,0.0,0.0,0.0,1.0,0.0,0.0,1.0,3.0,shortcut,"(2, 3)",7,
82,O_bc0p1_s3_final,1.0,1.0,12.42784641634072,43.0,0.0,0.0,0.0,1.0,0.0,0.0,1.0,4.0,shortcut,"(2, 3)",8,
83,O_bc0p1_s3_final,0.0,0.0,0.0,0.0,1.0,0.0,0.0,1.0,0.0,0.0,1.0,4.0,shortcut,"(2, 3)",,6
84,O_bc0p1_s3_final,1.0,1.0,12.42784641634072,43.0,0.0,1.0,1.0,0.0,0.0,1.0,0.0,0.0,lower,"(1, 2)",8,
85,O_bc0p1_s3_final,1.0,1.0,13.16293830696572,44.0,0.0,0.0,0.0,1.0,0.0,0.0,1.0,3.0,shortcut,"(2, 3)",7,
86,O_bc0p1_s3_final,0.0,0.0,0.0,0.0,1.0,0.0,0.0,1.0,0.0,0.0,1.0,2.0,shortcut,"(2, 3)",,4
87,O_bc0p1_s3_final,1.0,1.0,11.72950912024697,42.0,0.0,0.0,0.0,1.0,0.0,0.0,1.0,5.0,shortcut,"(2, 3)",9,
88,O_bc0p1_s3_final,0.0,0.0,0.0,0.0,1.0,0.0,0.0,1.0,0.0,0.0,1.0,3.0,shortcut,"(2, 3)",,6
89,O_bc0p1_s3_final,0.0,0.0,0.0,0.0,1.0,0.0,0.0,1.0,0.0,0.0,1.0,3.0,shortcut,"(2, 3)",,7
90,O_bc0p1_s3_final,1.0,1.0,13.16293830696572,44.0,0.0,0.0,0.0,1.0,0.0,0.0,1.0,3.0,shortcut,"(2, 3)",7,
91,O_bc0p1_s3_final,1.0,1.0,12.42784641634072,43.0,0.0,0.0,0.0,1.0,0.0,0.0,1.0,5.0,shortcut,"(2, 3)",8,
92,O_bc0p1_s3_final,0.0,0.0,0.0,0.0,1.0,0.0,0.0,1.0,0.0,0.0,1.0,1.0,shortcut,"(2, 3)",,3
93,O_bc0p1_s3_final,0.0,0.0,0.0,0.0,1.0,0.0,0.0,1.0,0.0,0.0,1.0,2.0,shortcut,"(2, 3)",,5
94,O_bc0p1_s3_final,0.0,0.0,0.0,0.0,1.0,0.0,0.0,1.0,0.0,0.0,1.0,1.0,shortcut,"(2, 3)",,3
95,O_bc0p1_s3_final,1.0,1.0,13.16293830696572,44.0,0.0,0.0,0.0,1.0,0.0,0.0,1.0,3.0,shortcut,"(2, 3)",7,
96,O_bc0p1_s3_final,0.0,0.0,0.0,0.0,1.0,0.0,0.0,1.0,0.0,0.0,1.0,1.0,shortcut,"(2, 3)",,3
97,O_bc0p1_s3_final,0.0,0.0,0.0,0.0,1.0,0.0,0.0,1.0,0.0,0.0,1.0,3.0,shortcut,"(2, 3)",,5
98,O_bc0p1_s3_final,1.0,1.0,13.16293830696572,44.0,0.0,0.0,0.0,1.0,0.0,0.0,1.0,3.0,shortcut,"(2, 3)",7,
99,O_bc0p1_s3_final,0.0,0.0,0.0,0.0,1.0,0.0,0.0,1.0,0.0,0.0,1.0,1.0,shortcut,"(2, 3)",,3
100,O_bc0p1_s3_final,0.0,0.0,0.0,0.0,1.0,0.0,0.0,1.0,0.0,0.0,1.0,1.0,shortcut,"(2, 3)",,6
101,O_bc0p1_s3_final,0.0,0.0,0.0,0.0,1.0,0.0,0.0,1.0,0.0,0.0,1.0,1.0,shortcut,"(2, 3)",,3
102,O_bc0p1_s3_final,1.0,1.0,13.16293830696572,44.0,0.0,0.0,0.0,1.0,0.0,0.0,1.0,3.0,shortcut,"(2, 3)",7,
103,O_bc0p1_s3_final,1.0,1.0,13.16293830696572,44.0,0.0,0.0,0.0,1.0,0.0,0.0,1.0,3.0,shortcut,"(2, 3)",7,
104,O_bc0p1_s3_final,0.0,0.0,0.0,0.0,1.0,0.0,0.0,1.0,0.0,0.0,1.0,2.0,shortcut,"(2, 3)",,4
105,O_bc0p1_s3_final,1.0,0.0,1.361757727382812,2.0,1.0,0.0,0.0,1.0,0.0,0.0,1.0,9.0,shortcut,"(2, 3)",8,14
106,O_bc0p1_s3_final,0.0,0.0,0.0,0.0,1.0,0.0,0.0,1.0,0.0,0.0,1.0,2.0,shortcut,"(2, 3)",,4
107,O_bc0p1_s3_final,1.0,1.0,11.72950912024697,42.0,0.0,1.0,1.0,0.0,0.0,1.0,0.0,0.0,lower,"(1, 2)",9,
108,O_bc0p1_s3_final,0.0,0.0,0.0,0.0,1.0,0.0,0.0,1.0,0.0,0.0,1.0,3.0,shortcut,"(2, 3)",,5
109,O_bc0p1_s3_final,1.0,1.0,13.16293830696572,44.0,0.0,0.0,0.0,1.0,0.0,0.0,1.0,3.0,shortcut,"(2, 3)",7,
110,O_bc0p1_s3_final,0.0,0.0,0.0,0.0,1.0,0.0,0.0,1.0,0.0,0.0,1.0,4.0,shortcut,"(2, 3)",,6
111,O_bc0p1_s3_final,0.0,0.0,0.0,0.0,1.0,0.0,0.0,1.0,0.0,0.0,1.0,1.0,shortcut,"(2, 3)",,3
112,O_bc0p1_s3_final,0.0,0.0,0.0,0.0,1.0,0.0,0.0,1.0,0.0,0.0,1.0,3.0,shortcut,"(2, 3)",,5
113,O_bc0p1_s3_final,0.0,0.0,0.0,0.0,1.0,0.0,0.0,1.0,0.0,0.0,1.0,2.0,shortcut,"(2, 3)",,4
114,O_bc0p1_s3_final,0.0,0.0,0.0,0.0,1.0,0.0,0.0,1.0,0.0,0.0,1.0,2.0,shortcut,"(2, 3)",,4
115,O_bc0p1_s3_final,0.0,0.0,0.0,0.0,1.0,0.0,0.0,1.0,0.0,0.0,1.0,1.0,shortcut,"(2, 3)",,3
116,O_bc0p1_s3_final,1.0,1.0,13.16293830696572,44.0,0.0,0.0,0.0,1.0,0.0,0.0,1.0,3.0,shortcut,"(2, 3)",7,
117,O_bc0p1_s3_final,0.0,0.0,0.0,0.0,1.0,0.0,0.0,1.0,0.0,0.0,1.0,2.0,shortcut,"(2, 3)",,4
118,O_bc0p1_s3_final,1.0,1.0,13.16293830696572,44.0,0.0,0.0,0.0,1.0,0.0,0.0,1.0,3.0,shortcut,"(2, 3)",7,
119,O_bc0p1_s3_final,0.0,0.0,0.0,0.0,1.0,0.0,0.0,1.0,0.0,0.0,1.0,2.0,shortcut,"(2, 3)",,6
120,O_bc0p1_s3_final,1.0,1.0,12.42784641634072,43.0,0.0,0.0,0.0,1.0,0.0,0.0,1.0,3.0,shortcut,"(2, 3)",8,
121,O_bc0p1_s3_final,1.0,1.0,13.16293830696572,44.0,0.0,0.0,0.0,1.0,0.0,0.0,1.0,3.0,shortcut,"(2, 3)",7,
122,O_bc0p1_s3_final,0.0,0.0,0.0,0.0,1.0,0.0,0.0,1.0,0.0,0.0,1.0,1.0,shortcut,"(2, 3)",,3
123,O_bc0p1_s3_final,1.0,1.0,12.42784641634072,43.0,0.0,0.0,0.0,1.0,0.0,0.0,1.0,3.0,shortcut,"(2, 3)",8,
124,O_bc0p1_s3_final,0.0,0.0,0.0,0.0,1.0,0.0,0.0,1.0,0.0,0.0,1.0,3.0,shortcut,"(2, 3)",,7
125,O_bc0p1_s3_final,1.0,1.0,13.16293830696572,44.0,0.0,0.0,0.0,1.0,0.0,0.0,1.0,3.0,shortcut,"(2, 3)",7,
126,O_bc0p1_s3_final,0.0,0.0,0.0,0.0,1.0,0.0,0.0,1.0,0.0,0.0,1.0,2.0,shortcut,"(2, 3)",,4
127,O_bc0p1_s3_final,1.0,1.0,11.72950912024697,42.0,0.0,1.0,1.0,0.0,0.0,1.0,0.0,0.0,lower,"(1, 2)",9,
128,O_bc0p1_s3_final,1.0,1.0,12.42784641634072,43.0,0.0,0.0,0.0,1.0,0.0,0.0,1.0,3.0,shortcut,"(2, 3)",8,
129,O_bc0p1_s3_final,1.0,1.0,13.16293830696572,44.0,0.0,0.0,0.0,1.0,0.0,0.0,1.0,3.0,shortcut,"(2, 3)",7,
130,O_bc0p1_s3_final,0.0,0.0,0.0,0.0,1.0,0.0,0.0,1.0,0.0,0.0,1.0,1.0,shortcut,"(2, 3)",,3
131,O_bc0p1_s3_final,0.0,0.0,0.0,0.0,1.0,0.0,0.0,1.0,0.0,0.0,1.0,2.0,shortcut,"(2, 3)",,4
132,O_bc0p1_s3_final,0.0,0.0,0.0,0.0,1.0,0.0,0.0,1.0,0.0,0.0,1.0,3.0,shortcut,"(2, 3)",,5
133,O_bc0p1_s3_final,0.0,0.0,0.0,0.0,1.0,0.0,0.0,1.0,0.0,0.0,1.0,3.0,shortcut,"(2, 3)",,5
134,O_bc0p1_s3_final,0.0,0.0,0.0,0.0,1.0,0.0,0.0,1.0,0.0,0.0,1.0,2.0,shortcut,"(2, 3)",,4
135,O_bc0p1_s3_final,1.0,1.0,13.16293830696572,44.0,0.0,1.0,0.0,0.0,0.0,1.0,0.0,3.0,lower,"(1, 2)",7,
136,O_bc0p1_s3_final,0.0,0.0,0.0,0.0,1.0,0.0,0.0,1.0,0.0,0.0,1.0,1.0,shortcut,"(2, 3)",,3
137,O_bc0p1_s3_final,1.0,1.0,11.72950912024697,42.0,0.0,1.0,1.0,0.0,0.0,1.0,0.0,0.0,lower,"(1, 2)",9,
138,O_bc0p1_s3_final,1.0,1.0,13.16293830696572,44.0,0.0,0.0,0.0,1.0,0.0,0.0,1.0,3.0,shortcut,"(2, 3)",7,
139,O_bc0p1_s3_final,0.0,0.0,0.0,0.0,1.0,0.0,0.0,1.0,0.0,0.0,1.0,3.0,shortcut,"(2, 3)",,5
140,O_bc0p1_s3_final,0.0,0.0,0.0,0.0,1.0,0.0,0.0,1.0,0.0,0.0,1.0,1.0,shortcut,"(2, 3)",,3
141,O_bc0p1_s3_final,0.0,0.0,0.0,0.0,1.0,0.0,0.0,1.0,0.0,0.0,1.0,2.0,shortcut,"(2, 3)",,4
142,O_bc0p1_s3_final,1.0,1.0,11.72950912024697,42.0,0.0,1.0,1.0,0.0,0.0,1.0,0.0,0.0,lower,"(1, 2)",9,
143,O_bc0p1_s3_final,1.0,1.0,13.16293830696572,44.0,0.0,0.0,0.0,1.0,0.0,0.0,1.0,3.0,shortcut,"(2, 3)",7,
144,O_bc0p1_s3_final,0.0,0.0,0.0,0.0,1.0,0.0,0.0,1.0,0.0,0.0,1.0,1.0,shortcut,"(2, 3)",,3
145,O_bc0p1_s3_final,1.0,1.0,13.16293830696572,44.0,0.0,0.0,0.0,1.0,0.0,0.0,1.0,3.0,shortcut,"(2, 3)",7,
146,O_bc0p1_s3_final,1.0,1.0,12.42784641634072,43.0,0.0,0.0,0.0,1.0,0.0,0.0,1.0,4.0,shortcut,"(2, 3)",8,
147,O_bc0p1_s3_final,0.0,0.0,0.0,0.0,1.0,0.0,0.0,1.0,0.0,0.0,1.0,2.0,shortcut,"(2, 3)",,4
148,O_bc0p1_s3_final,1.0,1.0,13.16293830696572,44.0,0.0,0.0,0.0,1.0,0.0,0.0,1.0,3.0,shortcut,"(2, 3)",7,
149,O_bc0p1_s3_final,0.0,0.0,0.0,0.0,1.0,0.0,0.0,1.0,0.0,0.0,1.0,1.0,shortcut,"(2, 3)",,3
150,O_bc0p1_s3_final,0.0,0.0,0.0,0.0,1.0,0.0,0.0,1.0,0.0,0.0,1.0,1.0,shortcut,"(2, 3)",,3
151,O_bc0p1_s3_final,0.0,0.0,0.0,0.0,1.0,0.0,0.0,1.0,0.0,0.0,1.0,2.0,shortcut,"(2, 3)",,4
152,O_bc0p1_s3_final,0.0,0.0,0.0,0.0,1.0,0.0,0.0,1.0,0.0,0.0,1.0,2.0,shortcut,"(2, 3)",,4
153,O_bc0p1_s3_final,1.0,1.0,12.42784641634072,43.0,0.0,0.0,0.0,1.0,0.0,0.0,1.0,3.0,shortcut,"(2, 3)",8,
154,O_bc0p1_s3_final,0.0,0.0,0.0,0.0,1.0,0.0,0.0,1.0,0.0,0.0,1.0,1.0,shortcut,"(2, 3)",,3
155,O_bc0p1_s3_final,0.0,0.0,0.0,0.0,1.0,0.0,0.0,1.0,0.0,0.0,1.0,1.0,shortcut,"(2, 3)",,3
156,O_bc0p1_s3_final,0.0,0.0,0.0,0.0,1.0,0.0,0.0,1.0,0.0,0.0,1.0,2.0,shortcut,"(2, 3)",,4
157,O_bc0p1_s3_final,0.0,0.0,0.0,0.0,1.0,0.0,0.0,1.0,0.0,0.0,1.0,2.0,shortcut,"(2, 3)",,6
158,O_bc0p1_s3_final,0.0,0.0,0.0,0.0,1.0,0.0,0.0,1.0,0.0,0.0,1.0,2.0,shortcut,"(2, 3)",,4
159,O_bc0p1_s3_final,0.0,0.0,0.0,0.0,1.0,0.0,0.0,1.0,0.0,0.0,1.0,3.0,shortcut,"(2, 3)",,6
160,O_bc0p1_s3_final,0.0,0.0,0.0,0.0,1.0,0.0,0.0,1.0,0.0,0.0,1.0,1.0,shortcut,"(2, 3)",,3
161,O_bc0p1_s3_final,0.0,0.0,0.0,0.0,1.0,0.0,0.0,1.0,0.0,0.0,1.0,2.0,shortcut,"(2, 3)",,4
162,O_bc0p1_s3_final,0.0,0.0,0.0,0.0,1.0,0.0,0.0,1.0,0.0,0.0,1.0,1.0,shortcut,"(2, 3)",,3
163,O_bc0p1_s3_final,1.0,1.0,13.16293830696572,44.0,0.0,0.0,0.0,1.0,0.0,0.0,1.0,3.0,shortcut,"(2, 3)",7,
164,O_bc0p1_s3_final,1.0,1.0,7.263633867501038,34.0,0.0,1.0,1.0,0.0,0.0,1.0,0.0,0.0,lower,"(1, 2)",17,
165,O_bc0p1_s3_final,1.0,1.0,11.72950912024697,42.0,0.0,1.0,1.0,0.0,0.0,1.0,0.0,0.0,lower,"(1, 2)",9,
166,O_bc0p1_s3_final,0.0,0.0,0.0,0.0,1.0,0.0,0.0,1.0,0.0,0.0,1.0,1.0,shortcut,"(2, 3)",,3
167,O_bc0p1_s3_final,0.0,0.0,0.0,0.0,1.0,0.0,0.0,1.0,0.0,0.0,1.0,1.0,shortcut,"(2, 3)",,3
168,O_bc0p1_s3_final,1.0,1.0,9.837102339994921,39.0,0.0,1.0,1.0,0.0,0.0,0.0,1.0,0.0,lower,"(2, 3)",12,
169,O_bc0p1_s3_final,0.0,0.0,0.0,0.0,1.0,0.0,0.0,1.0,0.0,0.0,1.0,2.0,shortcut,"(2, 3)",,4
170,O_bc0p1_s3_final,1.0,1.0,11.72950912024697,42.0,0.0,1.0,1.0,0.0,0.0,1.0,0.0,0.0,lower,"(1, 2)",9,
171,O_bc0p1_s3_final,1.0,1.0,13.16293830696572,44.0,0.0,0.0,0.0,1.0,0.0,0.0,1.0,3.0,shortcut,"(2, 3)",7,
172,O_bc0p1_s3_final,0.0,0.0,0.0,0.0,1.0,0.0,0.0,1.0,0.0,0.0,1.0,2.0,shortcut,"(2, 3)",,4
173,O_bc0p1_s3_final,0.0,0.0,0.0,0.0,1.0,0.0,0.0,1.0,0.0,0.0,1.0,2.0,shortcut,"(2, 3)",,5
174,O_bc0p1_s3_final,0.0,0.0,0.0,0.0,1.0,0.0,0.0,1.0,0.0,0.0,1.0,5.0,shortcut,"(2, 3)",,7
175,O_bc0p1_s3_final,0.0,0.0,0.0,0.0,1.0,0.0,0.0,1.0,0.0,0.0,1.0,1.0,shortcut,"(2, 3)",,3
176,O_bc0p1_s3_final,1.0,1.0,13.16293830696572,44.0,0.0,0.0,0.0,1.0,0.0,0.0,1.0,3.0,shortcut,"(2, 3)",7,
177,O_bc0p1_s3_final,1.0,1.0,12.42784641634072,43.0,0.0,0.0,0.0,1.0,0.0,0.0,1.0,3.0,shortcut,"(2, 3)",8,
178,O_bc0p1_s3_final,1.0,1.0,13.16293830696572,44.0,0.0,0.0,0.0,1.0,0.0,0.0,1.0,3.0,shortcut,"(2, 3)",7,
179,O_bc0p1_s3_final,1.0,1.0,11.72950912024697,42.0,0.0,1.0,1.0,0.0,0.0,1.0,0.0,0.0,lower,"(1, 2)",9,
180,O_bc0p1_s3_final,1.0,1.0,11.72950912024697,42.0,0.0,1.0,1.0,0.0,0.0,1.0,0.0,0.0,lower,"(1, 2)",9,
181,O_bc0p1_s3_final,1.0,1.0,13.16293830696572,44.0,0.0,0.0,0.0,1.0,0.0,0.0,1.0,3.0,shortcut,"(2, 3)",7,
182,O_bc0p1_s3_final,0.0,0.0,0.0,0.0,1.0,0.0,0.0,1.0,0.0,0.0,1.0,3.0,shortcut,"(2, 3)",,5
183,O_bc0p1_s3_final,0.0,0.0,0.0,0.0,1.0,0.0,0.0,1.0,0.0,0.0,1.0,2.0,shortcut,"(2, 3)",,4
184,O_bc0p1_s3_final,1.0,1.0,13.16293830696572,44.0,0.0,0.0,0.0,1.0,0.0,0.0,1.0,4.0,shortcut,"(2, 3)",7,
185,O_bc0p1_s3_final,0.0,0.0,0.0,0.0,1.0,0.0,0.0,1.0,0.0,0.0,1.0,1.0,shortcut,"(2, 3)",,3
186,O_bc0p1_s3_final,1.0,1.0,13.16293830696572,44.0,0.0,0.0,0.0,1.0,0.0,0.0,1.0,3.0,shortcut,"(2, 3)",7,
187,O_bc0p1_s3_final,0.0,0.0,0.0,0.0,1.0,0.0,0.0,1.0,0.0,0.0,1.0,1.0,shortcut,"(2, 3)",,4
188,O_bc0p1_s3_final,1.0,1.0,13.16293830696572,44.0,0.0,0.0,0.0,1.0,0.0,0.0,1.0,3.0,shortcut,"(2, 3)",7,
189,O_bc0p1_s3_final,0.0,0.0,0.0,0.0,1.0,0.0,0.0,1.0,0.0,0.0,1.0,1.0,shortcut,"(2, 3)",,3
190,O_bc0p1_s3_final,0.0,0.0,0.0,0.0,1.0,0.0,0.0,1.0,0.0,0.0,1.0,3.0,shortcut,"(2, 3)",,6
191,O_bc0p1_s3_final,1.0,1.0,13.16293830696572,44.0,0.0,0.0,0.0,1.0,0.0,0.0,1.0,3.0,shortcut,"(2, 3)",7,
192,O_bc0p1_s3_final,1.0,0.0,0.6983372960937497,1.0,1.0,0.0,0.0,1.0,0.0,0.0,1.0,5.0,shortcut,"(2, 3)",8,10
193,O_bc0p1_s3_final,0.0,0.0,0.0,0.0,1.0,0.0,0.0,1.0,0.0,0.0,1.0,2.0,shortcut,"(2, 3)",,4
194,O_bc0p1_s3_final,0.0,0.0,0.0,0.0,1.0,0.0,0.0,1.0,0.0,0.0,1.0,2.0,shortcut,"(2, 3)",,4
195,O_bc0p1_s3_final,0.0,0.0,0.0,0.0,1.0,0.0,0.0,1.0,0.0,0.0,1.0,4.0,shortcut,"(2, 3)",,6
196,O_bc0p1_s3_final,0.0,0.0,0.0,0.0,1.0,0.0,0.0,1.0,0.0,0.0,1.0,1.0,shortcut,"(2, 3)",,3
197,O_bc0p1_s3_final,0.0,0.0,0.0,0.0,1.0,0.0,0.0,1.0,0.0,0.0,1.0,1.0,shortcut,"(2, 3)",,3
198,O_bc0p1_s3_final,0.0,0.0,0.0,0.0,1.0,0.0,0.0,1.0,0.0,0.0,1.0,3.0,shortcut,"(2, 3)",,5
199,O_bc0p1_s3_final,0.0,0.0,0.0,0.0,1.0,0.0,0.0,1.0,0.0,0.0,1.0,1.0,shortcut,"(2, 3)",,3
0,O_bc0p05_s3_final,0.0,0.0,0.0,0.0,1.0,0.0,0.0,1.0,0.0,0.0,1.0,2.0,shortcut,"(2, 3)",,4
1,O_bc0p05_s3_final,0.0,0.0,0.0,0.0,1.0,0.0,0.0,1.0,0.0,0.0,1.0,3.0,shortcut,"(2, 3)",,5
2,O_bc0p05_s3_final,0.0,0.0,0.0,0.0,1.0,0.0,0.0,1.0,0.0,0.0,1.0,1.0,shortcut,"(2, 3)",,3
3,O_bc0p05_s3_final,1.0,1.0,13.16293830696572,44.0,0.0,0.0,0.0,1.0,0.0,0.0,1.0,3.0,shortcut,"(2, 3)",7,
4,O_bc0p05_s3_final,1.0,1.0,13.16293830696572,44.0,0.0,0.0,0.0,1.0,0.0,0.0,1.0,4.0,shortcut,"(2, 3)",7,
5,O_bc0p05_s3_final,1.0,1.0,13.16293830696572,44.0,0.0,0.0,0.0,1.0,0.0,0.0,1.0,3.0,shortcut,"(2, 3)",7,
6,O_bc0p05_s3_final,1.0,1.0,13.16293830696572,44.0,0.0,0.0,0.0,1.0,0.0,0.0,1.0,3.0,shortcut,"(2, 3)",7,
7,O_bc0p05_s3_final,0.0,0.0,0.0,0.0,1.0,0.0,0.0,1.0,0.0,0.0,1.0,3.0,shortcut,"(2, 3)",,5
8,O_bc0p05_s3_final,1.0,1.0,13.16293830696572,44.0,0.0,0.0,0.0,1.0,0.0,0.0,1.0,3.0,shortcut,"(2, 3)",7,
9,O_bc0p05_s3_final,1.0,1.0,13.16293830696572,44.0,0.0,0.0,0.0,1.0,0.0,0.0,1.0,3.0,shortcut,"(2, 3)",7,
10,O_bc0p05_s3_final,0.0,0.0,0.0,0.0,1.0,0.0,0.0,1.0,0.0,0.0,1.0,1.0,shortcut,"(2, 3)",,3
11,O_bc0p05_s3_final,0.0,0.0,0.0,0.0,1.0,0.0,0.0,1.0,0.0,0.0,1.0,2.0,shortcut,"(2, 3)",,4
12,O_bc0p05_s3_final,1.0,1.0,12.42784641634072,43.0,0.0,0.0,0.0,1.0,0.0,0.0,1.0,4.0,shortcut,"(2, 3)",8,
13,O_bc0p05_s3_final,1.0,1.0,13.16293830696572,44.0,0.0,0.0,0.0,1.0,0.0,0.0,1.0,3.0,shortcut,"(2, 3)",7,
14,O_bc0p05_s3_final,0.0,0.0,0.0,0.0,1.0,0.0,0.0,1.0,0.0,0.0,1.0,2.0,shortcut,"(2, 3)",,4
15,O_bc0p05_s3_final,1.0,1.0,13.16293830696572,44.0,0.0,0.0,0.0,1.0,0.0,0.0,1.0,3.0,shortcut,"(2, 3)",7,
16,O_bc0p05_s3_final,0.0,0.0,0.0,0.0,1.0,0.0,0.0,1.0,0.0,0.0,1.0,1.0,shortcut,"(2, 3)",,3
17,O_bc0p05_s3_final,0.0,0.0,0.0,0.0,1.0,0.0,0.0,1.0,0.0,0.0,1.0,2.0,shortcut,"(2, 3)",,4
18,O_bc0p05_s3_final,1.0,1.0,12.42784641634072,43.0,0.0,0.0,0.0,1.0,0.0,0.0,1.0,3.0,shortcut,"(2, 3)",8,
19,O_bc0p05_s3_final,0.0,0.0,0.0,0.0,1.0,0.0,0.0,1.0,0.0,0.0,1.0,1.0,shortcut,"(2, 3)",,3
20,O_bc0p05_s3_final,1.0,1.0,13.16293830696572,44.0,0.0,0.0,0.0,1.0,0.0,0.0,1.0,3.0,shortcut,"(2, 3)",7,
21,O_bc0p05_s3_final,0.0,0.0,0.0,0.0,1.0,0.0,0.0,1.0,0.0,0.0,1.0,3.0,shortcut,"(2, 3)",,5
22,O_bc0p05_s3_final,0.0,0.0,0.0,0.0,1.0,0.0,0.0,1.0,0.0,0.0,1.0,1.0,shortcut,"(2, 3)",,3
23,O_bc0p05_s3_final,0.0,0.0,0.0,0.0,1.0,0.0,0.0,1.0,0.0,0.0,1.0,3.0,shortcut,"(2, 3)",,5
24,O_bc0p05_s3_final,1.0,1.0,13.16293830696572,44.0,0.0,1.0,0.0,0.0,0.0,1.0,0.0,3.0,lower,"(1, 2)",7,
25,O_bc0p05_s3_final,0.0,0.0,0.0,0.0,1.0,0.0,0.0,1.0,0.0,0.0,1.0,3.0,shortcut,"(2, 3)",,5
26,O_bc0p05_s3_final,1.0,1.0,13.16293830696572,44.0,0.0,0.0,0.0,1.0,0.0,0.0,1.0,3.0,shortcut,"(2, 3)",7,
27,O_bc0p05_s3_final,0.0,0.0,0.0,0.0,1.0,0.0,0.0,1.0,0.0,0.0,1.0,3.0,shortcut,"(2, 3)",,5
28,O_bc0p05_s3_final,1.0,1.0,13.16293830696572,44.0,0.0,0.0,0.0,1.0,0.0,0.0,1.0,3.0,shortcut,"(2, 3)",7,
29,O_bc0p05_s3_final,0.0,0.0,0.0,0.0,1.0,0.0,0.0,1.0,0.0,0.0,1.0,1.0,shortcut,"(2, 3)",,3
30,O_bc0p05_s3_final,0.0,0.0,0.0,0.0,1.0,0.0,0.0,1.0,0.0,0.0,1.0,1.0,shortcut,"(2, 3)",,3
31,O_bc0p05_s3_final,0.0,0.0,0.0,0.0,1.0,0.0,0.0,1.0,0.0,0.0,1.0,1.0,shortcut,"(2, 3)",,3
32,O_bc0p05_s3_final,0.0,0.0,0.0,0.0,1.0,0.0,0.0,1.0,0.0,0.0,1.0,2.0,shortcut,"(2, 3)",,4
33,O_bc0p05_s3_final,0.0,0.0,0.0,0.0,1.0,0.0,0.0,1.0,0.0,0.0,1.0,2.0,shortcut,"(2, 3)",,4
34,O_bc0p05_s3_final,1.0,1.0,13.16293830696572,44.0,0.0,0.0,0.0,1.0,0.0,0.0,1.0,3.0,shortcut,"(2, 3)",7,
35,O_bc0p05_s3_final,0.0,0.0,0.0,0.0,1.0,0.0,0.0,1.0,0.0,0.0,1.0,3.0,shortcut,"(2, 3)",,5
36,O_bc0p05_s3_final,0.0,0.0,0.0,0.0,1.0,0.0,0.0,1.0,0.0,0.0,1.0,2.0,shortcut,"(2, 3)",,4
37,O_bc0p05_s3_final,1.0,1.0,13.16293830696572,44.0,0.0,0.0,0.0,1.0,0.0,0.0,1.0,3.0,shortcut,"(2, 3)",7,
38,O_bc0p05_s3_final,0.0,0.0,0.0,0.0,1.0,0.0,0.0,1.0,0.0,0.0,1.0,3.0,shortcut,"(2, 3)",,5
39,O_bc0p05_s3_final,1.0,1.0,13.16293830696572,44.0,0.0,0.0,0.0,1.0,0.0,0.0,1.0,3.0,shortcut,"(2, 3)",7,
40,O_bc0p05_s3_final,1.0,1.0,13.16293830696572,44.0,0.0,0.0,0.0,1.0,0.0,0.0,1.0,3.0,shortcut,"(2, 3)",7,
41,O_bc0p05_s3_final,1.0,1.0,13.16293830696572,44.0,0.0,0.0,0.0,1.0,0.0,0.0,1.0,3.0,shortcut,"(2, 3)",7,
42,O_bc0p05_s3_final,0.0,0.0,0.0,0.0,1.0,0.0,0.0,1.0,0.0,0.0,1.0,2.0,shortcut,"(2, 3)",,4
43,O_bc0p05_s3_final,1.0,1.0,13.16293830696572,44.0,0.0,0.0,0.0,1.0,0.0,0.0,1.0,3.0,shortcut,"(2, 3)",7,
44,O_bc0p05_s3_final,1.0,1.0,13.16293830696572,44.0,0.0,0.0,0.0,1.0,0.0,0.0,1.0,3.0,shortcut,"(2, 3)",7,
45,O_bc0p05_s3_final,0.0,0.0,0.0,0.0,1.0,0.0,0.0,1.0,0.0,0.0,1.0,1.0,shortcut,"(2, 3)",,3
46,O_bc0p05_s3_final,0.0,0.0,0.0,0.0,1.0,0.0,0.0,1.0,0.0,0.0,1.0,3.0,shortcut,"(2, 3)",,5
47,O_bc0p05_s3_final,0.0,0.0,0.0,0.0,1.0,0.0,0.0,1.0,0.0,0.0,1.0,1.0,shortcut,"(2, 3)",,3
48,O_bc0p05_s3_final,0.0,0.0,0.0,0.0,1.0,0.0,0.0,1.0,0.0,0.0,1.0,1.0,shortcut,"(2, 3)",,3
49,O_bc0p05_s3_final,1.0,1.0,13.16293830696572,44.0,0.0,0.0,0.0,1.0,0.0,0.0,1.0,3.0,shortcut,"(2, 3)",7,
50,O_bc0p05_s3_final,1.0,1.0,13.16293830696572,44.0,0.0,0.0,0.0,1.0,0.0,0.0,1.0,3.0,shortcut,"(2, 3)",7,
51,O_bc0p05_s3_final,1.0,1.0,13.16293830696572,44.0,0.0,0.0,0.0,1.0,0.0,0.0,1.0,3.0,shortcut,"(2, 3)",7,
52,O_bc0p05_s3_final,0.0,0.0,0.0,0.0,1.0,0.0,0.0,1.0,0.0,0.0,1.0,2.0,shortcut,"(2, 3)",,4
53,O_bc0p05_s3_final,0.0,0.0,0.0,0.0,1.0,0.0,0.0,1.0,0.0,0.0,1.0,1.0,shortcut,"(2, 3)",,3
54,O_bc0p05_s3_final,0.0,0.0,0.0,0.0,1.0,0.0,0.0,1.0,0.0,0.0,1.0,1.0,shortcut,"(2, 3)",,3
55,O_bc0p05_s3_final,0.0,0.0,0.0,0.0,1.0,0.0,0.0,1.0,0.0,0.0,1.0,2.0,shortcut,"(2, 3)",,5
56,O_bc0p05_s3_final,0.0,0.0,0.0,0.0,1.0,0.0,0.0,1.0,0.0,0.0,1.0,2.0,shortcut,"(2, 3)",,4
57,O_bc0p05_s3_final,0.0,0.0,0.0,0.0,1.0,0.0,0.0,1.0,0.0,0.0,1.0,1.0,shortcut,"(2, 3)",,3
58,O_bc0p05_s3_final,0.0,0.0,0.0,0.0,1.0,0.0,0.0,1.0,0.0,0.0,1.0,3.0,shortcut,"(2, 3)",,5
59,O_bc0p05_s3_final,0.0,0.0,0.0,0.0,1.0,0.0,0.0,1.0,0.0,0.0,1.0,2.0,shortcut,"(2, 3)",,4
60,O_bc0p05_s3_final,0.0,0.0,0.0,0.0,1.0,1.0,0.0,0.0,0.0,1.0,0.0,1.0,lower,"(1, 2)",,12
61,O_bc0p05_s3_final,0.0,0.0,0.0,0.0,1.0,0.0,0.0,1.0,0.0,0.0,1.0,3.0,shortcut,"(2, 3)",,5
62,O_bc0p05_s3_final,1.0,1.0,11.066088688957908,41.0,0.0,1.0,1.0,0.0,0.0,1.0,0.0,0.0,lower,"(1, 2)",10,
63,O_bc0p05_s3_final,0.0,0.0,0.0,0.0,1.0,0.0,0.0,1.0,0.0,0.0,1.0,1.0,shortcut,"(2, 3)",,3
64,O_bc0p05_s3_final,1.0,1.0,13.16293830696572,44.0,0.0,0.0,0.0,1.0,0.0,0.0,1.0,4.0,shortcut,"(2, 3)",7,
65,O_bc0p05_s3_final,0.0,0.0,0.0,0.0,1.0,0.0,0.0,1.0,0.0,0.0,1.0,2.0,shortcut,"(2, 3)",,4
66,O_bc0p05_s3_final,0.0,0.0,0.0,0.0,1.0,0.0,0.0,1.0,0.0,0.0,1.0,2.0,shortcut,"(2, 3)",,5
67,O_bc0p05_s3_final,0.0,0.0,0.0,0.0,1.0,0.0,0.0,1.0,0.0,0.0,1.0,1.0,shortcut,"(2, 3)",,5
68,O_bc0p05_s3_final,1.0,1.0,13.16293830696572,44.0,0.0,0.0,0.0,1.0,0.0,0.0,1.0,3.0,shortcut,"(2, 3)",7,
69,O_bc0p05_s3_final,1.0,1.0,13.16293830696572,44.0,0.0,0.0,0.0,1.0,0.0,0.0,1.0,3.0,shortcut,"(2, 3)",7,
70,O_bc0p05_s3_final,1.0,1.0,13.16293830696572,44.0,0.0,0.0,0.0,1.0,0.0,0.0,1.0,3.0,shortcut,"(2, 3)",7,
71,O_bc0p05_s3_final,0.0,0.0,0.0,0.0,1.0,0.0,0.0,1.0,0.0,0.0,1.0,3.0,shortcut,"(2, 3)",,5
72,O_bc0p05_s3_final,0.0,0.0,0.0,0.0,1.0,0.0,0.0,1.0,0.0,0.0,1.0,3.0,shortcut,"(2, 3)",,5
73,O_bc0p05_s3_final,1.0,1.0,13.16293830696572,44.0,0.0,0.0,0.0,1.0,0.0,0.0,1.0,3.0,shortcut,"(2, 3)",7,
74,O_bc0p05_s3_final,1.0,1.0,13.16293830696572,44.0,0.0,0.0,0.0,1.0,0.0,0.0,1.0,3.0,shortcut,"(2, 3)",7,
75,O_bc0p05_s3_final,1.0,1.0,11.72950912024697,42.0,0.0,1.0,1.0,0.0,0.0,1.0,0.0,0.0,lower,"(1, 2)",9,
76,O_bc0p05_s3_final,0.0,0.0,0.0,0.0,1.0,0.0,0.0,1.0,0.0,0.0,1.0,1.0,shortcut,"(2, 3)",,3
77,O_bc0p05_s3_final,0.0,0.0,0.0,0.0,1.0,0.0,0.0,1.0,0.0,0.0,1.0,1.0,shortcut,"(2, 3)",,4
78,O_bc0p05_s3_final,0.0,0.0,0.0,0.0,1.0,0.0,0.0,1.0,0.0,0.0,1.0,2.0,shortcut,"(2, 3)",,4
79,O_bc0p05_s3_final,0.0,0.0,0.0,0.0,1.0,0.0,0.0,1.0,0.0,0.0,1.0,2.0,shortcut,"(2, 3)",,4
80,O_bc0p05_s3_final,0.0,0.0,0.0,0.0,1.0,0.0,0.0,1.0,0.0,0.0,1.0,2.0,shortcut,"(2, 3)",,4
81,O_bc0p05_s3_final,1.0,1.0,13.16293830696572,44.0,0.0,0.0,0.0,1.0,0.0,0.0,1.0,3.0,shortcut,"(2, 3)",7,
82,O_bc0p05_s3_final,0.0,0.0,0.0,0.0,1.0,0.0,0.0,1.0,0.0,0.0,1.0,3.0,shortcut,"(2, 3)",,6
83,O_bc0p05_s3_final,1.0,1.0,13.16293830696572,44.0,0.0,0.0,0.0,1.0,0.0,0.0,1.0,3.0,shortcut,"(2, 3)",7,
84,O_bc0p05_s3_final,1.0,1.0,11.72950912024697,42.0,0.0,1.0,1.0,0.0,0.0,1.0,0.0,0.0,lower,"(1, 2)",9,
85,O_bc0p05_s3_final,1.0,1.0,13.16293830696572,44.0,0.0,0.0,0.0,1.0,0.0,0.0,1.0,3.0,shortcut,"(2, 3)",7,
86,O_bc0p05_s3_final,0.0,0.0,0.0,0.0,1.0,0.0,0.0,1.0,0.0,0.0,1.0,2.0,shortcut,"(2, 3)",,4
87,O_bc0p05_s3_final,1.0,1.0,11.72950912024697,42.0,0.0,0.0,0.0,1.0,0.0,0.0,1.0,4.0,shortcut,"(2, 3)",9,
88,O_bc0p05_s3_final,0.0,0.0,0.0,0.0,1.0,0.0,0.0,1.0,0.0,0.0,1.0,3.0,shortcut,"(2, 3)",,6
89,O_bc0p05_s3_final,0.0,0.0,0.0,0.0,1.0,0.0,0.0,1.0,0.0,0.0,1.0,3.0,shortcut,"(2, 3)",,6
90,O_bc0p05_s3_final,1.0,1.0,13.16293830696572,44.0,0.0,0.0,0.0,1.0,0.0,0.0,1.0,3.0,shortcut,"(2, 3)",7,
91,O_bc0p05_s3_final,1.0,1.0,13.16293830696572,44.0,0.0,0.0,0.0,1.0,0.0,0.0,1.0,3.0,shortcut,"(2, 3)",7,
92,O_bc0p05_s3_final,0.0,0.0,0.0,0.0,1.0,0.0,0.0,1.0,0.0,0.0,1.0,1.0,shortcut,"(2, 3)",,3
93,O_bc0p05_s3_final,0.0,0.0,0.0,0.0,1.0,0.0,0.0,1.0,0.0,0.0,1.0,2.0,shortcut,"(2, 3)",,5
94,O_bc0p05_s3_final,0.0,0.0,0.0,0.0,1.0,0.0,0.0,1.0,0.0,0.0,1.0,1.0,shortcut,"(2, 3)",,3
95,O_bc0p05_s3_final,1.0,1.0,13.16293830696572,44.0,0.0,0.0,0.0,1.0,0.0,0.0,1.0,3.0,shortcut,"(2, 3)",7,
96,O_bc0p05_s3_final,0.0,0.0,0.0,0.0,1.0,0.0,0.0,1.0,0.0,0.0,1.0,1.0,shortcut,"(2, 3)",,3
97,O_bc0p05_s3_final,0.0,0.0,0.0,0.0,1.0,0.0,0.0,1.0,0.0,0.0,1.0,3.0,shortcut,"(2, 3)",,5
98,O_bc0p05_s3_final,1.0,1.0,13.16293830696572,44.0,0.0,0.0,0.0,1.0,0.0,0.0,1.0,3.0,shortcut,"(2, 3)",7,
99,O_bc0p05_s3_final,0.0,0.0,0.0,0.0,1.0,0.0,0.0,1.0,0.0,0.0,1.0,1.0,shortcut,"(2, 3)",,3
100,O_bc0p05_s3_final,0.0,0.0,0.0,0.0,1.0,0.0,0.0,1.0,0.0,0.0,1.0,1.0,shortcut,"(2, 3)",,5
101,O_bc0p05_s3_final,0.0,0.0,0.0,0.0,1.0,0.0,0.0,1.0,0.0,0.0,1.0,1.0,shortcut,"(2, 3)",,3
102,O_bc0p05_s3_final,1.0,1.0,13.16293830696572,44.0,0.0,0.0,0.0,1.0,0.0,0.0,1.0,3.0,shortcut,"(2, 3)",7,
103,O_bc0p05_s3_final,1.0,1.0,13.16293830696572,44.0,0.0,0.0,0.0,1.0,0.0,0.0,1.0,3.0,shortcut,"(2, 3)",7,
104,O_bc0p05_s3_final,0.0,0.0,0.0,0.0,1.0,0.0,0.0,1.0,0.0,0.0,1.0,2.0,shortcut,"(2, 3)",,4
105,O_bc0p05_s3_final,1.0,1.0,13.16293830696572,44.0,0.0,0.0,0.0,1.0,0.0,0.0,1.0,3.0,shortcut,"(2, 3)",7,
106,O_bc0p05_s3_final,0.0,0.0,0.0,0.0,1.0,0.0,0.0,1.0,0.0,0.0,1.0,2.0,shortcut,"(2, 3)",,4
107,O_bc0p05_s3_final,1.0,1.0,13.16293830696572,44.0,0.0,0.0,0.0,1.0,0.0,0.0,1.0,3.0,shortcut,"(2, 3)",7,
108,O_bc0p05_s3_final,0.0,0.0,0.0,0.0,1.0,0.0,0.0,1.0,0.0,0.0,1.0,3.0,shortcut,"(2, 3)",,5
109,O_bc0p05_s3_final,1.0,1.0,13.16293830696572,44.0,0.0,0.0,0.0,1.0,0.0,0.0,1.0,3.0,shortcut,"(2, 3)",7,
110,O_bc0p05_s3_final,0.0,0.0,0.0,0.0,1.0,0.0,0.0,1.0,0.0,0.0,1.0,4.0,shortcut,"(2, 3)",,6
111,O_bc0p05_s3_final,0.0,0.0,0.0,0.0,1.0,0.0,0.0,1.0,0.0,0.0,1.0,1.0,shortcut,"(2, 3)",,3
112,O_bc0p05_s3_final,0.0,0.0,0.0,0.0,1.0,0.0,0.0,1.0,0.0,0.0,1.0,3.0,shortcut,"(2, 3)",,5
113,O_bc0p05_s3_final,0.0,0.0,0.0,0.0,1.0,0.0,0.0,1.0,0.0,0.0,1.0,2.0,shortcut,"(2, 3)",,4
114,O_bc0p05_s3_final,0.0,0.0,0.0,0.0,1.0,0.0,0.0,1.0,0.0,0.0,1.0,2.0,shortcut,"(2, 3)",,4
115,O_bc0p05_s3_final,0.0,0.0,0.0,0.0,1.0,0.0,0.0,1.0,0.0,0.0,1.0,1.0,shortcut,"(2, 3)",,3
116,O_bc0p05_s3_final,1.0,1.0,13.16293830696572,44.0,0.0,0.0,0.0,1.0,0.0,0.0,1.0,3.0,shortcut,"(2, 3)",7,
117,O_bc0p05_s3_final,0.0,0.0,0.0,0.0,1.0,0.0,0.0,1.0,0.0,0.0,1.0,2.0,shortcut,"(2, 3)",,4
118,O_bc0p05_s3_final,1.0,1.0,13.16293830696572,44.0,0.0,0.0,0.0,1.0,0.0,0.0,1.0,3.0,shortcut,"(2, 3)",7,
119,O_bc0p05_s3_final,0.0,0.0,0.0,0.0,1.0,0.0,0.0,1.0,0.0,0.0,1.0,2.0,shortcut,"(2, 3)",,6
120,O_bc0p05_s3_final,0.0,0.0,0.0,0.0,1.0,0.0,0.0,1.0,0.0,0.0,1.0,3.0,shortcut,"(2, 3)",,5
121,O_bc0p05_s3_final,1.0,1.0,13.16293830696572,44.0,0.0,0.0,0.0,1.0,0.0,0.0,1.0,3.0,shortcut,"(2, 3)",7,
122,O_bc0p05_s3_final,0.0,0.0,0.0,0.0,1.0,0.0,0.0,1.0,0.0,0.0,1.0,1.0,shortcut,"(2, 3)",,3
123,O_bc0p05_s3_final,1.0,1.0,13.16293830696572,44.0,0.0,0.0,0.0,1.0,0.0,0.0,1.0,4.0,shortcut,"(2, 3)",7,
124,O_bc0p05_s3_final,0.0,0.0,0.0,0.0,1.0,0.0,0.0,1.0,0.0,0.0,1.0,3.0,shortcut,"(2, 3)",,7
125,O_bc0p05_s3_final,1.0,1.0,13.16293830696572,44.0,0.0,0.0,0.0,1.0,0.0,0.0,1.0,3.0,shortcut,"(2, 3)",7,
126,O_bc0p05_s3_final,0.0,0.0,0.0,0.0,1.0,0.0,0.0,1.0,0.0,0.0,1.0,2.0,shortcut,"(2, 3)",,4
127,O_bc0p05_s3_final,1.0,1.0,11.72950912024697,42.0,0.0,1.0,1.0,0.0,0.0,1.0,0.0,0.0,lower,"(1, 2)",9,
128,O_bc0p05_s3_final,1.0,1.0,13.16293830696572,44.0,0.0,0.0,0.0,1.0,0.0,0.0,1.0,3.0,shortcut,"(2, 3)",7,
129,O_bc0p05_s3_final,1.0,1.0,13.16293830696572,44.0,0.0,0.0,0.0,1.0,0.0,0.0,1.0,3.0,shortcut,"(2, 3)",7,
130,O_bc0p05_s3_final,0.0,0.0,0.0,0.0,1.0,0.0,0.0,1.0,0.0,0.0,1.0,1.0,shortcut,"(2, 3)",,3
131,O_bc0p05_s3_final,0.0,0.0,0.0,0.0,1.0,0.0,0.0,1.0,0.0,0.0,1.0,2.0,shortcut,"(2, 3)",,4
132,O_bc0p05_s3_final,1.0,1.0,13.16293830696572,44.0,0.0,0.0,0.0,1.0,0.0,0.0,1.0,3.0,shortcut,"(2, 3)",7,
133,O_bc0p05_s3_final,0.0,0.0,0.0,0.0,1.0,0.0,0.0,1.0,0.0,0.0,1.0,3.0,shortcut,"(2, 3)",,5
134,O_bc0p05_s3_final,0.0,0.0,0.0,0.0,1.0,0.0,0.0,1.0,0.0,0.0,1.0,2.0,shortcut,"(2, 3)",,4
135,O_bc0p05_s3_final,1.0,1.0,13.16293830696572,44.0,0.0,1.0,0.0,0.0,0.0,1.0,0.0,3.0,lower,"(1, 2)",7,
136,O_bc0p05_s3_final,0.0,0.0,0.0,0.0,1.0,0.0,0.0,1.0,0.0,0.0,1.0,1.0,shortcut,"(2, 3)",,3
137,O_bc0p05_s3_final,0.0,0.0,0.0,0.0,1.0,0.0,0.0,1.0,0.0,0.0,1.0,3.0,shortcut,"(2, 3)",,5
138,O_bc0p05_s3_final,0.0,0.0,0.0,0.0,1.0,0.0,0.0,1.0,0.0,0.0,1.0,3.0,shortcut,"(2, 3)",,5
139,O_bc0p05_s3_final,0.0,0.0,0.0,0.0,1.0,0.0,0.0,1.0,0.0,0.0,1.0,3.0,shortcut,"(2, 3)",,5
140,O_bc0p05_s3_final,0.0,0.0,0.0,0.0,1.0,0.0,0.0,1.0,0.0,0.0,1.0,1.0,shortcut,"(2, 3)",,3
141,O_bc0p05_s3_final,0.0,0.0,0.0,0.0,1.0,0.0,0.0,1.0,0.0,0.0,1.0,2.0,shortcut,"(2, 3)",,4
142,O_bc0p05_s3_final,0.0,0.0,0.0,0.0,1.0,0.0,0.0,1.0,0.0,0.0,1.0,2.0,shortcut,"(2, 3)",,4
143,O_bc0p05_s3_final,1.0,1.0,13.16293830696572,44.0,0.0,0.0,0.0,1.0,0.0,0.0,1.0,3.0,shortcut,"(2, 3)",7,
144,O_bc0p05_s3_final,0.0,0.0,0.0,0.0,1.0,0.0,0.0,1.0,0.0,0.0,1.0,1.0,shortcut,"(2, 3)",,3
145,O_bc0p05_s3_final,1.0,1.0,13.16293830696572,44.0,0.0,0.0,0.0,1.0,0.0,0.0,1.0,3.0,shortcut,"(2, 3)",7,
146,O_bc0p05_s3_final,1.0,1.0,12.42784641634072,43.0,0.0,0.0,0.0,1.0,0.0,0.0,1.0,3.0,shortcut,"(2, 3)",8,
147,O_bc0p05_s3_final,0.0,0.0,0.0,0.0,1.0,0.0,0.0,1.0,0.0,0.0,1.0,2.0,shortcut,"(2, 3)",,4
148,O_bc0p05_s3_final,1.0,1.0,13.16293830696572,44.0,0.0,0.0,0.0,1.0,0.0,0.0,1.0,3.0,shortcut,"(2, 3)",7,
149,O_bc0p05_s3_final,0.0,0.0,0.0,0.0,1.0,0.0,0.0,1.0,0.0,0.0,1.0,1.0,shortcut,"(2, 3)",,3
150,O_bc0p05_s3_final,0.0,0.0,0.0,0.0,1.0,0.0,0.0,1.0,0.0,0.0,1.0,1.0,shortcut,"(2, 3)",,3
151,O_bc0p05_s3_final,0.0,0.0,0.0,0.0,1.0,0.0,0.0,1.0,0.0,0.0,1.0,2.0,shortcut,"(2, 3)",,4
152,O_bc0p05_s3_final,0.0,0.0,0.0,0.0,1.0,0.0,0.0,1.0,0.0,0.0,1.0,2.0,shortcut,"(2, 3)",,4
153,O_bc0p05_s3_final,0.0,0.0,0.0,0.0,1.0,0.0,0.0,1.0,0.0,0.0,1.0,3.0,shortcut,"(2, 3)",,5
154,O_bc0p05_s3_final,0.0,0.0,0.0,0.0,1.0,0.0,0.0,1.0,0.0,0.0,1.0,1.0,shortcut,"(2, 3)",,3
155,O_bc0p05_s3_final,0.0,0.0,0.0,0.0,1.0,0.0,0.0,1.0,0.0,0.0,1.0,1.0,shortcut,"(2, 3)",,3
156,O_bc0p05_s3_final,0.0,0.0,0.0,0.0,1.0,0.0,0.0,1.0,0.0,0.0,1.0,2.0,shortcut,"(2, 3)",,4
157,O_bc0p05_s3_final,0.0,0.0,0.0,0.0,1.0,0.0,0.0,1.0,0.0,0.0,1.0,2.0,shortcut,"(2, 3)",,6
158,O_bc0p05_s3_final,0.0,0.0,0.0,0.0,1.0,0.0,0.0,1.0,0.0,0.0,1.0,2.0,shortcut,"(2, 3)",,4
159,O_bc0p05_s3_final,1.0,1.0,13.16293830696572,44.0,0.0,0.0,0.0,1.0,0.0,0.0,1.0,3.0,shortcut,"(2, 3)",7,
160,O_bc0p05_s3_final,0.0,0.0,0.0,0.0,1.0,0.0,0.0,1.0,0.0,0.0,1.0,1.0,shortcut,"(2, 3)",,3
161,O_bc0p05_s3_final,0.0,0.0,0.0,0.0,1.0,0.0,0.0,1.0,0.0,0.0,1.0,2.0,shortcut,"(2, 3)",,4
162,O_bc0p05_s3_final,0.0,0.0,0.0,0.0,1.0,0.0,0.0,1.0,0.0,0.0,1.0,1.0,shortcut,"(2, 3)",,3
163,O_bc0p05_s3_final,1.0,1.0,13.16293830696572,44.0,0.0,0.0,0.0,1.0,0.0,0.0,1.0,3.0,shortcut,"(2, 3)",7,
164,O_bc0p05_s3_final,1.0,1.0,13.16293830696572,44.0,0.0,0.0,0.0,1.0,0.0,0.0,1.0,3.0,shortcut,"(2, 3)",7,
165,O_bc0p05_s3_final,0.0,0.0,0.0,0.0,1.0,0.0,0.0,1.0,0.0,0.0,1.0,1.0,shortcut,"(2, 3)",,3
166,O_bc0p05_s3_final,0.0,0.0,0.0,0.0,1.0,0.0,0.0,1.0,0.0,0.0,1.0,1.0,shortcut,"(2, 3)",,3
167,O_bc0p05_s3_final,0.0,0.0,0.0,0.0,1.0,0.0,0.0,1.0,0.0,0.0,1.0,1.0,shortcut,"(2, 3)",,3
168,O_bc0p05_s3_final,0.0,0.0,0.0,0.0,1.0,0.0,0.0,1.0,0.0,0.0,1.0,1.0,shortcut,"(2, 3)",,5
169,O_bc0p05_s3_final,0.0,0.0,0.0,0.0,1.0,0.0,0.0,1.0,0.0,0.0,1.0,2.0,shortcut,"(2, 3)",,4
170,O_bc0p05_s3_final,1.0,1.0,13.16293830696572,44.0,0.0,0.0,0.0,1.0,0.0,0.0,1.0,3.0,shortcut,"(2, 3)",7,
171,O_bc0p05_s3_final,1.0,1.0,13.16293830696572,44.0,0.0,0.0,0.0,1.0,0.0,0.0,1.0,3.0,shortcut,"(2, 3)",7,
172,O_bc0p05_s3_final,0.0,0.0,0.0,0.0,1.0,0.0,0.0,1.0,0.0,0.0,1.0,2.0,shortcut,"(2, 3)",,4
173,O_bc0p05_s3_final,0.0,0.0,0.0,0.0,1.0,0.0,0.0,1.0,0.0,0.0,1.0,1.0,shortcut,"(2, 3)",,3
174,O_bc0p05_s3_final,0.0,0.0,0.0,0.0,1.0,0.0,0.0,1.0,0.0,0.0,1.0,5.0,shortcut,"(2, 3)",,7
175,O_bc0p05_s3_final,0.0,0.0,0.0,0.0,1.0,0.0,0.0,1.0,0.0,0.0,1.0,1.0,shortcut,"(2, 3)",,3
176,O_bc0p05_s3_final,1.0,1.0,13.16293830696572,44.0,0.0,0.0,0.0,1.0,0.0,0.0,1.0,3.0,shortcut,"(2, 3)",7,
177,O_bc0p05_s3_final,1.0,1.0,13.16293830696572,44.0,0.0,0.0,0.0,1.0,0.0,0.0,1.0,3.0,shortcut,"(2, 3)",7,
178,O_bc0p05_s3_final,1.0,1.0,13.16293830696572,44.0,0.0,0.0,0.0,1.0,0.0,0.0,1.0,3.0,shortcut,"(2, 3)",7,
179,O_bc0p05_s3_final,0.0,0.0,0.0,0.0,1.0,0.0,0.0,1.0,0.0,0.0,1.0,3.0,shortcut,"(2, 3)",,5
180,O_bc0p05_s3_final,0.0,0.0,0.0,0.0,1.0,0.0,0.0,1.0,0.0,0.0,1.0,1.0,shortcut,"(2, 3)",,3
181,O_bc0p05_s3_final,1.0,1.0,13.16293830696572,44.0,0.0,0.0,0.0,1.0,0.0,0.0,1.0,3.0,shortcut,"(2, 3)",7,
182,O_bc0p05_s3_final,0.0,0.0,0.0,0.0,1.0,0.0,0.0,1.0,0.0,0.0,1.0,3.0,shortcut,"(2, 3)",,5
183,O_bc0p05_s3_final,0.0,0.0,0.0,0.0,1.0,0.0,0.0,1.0,0.0,0.0,1.0,2.0,shortcut,"(2, 3)",,4
184,O_bc0p05_s3_final,1.0,1.0,13.16293830696572,44.0,0.0,0.0,0.0,1.0,0.0,0.0,1.0,3.0,shortcut,"(2, 3)",7,
185,O_bc0p05_s3_final,0.0,0.0,0.0,0.0,1.0,0.0,0.0,1.0,0.0,0.0,1.0,1.0,shortcut,"(2, 3)",,3
186,O_bc0p05_s3_final,1.0,1.0,13.16293830696572,44.0,0.0,0.0,0.0,1.0,0.0,0.0,1.0,3.0,shortcut,"(2, 3)",7,
187,O_bc0p05_s3_final,0.0,0.0,0.0,0.0,1.0,0.0,0.0,1.0,0.0,0.0,1.0,4.0,shortcut,"(2, 3)",,6
188,O_bc0p05_s3_final,1.0,1.0,13.16293830696572,44.0,0.0,0.0,0.0,1.0,0.0,0.0,1.0,3.0,shortcut,"(2, 3)",7,
189,O_bc0p05_s3_final,0.0,0.0,0.0,0.0,1.0,0.0,0.0,1.0,0.0,0.0,1.0,1.0,shortcut,"(2, 3)",,3
190,O_bc0p05_s3_final,0.0,0.0,0.0,0.0,1.0,0.0,0.0,1.0,0.0,0.0,1.0,3.0,shortcut,"(2, 3)",,6
191,O_bc0p05_s3_final,1.0,1.0,13.16293830696572,44.0,0.0,0.0,0.0,1.0,0.0,0.0,1.0,3.0,shortcut,"(2, 3)",7,
192,O_bc0p05_s3_final,1.0,1.0,13.16293830696572,44.0,0.0,0.0,0.0,1.0,0.0,0.0,1.0,3.0,shortcut,"(2, 3)",7,
193,O_bc0p05_s3_final,0.0,0.0,0.0,0.0,1.0,0.0,0.0,1.0,0.0,0.0,1.0,2.0,shortcut,"(2, 3)",,4
194,O_bc0p05_s3_final,0.0,0.0,0.0,0.0,1.0,0.0,0.0,1.0,0.0,0.0,1.0,2.0,shortcut,"(2, 3)",,4
195,O_bc0p05_s3_final,1.0,1.0,13.16293830696572,44.0,0.0,0.0,0.0,1.0,0.0,0.0,1.0,3.0,shortcut,"(2, 3)",7,
196,O_bc0p05_s3_final,0.0,0.0,0.0,0.0,1.0,0.0,0.0,1.0,0.0,0.0,1.0,1.0,shortcut,"(2, 3)",,3
197,O_bc0p05_s3_final,0.0,0.0,0.0,0.0,1.0,0.0,0.0,1.0,0.0,0.0,1.0,1.0,shortcut,"(2, 3)",,3
198,O_bc0p05_s3_final,0.0,0.0,0.0,0.0,1.0,0.0,0.0,1.0,0.0,0.0,1.0,3.0,shortcut,"(2, 3)",,5
199,O_bc0p05_s3_final,0.0,0.0,0.0,0.0,1.0,0.0,0.0,1.0,0.0,0.0,1.0,1.0,shortcut,"(2, 3)",,3
0,O_bc0p1_s4_final,1.0,1.0,11.72950912024697,42.0,0.0,0.0,0.0,1.0,0.0,0.0,1.0,4.0,shortcut,"(2, 3)",9,
1,O_bc0p1_s4_final,0.0,0.0,0.0,0.0,1.0,0.0,0.0,1.0,0.0,0.0,1.0,3.0,shortcut,"(2, 3)",,5
2,O_bc0p1_s4_final,0.0,0.0,0.0,0.0,1.0,0.0,0.0,1.0,0.0,0.0,1.0,1.0,shortcut,"(2, 3)",,3
3,O_bc0p1_s4_final,1.0,1.0,13.16293830696572,44.0,0.0,0.0,0.0,1.0,0.0,0.0,1.0,3.0,shortcut,"(2, 3)",7,
4,O_bc0p1_s4_final,1.0,1.0,11.72950912024697,42.0,0.0,0.0,0.0,1.0,0.0,0.0,1.0,5.0,shortcut,"(2, 3)",9,
5,O_bc0p1_s4_final,1.0,0.0,1.4334291867187496,2.0,1.0,0.0,0.0,1.0,0.0,0.0,1.0,6.0,shortcut,"(2, 3)",7,11
6,O_bc0p1_s4_final,0.0,0.0,0.0,0.0,1.0,0.0,0.0,1.0,0.0,0.0,1.0,2.0,shortcut,"(2, 3)",,5
7,O_bc0p1_s4_final,0.0,0.0,0.0,0.0,1.0,0.0,0.0,1.0,0.0,0.0,1.0,3.0,shortcut,"(2, 3)",,5
8,O_bc0p1_s4_final,0.0,0.0,0.0,0.0,1.0,0.0,0.0,1.0,0.0,0.0,1.0,3.0,shortcut,"(2, 3)",,6
9,O_bc0p1_s4_final,1.0,1.0,13.16293830696572,44.0,0.0,0.0,0.0,1.0,0.0,0.0,1.0,3.0,shortcut,"(2, 3)",7,
10,O_bc0p1_s4_final,0.0,0.0,0.0,0.0,1.0,0.0,0.0,1.0,0.0,0.0,1.0,1.0,shortcut,"(2, 3)",,3
11,O_bc0p1_s4_final,0.0,0.0,0.0,0.0,1.0,0.0,0.0,1.0,0.0,0.0,1.0,2.0,shortcut,"(2, 3)",,4
12,O_bc0p1_s4_final,0.0,0.0,0.0,0.0,1.0,0.0,0.0,1.0,0.0,0.0,1.0,4.0,shortcut,"(2, 3)",,6
13,O_bc0p1_s4_final,1.0,1.0,13.16293830696572,44.0,0.0,0.0,0.0,1.0,0.0,0.0,1.0,3.0,shortcut,"(2, 3)",7,
14,O_bc0p1_s4_final,0.0,0.0,0.0,0.0,1.0,0.0,0.0,1.0,0.0,0.0,1.0,2.0,shortcut,"(2, 3)",,4
15,O_bc0p1_s4_final,1.0,1.0,13.16293830696572,44.0,0.0,0.0,0.0,1.0,0.0,0.0,1.0,3.0,shortcut,"(2, 3)",7,
16,O_bc0p1_s4_final,0.0,0.0,0.0,0.0,1.0,0.0,0.0,1.0,0.0,0.0,1.0,1.0,shortcut,"(2, 3)",,3
17,O_bc0p1_s4_final,0.0,0.0,0.0,0.0,1.0,0.0,0.0,1.0,0.0,0.0,1.0,2.0,shortcut,"(2, 3)",,4
18,O_bc0p1_s4_final,1.0,1.0,11.72950912024697,42.0,0.0,0.0,0.0,1.0,0.0,0.0,1.0,4.0,shortcut,"(2, 3)",9,
19,O_bc0p1_s4_final,0.0,0.0,0.0,0.0,1.0,0.0,0.0,1.0,0.0,0.0,1.0,1.0,shortcut,"(2, 3)",,3
20,O_bc0p1_s4_final,0.0,0.0,0.0,0.0,1.0,0.0,0.0,1.0,0.0,0.0,1.0,4.0,shortcut,"(2, 3)",,6
21,O_bc0p1_s4_final,0.0,0.0,0.0,0.0,1.0,0.0,0.0,1.0,0.0,0.0,1.0,3.0,shortcut,"(2, 3)",,5
22,O_bc0p1_s4_final,0.0,0.0,0.0,0.0,1.0,0.0,0.0,1.0,0.0,0.0,1.0,1.0,shortcut,"(2, 3)",,3
23,O_bc0p1_s4_final,0.0,0.0,0.0,0.0,1.0,0.0,0.0,1.0,0.0,0.0,1.0,2.0,shortcut,"(2, 3)",,6
24,O_bc0p1_s4_final,1.0,1.0,13.16293830696572,44.0,0.0,1.0,0.0,0.0,0.0,1.0,0.0,3.0,lower,"(1, 2)",7,
25,O_bc0p1_s4_final,0.0,0.0,0.0,0.0,1.0,0.0,0.0,1.0,0.0,0.0,1.0,3.0,shortcut,"(2, 3)",,5
26,O_bc0p1_s4_final,1.0,1.0,13.16293830696572,44.0,0.0,0.0,0.0,1.0,0.0,0.0,1.0,3.0,shortcut,"(2, 3)",7,
27,O_bc0p1_s4_final,1.0,1.0,11.72950912024697,42.0,0.0,0.0,0.0,1.0,0.0,0.0,1.0,4.0,shortcut,"(2, 3)",9,
28,O_bc0p1_s4_final,1.0,1.0,13.16293830696572,44.0,0.0,0.0,0.0,1.0,0.0,0.0,1.0,3.0,shortcut,"(2, 3)",7,
29,O_bc0p1_s4_final,0.0,0.0,0.0,0.0,1.0,0.0,0.0,1.0,0.0,0.0,1.0,1.0,shortcut,"(2, 3)",,3
30,O_bc0p1_s4_final,0.0,0.0,0.0,0.0,1.0,0.0,0.0,1.0,0.0,0.0,1.0,1.0,shortcut,"(2, 3)",,3
31,O_bc0p1_s4_final,0.0,0.0,0.0,0.0,1.0,0.0,0.0,1.0,0.0,0.0,1.0,1.0,shortcut,"(2, 3)",,3
32,O_bc0p1_s4_final,0.0,0.0,0.0,0.0,1.0,0.0,0.0,1.0,0.0,0.0,1.0,2.0,shortcut,"(2, 3)",,4
33,O_bc0p1_s4_final,0.0,0.0,0.0,0.0,1.0,0.0,0.0,1.0,0.0,0.0,1.0,2.0,shortcut,"(2, 3)",,5
34,O_bc0p1_s4_final,1.0,1.0,13.16293830696572,44.0,0.0,0.0,0.0,1.0,0.0,0.0,1.0,3.0,shortcut,"(2, 3)",7,
35,O_bc0p1_s4_final,0.0,0.0,0.0,0.0,1.0,0.0,0.0,1.0,0.0,0.0,1.0,3.0,shortcut,"(2, 3)",,5
36,O_bc0p1_s4_final,0.0,0.0,0.0,0.0,1.0,0.0,0.0,1.0,0.0,0.0,1.0,2.0,shortcut,"(2, 3)",,4
37,O_bc0p1_s4_final,1.0,1.0,12.42784641634072,43.0,0.0,0.0,0.0,1.0,0.0,0.0,1.0,4.0,shortcut,"(2, 3)",8,
38,O_bc0p1_s4_final,1.0,1.0,12.42784641634072,43.0,0.0,0.0,0.0,1.0,0.0,0.0,1.0,5.0,shortcut,"(2, 3)",8,
39,O_bc0p1_s4_final,1.0,1.0,13.16293830696572,44.0,0.0,0.0,0.0,1.0,0.0,0.0,1.0,3.0,shortcut,"(2, 3)",7,
40,O_bc0p1_s4_final,1.0,1.0,13.16293830696572,44.0,0.0,0.0,0.0,1.0,0.0,0.0,1.0,3.0,shortcut,"(2, 3)",7,
41,O_bc0p1_s4_final,1.0,1.0,13.16293830696572,44.0,0.0,0.0,0.0,1.0,0.0,0.0,1.0,3.0,shortcut,"(2, 3)",7,
42,O_bc0p1_s4_final,0.0,0.0,0.0,0.0,1.0,0.0,0.0,1.0,0.0,0.0,1.0,3.0,shortcut,"(2, 3)",,6
43,O_bc0p1_s4_final,1.0,1.0,13.16293830696572,44.0,0.0,0.0,0.0,1.0,0.0,0.0,1.0,3.0,shortcut,"(2, 3)",7,
44,O_bc0p1_s4_final,1.0,1.0,13.16293830696572,44.0,0.0,0.0,0.0,1.0,0.0,0.0,1.0,3.0,shortcut,"(2, 3)",7,
45,O_bc0p1_s4_final,0.0,0.0,0.0,0.0,1.0,0.0,0.0,1.0,0.0,0.0,1.0,1.0,shortcut,"(2, 3)",,3
46,O_bc0p1_s4_final,0.0,0.0,0.0,0.0,1.0,0.0,0.0,1.0,0.0,0.0,1.0,3.0,shortcut,"(2, 3)",,5
47,O_bc0p1_s4_final,0.0,0.0,0.0,0.0,1.0,0.0,0.0,1.0,0.0,0.0,1.0,1.0,shortcut,"(2, 3)",,3
48,O_bc0p1_s4_final,0.0,0.0,0.0,0.0,1.0,0.0,0.0,1.0,0.0,0.0,1.0,1.0,shortcut,"(2, 3)",,3
49,O_bc0p1_s4_final,1.0,1.0,13.16293830696572,44.0,0.0,0.0,0.0,1.0,0.0,0.0,1.0,3.0,shortcut,"(2, 3)",7,
50,O_bc0p1_s4_final,1.0,1.0,13.16293830696572,44.0,0.0,0.0,0.0,1.0,0.0,0.0,1.0,3.0,shortcut,"(2, 3)",7,
51,O_bc0p1_s4_final,1.0,1.0,13.16293830696572,44.0,0.0,0.0,0.0,1.0,0.0,0.0,1.0,3.0,shortcut,"(2, 3)",7,
52,O_bc0p1_s4_final,0.0,0.0,0.0,0.0,1.0,0.0,0.0,1.0,0.0,0.0,1.0,2.0,shortcut,"(2, 3)",,4
53,O_bc0p1_s4_final,0.0,0.0,0.0,0.0,1.0,0.0,0.0,1.0,0.0,0.0,1.0,1.0,shortcut,"(2, 3)",,3
54,O_bc0p1_s4_final,0.0,0.0,0.0,0.0,1.0,0.0,0.0,1.0,0.0,0.0,1.0,1.0,shortcut,"(2, 3)",,3
55,O_bc0p1_s4_final,0.0,0.0,0.0,0.0,1.0,0.0,0.0,1.0,0.0,0.0,1.0,2.0,shortcut,"(2, 3)",,5
56,O_bc0p1_s4_final,0.0,0.0,0.0,0.0,1.0,0.0,0.0,1.0,0.0,0.0,1.0,2.0,shortcut,"(2, 3)",,4
57,O_bc0p1_s4_final,0.0,0.0,0.0,0.0,1.0,0.0,0.0,1.0,0.0,0.0,1.0,1.0,shortcut,"(2, 3)",,3
58,O_bc0p1_s4_final,0.0,0.0,0.0,0.0,1.0,0.0,0.0,1.0,0.0,0.0,1.0,3.0,shortcut,"(2, 3)",,5
59,O_bc0p1_s4_final,0.0,0.0,0.0,0.0,1.0,0.0,0.0,1.0,0.0,0.0,1.0,2.0,shortcut,"(2, 3)",,4
60,O_bc0p1_s4_final,1.0,1.0,11.72950912024697,42.0,0.0,1.0,1.0,0.0,0.0,1.0,0.0,0.0,lower,"(1, 2)",9,
61,O_bc0p1_s4_final,0.0,0.0,0.0,0.0,1.0,0.0,0.0,1.0,0.0,0.0,1.0,3.0,shortcut,"(2, 3)",,5
62,O_bc0p1_s4_final,1.0,1.0,11.72950912024697,42.0,0.0,1.0,1.0,0.0,0.0,1.0,0.0,0.0,lower,"(1, 2)",9,
63,O_bc0p1_s4_final,0.0,0.0,0.0,0.0,1.0,0.0,0.0,1.0,0.0,0.0,1.0,1.0,shortcut,"(2, 3)",,3
64,O_bc0p1_s4_final,0.0,0.0,0.0,0.0,1.0,0.0,0.0,1.0,0.0,0.0,1.0,3.0,shortcut,"(2, 3)",,6
65,O_bc0p1_s4_final,0.0,0.0,0.0,0.0,1.0,0.0,0.0,1.0,0.0,0.0,1.0,2.0,shortcut,"(2, 3)",,4
66,O_bc0p1_s4_final,0.0,0.0,0.0,0.0,1.0,0.0,0.0,1.0,0.0,0.0,1.0,2.0,shortcut,"(2, 3)",,5
67,O_bc0p1_s4_final,0.0,0.0,0.0,0.0,1.0,0.0,0.0,1.0,0.0,0.0,1.0,1.0,shortcut,"(2, 3)",,5
68,O_bc0p1_s4_final,1.0,1.0,13.16293830696572,44.0,0.0,0.0,0.0,1.0,0.0,0.0,1.0,3.0,shortcut,"(2, 3)",7,
69,O_bc0p1_s4_final,1.0,1.0,13.16293830696572,44.0,0.0,0.0,0.0,1.0,0.0,0.0,1.0,3.0,shortcut,"(2, 3)",7,
70,O_bc0p1_s4_final,1.0,1.0,13.16293830696572,44.0,0.0,0.0,0.0,1.0,0.0,0.0,1.0,3.0,shortcut,"(2, 3)",7,
71,O_bc0p1_s4_final,0.0,0.0,0.0,0.0,1.0,0.0,0.0,1.0,0.0,0.0,1.0,3.0,shortcut,"(2, 3)",,5
72,O_bc0p1_s4_final,0.0,0.0,0.0,0.0,1.0,0.0,0.0,1.0,0.0,0.0,1.0,3.0,shortcut,"(2, 3)",,5
73,O_bc0p1_s4_final,1.0,1.0,13.16293830696572,44.0,0.0,0.0,0.0,1.0,0.0,0.0,1.0,3.0,shortcut,"(2, 3)",7,
74,O_bc0p1_s4_final,1.0,0.0,2.0968496180078118,3.0,1.0,0.0,0.0,1.0,0.0,0.0,1.0,5.0,shortcut,"(2, 3)",7,10
75,O_bc0p1_s4_final,0.0,0.0,0.0,0.0,1.0,0.0,0.0,1.0,0.0,0.0,1.0,2.0,shortcut,"(2, 3)",,4
76,O_bc0p1_s4_final,0.0,0.0,0.0,0.0,1.0,0.0,0.0,1.0,0.0,0.0,1.0,1.0,shortcut,"(2, 3)",,3
77,O_bc0p1_s4_final,0.0,0.0,0.0,0.0,1.0,0.0,0.0,1.0,0.0,0.0,1.0,1.0,shortcut,"(2, 3)",,4
78,O_bc0p1_s4_final,0.0,0.0,0.0,0.0,1.0,0.0,0.0,1.0,0.0,0.0,1.0,2.0,shortcut,"(2, 3)",,4
79,O_bc0p1_s4_final,0.0,0.0,0.0,0.0,1.0,0.0,0.0,1.0,0.0,0.0,1.0,2.0,shortcut,"(2, 3)",,4
80,O_bc0p1_s4_final,0.0,0.0,0.0,0.0,1.0,0.0,0.0,1.0,0.0,0.0,1.0,2.0,shortcut,"(2, 3)",,4
81,O_bc0p1_s4_final,1.0,1.0,13.16293830696572,44.0,0.0,0.0,0.0,1.0,0.0,0.0,1.0,3.0,shortcut,"(2, 3)",7,
82,O_bc0p1_s4_final,1.0,1.0,12.42784641634072,43.0,0.0,0.0,0.0,1.0,0.0,0.0,1.0,4.0,shortcut,"(2, 3)",8,
83,O_bc0p1_s4_final,1.0,1.0,13.16293830696572,44.0,0.0,0.0,0.0,1.0,0.0,0.0,1.0,3.0,shortcut,"(2, 3)",7,
84,O_bc0p1_s4_final,1.0,1.0,11.72950912024697,42.0,0.0,1.0,1.0,0.0,0.0,1.0,0.0,0.0,lower,"(1, 2)",9,
85,O_bc0p1_s4_final,1.0,1.0,13.16293830696572,44.0,0.0,0.0,0.0,1.0,0.0,0.0,1.0,3.0,shortcut,"(2, 3)",7,
86,O_bc0p1_s4_final,0.0,0.0,0.0,0.0,1.0,0.0,0.0,1.0,0.0,0.0,1.0,2.0,shortcut,"(2, 3)",,4
87,O_bc0p1_s4_final,1.0,1.0,11.72950912024697,42.0,0.0,0.0,0.0,1.0,0.0,0.0,1.0,4.0,shortcut,"(2, 3)",9,
88,O_bc0p1_s4_final,0.0,0.0,0.0,0.0,1.0,0.0,0.0,1.0,0.0,0.0,1.0,3.0,shortcut,"(2, 3)",,6
89,O_bc0p1_s4_final,0.0,0.0,0.0,0.0,1.0,0.0,0.0,1.0,0.0,0.0,1.0,3.0,shortcut,"(2, 3)",,7
90,O_bc0p1_s4_final,1.0,1.0,13.16293830696572,44.0,0.0,0.0,0.0,1.0,0.0,0.0,1.0,3.0,shortcut,"(2, 3)",7,
91,O_bc0p1_s4_final,1.0,1.0,11.72950912024697,42.0,0.0,0.0,0.0,1.0,0.0,0.0,1.0,5.0,shortcut,"(2, 3)",9,
92,O_bc0p1_s4_final,0.0,0.0,0.0,0.0,1.0,0.0,0.0,1.0,0.0,0.0,1.0,1.0,shortcut,"(2, 3)",,3
93,O_bc0p1_s4_final,0.0,0.0,0.0,0.0,1.0,0.0,0.0,1.0,0.0,0.0,1.0,2.0,shortcut,"(2, 3)",,5
94,O_bc0p1_s4_final,0.0,0.0,0.0,0.0,1.0,0.0,0.0,1.0,0.0,0.0,1.0,1.0,shortcut,"(2, 3)",,3
95,O_bc0p1_s4_final,1.0,1.0,13.16293830696572,44.0,0.0,0.0,0.0,1.0,0.0,0.0,1.0,3.0,shortcut,"(2, 3)",7,
96,O_bc0p1_s4_final,0.0,0.0,0.0,0.0,1.0,0.0,0.0,1.0,0.0,0.0,1.0,1.0,shortcut,"(2, 3)",,3
97,O_bc0p1_s4_final,0.0,0.0,0.0,0.0,1.0,0.0,0.0,1.0,0.0,0.0,1.0,3.0,shortcut,"(2, 3)",,5
98,O_bc0p1_s4_final,1.0,1.0,13.16293830696572,44.0,0.0,0.0,0.0,1.0,0.0,0.0,1.0,3.0,shortcut,"(2, 3)",7,
99,O_bc0p1_s4_final,0.0,0.0,0.0,0.0,1.0,0.0,0.0,1.0,0.0,0.0,1.0,1.0,shortcut,"(2, 3)",,3
100,O_bc0p1_s4_final,0.0,0.0,0.0,0.0,1.0,0.0,0.0,1.0,0.0,0.0,1.0,1.0,shortcut,"(2, 3)",,6
101,O_bc0p1_s4_final,0.0,0.0,0.0,0.0,1.0,0.0,0.0,1.0,0.0,0.0,1.0,1.0,shortcut,"(2, 3)",,3
102,O_bc0p1_s4_final,1.0,1.0,13.16293830696572,44.0,0.0,0.0,0.0,1.0,0.0,0.0,1.0,3.0,shortcut,"(2, 3)",7,
103,O_bc0p1_s4_final,1.0,1.0,13.16293830696572,44.0,0.0,0.0,0.0,1.0,0.0,0.0,1.0,3.0,shortcut,"(2, 3)",7,
104,O_bc0p1_s4_final,0.0,0.0,0.0,0.0,1.0,0.0,0.0,1.0,0.0,0.0,1.0,2.0,shortcut,"(2, 3)",,4
105,O_bc0p1_s4_final,1.0,0.0,1.361757727382812,2.0,1.0,0.0,0.0,1.0,0.0,0.0,1.0,6.0,shortcut,"(2, 3)",8,11
106,O_bc0p1_s4_final,0.0,0.0,0.0,0.0,1.0,0.0,0.0,1.0,0.0,0.0,1.0,2.0,shortcut,"(2, 3)",,4
107,O_bc0p1_s4_final,1.0,1.0,13.16293830696572,44.0,0.0,0.0,0.0,1.0,0.0,0.0,1.0,3.0,shortcut,"(2, 3)",7,
108,O_bc0p1_s4_final,0.0,0.0,0.0,0.0,1.0,0.0,0.0,1.0,0.0,0.0,1.0,3.0,shortcut,"(2, 3)",,5
109,O_bc0p1_s4_final,1.0,1.0,13.16293830696572,44.0,0.0,0.0,0.0,1.0,0.0,0.0,1.0,3.0,shortcut,"(2, 3)",7,
110,O_bc0p1_s4_final,0.0,0.0,0.0,0.0,1.0,0.0,0.0,1.0,0.0,0.0,1.0,4.0,shortcut,"(2, 3)",,6
111,O_bc0p1_s4_final,0.0,0.0,0.0,0.0,1.0,0.0,0.0,1.0,0.0,0.0,1.0,1.0,shortcut,"(2, 3)",,3
112,O_bc0p1_s4_final,0.0,0.0,0.0,0.0,1.0,0.0,0.0,1.0,0.0,0.0,1.0,3.0,shortcut,"(2, 3)",,5
113,O_bc0p1_s4_final,0.0,0.0,0.0,0.0,1.0,0.0,0.0,1.0,0.0,0.0,1.0,2.0,shortcut,"(2, 3)",,4
114,O_bc0p1_s4_final,0.0,0.0,0.0,0.0,1.0,0.0,0.0,1.0,0.0,0.0,1.0,2.0,shortcut,"(2, 3)",,4
115,O_bc0p1_s4_final,0.0,0.0,0.0,0.0,1.0,0.0,0.0,1.0,0.0,0.0,1.0,1.0,shortcut,"(2, 3)",,3
116,O_bc0p1_s4_final,1.0,1.0,13.16293830696572,44.0,0.0,0.0,0.0,1.0,0.0,0.0,1.0,3.0,shortcut,"(2, 3)",7,
117,O_bc0p1_s4_final,0.0,0.0,0.0,0.0,1.0,0.0,0.0,1.0,0.0,0.0,1.0,2.0,shortcut,"(2, 3)",,4
118,O_bc0p1_s4_final,1.0,1.0,13.16293830696572,44.0,0.0,0.0,0.0,1.0,0.0,0.0,1.0,3.0,shortcut,"(2, 3)",7,
119,O_bc0p1_s4_final,0.0,0.0,0.0,0.0,1.0,0.0,0.0,1.0,0.0,0.0,1.0,2.0,shortcut,"(2, 3)",,6
120,O_bc0p1_s4_final,1.0,1.0,13.16293830696572,44.0,0.0,0.0,0.0,1.0,0.0,0.0,1.0,3.0,shortcut,"(2, 3)",7,
121,O_bc0p1_s4_final,1.0,1.0,13.16293830696572,44.0,0.0,0.0,0.0,1.0,0.0,0.0,1.0,3.0,shortcut,"(2, 3)",7,
122,O_bc0p1_s4_final,0.0,0.0,0.0,0.0,1.0,0.0,0.0,1.0,0.0,0.0,1.0,1.0,shortcut,"(2, 3)",,3
123,O_bc0p1_s4_final,1.0,1.0,12.42784641634072,43.0,0.0,0.0,0.0,1.0,0.0,0.0,1.0,3.0,shortcut,"(2, 3)",8,
124,O_bc0p1_s4_final,0.0,0.0,0.0,0.0,1.0,0.0,0.0,1.0,0.0,0.0,1.0,3.0,shortcut,"(2, 3)",,7
125,O_bc0p1_s4_final,1.0,1.0,13.16293830696572,44.0,0.0,0.0,0.0,1.0,0.0,0.0,1.0,3.0,shortcut,"(2, 3)",7,
126,O_bc0p1_s4_final,0.0,0.0,0.0,0.0,1.0,0.0,0.0,1.0,0.0,0.0,1.0,2.0,shortcut,"(2, 3)",,4
127,O_bc0p1_s4_final,1.0,1.0,12.42784641634072,43.0,0.0,0.0,0.0,1.0,0.0,0.0,1.0,5.0,shortcut,"(2, 3)",8,
128,O_bc0p1_s4_final,1.0,1.0,13.16293830696572,44.0,0.0,0.0,0.0,1.0,0.0,0.0,1.0,4.0,shortcut,"(2, 3)",7,
129,O_bc0p1_s4_final,1.0,1.0,13.16293830696572,44.0,0.0,0.0,0.0,1.0,0.0,0.0,1.0,3.0,shortcut,"(2, 3)",7,
130,O_bc0p1_s4_final,0.0,0.0,0.0,0.0,1.0,0.0,0.0,1.0,0.0,0.0,1.0,1.0,shortcut,"(2, 3)",,3
131,O_bc0p1_s4_final,0.0,0.0,0.0,0.0,1.0,0.0,0.0,1.0,0.0,0.0,1.0,2.0,shortcut,"(2, 3)",,4
132,O_bc0p1_s4_final,1.0,1.0,13.16293830696572,44.0,0.0,0.0,0.0,1.0,0.0,0.0,1.0,3.0,shortcut,"(2, 3)",7,
133,O_bc0p1_s4_final,0.0,0.0,0.0,0.0,1.0,0.0,0.0,1.0,0.0,0.0,1.0,3.0,shortcut,"(2, 3)",,5
134,O_bc0p1_s4_final,0.0,0.0,0.0,0.0,1.0,0.0,0.0,1.0,0.0,0.0,1.0,2.0,shortcut,"(2, 3)",,4
135,O_bc0p1_s4_final,1.0,1.0,13.16293830696572,44.0,0.0,1.0,0.0,0.0,0.0,1.0,0.0,3.0,lower,"(1, 2)",7,
136,O_bc0p1_s4_final,0.0,0.0,0.0,0.0,1.0,0.0,0.0,1.0,0.0,0.0,1.0,1.0,shortcut,"(2, 3)",,3
137,O_bc0p1_s4_final,0.0,0.0,0.0,0.0,1.0,0.0,0.0,1.0,0.0,0.0,1.0,3.0,shortcut,"(2, 3)",,5
138,O_bc0p1_s4_final,1.0,1.0,13.16293830696572,44.0,0.0,0.0,0.0,1.0,0.0,0.0,1.0,3.0,shortcut,"(2, 3)",7,
139,O_bc0p1_s4_final,0.0,0.0,0.0,0.0,1.0,0.0,0.0,1.0,0.0,0.0,1.0,3.0,shortcut,"(2, 3)",,5
140,O_bc0p1_s4_final,0.0,0.0,0.0,0.0,1.0,0.0,0.0,1.0,0.0,0.0,1.0,1.0,shortcut,"(2, 3)",,3
141,O_bc0p1_s4_final,0.0,0.0,0.0,0.0,1.0,0.0,0.0,1.0,0.0,0.0,1.0,2.0,shortcut,"(2, 3)",,4
142,O_bc0p1_s4_final,0.0,0.0,0.0,0.0,1.0,0.0,0.0,1.0,0.0,0.0,1.0,2.0,shortcut,"(2, 3)",,4
143,O_bc0p1_s4_final,1.0,1.0,13.16293830696572,44.0,0.0,0.0,0.0,1.0,0.0,0.0,1.0,3.0,shortcut,"(2, 3)",7,
144,O_bc0p1_s4_final,0.0,0.0,0.0,0.0,1.0,0.0,0.0,1.0,0.0,0.0,1.0,1.0,shortcut,"(2, 3)",,3
145,O_bc0p1_s4_final,1.0,1.0,13.16293830696572,44.0,0.0,0.0,0.0,1.0,0.0,0.0,1.0,3.0,shortcut,"(2, 3)",7,
146,O_bc0p1_s4_final,1.0,0.0,0.6983372960937497,1.0,1.0,0.0,0.0,1.0,0.0,0.0,1.0,5.0,shortcut,"(2, 3)",8,9
147,O_bc0p1_s4_final,0.0,0.0,0.0,0.0,1.0,0.0,0.0,1.0,0.0,0.0,1.0,2.0,shortcut,"(2, 3)",,4
148,O_bc0p1_s4_final,1.0,1.0,13.16293830696572,44.0,0.0,0.0,0.0,1.0,0.0,0.0,1.0,3.0,shortcut,"(2, 3)",7,
149,O_bc0p1_s4_final,0.0,0.0,0.0,0.0,1.0,0.0,0.0,1.0,0.0,0.0,1.0,1.0,shortcut,"(2, 3)",,3
150,O_bc0p1_s4_final,0.0,0.0,0.0,0.0,1.0,0.0,0.0,1.0,0.0,0.0,1.0,1.0,shortcut,"(2, 3)",,3
151,O_bc0p1_s4_final,0.0,0.0,0.0,0.0,1.0,0.0,0.0,1.0,0.0,0.0,1.0,2.0,shortcut,"(2, 3)",,4
152,O_bc0p1_s4_final,0.0,0.0,0.0,0.0,1.0,0.0,0.0,1.0,0.0,0.0,1.0,2.0,shortcut,"(2, 3)",,4
153,O_bc0p1_s4_final,0.0,0.0,0.0,0.0,1.0,0.0,0.0,1.0,0.0,0.0,1.0,3.0,shortcut,"(2, 3)",,5
154,O_bc0p1_s4_final,0.0,0.0,0.0,0.0,1.0,0.0,0.0,1.0,0.0,0.0,1.0,1.0,shortcut,"(2, 3)",,3
155,O_bc0p1_s4_final,0.0,0.0,0.0,0.0,1.0,0.0,0.0,1.0,0.0,0.0,1.0,1.0,shortcut,"(2, 3)",,3
156,O_bc0p1_s4_final,0.0,0.0,0.0,0.0,1.0,0.0,0.0,1.0,0.0,0.0,1.0,2.0,shortcut,"(2, 3)",,4
157,O_bc0p1_s4_final,0.0,0.0,0.0,0.0,1.0,0.0,0.0,1.0,0.0,0.0,1.0,2.0,shortcut,"(2, 3)",,6
158,O_bc0p1_s4_final,0.0,0.0,0.0,0.0,1.0,0.0,0.0,1.0,0.0,0.0,1.0,2.0,shortcut,"(2, 3)",,4
159,O_bc0p1_s4_final,1.0,1.0,13.16293830696572,44.0,0.0,0.0,0.0,1.0,0.0,0.0,1.0,3.0,shortcut,"(2, 3)",7,
160,O_bc0p1_s4_final,0.0,0.0,0.0,0.0,1.0,0.0,0.0,1.0,0.0,0.0,1.0,1.0,shortcut,"(2, 3)",,3
161,O_bc0p1_s4_final,0.0,0.0,0.0,0.0,1.0,0.0,0.0,1.0,0.0,0.0,1.0,2.0,shortcut,"(2, 3)",,4
162,O_bc0p1_s4_final,0.0,0.0,0.0,0.0,1.0,0.0,0.0,1.0,0.0,0.0,1.0,1.0,shortcut,"(2, 3)",,3
163,O_bc0p1_s4_final,1.0,1.0,13.16293830696572,44.0,0.0,0.0,0.0,1.0,0.0,0.0,1.0,3.0,shortcut,"(2, 3)",7,
164,O_bc0p1_s4_final,0.0,0.0,0.0,0.0,1.0,1.0,0.0,0.0,0.0,1.0,0.0,3.0,lower,"(1, 2)",,9
165,O_bc0p1_s4_final,0.0,0.0,0.0,0.0,1.0,0.0,0.0,1.0,0.0,0.0,1.0,1.0,shortcut,"(2, 3)",,3
166,O_bc0p1_s4_final,0.0,0.0,0.0,0.0,1.0,0.0,0.0,1.0,0.0,0.0,1.0,1.0,shortcut,"(2, 3)",,3
167,O_bc0p1_s4_final,0.0,0.0,0.0,0.0,1.0,0.0,0.0,1.0,0.0,0.0,1.0,1.0,shortcut,"(2, 3)",,3
168,O_bc0p1_s4_final,0.0,0.0,0.0,0.0,1.0,0.0,0.0,1.0,0.0,0.0,1.0,1.0,shortcut,"(2, 3)",,5
169,O_bc0p1_s4_final,0.0,0.0,0.0,0.0,1.0,0.0,0.0,1.0,0.0,0.0,1.0,2.0,shortcut,"(2, 3)",,4
170,O_bc0p1_s4_final,1.0,1.0,13.16293830696572,44.0,0.0,0.0,0.0,1.0,0.0,0.0,1.0,3.0,shortcut,"(2, 3)",7,
171,O_bc0p1_s4_final,1.0,1.0,13.16293830696572,44.0,0.0,0.0,0.0,1.0,0.0,0.0,1.0,3.0,shortcut,"(2, 3)",7,
172,O_bc0p1_s4_final,0.0,0.0,0.0,0.0,1.0,0.0,0.0,1.0,0.0,0.0,1.0,2.0,shortcut,"(2, 3)",,4
173,O_bc0p1_s4_final,0.0,0.0,0.0,0.0,1.0,0.0,0.0,1.0,0.0,0.0,1.0,2.0,shortcut,"(2, 3)",,5
174,O_bc0p1_s4_final,0.0,0.0,0.0,0.0,1.0,0.0,0.0,1.0,0.0,0.0,1.0,5.0,shortcut,"(2, 3)",,7
175,O_bc0p1_s4_final,0.0,0.0,0.0,0.0,1.0,0.0,0.0,1.0,0.0,0.0,1.0,1.0,shortcut,"(2, 3)",,3
176,O_bc0p1_s4_final,1.0,1.0,13.16293830696572,44.0,0.0,0.0,0.0,1.0,0.0,0.0,1.0,3.0,shortcut,"(2, 3)",7,
177,O_bc0p1_s4_final,1.0,1.0,12.42784641634072,43.0,0.0,0.0,0.0,1.0,0.0,0.0,1.0,3.0,shortcut,"(2, 3)",8,
178,O_bc0p1_s4_final,1.0,1.0,13.16293830696572,44.0,0.0,0.0,0.0,1.0,0.0,0.0,1.0,3.0,shortcut,"(2, 3)",7,
179,O_bc0p1_s4_final,0.0,0.0,0.0,0.0,1.0,0.0,0.0,1.0,0.0,0.0,1.0,3.0,shortcut,"(2, 3)",,6
180,O_bc0p1_s4_final,0.0,0.0,0.0,0.0,1.0,0.0,0.0,1.0,0.0,0.0,1.0,1.0,shortcut,"(2, 3)",,3
181,O_bc0p1_s4_final,1.0,1.0,13.16293830696572,44.0,0.0,0.0,0.0,1.0,0.0,0.0,1.0,3.0,shortcut,"(2, 3)",7,
182,O_bc0p1_s4_final,0.0,0.0,0.0,0.0,1.0,0.0,0.0,1.0,0.0,0.0,1.0,3.0,shortcut,"(2, 3)",,5
183,O_bc0p1_s4_final,0.0,0.0,0.0,0.0,1.0,0.0,0.0,1.0,0.0,0.0,1.0,2.0,shortcut,"(2, 3)",,4
184,O_bc0p1_s4_final,1.0,1.0,12.42784641634072,43.0,0.0,0.0,0.0,1.0,0.0,0.0,1.0,4.0,shortcut,"(2, 3)",8,
185,O_bc0p1_s4_final,0.0,0.0,0.0,0.0,1.0,0.0,0.0,1.0,0.0,0.0,1.0,1.0,shortcut,"(2, 3)",,3
186,O_bc0p1_s4_final,1.0,1.0,13.16293830696572,44.0,0.0,0.0,0.0,1.0,0.0,0.0,1.0,3.0,shortcut,"(2, 3)",7,
187,O_bc0p1_s4_final,0.0,0.0,0.0,0.0,1.0,0.0,0.0,1.0,0.0,0.0,1.0,1.0,shortcut,"(2, 3)",,4
188,O_bc0p1_s4_final,1.0,1.0,13.16293830696572,44.0,0.0,0.0,0.0,1.0,0.0,0.0,1.0,3.0,shortcut,"(2, 3)",7,
189,O_bc0p1_s4_final,0.0,0.0,0.0,0.0,1.0,0.0,0.0,1.0,0.0,0.0,1.0,1.0,shortcut,"(2, 3)",,3
190,O_bc0p1_s4_final,0.0,0.0,0.0,0.0,1.0,0.0,0.0,1.0,0.0,0.0,1.0,3.0,shortcut,"(2, 3)",,6
191,O_bc0p1_s4_final,1.0,1.0,13.16293830696572,44.0,0.0,0.0,0.0,1.0,0.0,0.0,1.0,3.0,shortcut,"(2, 3)",7,
192,O_bc0p1_s4_final,1.0,0.0,1.361757727382812,2.0,1.0,0.0,0.0,1.0,0.0,0.0,1.0,4.0,shortcut,"(2, 3)",8,10
193,O_bc0p1_s4_final,0.0,0.0,0.0,0.0,1.0,0.0,0.0,1.0,0.0,0.0,1.0,2.0,shortcut,"(2, 3)",,4
194,O_bc0p1_s4_final,0.0,0.0,0.0,0.0,1.0,0.0,0.0,1.0,0.0,0.0,1.0,2.0,shortcut,"(2, 3)",,4
195,O_bc0p1_s4_final,0.0,0.0,0.0,0.0,1.0,0.0,0.0,1.0,0.0,0.0,1.0,4.0,shortcut,"(2, 3)",,6
196,O_bc0p1_s4_final,0.0,0.0,0.0,0.0,1.0,0.0,0.0,1.0,0.0,0.0,1.0,1.0,shortcut,"(2, 3)",,3
197,O_bc0p1_s4_final,0.0,0.0,0.0,0.0,1.0,0.0,0.0,1.0,0.0,0.0,1.0,1.0,shortcut,"(2, 3)",,3
198,O_bc0p1_s4_final,0.0,0.0,0.0,0.0,1.0,0.0,0.0,1.0,0.0,0.0,1.0,3.0,shortcut,"(2, 3)",,5
199,O_bc0p1_s4_final,0.0,0.0,0.0,0.0,1.0,0.0,0.0,1.0,0.0,0.0,1.0,1.0,shortcut,"(2, 3)",,3
0,O_bc0p05_s4_final,0.0,0.0,0.0,0.0,1.0,0.0,0.0,1.0,0.0,0.0,1.0,2.0,shortcut,"(2, 3)",,4
1,O_bc0p05_s4_final,0.0,0.0,0.0,0.0,1.0,0.0,0.0,1.0,0.0,0.0,1.0,3.0,shortcut,"(2, 3)",,5
2,O_bc0p05_s4_final,0.0,0.0,0.0,0.0,1.0,0.0,0.0,1.0,0.0,0.0,1.0,1.0,shortcut,"(2, 3)",,3
3,O_bc0p05_s4_final,1.0,1.0,13.16293830696572,44.0,0.0,0.0,0.0,1.0,0.0,0.0,1.0,3.0,shortcut,"(2, 3)",7,
4,O_bc0p05_s4_final,1.0,1.0,12.42784641634072,43.0,0.0,0.0,0.0,1.0,0.0,0.0,1.0,4.0,shortcut,"(2, 3)",8,
5,O_bc0p05_s4_final,1.0,1.0,13.16293830696572,44.0,0.0,0.0,0.0,1.0,0.0,0.0,1.0,3.0,shortcut,"(2, 3)",7,
6,O_bc0p05_s4_final,0.0,0.0,0.0,0.0,1.0,0.0,0.0,1.0,0.0,0.0,1.0,3.0,shortcut,"(2, 3)",,5
7,O_bc0p05_s4_final,0.0,0.0,0.0,0.0,1.0,0.0,0.0,1.0,0.0,0.0,1.0,3.0,shortcut,"(2, 3)",,5
8,O_bc0p05_s4_final,1.0,1.0,13.16293830696572,44.0,0.0,0.0,0.0,1.0,0.0,0.0,1.0,3.0,shortcut,"(2, 3)",7,
9,O_bc0p05_s4_final,1.0,1.0,13.16293830696572,44.0,0.0,0.0,0.0,1.0,0.0,0.0,1.0,3.0,shortcut,"(2, 3)",7,
10,O_bc0p05_s4_final,0.0,0.0,0.0,0.0,1.0,0.0,0.0,1.0,0.0,0.0,1.0,1.0,shortcut,"(2, 3)",,3
11,O_bc0p05_s4_final,0.0,0.0,0.0,0.0,1.0,0.0,0.0,1.0,0.0,0.0,1.0,2.0,shortcut,"(2, 3)",,4
12,O_bc0p05_s4_final,0.0,0.0,0.0,0.0,1.0,0.0,0.0,1.0,0.0,0.0,1.0,4.0,shortcut,"(2, 3)",,6
13,O_bc0p05_s4_final,1.0,1.0,13.16293830696572,44.0,0.0,0.0,0.0,1.0,0.0,0.0,1.0,3.0,shortcut,"(2, 3)",7,
14,O_bc0p05_s4_final,0.0,0.0,0.0,0.0,1.0,0.0,0.0,1.0,0.0,0.0,1.0,2.0,shortcut,"(2, 3)",,4
15,O_bc0p05_s4_final,1.0,1.0,13.16293830696572,44.0,0.0,0.0,0.0,1.0,0.0,0.0,1.0,3.0,shortcut,"(2, 3)",7,
16,O_bc0p05_s4_final,0.0,0.0,0.0,0.0,1.0,0.0,0.0,1.0,0.0,0.0,1.0,1.0,shortcut,"(2, 3)",,3
17,O_bc0p05_s4_final,0.0,0.0,0.0,0.0,1.0,0.0,0.0,1.0,0.0,0.0,1.0,2.0,shortcut,"(2, 3)",,4
18,O_bc0p05_s4_final,0.0,0.0,0.0,0.0,1.0,0.0,0.0,1.0,0.0,0.0,1.0,1.0,shortcut,"(2, 3)",,3
19,O_bc0p05_s4_final,0.0,0.0,0.0,0.0,1.0,0.0,0.0,1.0,0.0,0.0,1.0,1.0,shortcut,"(2, 3)",,3
20,O_bc0p05_s4_final,0.0,0.0,0.0,0.0,1.0,0.0,0.0,1.0,0.0,0.0,1.0,4.0,shortcut,"(2, 3)",,6
21,O_bc0p05_s4_final,0.0,0.0,0.0,0.0,1.0,0.0,0.0,1.0,0.0,0.0,1.0,3.0,shortcut,"(2, 3)",,5
22,O_bc0p05_s4_final,0.0,0.0,0.0,0.0,1.0,0.0,0.0,1.0,0.0,0.0,1.0,1.0,shortcut,"(2, 3)",,3
23,O_bc0p05_s4_final,0.0,0.0,0.0,0.0,1.0,0.0,0.0,1.0,0.0,0.0,1.0,3.0,shortcut,"(2, 3)",,5
24,O_bc0p05_s4_final,1.0,1.0,13.16293830696572,44.0,0.0,0.0,0.0,1.0,0.0,0.0,1.0,3.0,shortcut,"(2, 3)",7,
25,O_bc0p05_s4_final,0.0,0.0,0.0,0.0,1.0,0.0,0.0,1.0,0.0,0.0,1.0,3.0,shortcut,"(2, 3)",,5
26,O_bc0p05_s4_final,1.0,1.0,13.16293830696572,44.0,0.0,0.0,0.0,1.0,0.0,0.0,1.0,3.0,shortcut,"(2, 3)",7,
27,O_bc0p05_s4_final,1.0,1.0,12.42784641634072,43.0,0.0,0.0,0.0,1.0,0.0,0.0,1.0,4.0,shortcut,"(2, 3)",8,
28,O_bc0p05_s4_final,1.0,1.0,13.16293830696572,44.0,0.0,0.0,0.0,1.0,0.0,0.0,1.0,3.0,shortcut,"(2, 3)",7,
29,O_bc0p05_s4_final,0.0,0.0,0.0,0.0,1.0,0.0,0.0,1.0,0.0,0.0,1.0,1.0,shortcut,"(2, 3)",,3
30,O_bc0p05_s4_final,0.0,0.0,0.0,0.0,1.0,0.0,0.0,1.0,0.0,0.0,1.0,1.0,shortcut,"(2, 3)",,3
31,O_bc0p05_s4_final,0.0,0.0,0.0,0.0,1.0,0.0,0.0,1.0,0.0,0.0,1.0,1.0,shortcut,"(2, 3)",,3
32,O_bc0p05_s4_final,0.0,0.0,0.0,0.0,1.0,0.0,0.0,1.0,0.0,0.0,1.0,2.0,shortcut,"(2, 3)",,4
33,O_bc0p05_s4_final,0.0,0.0,0.0,0.0,1.0,0.0,0.0,1.0,0.0,0.0,1.0,2.0,shortcut,"(2, 3)",,4
34,O_bc0p05_s4_final,1.0,1.0,13.16293830696572,44.0,0.0,0.0,0.0,1.0,0.0,0.0,1.0,3.0,shortcut,"(2, 3)",7,
35,O_bc0p05_s4_final,0.0,0.0,0.0,0.0,1.0,0.0,0.0,1.0,0.0,0.0,1.0,3.0,shortcut,"(2, 3)",,5
36,O_bc0p05_s4_final,0.0,0.0,0.0,0.0,1.0,0.0,0.0,1.0,0.0,0.0,1.0,2.0,shortcut,"(2, 3)",,4
37,O_bc0p05_s4_final,1.0,1.0,13.16293830696572,44.0,0.0,0.0,0.0,1.0,0.0,0.0,1.0,3.0,shortcut,"(2, 3)",7,
38,O_bc0p05_s4_final,0.0,0.0,0.0,0.0,1.0,0.0,0.0,1.0,0.0,0.0,1.0,3.0,shortcut,"(2, 3)",,5
39,O_bc0p05_s4_final,1.0,1.0,13.16293830696572,44.0,0.0,0.0,0.0,1.0,0.0,0.0,1.0,3.0,shortcut,"(2, 3)",7,
40,O_bc0p05_s4_final,1.0,1.0,13.16293830696572,44.0,0.0,0.0,0.0,1.0,0.0,0.0,1.0,3.0,shortcut,"(2, 3)",7,
41,O_bc0p05_s4_final,1.0,1.0,13.16293830696572,44.0,0.0,0.0,0.0,1.0,0.0,0.0,1.0,3.0,shortcut,"(2, 3)",7,
42,O_bc0p05_s4_final,0.0,0.0,0.0,0.0,1.0,0.0,0.0,1.0,0.0,0.0,1.0,2.0,shortcut,"(2, 3)",,4
43,O_bc0p05_s4_final,1.0,1.0,13.16293830696572,44.0,0.0,0.0,0.0,1.0,0.0,0.0,1.0,3.0,shortcut,"(2, 3)",7,
44,O_bc0p05_s4_final,1.0,1.0,13.16293830696572,44.0,0.0,0.0,0.0,1.0,0.0,0.0,1.0,3.0,shortcut,"(2, 3)",7,
45,O_bc0p05_s4_final,0.0,0.0,0.0,0.0,1.0,0.0,0.0,1.0,0.0,0.0,1.0,1.0,shortcut,"(2, 3)",,3
46,O_bc0p05_s4_final,0.0,0.0,0.0,0.0,1.0,0.0,0.0,1.0,0.0,0.0,1.0,3.0,shortcut,"(2, 3)",,5
47,O_bc0p05_s4_final,0.0,0.0,0.0,0.0,1.0,0.0,0.0,1.0,0.0,0.0,1.0,1.0,shortcut,"(2, 3)",,3
48,O_bc0p05_s4_final,0.0,0.0,0.0,0.0,1.0,0.0,0.0,1.0,0.0,0.0,1.0,1.0,shortcut,"(2, 3)",,3
49,O_bc0p05_s4_final,1.0,1.0,13.16293830696572,44.0,0.0,0.0,0.0,1.0,0.0,0.0,1.0,3.0,shortcut,"(2, 3)",7,
50,O_bc0p05_s4_final,1.0,1.0,13.16293830696572,44.0,0.0,0.0,0.0,1.0,0.0,0.0,1.0,3.0,shortcut,"(2, 3)",7,
51,O_bc0p05_s4_final,1.0,1.0,13.16293830696572,44.0,0.0,0.0,0.0,1.0,0.0,0.0,1.0,3.0,shortcut,"(2, 3)",7,
52,O_bc0p05_s4_final,0.0,0.0,0.0,0.0,1.0,0.0,0.0,1.0,0.0,0.0,1.0,2.0,shortcut,"(2, 3)",,4
53,O_bc0p05_s4_final,0.0,0.0,0.0,0.0,1.0,0.0,0.0,1.0,0.0,0.0,1.0,1.0,shortcut,"(2, 3)",,3
54,O_bc0p05_s4_final,0.0,0.0,0.0,0.0,1.0,0.0,0.0,1.0,0.0,0.0,1.0,1.0,shortcut,"(2, 3)",,3
55,O_bc0p05_s4_final,0.0,0.0,0.0,0.0,1.0,0.0,0.0,1.0,0.0,0.0,1.0,2.0,shortcut,"(2, 3)",,5
56,O_bc0p05_s4_final,0.0,0.0,0.0,0.0,1.0,0.0,0.0,1.0,0.0,0.0,1.0,2.0,shortcut,"(2, 3)",,4
57,O_bc0p05_s4_final,0.0,0.0,0.0,0.0,1.0,0.0,0.0,1.0,0.0,0.0,1.0,1.0,shortcut,"(2, 3)",,3
58,O_bc0p05_s4_final,0.0,0.0,0.0,0.0,1.0,0.0,0.0,1.0,0.0,0.0,1.0,3.0,shortcut,"(2, 3)",,5
59,O_bc0p05_s4_final,0.0,0.0,0.0,0.0,1.0,0.0,0.0,1.0,0.0,0.0,1.0,2.0,shortcut,"(2, 3)",,4
60,O_bc0p05_s4_final,0.0,0.0,0.0,0.0,1.0,0.0,0.0,1.0,0.0,0.0,1.0,1.0,shortcut,"(2, 3)",,3
61,O_bc0p05_s4_final,0.0,0.0,0.0,0.0,1.0,0.0,0.0,1.0,0.0,0.0,1.0,3.0,shortcut,"(2, 3)",,5
62,O_bc0p05_s4_final,1.0,1.0,13.16293830696572,44.0,0.0,0.0,0.0,1.0,0.0,0.0,1.0,3.0,shortcut,"(2, 3)",7,
63,O_bc0p05_s4_final,0.0,0.0,0.0,0.0,1.0,0.0,0.0,1.0,0.0,0.0,1.0,1.0,shortcut,"(2, 3)",,3
64,O_bc0p05_s4_final,1.0,1.0,13.16293830696572,44.0,0.0,0.0,0.0,1.0,0.0,0.0,1.0,4.0,shortcut,"(2, 3)",7,
65,O_bc0p05_s4_final,0.0,0.0,0.0,0.0,1.0,0.0,0.0,1.0,0.0,0.0,1.0,2.0,shortcut,"(2, 3)",,4
66,O_bc0p05_s4_final,0.0,0.0,0.0,0.0,1.0,0.0,0.0,1.0,0.0,0.0,1.0,2.0,shortcut,"(2, 3)",,5
67,O_bc0p05_s4_final,0.0,0.0,0.0,0.0,1.0,0.0,0.0,1.0,0.0,0.0,1.0,1.0,shortcut,"(2, 3)",,5
68,O_bc0p05_s4_final,1.0,1.0,13.16293830696572,44.0,0.0,0.0,0.0,1.0,0.0,0.0,1.0,3.0,shortcut,"(2, 3)",7,
69,O_bc0p05_s4_final,1.0,1.0,13.16293830696572,44.0,0.0,0.0,0.0,1.0,0.0,0.0,1.0,3.0,shortcut,"(2, 3)",7,
70,O_bc0p05_s4_final,1.0,1.0,13.16293830696572,44.0,0.0,0.0,0.0,1.0,0.0,0.0,1.0,3.0,shortcut,"(2, 3)",7,
71,O_bc0p05_s4_final,0.0,0.0,0.0,0.0,1.0,0.0,0.0,1.0,0.0,0.0,1.0,3.0,shortcut,"(2, 3)",,5
72,O_bc0p05_s4_final,0.0,0.0,0.0,0.0,1.0,0.0,0.0,1.0,0.0,0.0,1.0,3.0,shortcut,"(2, 3)",,5
73,O_bc0p05_s4_final,1.0,1.0,13.16293830696572,44.0,0.0,0.0,0.0,1.0,0.0,0.0,1.0,3.0,shortcut,"(2, 3)",7,
74,O_bc0p05_s4_final,1.0,1.0,13.16293830696572,44.0,0.0,0.0,0.0,1.0,0.0,0.0,1.0,3.0,shortcut,"(2, 3)",7,
75,O_bc0p05_s4_final,0.0,0.0,0.0,0.0,1.0,0.0,0.0,1.0,0.0,0.0,1.0,2.0,shortcut,"(2, 3)",,4
76,O_bc0p05_s4_final,0.0,0.0,0.0,0.0,1.0,0.0,0.0,1.0,0.0,0.0,1.0,1.0,shortcut,"(2, 3)",,3
77,O_bc0p05_s4_final,0.0,0.0,0.0,0.0,1.0,0.0,0.0,1.0,0.0,0.0,1.0,1.0,shortcut,"(2, 3)",,3
78,O_bc0p05_s4_final,0.0,0.0,0.0,0.0,1.0,0.0,0.0,1.0,0.0,0.0,1.0,2.0,shortcut,"(2, 3)",,4
79,O_bc0p05_s4_final,0.0,0.0,0.0,0.0,1.0,0.0,0.0,1.0,0.0,0.0,1.0,2.0,shortcut,"(2, 3)",,4
80,O_bc0p05_s4_final,0.0,0.0,0.0,0.0,1.0,0.0,0.0,1.0,0.0,0.0,1.0,2.0,shortcut,"(2, 3)",,4
81,O_bc0p05_s4_final,1.0,1.0,13.16293830696572,44.0,0.0,0.0,0.0,1.0,0.0,0.0,1.0,3.0,shortcut,"(2, 3)",7,
82,O_bc0p05_s4_final,0.0,0.0,0.0,0.0,1.0,0.0,0.0,1.0,0.0,0.0,1.0,3.0,shortcut,"(2, 3)",,6
83,O_bc0p05_s4_final,1.0,1.0,13.16293830696572,44.0,0.0,0.0,0.0,1.0,0.0,0.0,1.0,3.0,shortcut,"(2, 3)",7,
84,O_bc0p05_s4_final,1.0,1.0,11.72950912024697,42.0,0.0,1.0,1.0,0.0,0.0,1.0,0.0,0.0,lower,"(1, 2)",9,
85,O_bc0p05_s4_final,1.0,1.0,13.16293830696572,44.0,0.0,0.0,0.0,1.0,0.0,0.0,1.0,3.0,shortcut,"(2, 3)",7,
86,O_bc0p05_s4_final,0.0,0.0,0.0,0.0,1.0,0.0,0.0,1.0,0.0,0.0,1.0,2.0,shortcut,"(2, 3)",,4
87,O_bc0p05_s4_final,1.0,1.0,11.72950912024697,42.0,0.0,0.0,0.0,1.0,0.0,0.0,1.0,4.0,shortcut,"(2, 3)",9,
88,O_bc0p05_s4_final,1.0,1.0,13.16293830696572,44.0,0.0,0.0,0.0,1.0,0.0,0.0,1.0,3.0,shortcut,"(2, 3)",7,
89,O_bc0p05_s4_final,0.0,0.0,0.0,0.0,1.0,0.0,0.0,1.0,0.0,0.0,1.0,3.0,shortcut,"(2, 3)",,6
90,O_bc0p05_s4_final,1.0,1.0,13.16293830696572,44.0,0.0,0.0,0.0,1.0,0.0,0.0,1.0,3.0,shortcut,"(2, 3)",7,
91,O_bc0p05_s4_final,0.0,0.0,0.0,0.0,1.0,0.0,0.0,1.0,0.0,0.0,1.0,3.0,shortcut,"(2, 3)",,5
92,O_bc0p05_s4_final,0.0,0.0,0.0,0.0,1.0,0.0,0.0,1.0,0.0,0.0,1.0,1.0,shortcut,"(2, 3)",,3
93,O_bc0p05_s4_final,0.0,0.0,0.0,0.0,1.0,0.0,0.0,1.0,0.0,0.0,1.0,2.0,shortcut,"(2, 3)",,5
94,O_bc0p05_s4_final,0.0,0.0,0.0,0.0,1.0,0.0,0.0,1.0,0.0,0.0,1.0,1.0,shortcut,"(2, 3)",,3
95,O_bc0p05_s4_final,1.0,1.0,13.16293830696572,44.0,0.0,0.0,0.0,1.0,0.0,0.0,1.0,3.0,shortcut,"(2, 3)",7,
96,O_bc0p05_s4_final,0.0,0.0,0.0,0.0,1.0,0.0,0.0,1.0,0.0,0.0,1.0,1.0,shortcut,"(2, 3)",,3
97,O_bc0p05_s4_final,0.0,0.0,0.0,0.0,1.0,0.0,0.0,1.0,0.0,0.0,1.0,3.0,shortcut,"(2, 3)",,5
98,O_bc0p05_s4_final,1.0,1.0,13.16293830696572,44.0,0.0,0.0,0.0,1.0,0.0,0.0,1.0,3.0,shortcut,"(2, 3)",7,
99,O_bc0p05_s4_final,0.0,0.0,0.0,0.0,1.0,0.0,0.0,1.0,0.0,0.0,1.0,1.0,shortcut,"(2, 3)",,3
100,O_bc0p05_s4_final,0.0,0.0,0.0,0.0,1.0,0.0,0.0,1.0,0.0,0.0,1.0,1.0,shortcut,"(2, 3)",,5
101,O_bc0p05_s4_final,0.0,0.0,0.0,0.0,1.0,0.0,0.0,1.0,0.0,0.0,1.0,1.0,shortcut,"(2, 3)",,3
102,O_bc0p05_s4_final,1.0,1.0,13.16293830696572,44.0,0.0,0.0,0.0,1.0,0.0,0.0,1.0,3.0,shortcut,"(2, 3)",7,
103,O_bc0p05_s4_final,1.0,1.0,13.16293830696572,44.0,0.0,0.0,0.0,1.0,0.0,0.0,1.0,3.0,shortcut,"(2, 3)",7,
104,O_bc0p05_s4_final,0.0,0.0,0.0,0.0,1.0,0.0,0.0,1.0,0.0,0.0,1.0,2.0,shortcut,"(2, 3)",,4
105,O_bc0p05_s4_final,1.0,1.0,13.16293830696572,44.0,0.0,0.0,0.0,1.0,0.0,0.0,1.0,4.0,shortcut,"(2, 3)",7,
106,O_bc0p05_s4_final,0.0,0.0,0.0,0.0,1.0,0.0,0.0,1.0,0.0,0.0,1.0,2.0,shortcut,"(2, 3)",,4
107,O_bc0p05_s4_final,1.0,1.0,13.16293830696572,44.0,0.0,0.0,0.0,1.0,0.0,0.0,1.0,3.0,shortcut,"(2, 3)",7,
108,O_bc0p05_s4_final,0.0,0.0,0.0,0.0,1.0,0.0,0.0,1.0,0.0,0.0,1.0,3.0,shortcut,"(2, 3)",,5
109,O_bc0p05_s4_final,1.0,1.0,13.16293830696572,44.0,0.0,0.0,0.0,1.0,0.0,0.0,1.0,3.0,shortcut,"(2, 3)",7,
110,O_bc0p05_s4_final,0.0,0.0,0.0,0.0,1.0,0.0,0.0,1.0,0.0,0.0,1.0,4.0,shortcut,"(2, 3)",,6
111,O_bc0p05_s4_final,0.0,0.0,0.0,0.0,1.0,0.0,0.0,1.0,0.0,0.0,1.0,1.0,shortcut,"(2, 3)",,3
112,O_bc0p05_s4_final,0.0,0.0,0.0,0.0,1.0,0.0,0.0,1.0,0.0,0.0,1.0,3.0,shortcut,"(2, 3)",,5
113,O_bc0p05_s4_final,0.0,0.0,0.0,0.0,1.0,0.0,0.0,1.0,0.0,0.0,1.0,2.0,shortcut,"(2, 3)",,4
114,O_bc0p05_s4_final,0.0,0.0,0.0,0.0,1.0,0.0,0.0,1.0,0.0,0.0,1.0,2.0,shortcut,"(2, 3)",,4
115,O_bc0p05_s4_final,0.0,0.0,0.0,0.0,1.0,0.0,0.0,1.0,0.0,0.0,1.0,1.0,shortcut,"(2, 3)",,3
116,O_bc0p05_s4_final,1.0,1.0,13.16293830696572,44.0,0.0,0.0,0.0,1.0,0.0,0.0,1.0,3.0,shortcut,"(2, 3)",7,
117,O_bc0p05_s4_final,0.0,0.0,0.0,0.0,1.0,0.0,0.0,1.0,0.0,0.0,1.0,2.0,shortcut,"(2, 3)",,4
118,O_bc0p05_s4_final,1.0,1.0,13.16293830696572,44.0,0.0,0.0,0.0,1.0,0.0,0.0,1.0,3.0,shortcut,"(2, 3)",7,
119,O_bc0p05_s4_final,0.0,0.0,0.0,0.0,1.0,0.0,0.0,1.0,0.0,0.0,1.0,2.0,shortcut,"(2, 3)",,6
120,O_bc0p05_s4_final,0.0,0.0,0.0,0.0,1.0,0.0,0.0,1.0,0.0,0.0,1.0,3.0,shortcut,"(2, 3)",,5
121,O_bc0p05_s4_final,1.0,1.0,13.16293830696572,44.0,0.0,0.0,0.0,1.0,0.0,0.0,1.0,3.0,shortcut,"(2, 3)",7,
122,O_bc0p05_s4_final,0.0,0.0,0.0,0.0,1.0,0.0,0.0,1.0,0.0,0.0,1.0,1.0,shortcut,"(2, 3)",,3
123,O_bc0p05_s4_final,1.0,1.0,13.16293830696572,44.0,0.0,0.0,0.0,1.0,0.0,0.0,1.0,4.0,shortcut,"(2, 3)",7,
124,O_bc0p05_s4_final,0.0,0.0,0.0,0.0,1.0,0.0,0.0,1.0,0.0,0.0,1.0,3.0,shortcut,"(2, 3)",,7
125,O_bc0p05_s4_final,1.0,1.0,13.16293830696572,44.0,0.0,0.0,0.0,1.0,0.0,0.0,1.0,3.0,shortcut,"(2, 3)",7,
126,O_bc0p05_s4_final,0.0,0.0,0.0,0.0,1.0,0.0,0.0,1.0,0.0,0.0,1.0,2.0,shortcut,"(2, 3)",,4
127,O_bc0p05_s4_final,1.0,1.0,12.42784641634072,43.0,0.0,0.0,0.0,1.0,0.0,0.0,1.0,4.0,shortcut,"(2, 3)",8,
128,O_bc0p05_s4_final,1.0,1.0,13.16293830696572,44.0,0.0,0.0,0.0,1.0,0.0,0.0,1.0,3.0,shortcut,"(2, 3)",7,
129,O_bc0p05_s4_final,1.0,1.0,13.16293830696572,44.0,0.0,0.0,0.0,1.0,0.0,0.0,1.0,3.0,shortcut,"(2, 3)",7,
130,O_bc0p05_s4_final,0.0,0.0,0.0,0.0,1.0,0.0,0.0,1.0,0.0,0.0,1.0,1.0,shortcut,"(2, 3)",,3
131,O_bc0p05_s4_final,0.0,0.0,0.0,0.0,1.0,0.0,0.0,1.0,0.0,0.0,1.0,2.0,shortcut,"(2, 3)",,4
132,O_bc0p05_s4_final,1.0,1.0,13.16293830696572,44.0,0.0,0.0,0.0,1.0,0.0,0.0,1.0,3.0,shortcut,"(2, 3)",7,
133,O_bc0p05_s4_final,0.0,0.0,0.0,0.0,1.0,0.0,0.0,1.0,0.0,0.0,1.0,3.0,shortcut,"(2, 3)",,5
134,O_bc0p05_s4_final,0.0,0.0,0.0,0.0,1.0,0.0,0.0,1.0,0.0,0.0,1.0,2.0,shortcut,"(2, 3)",,4
135,O_bc0p05_s4_final,1.0,1.0,13.16293830696572,44.0,0.0,0.0,0.0,1.0,0.0,0.0,1.0,3.0,shortcut,"(2, 3)",7,
136,O_bc0p05_s4_final,0.0,0.0,0.0,0.0,1.0,0.0,0.0,1.0,0.0,0.0,1.0,1.0,shortcut,"(2, 3)",,3
137,O_bc0p05_s4_final,0.0,0.0,0.0,0.0,1.0,0.0,0.0,1.0,0.0,0.0,1.0,3.0,shortcut,"(2, 3)",,5
138,O_bc0p05_s4_final,0.0,0.0,0.0,0.0,1.0,0.0,0.0,1.0,0.0,0.0,1.0,3.0,shortcut,"(2, 3)",,5
139,O_bc0p05_s4_final,0.0,0.0,0.0,0.0,1.0,0.0,0.0,1.0,0.0,0.0,1.0,3.0,shortcut,"(2, 3)",,5
140,O_bc0p05_s4_final,0.0,0.0,0.0,0.0,1.0,0.0,0.0,1.0,0.0,0.0,1.0,1.0,shortcut,"(2, 3)",,3
141,O_bc0p05_s4_final,0.0,0.0,0.0,0.0,1.0,0.0,0.0,1.0,0.0,0.0,1.0,2.0,shortcut,"(2, 3)",,4
142,O_bc0p05_s4_final,0.0,0.0,0.0,0.0,1.0,0.0,0.0,1.0,0.0,0.0,1.0,2.0,shortcut,"(2, 3)",,4
143,O_bc0p05_s4_final,1.0,1.0,13.16293830696572,44.0,0.0,0.0,0.0,1.0,0.0,0.0,1.0,3.0,shortcut,"(2, 3)",7,
144,O_bc0p05_s4_final,0.0,0.0,0.0,0.0,1.0,0.0,0.0,1.0,0.0,0.0,1.0,1.0,shortcut,"(2, 3)",,3
145,O_bc0p05_s4_final,1.0,1.0,13.16293830696572,44.0,0.0,0.0,0.0,1.0,0.0,0.0,1.0,3.0,shortcut,"(2, 3)",7,
146,O_bc0p05_s4_final,1.0,1.0,13.16293830696572,44.0,0.0,0.0,0.0,1.0,0.0,0.0,1.0,3.0,shortcut,"(2, 3)",7,
147,O_bc0p05_s4_final,0.0,0.0,0.0,0.0,1.0,0.0,0.0,1.0,0.0,0.0,1.0,2.0,shortcut,"(2, 3)",,4
148,O_bc0p05_s4_final,1.0,1.0,13.16293830696572,44.0,0.0,0.0,0.0,1.0,0.0,0.0,1.0,3.0,shortcut,"(2, 3)",7,
149,O_bc0p05_s4_final,0.0,0.0,0.0,0.0,1.0,0.0,0.0,1.0,0.0,0.0,1.0,1.0,shortcut,"(2, 3)",,3
150,O_bc0p05_s4_final,0.0,0.0,0.0,0.0,1.0,0.0,0.0,1.0,0.0,0.0,1.0,1.0,shortcut,"(2, 3)",,3
151,O_bc0p05_s4_final,0.0,0.0,0.0,0.0,1.0,0.0,0.0,1.0,0.0,0.0,1.0,2.0,shortcut,"(2, 3)",,4
152,O_bc0p05_s4_final,0.0,0.0,0.0,0.0,1.0,0.0,0.0,1.0,0.0,0.0,1.0,2.0,shortcut,"(2, 3)",,4
153,O_bc0p05_s4_final,0.0,0.0,0.0,0.0,1.0,0.0,0.0,1.0,0.0,0.0,1.0,3.0,shortcut,"(2, 3)",,5
154,O_bc0p05_s4_final,0.0,0.0,0.0,0.0,1.0,0.0,0.0,1.0,0.0,0.0,1.0,1.0,shortcut,"(2, 3)",,3
155,O_bc0p05_s4_final,0.0,0.0,0.0,0.0,1.0,0.0,0.0,1.0,0.0,0.0,1.0,1.0,shortcut,"(2, 3)",,3
156,O_bc0p05_s4_final,0.0,0.0,0.0,0.0,1.0,0.0,0.0,1.0,0.0,0.0,1.0,2.0,shortcut,"(2, 3)",,4
157,O_bc0p05_s4_final,0.0,0.0,0.0,0.0,1.0,0.0,0.0,1.0,0.0,0.0,1.0,2.0,shortcut,"(2, 3)",,6
158,O_bc0p05_s4_final,0.0,0.0,0.0,0.0,1.0,0.0,0.0,1.0,0.0,0.0,1.0,2.0,shortcut,"(2, 3)",,4
159,O_bc0p05_s4_final,1.0,1.0,13.16293830696572,44.0,0.0,0.0,0.0,1.0,0.0,0.0,1.0,3.0,shortcut,"(2, 3)",7,
160,O_bc0p05_s4_final,0.0,0.0,0.0,0.0,1.0,0.0,0.0,1.0,0.0,0.0,1.0,1.0,shortcut,"(2, 3)",,3
161,O_bc0p05_s4_final,0.0,0.0,0.0,0.0,1.0,0.0,0.0,1.0,0.0,0.0,1.0,2.0,shortcut,"(2, 3)",,4
162,O_bc0p05_s4_final,0.0,0.0,0.0,0.0,1.0,0.0,0.0,1.0,0.0,0.0,1.0,1.0,shortcut,"(2, 3)",,3
163,O_bc0p05_s4_final,1.0,1.0,13.16293830696572,44.0,0.0,0.0,0.0,1.0,0.0,0.0,1.0,3.0,shortcut,"(2, 3)",7,
164,O_bc0p05_s4_final,0.0,0.0,0.0,0.0,1.0,0.0,0.0,1.0,0.0,0.0,1.0,2.0,shortcut,"(2, 3)",,4
165,O_bc0p05_s4_final,0.0,0.0,0.0,0.0,1.0,0.0,0.0,1.0,0.0,0.0,1.0,1.0,shortcut,"(2, 3)",,3
166,O_bc0p05_s4_final,0.0,0.0,0.0,0.0,1.0,0.0,0.0,1.0,0.0,0.0,1.0,1.0,shortcut,"(2, 3)",,3
167,O_bc0p05_s4_final,0.0,0.0,0.0,0.0,1.0,0.0,0.0,1.0,0.0,0.0,1.0,1.0,shortcut,"(2, 3)",,3
168,O_bc0p05_s4_final,0.0,0.0,0.0,0.0,1.0,0.0,0.0,1.0,0.0,0.0,1.0,1.0,shortcut,"(2, 3)",,3
169,O_bc0p05_s4_final,0.0,0.0,0.0,0.0,1.0,0.0,0.0,1.0,0.0,0.0,1.0,2.0,shortcut,"(2, 3)",,4
170,O_bc0p05_s4_final,1.0,1.0,13.16293830696572,44.0,0.0,0.0,0.0,1.0,0.0,0.0,1.0,3.0,shortcut,"(2, 3)",7,
171,O_bc0p05_s4_final,1.0,1.0,13.16293830696572,44.0,0.0,0.0,0.0,1.0,0.0,0.0,1.0,3.0,shortcut,"(2, 3)",7,
172,O_bc0p05_s4_final,0.0,0.0,0.0,0.0,1.0,0.0,0.0,1.0,0.0,0.0,1.0,2.0,shortcut,"(2, 3)",,4
173,O_bc0p05_s4_final,0.0,0.0,0.0,0.0,1.0,0.0,0.0,1.0,0.0,0.0,1.0,1.0,shortcut,"(2, 3)",,3
174,O_bc0p05_s4_final,0.0,0.0,0.0,0.0,1.0,0.0,0.0,1.0,0.0,0.0,1.0,6.0,shortcut,"(2, 3)",,9
175,O_bc0p05_s4_final,0.0,0.0,0.0,0.0,1.0,0.0,0.0,1.0,0.0,0.0,1.0,1.0,shortcut,"(2, 3)",,3
176,O_bc0p05_s4_final,1.0,1.0,13.16293830696572,44.0,0.0,0.0,0.0,1.0,0.0,0.0,1.0,3.0,shortcut,"(2, 3)",7,
177,O_bc0p05_s4_final,1.0,1.0,13.16293830696572,44.0,0.0,0.0,0.0,1.0,0.0,0.0,1.0,3.0,shortcut,"(2, 3)",7,
178,O_bc0p05_s4_final,1.0,1.0,13.16293830696572,44.0,0.0,0.0,0.0,1.0,0.0,0.0,1.0,3.0,shortcut,"(2, 3)",7,
179,O_bc0p05_s4_final,0.0,0.0,0.0,0.0,1.0,0.0,0.0,1.0,0.0,0.0,1.0,3.0,shortcut,"(2, 3)",,6
180,O_bc0p05_s4_final,0.0,0.0,0.0,0.0,1.0,0.0,0.0,1.0,0.0,0.0,1.0,1.0,shortcut,"(2, 3)",,3
181,O_bc0p05_s4_final,1.0,1.0,13.16293830696572,44.0,0.0,0.0,0.0,1.0,0.0,0.0,1.0,3.0,shortcut,"(2, 3)",7,
182,O_bc0p05_s4_final,0.0,0.0,0.0,0.0,1.0,0.0,0.0,1.0,0.0,0.0,1.0,3.0,shortcut,"(2, 3)",,5
183,O_bc0p05_s4_final,0.0,0.0,0.0,0.0,1.0,0.0,0.0,1.0,0.0,0.0,1.0,2.0,shortcut,"(2, 3)",,4
184,O_bc0p05_s4_final,1.0,1.0,13.16293830696572,44.0,0.0,0.0,0.0,1.0,0.0,0.0,1.0,3.0,shortcut,"(2, 3)",7,
185,O_bc0p05_s4_final,0.0,0.0,0.0,0.0,1.0,0.0,0.0,1.0,0.0,0.0,1.0,1.0,shortcut,"(2, 3)",,3
186,O_bc0p05_s4_final,1.0,1.0,13.16293830696572,44.0,0.0,0.0,0.0,1.0,0.0,0.0,1.0,3.0,shortcut,"(2, 3)",7,
187,O_bc0p05_s4_final,0.0,0.0,0.0,0.0,1.0,0.0,0.0,1.0,0.0,0.0,1.0,4.0,shortcut,"(2, 3)",,6
188,O_bc0p05_s4_final,1.0,1.0,13.16293830696572,44.0,0.0,0.0,0.0,1.0,0.0,0.0,1.0,3.0,shortcut,"(2, 3)",7,
189,O_bc0p05_s4_final,0.0,0.0,0.0,0.0,1.0,0.0,0.0,1.0,0.0,0.0,1.0,1.0,shortcut,"(2, 3)",,3
190,O_bc0p05_s4_final,0.0,0.0,0.0,0.0,1.0,0.0,0.0,1.0,0.0,0.0,1.0,3.0,shortcut,"(2, 3)",,6
191,O_bc0p05_s4_final,1.0,1.0,13.16293830696572,44.0,0.0,0.0,0.0,1.0,0.0,0.0,1.0,3.0,shortcut,"(2, 3)",7,
192,O_bc0p05_s4_final,1.0,0.0,4.434996146909896,7.0,1.0,0.0,0.0,1.0,0.0,0.0,1.0,4.0,shortcut,"(2, 3)",7,14
193,O_bc0p05_s4_final,0.0,0.0,0.0,0.0,1.0,0.0,0.0,1.0,0.0,0.0,1.0,2.0,shortcut,"(2, 3)",,4
194,O_bc0p05_s4_final,0.0,0.0,0.0,0.0,1.0,0.0,0.0,1.0,0.0,0.0,1.0,2.0,shortcut,"(2, 3)",,4
195,O_bc0p05_s4_final,1.0,1.0,13.16293830696572,44.0,0.0,0.0,0.0,1.0,0.0,0.0,1.0,3.0,shortcut,"(2, 3)",7,
196,O_bc0p05_s4_final,0.0,0.0,0.0,0.0,1.0,0.0,0.0,1.0,0.0,0.0,1.0,1.0,shortcut,"(2, 3)",,3
197,O_bc0p05_s4_final,0.0,0.0,0.0,0.0,1.0,0.0,0.0,1.0,0.0,0.0,1.0,1.0,shortcut,"(2, 3)",,3
198,O_bc0p05_s4_final,0.0,0.0,0.0,0.0,1.0,0.0,0.0,1.0,0.0,0.0,1.0,3.0,shortcut,"(2, 3)",,5
199,O_bc0p05_s4_final,0.0,0.0,0.0,0.0,1.0,0.0,0.0,1.0,0.0,0.0,1.0,1.0,shortcut,"(2, 3)",,3
0,O_bc0p1_s5_final,1.0,1.0,11.72950912024697,42.0,0.0,0.0,0.0,1.0,0.0,0.0,1.0,4.0,shortcut,"(2, 3)",9,
1,O_bc0p1_s5_final,0.0,0.0,0.0,0.0,1.0,0.0,0.0,1.0,0.0,0.0,1.0,3.0,shortcut,"(2, 3)",,5
2,O_bc0p1_s5_final,0.0,0.0,0.0,0.0,1.0,0.0,0.0,1.0,0.0,0.0,1.0,1.0,shortcut,"(2, 3)",,3
3,O_bc0p1_s5_final,1.0,1.0,13.16293830696572,44.0,0.0,0.0,0.0,1.0,0.0,0.0,1.0,3.0,shortcut,"(2, 3)",7,
4,O_bc0p1_s5_final,1.0,1.0,12.42784641634072,43.0,0.0,0.0,0.0,1.0,0.0,0.0,1.0,5.0,shortcut,"(2, 3)",8,
5,O_bc0p1_s5_final,1.0,1.0,13.16293830696572,44.0,0.0,0.0,0.0,1.0,0.0,0.0,1.0,3.0,shortcut,"(2, 3)",7,
6,O_bc0p1_s5_final,0.0,0.0,0.0,0.0,1.0,0.0,0.0,1.0,0.0,0.0,1.0,2.0,shortcut,"(2, 3)",,5
7,O_bc0p1_s5_final,0.0,0.0,0.0,0.0,1.0,0.0,0.0,1.0,0.0,0.0,1.0,3.0,shortcut,"(2, 3)",,5
8,O_bc0p1_s5_final,0.0,0.0,0.0,0.0,1.0,0.0,0.0,1.0,0.0,0.0,1.0,3.0,shortcut,"(2, 3)",,5
9,O_bc0p1_s5_final,1.0,1.0,11.72950912024697,42.0,0.0,1.0,1.0,0.0,0.0,1.0,0.0,0.0,lower,"(1, 2)",9,
10,O_bc0p1_s5_final,0.0,0.0,0.0,0.0,1.0,0.0,0.0,1.0,0.0,0.0,1.0,1.0,shortcut,"(2, 3)",,3
11,O_bc0p1_s5_final,0.0,0.0,0.0,0.0,1.0,0.0,0.0,1.0,0.0,0.0,1.0,2.0,shortcut,"(2, 3)",,4
12,O_bc0p1_s5_final,1.0,1.0,12.42784641634072,43.0,0.0,0.0,0.0,1.0,0.0,0.0,1.0,4.0,shortcut,"(2, 3)",8,
13,O_bc0p1_s5_final,0.0,0.0,0.0,0.0,1.0,0.0,0.0,1.0,0.0,0.0,1.0,2.0,shortcut,"(2, 3)",,5
14,O_bc0p1_s5_final,0.0,0.0,0.0,0.0,1.0,0.0,0.0,1.0,0.0,0.0,1.0,2.0,shortcut,"(2, 3)",,4
15,O_bc0p1_s5_final,1.0,1.0,13.16293830696572,44.0,0.0,0.0,0.0,1.0,0.0,0.0,1.0,3.0,shortcut,"(2, 3)",7,
16,O_bc0p1_s5_final,0.0,0.0,0.0,0.0,1.0,0.0,0.0,1.0,0.0,0.0,1.0,1.0,shortcut,"(2, 3)",,3
17,O_bc0p1_s5_final,0.0,0.0,0.0,0.0,1.0,0.0,0.0,1.0,0.0,0.0,1.0,2.0,shortcut,"(2, 3)",,4
18,O_bc0p1_s5_final,0.0,0.0,0.0,0.0,1.0,0.0,0.0,1.0,0.0,0.0,1.0,1.0,shortcut,"(2, 3)",,5
19,O_bc0p1_s5_final,0.0,0.0,0.0,0.0,1.0,0.0,0.0,1.0,0.0,0.0,1.0,1.0,shortcut,"(2, 3)",,3
20,O_bc0p1_s5_final,0.0,0.0,0.0,0.0,1.0,0.0,0.0,1.0,0.0,0.0,1.0,4.0,shortcut,"(2, 3)",,6
21,O_bc0p1_s5_final,0.0,0.0,0.0,0.0,1.0,0.0,0.0,1.0,0.0,0.0,1.0,3.0,shortcut,"(2, 3)",,5
22,O_bc0p1_s5_final,0.0,0.0,0.0,0.0,1.0,0.0,0.0,1.0,0.0,0.0,1.0,1.0,shortcut,"(2, 3)",,3
23,O_bc0p1_s5_final,0.0,0.0,0.0,0.0,1.0,0.0,0.0,1.0,0.0,0.0,1.0,2.0,shortcut,"(2, 3)",,6
24,O_bc0p1_s5_final,1.0,1.0,13.16293830696572,44.0,0.0,1.0,0.0,0.0,0.0,1.0,0.0,3.0,lower,"(1, 2)",7,
25,O_bc0p1_s5_final,0.0,0.0,0.0,0.0,1.0,0.0,0.0,1.0,0.0,0.0,1.0,3.0,shortcut,"(2, 3)",,5
26,O_bc0p1_s5_final,1.0,1.0,13.16293830696572,44.0,0.0,0.0,0.0,1.0,0.0,0.0,1.0,3.0,shortcut,"(2, 3)",7,
27,O_bc0p1_s5_final,1.0,1.0,12.42784641634072,43.0,0.0,0.0,0.0,1.0,0.0,0.0,1.0,4.0,shortcut,"(2, 3)",8,
28,O_bc0p1_s5_final,1.0,1.0,13.16293830696572,44.0,0.0,0.0,0.0,1.0,0.0,0.0,1.0,3.0,shortcut,"(2, 3)",7,
29,O_bc0p1_s5_final,0.0,0.0,0.0,0.0,1.0,0.0,0.0,1.0,0.0,0.0,1.0,1.0,shortcut,"(2, 3)",,3
30,O_bc0p1_s5_final,0.0,0.0,0.0,0.0,1.0,0.0,0.0,1.0,0.0,0.0,1.0,1.0,shortcut,"(2, 3)",,3
31,O_bc0p1_s5_final,0.0,0.0,0.0,0.0,1.0,0.0,0.0,1.0,0.0,0.0,1.0,1.0,shortcut,"(2, 3)",,3
32,O_bc0p1_s5_final,0.0,0.0,0.0,0.0,1.0,0.0,0.0,1.0,0.0,0.0,1.0,2.0,shortcut,"(2, 3)",,4
33,O_bc0p1_s5_final,0.0,0.0,0.0,0.0,1.0,0.0,0.0,1.0,0.0,0.0,1.0,2.0,shortcut,"(2, 3)",,5
34,O_bc0p1_s5_final,1.0,1.0,13.16293830696572,44.0,0.0,0.0,0.0,1.0,0.0,0.0,1.0,3.0,shortcut,"(2, 3)",7,
35,O_bc0p1_s5_final,0.0,0.0,0.0,0.0,1.0,0.0,0.0,1.0,0.0,0.0,1.0,3.0,shortcut,"(2, 3)",,5
36,O_bc0p1_s5_final,0.0,0.0,0.0,0.0,1.0,0.0,0.0,1.0,0.0,0.0,1.0,2.0,shortcut,"(2, 3)",,4
37,O_bc0p1_s5_final,1.0,1.0,12.42784641634072,43.0,0.0,0.0,0.0,1.0,0.0,0.0,1.0,4.0,shortcut,"(2, 3)",8,
38,O_bc0p1_s5_final,0.0,0.0,0.0,0.0,1.0,0.0,0.0,1.0,0.0,0.0,1.0,3.0,shortcut,"(2, 3)",,5
39,O_bc0p1_s5_final,1.0,1.0,13.16293830696572,44.0,0.0,0.0,0.0,1.0,0.0,0.0,1.0,3.0,shortcut,"(2, 3)",7,
40,O_bc0p1_s5_final,1.0,1.0,13.16293830696572,44.0,0.0,0.0,0.0,1.0,0.0,0.0,1.0,3.0,shortcut,"(2, 3)",7,
41,O_bc0p1_s5_final,1.0,1.0,13.16293830696572,44.0,0.0,0.0,0.0,1.0,0.0,0.0,1.0,3.0,shortcut,"(2, 3)",7,
42,O_bc0p1_s5_final,0.0,0.0,0.0,0.0,1.0,0.0,0.0,1.0,0.0,0.0,1.0,3.0,shortcut,"(2, 3)",,6
43,O_bc0p1_s5_final,1.0,1.0,13.16293830696572,44.0,0.0,0.0,0.0,1.0,0.0,0.0,1.0,3.0,shortcut,"(2, 3)",7,
44,O_bc0p1_s5_final,1.0,1.0,13.16293830696572,44.0,0.0,0.0,0.0,1.0,0.0,0.0,1.0,3.0,shortcut,"(2, 3)",7,
45,O_bc0p1_s5_final,0.0,0.0,0.0,0.0,1.0,0.0,0.0,1.0,0.0,0.0,1.0,1.0,shortcut,"(2, 3)",,3
46,O_bc0p1_s5_final,0.0,0.0,0.0,0.0,1.0,0.0,0.0,1.0,0.0,0.0,1.0,3.0,shortcut,"(2, 3)",,5
47,O_bc0p1_s5_final,1.0,1.0,11.066088688957908,41.0,0.0,1.0,1.0,0.0,0.0,1.0,0.0,0.0,lower,"(1, 2)",10,
48,O_bc0p1_s5_final,0.0,0.0,0.0,0.0,1.0,0.0,0.0,1.0,0.0,0.0,1.0,1.0,shortcut,"(2, 3)",,3
49,O_bc0p1_s5_final,1.0,1.0,13.16293830696572,44.0,0.0,0.0,0.0,1.0,0.0,0.0,1.0,3.0,shortcut,"(2, 3)",7,
50,O_bc0p1_s5_final,1.0,1.0,13.16293830696572,44.0,0.0,0.0,0.0,1.0,0.0,0.0,1.0,3.0,shortcut,"(2, 3)",7,
51,O_bc0p1_s5_final,1.0,1.0,13.16293830696572,44.0,0.0,0.0,0.0,1.0,0.0,0.0,1.0,3.0,shortcut,"(2, 3)",7,
52,O_bc0p1_s5_final,0.0,0.0,0.0,0.0,1.0,0.0,0.0,1.0,0.0,0.0,1.0,2.0,shortcut,"(2, 3)",,4
53,O_bc0p1_s5_final,0.0,0.0,0.0,0.0,1.0,0.0,0.0,1.0,0.0,0.0,1.0,1.0,shortcut,"(2, 3)",,3
54,O_bc0p1_s5_final,0.0,0.0,0.0,0.0,1.0,0.0,0.0,1.0,0.0,0.0,1.0,1.0,shortcut,"(2, 3)",,3
55,O_bc0p1_s5_final,0.0,0.0,0.0,0.0,1.0,0.0,0.0,1.0,0.0,0.0,1.0,2.0,shortcut,"(2, 3)",,5
56,O_bc0p1_s5_final,0.0,0.0,0.0,0.0,1.0,0.0,0.0,1.0,0.0,0.0,1.0,2.0,shortcut,"(2, 3)",,4
57,O_bc0p1_s5_final,0.0,0.0,0.0,0.0,1.0,0.0,0.0,1.0,0.0,0.0,1.0,1.0,shortcut,"(2, 3)",,3
58,O_bc0p1_s5_final,0.0,0.0,0.0,0.0,1.0,0.0,0.0,1.0,0.0,0.0,1.0,3.0,shortcut,"(2, 3)",,5
59,O_bc0p1_s5_final,0.0,0.0,0.0,0.0,1.0,0.0,0.0,1.0,0.0,0.0,1.0,2.0,shortcut,"(2, 3)",,4
60,O_bc0p1_s5_final,1.0,1.0,11.72950912024697,42.0,0.0,1.0,1.0,0.0,0.0,1.0,0.0,0.0,lower,"(1, 2)",9,
61,O_bc0p1_s5_final,0.0,0.0,0.0,0.0,1.0,0.0,0.0,1.0,0.0,0.0,1.0,3.0,shortcut,"(2, 3)",,5
62,O_bc0p1_s5_final,1.0,1.0,11.72950912024697,42.0,0.0,1.0,1.0,0.0,0.0,1.0,0.0,0.0,lower,"(1, 2)",9,
63,O_bc0p1_s5_final,0.0,0.0,0.0,0.0,1.0,0.0,0.0,1.0,0.0,0.0,1.0,1.0,shortcut,"(2, 3)",,3
64,O_bc0p1_s5_final,1.0,1.0,9.837102339994921,39.0,0.0,0.0,0.0,1.0,0.0,0.0,1.0,5.0,shortcut,"(2, 3)",12,
65,O_bc0p1_s5_final,0.0,0.0,0.0,0.0,1.0,0.0,0.0,1.0,0.0,0.0,1.0,2.0,shortcut,"(2, 3)",,4
66,O_bc0p1_s5_final,0.0,0.0,0.0,0.0,1.0,0.0,0.0,1.0,0.0,0.0,1.0,2.0,shortcut,"(2, 3)",,5
67,O_bc0p1_s5_final,0.0,0.0,0.0,0.0,1.0,1.0,0.0,0.0,0.0,1.0,0.0,1.0,lower,"(1, 2)",,5
68,O_bc0p1_s5_final,1.0,1.0,13.16293830696572,44.0,0.0,0.0,0.0,1.0,0.0,0.0,1.0,3.0,shortcut,"(2, 3)",7,
69,O_bc0p1_s5_final,1.0,1.0,13.16293830696572,44.0,0.0,0.0,0.0,1.0,0.0,0.0,1.0,3.0,shortcut,"(2, 3)",7,
70,O_bc0p1_s5_final,1.0,1.0,13.16293830696572,44.0,0.0,0.0,0.0,1.0,0.0,0.0,1.0,3.0,shortcut,"(2, 3)",7,
71,O_bc0p1_s5_final,0.0,0.0,0.0,0.0,1.0,0.0,0.0,1.0,0.0,0.0,1.0,3.0,shortcut,"(2, 3)",,5
72,O_bc0p1_s5_final,0.0,0.0,0.0,0.0,1.0,0.0,0.0,1.0,0.0,0.0,1.0,3.0,shortcut,"(2, 3)",,5
73,O_bc0p1_s5_final,1.0,1.0,13.16293830696572,44.0,0.0,0.0,0.0,1.0,0.0,0.0,1.0,3.0,shortcut,"(2, 3)",7,
74,O_bc0p1_s5_final,1.0,1.0,11.72950912024697,42.0,0.0,1.0,1.0,0.0,0.0,1.0,0.0,0.0,lower,"(1, 2)",9,
75,O_bc0p1_s5_final,1.0,1.0,11.72950912024697,42.0,0.0,1.0,1.0,0.0,0.0,1.0,0.0,0.0,lower,"(1, 2)",9,
76,O_bc0p1_s5_final,0.0,0.0,0.0,0.0,1.0,0.0,0.0,1.0,0.0,0.0,1.0,1.0,shortcut,"(2, 3)",,3
77,O_bc0p1_s5_final,0.0,0.0,0.0,0.0,1.0,0.0,0.0,1.0,0.0,0.0,1.0,2.0,shortcut,"(2, 3)",,6
78,O_bc0p1_s5_final,0.0,0.0,0.0,0.0,1.0,0.0,0.0,1.0,0.0,0.0,1.0,2.0,shortcut,"(2, 3)",,4
79,O_bc0p1_s5_final,0.0,0.0,0.0,0.0,1.0,0.0,0.0,1.0,0.0,0.0,1.0,2.0,shortcut,"(2, 3)",,4
80,O_bc0p1_s5_final,0.0,0.0,0.0,0.0,1.0,0.0,0.0,1.0,0.0,0.0,1.0,2.0,shortcut,"(2, 3)",,4
81,O_bc0p1_s5_final,1.0,1.0,13.16293830696572,44.0,0.0,0.0,0.0,1.0,0.0,0.0,1.0,3.0,shortcut,"(2, 3)",7,
82,O_bc0p1_s5_final,0.0,0.0,0.0,0.0,1.0,0.0,0.0,1.0,0.0,0.0,1.0,3.0,shortcut,"(2, 3)",,6
83,O_bc0p1_s5_final,1.0,1.0,13.16293830696572,44.0,0.0,0.0,0.0,1.0,0.0,0.0,1.0,3.0,shortcut,"(2, 3)",7,
84,O_bc0p1_s5_final,1.0,1.0,12.42784641634072,43.0,0.0,1.0,1.0,0.0,0.0,1.0,0.0,0.0,lower,"(1, 2)",8,
85,O_bc0p1_s5_final,1.0,1.0,13.16293830696572,44.0,0.0,0.0,0.0,1.0,0.0,0.0,1.0,3.0,shortcut,"(2, 3)",7,
86,O_bc0p1_s5_final,0.0,0.0,0.0,0.0,1.0,0.0,0.0,1.0,0.0,0.0,1.0,2.0,shortcut,"(2, 3)",,4
87,O_bc0p1_s5_final,1.0,1.0,11.72950912024697,42.0,0.0,0.0,0.0,1.0,0.0,0.0,1.0,4.0,shortcut,"(2, 3)",9,
88,O_bc0p1_s5_final,0.0,0.0,0.0,0.0,1.0,0.0,0.0,1.0,0.0,0.0,1.0,3.0,shortcut,"(2, 3)",,6
89,O_bc0p1_s5_final,0.0,0.0,0.0,0.0,1.0,0.0,0.0,1.0,0.0,0.0,1.0,3.0,shortcut,"(2, 3)",,7
90,O_bc0p1_s5_final,1.0,1.0,13.16293830696572,44.0,0.0,0.0,0.0,1.0,0.0,0.0,1.0,3.0,shortcut,"(2, 3)",7,
91,O_bc0p1_s5_final,1.0,1.0,13.16293830696572,44.0,0.0,0.0,0.0,1.0,0.0,0.0,1.0,3.0,shortcut,"(2, 3)",7,
92,O_bc0p1_s5_final,0.0,0.0,0.0,0.0,1.0,0.0,0.0,1.0,0.0,0.0,1.0,1.0,shortcut,"(2, 3)",,3
93,O_bc0p1_s5_final,0.0,0.0,0.0,0.0,1.0,0.0,0.0,1.0,0.0,0.0,1.0,2.0,shortcut,"(2, 3)",,5
94,O_bc0p1_s5_final,0.0,0.0,0.0,0.0,1.0,0.0,0.0,1.0,0.0,0.0,1.0,1.0,shortcut,"(2, 3)",,3
95,O_bc0p1_s5_final,0.0,0.0,0.0,0.0,1.0,0.0,0.0,1.0,0.0,0.0,1.0,1.0,shortcut,"(2, 3)",,4
96,O_bc0p1_s5_final,0.0,0.0,0.0,0.0,1.0,0.0,0.0,1.0,0.0,0.0,1.0,1.0,shortcut,"(2, 3)",,3
97,O_bc0p1_s5_final,0.0,0.0,0.0,0.0,1.0,0.0,0.0,1.0,0.0,0.0,1.0,3.0,shortcut,"(2, 3)",,5
98,O_bc0p1_s5_final,1.0,1.0,13.16293830696572,44.0,0.0,0.0,0.0,1.0,0.0,0.0,1.0,3.0,shortcut,"(2, 3)",7,
99,O_bc0p1_s5_final,0.0,0.0,0.0,0.0,1.0,0.0,0.0,1.0,0.0,0.0,1.0,1.0,shortcut,"(2, 3)",,3
100,O_bc0p1_s5_final,0.0,0.0,0.0,0.0,1.0,0.0,0.0,1.0,0.0,0.0,1.0,1.0,shortcut,"(2, 3)",,6
101,O_bc0p1_s5_final,0.0,0.0,0.0,0.0,1.0,0.0,0.0,1.0,0.0,0.0,1.0,1.0,shortcut,"(2, 3)",,3
102,O_bc0p1_s5_final,1.0,1.0,13.16293830696572,44.0,0.0,0.0,0.0,1.0,0.0,0.0,1.0,3.0,shortcut,"(2, 3)",7,
103,O_bc0p1_s5_final,1.0,1.0,13.16293830696572,44.0,0.0,0.0,0.0,1.0,0.0,0.0,1.0,3.0,shortcut,"(2, 3)",7,
104,O_bc0p1_s5_final,0.0,0.0,0.0,0.0,1.0,0.0,0.0,1.0,0.0,0.0,1.0,2.0,shortcut,"(2, 3)",,4
105,O_bc0p1_s5_final,1.0,1.0,13.16293830696572,44.0,0.0,0.0,0.0,1.0,0.0,0.0,1.0,4.0,shortcut,"(2, 3)",7,
106,O_bc0p1_s5_final,0.0,0.0,0.0,0.0,1.0,0.0,0.0,1.0,0.0,0.0,1.0,2.0,shortcut,"(2, 3)",,4
107,O_bc0p1_s5_final,1.0,1.0,11.72950912024697,42.0,0.0,1.0,1.0,0.0,0.0,1.0,0.0,0.0,lower,"(1, 2)",9,
108,O_bc0p1_s5_final,0.0,0.0,0.0,0.0,1.0,0.0,0.0,1.0,0.0,0.0,1.0,3.0,shortcut,"(2, 3)",,5
109,O_bc0p1_s5_final,1.0,1.0,13.16293830696572,44.0,0.0,0.0,0.0,1.0,0.0,0.0,1.0,3.0,shortcut,"(2, 3)",7,
110,O_bc0p1_s5_final,0.0,0.0,0.0,0.0,1.0,0.0,0.0,1.0,0.0,0.0,1.0,4.0,shortcut,"(2, 3)",,6
111,O_bc0p1_s5_final,0.0,0.0,0.0,0.0,1.0,0.0,0.0,1.0,0.0,0.0,1.0,1.0,shortcut,"(2, 3)",,3
112,O_bc0p1_s5_final,0.0,0.0,0.0,0.0,1.0,0.0,0.0,1.0,0.0,0.0,1.0,3.0,shortcut,"(2, 3)",,5
113,O_bc0p1_s5_final,0.0,0.0,0.0,0.0,1.0,0.0,0.0,1.0,0.0,0.0,1.0,2.0,shortcut,"(2, 3)",,4
114,O_bc0p1_s5_final,1.0,1.0,12.42784641634072,43.0,0.0,0.0,0.0,1.0,0.0,0.0,1.0,3.0,shortcut,"(2, 3)",8,
115,O_bc0p1_s5_final,0.0,0.0,0.0,0.0,1.0,0.0,0.0,1.0,0.0,0.0,1.0,1.0,shortcut,"(2, 3)",,3
116,O_bc0p1_s5_final,1.0,1.0,13.16293830696572,44.0,0.0,0.0,0.0,1.0,0.0,0.0,1.0,3.0,shortcut,"(2, 3)",7,
117,O_bc0p1_s5_final,0.0,0.0,0.0,0.0,1.0,0.0,0.0,1.0,0.0,0.0,1.0,2.0,shortcut,"(2, 3)",,4
118,O_bc0p1_s5_final,1.0,1.0,13.16293830696572,44.0,0.0,0.0,0.0,1.0,0.0,0.0,1.0,3.0,shortcut,"(2, 3)",7,
119,O_bc0p1_s5_final,0.0,0.0,0.0,0.0,1.0,0.0,0.0,1.0,0.0,0.0,1.0,2.0,shortcut,"(2, 3)",,6
120,O_bc0p1_s5_final,0.0,0.0,0.0,0.0,1.0,0.0,0.0,1.0,0.0,0.0,1.0,3.0,shortcut,"(2, 3)",,7
121,O_bc0p1_s5_final,1.0,1.0,13.16293830696572,44.0,0.0,0.0,0.0,1.0,0.0,0.0,1.0,3.0,shortcut,"(2, 3)",7,
122,O_bc0p1_s5_final,0.0,0.0,0.0,0.0,1.0,0.0,0.0,1.0,0.0,0.0,1.0,1.0,shortcut,"(2, 3)",,3
123,O_bc0p1_s5_final,1.0,1.0,12.42784641634072,43.0,0.0,0.0,0.0,1.0,0.0,0.0,1.0,3.0,shortcut,"(2, 3)",8,
124,O_bc0p1_s5_final,0.0,0.0,0.0,0.0,1.0,0.0,0.0,1.0,0.0,0.0,1.0,3.0,shortcut,"(2, 3)",,7
125,O_bc0p1_s5_final,1.0,1.0,13.16293830696572,44.0,0.0,0.0,0.0,1.0,0.0,0.0,1.0,3.0,shortcut,"(2, 3)",7,
126,O_bc0p1_s5_final,0.0,0.0,0.0,0.0,1.0,0.0,0.0,1.0,0.0,0.0,1.0,2.0,shortcut,"(2, 3)",,4
127,O_bc0p1_s5_final,1.0,1.0,11.72950912024697,42.0,0.0,1.0,1.0,0.0,0.0,1.0,0.0,0.0,lower,"(1, 2)",9,
128,O_bc0p1_s5_final,0.0,0.0,0.0,0.0,1.0,0.0,0.0,1.0,0.0,0.0,1.0,4.0,shortcut,"(2, 3)",,7
129,O_bc0p1_s5_final,1.0,1.0,13.16293830696572,44.0,0.0,0.0,0.0,1.0,0.0,0.0,1.0,3.0,shortcut,"(2, 3)",7,
130,O_bc0p1_s5_final,0.0,0.0,0.0,0.0,1.0,0.0,0.0,1.0,0.0,0.0,1.0,1.0,shortcut,"(2, 3)",,3
131,O_bc0p1_s5_final,0.0,0.0,0.0,0.0,1.0,0.0,0.0,1.0,0.0,0.0,1.0,2.0,shortcut,"(2, 3)",,4
132,O_bc0p1_s5_final,1.0,1.0,13.16293830696572,44.0,0.0,0.0,0.0,1.0,0.0,0.0,1.0,3.0,shortcut,"(2, 3)",7,
133,O_bc0p1_s5_final,0.0,0.0,0.0,0.0,1.0,0.0,0.0,1.0,0.0,0.0,1.0,3.0,shortcut,"(2, 3)",,5
134,O_bc0p1_s5_final,0.0,0.0,0.0,0.0,1.0,0.0,0.0,1.0,0.0,0.0,1.0,2.0,shortcut,"(2, 3)",,4
135,O_bc0p1_s5_final,1.0,1.0,13.16293830696572,44.0,0.0,1.0,0.0,0.0,0.0,1.0,0.0,3.0,lower,"(1, 2)",7,
136,O_bc0p1_s5_final,0.0,0.0,0.0,0.0,1.0,0.0,0.0,1.0,0.0,0.0,1.0,1.0,shortcut,"(2, 3)",,3
137,O_bc0p1_s5_final,0.0,0.0,0.0,0.0,1.0,0.0,0.0,1.0,0.0,0.0,1.0,3.0,shortcut,"(2, 3)",,5
138,O_bc0p1_s5_final,1.0,1.0,12.42784641634072,43.0,0.0,0.0,0.0,1.0,0.0,0.0,1.0,3.0,shortcut,"(2, 3)",8,
139,O_bc0p1_s5_final,0.0,0.0,0.0,0.0,1.0,0.0,0.0,1.0,0.0,0.0,1.0,3.0,shortcut,"(2, 3)",,5
140,O_bc0p1_s5_final,0.0,0.0,0.0,0.0,1.0,0.0,0.0,1.0,0.0,0.0,1.0,1.0,shortcut,"(2, 3)",,3
141,O_bc0p1_s5_final,0.0,0.0,0.0,0.0,1.0,0.0,0.0,1.0,0.0,0.0,1.0,2.0,shortcut,"(2, 3)",,4
142,O_bc0p1_s5_final,0.0,0.0,0.0,0.0,1.0,0.0,0.0,1.0,0.0,0.0,1.0,2.0,shortcut,"(2, 3)",,4
143,O_bc0p1_s5_final,1.0,1.0,13.16293830696572,44.0,0.0,0.0,0.0,1.0,0.0,0.0,1.0,3.0,shortcut,"(2, 3)",7,
144,O_bc0p1_s5_final,0.0,0.0,0.0,0.0,1.0,0.0,0.0,1.0,0.0,0.0,1.0,1.0,shortcut,"(2, 3)",,3
145,O_bc0p1_s5_final,1.0,1.0,13.16293830696572,44.0,0.0,0.0,0.0,1.0,0.0,0.0,1.0,3.0,shortcut,"(2, 3)",7,
146,O_bc0p1_s5_final,1.0,1.0,13.16293830696572,44.0,0.0,0.0,0.0,1.0,0.0,0.0,1.0,3.0,shortcut,"(2, 3)",7,
147,O_bc0p1_s5_final,0.0,0.0,0.0,0.0,1.0,0.0,0.0,1.0,0.0,0.0,1.0,2.0,shortcut,"(2, 3)",,4
148,O_bc0p1_s5_final,1.0,1.0,13.16293830696572,44.0,0.0,0.0,0.0,1.0,0.0,0.0,1.0,3.0,shortcut,"(2, 3)",7,
149,O_bc0p1_s5_final,0.0,0.0,0.0,0.0,1.0,0.0,0.0,1.0,0.0,0.0,1.0,1.0,shortcut,"(2, 3)",,3
150,O_bc0p1_s5_final,0.0,0.0,0.0,0.0,1.0,0.0,0.0,1.0,0.0,0.0,1.0,1.0,shortcut,"(2, 3)",,3
151,O_bc0p1_s5_final,0.0,0.0,0.0,0.0,1.0,0.0,0.0,1.0,0.0,0.0,1.0,2.0,shortcut,"(2, 3)",,4
152,O_bc0p1_s5_final,0.0,0.0,0.0,0.0,1.0,0.0,0.0,1.0,0.0,0.0,1.0,2.0,shortcut,"(2, 3)",,4
153,O_bc0p1_s5_final,0.0,0.0,0.0,0.0,1.0,0.0,0.0,1.0,0.0,0.0,1.0,1.0,shortcut,"(2, 3)",,5
154,O_bc0p1_s5_final,0.0,0.0,0.0,0.0,1.0,0.0,0.0,1.0,0.0,0.0,1.0,1.0,shortcut,"(2, 3)",,3
155,O_bc0p1_s5_final,0.0,0.0,0.0,0.0,1.0,0.0,0.0,1.0,0.0,0.0,1.0,1.0,shortcut,"(2, 3)",,3
156,O_bc0p1_s5_final,0.0,0.0,0.0,0.0,1.0,0.0,0.0,1.0,0.0,0.0,1.0,2.0,shortcut,"(2, 3)",,4
157,O_bc0p1_s5_final,0.0,0.0,0.0,0.0,1.0,0.0,0.0,1.0,0.0,0.0,1.0,2.0,shortcut,"(2, 3)",,7
158,O_bc0p1_s5_final,0.0,0.0,0.0,0.0,1.0,0.0,0.0,1.0,0.0,0.0,1.0,2.0,shortcut,"(2, 3)",,4
159,O_bc0p1_s5_final,0.0,0.0,0.0,0.0,1.0,0.0,0.0,1.0,0.0,0.0,1.0,3.0,shortcut,"(2, 3)",,6
160,O_bc0p1_s5_final,0.0,0.0,0.0,0.0,1.0,0.0,0.0,1.0,0.0,0.0,1.0,1.0,shortcut,"(2, 3)",,3
161,O_bc0p1_s5_final,0.0,0.0,0.0,0.0,1.0,0.0,0.0,1.0,0.0,0.0,1.0,2.0,shortcut,"(2, 3)",,4
162,O_bc0p1_s5_final,0.0,0.0,0.0,0.0,1.0,0.0,0.0,1.0,0.0,0.0,1.0,1.0,shortcut,"(2, 3)",,3
163,O_bc0p1_s5_final,1.0,1.0,13.16293830696572,44.0,0.0,0.0,0.0,1.0,0.0,0.0,1.0,3.0,shortcut,"(2, 3)",7,
164,O_bc0p1_s5_final,0.0,0.0,0.0,0.0,1.0,1.0,0.0,0.0,0.0,1.0,0.0,2.0,lower,"(1, 2)",,7
165,O_bc0p1_s5_final,1.0,1.0,11.72950912024697,42.0,0.0,1.0,1.0,0.0,0.0,1.0,0.0,0.0,lower,"(1, 2)",9,
166,O_bc0p1_s5_final,0.0,0.0,0.0,0.0,1.0,0.0,0.0,1.0,0.0,0.0,1.0,1.0,shortcut,"(2, 3)",,3
167,O_bc0p1_s5_final,0.0,0.0,0.0,0.0,1.0,0.0,0.0,1.0,0.0,0.0,1.0,1.0,shortcut,"(2, 3)",,3
168,O_bc0p1_s5_final,0.0,0.0,0.0,0.0,1.0,1.0,0.0,0.0,0.0,0.0,1.0,2.0,lower,"(2, 3)",,11
169,O_bc0p1_s5_final,0.0,0.0,0.0,0.0,1.0,0.0,0.0,1.0,0.0,0.0,1.0,2.0,shortcut,"(2, 3)",,4
170,O_bc0p1_s5_final,1.0,1.0,13.16293830696572,44.0,0.0,0.0,0.0,1.0,0.0,0.0,1.0,3.0,shortcut,"(2, 3)",7,
171,O_bc0p1_s5_final,1.0,1.0,13.16293830696572,44.0,0.0,0.0,0.0,1.0,0.0,0.0,1.0,3.0,shortcut,"(2, 3)",7,
172,O_bc0p1_s5_final,0.0,0.0,0.0,0.0,1.0,0.0,0.0,1.0,0.0,0.0,1.0,2.0,shortcut,"(2, 3)",,4
173,O_bc0p1_s5_final,0.0,0.0,0.0,0.0,1.0,0.0,0.0,1.0,0.0,0.0,1.0,2.0,shortcut,"(2, 3)",,5
174,O_bc0p1_s5_final,0.0,0.0,0.0,0.0,1.0,0.0,0.0,1.0,0.0,0.0,1.0,6.0,shortcut,"(2, 3)",,9
175,O_bc0p1_s5_final,0.0,0.0,0.0,0.0,1.0,0.0,0.0,1.0,0.0,0.0,1.0,1.0,shortcut,"(2, 3)",,3
176,O_bc0p1_s5_final,1.0,1.0,13.16293830696572,44.0,0.0,0.0,0.0,1.0,0.0,0.0,1.0,3.0,shortcut,"(2, 3)",7,
177,O_bc0p1_s5_final,0.0,0.0,0.0,0.0,1.0,0.0,0.0,1.0,0.0,0.0,1.0,2.0,shortcut,"(2, 3)",,6
178,O_bc0p1_s5_final,1.0,1.0,13.16293830696572,44.0,0.0,0.0,0.0,1.0,0.0,0.0,1.0,3.0,shortcut,"(2, 3)",7,
179,O_bc0p1_s5_final,0.0,0.0,0.0,0.0,1.0,0.0,0.0,1.0,0.0,0.0,1.0,3.0,shortcut,"(2, 3)",,6
180,O_bc0p1_s5_final,0.0,0.0,0.0,0.0,1.0,0.0,0.0,1.0,0.0,0.0,1.0,1.0,shortcut,"(2, 3)",,5
181,O_bc0p1_s5_final,1.0,1.0,13.16293830696572,44.0,0.0,0.0,0.0,1.0,0.0,0.0,1.0,3.0,shortcut,"(2, 3)",7,
182,O_bc0p1_s5_final,0.0,0.0,0.0,0.0,1.0,0.0,0.0,1.0,0.0,0.0,1.0,3.0,shortcut,"(2, 3)",,5
183,O_bc0p1_s5_final,0.0,0.0,0.0,0.0,1.0,0.0,0.0,1.0,0.0,0.0,1.0,2.0,shortcut,"(2, 3)",,4
184,O_bc0p1_s5_final,1.0,1.0,13.16293830696572,44.0,0.0,0.0,0.0,1.0,0.0,0.0,1.0,4.0,shortcut,"(2, 3)",7,
185,O_bc0p1_s5_final,0.0,0.0,0.0,0.0,1.0,0.0,0.0,1.0,0.0,0.0,1.0,1.0,shortcut,"(2, 3)",,3
186,O_bc0p1_s5_final,1.0,1.0,13.16293830696572,44.0,0.0,0.0,0.0,1.0,0.0,0.0,1.0,3.0,shortcut,"(2, 3)",7,
187,O_bc0p1_s5_final,1.0,1.0,11.72950912024697,42.0,0.0,0.0,0.0,1.0,0.0,0.0,1.0,3.0,shortcut,"(2, 3)",9,
188,O_bc0p1_s5_final,1.0,1.0,13.16293830696572,44.0,0.0,0.0,0.0,1.0,0.0,0.0,1.0,3.0,shortcut,"(2, 3)",7,
189,O_bc0p1_s5_final,0.0,0.0,0.0,0.0,1.0,0.0,0.0,1.0,0.0,0.0,1.0,1.0,shortcut,"(2, 3)",,3
190,O_bc0p1_s5_final,0.0,0.0,0.0,0.0,1.0,0.0,0.0,1.0,0.0,0.0,1.0,3.0,shortcut,"(2, 3)",,6
191,O_bc0p1_s5_final,1.0,1.0,13.16293830696572,44.0,0.0,0.0,0.0,1.0,0.0,0.0,1.0,3.0,shortcut,"(2, 3)",7,
192,O_bc0p1_s5_final,1.0,1.0,13.16293830696572,44.0,0.0,0.0,0.0,1.0,0.0,0.0,1.0,3.0,shortcut,"(2, 3)",7,
193,O_bc0p1_s5_final,0.0,0.0,0.0,0.0,1.0,0.0,0.0,1.0,0.0,0.0,1.0,2.0,shortcut,"(2, 3)",,4
194,O_bc0p1_s5_final,0.0,0.0,0.0,0.0,1.0,0.0,0.0,1.0,0.0,0.0,1.0,2.0,shortcut,"(2, 3)",,4
195,O_bc0p1_s5_final,1.0,1.0,12.42784641634072,43.0,0.0,0.0,0.0,1.0,0.0,0.0,1.0,4.0,shortcut,"(2, 3)",8,
196,O_bc0p1_s5_final,0.0,0.0,0.0,0.0,1.0,0.0,0.0,1.0,0.0,0.0,1.0,1.0,shortcut,"(2, 3)",,3
197,O_bc0p1_s5_final,0.0,0.0,0.0,0.0,1.0,0.0,0.0,1.0,0.0,0.0,1.0,1.0,shortcut,"(2, 3)",,3
198,O_bc0p1_s5_final,0.0,0.0,0.0,0.0,1.0,0.0,0.0,1.0,0.0,0.0,1.0,3.0,shortcut,"(2, 3)",,5
199,O_bc0p1_s5_final,0.0,0.0,0.0,0.0,1.0,0.0,0.0,1.0,0.0,0.0,1.0,1.0,shortcut,"(2, 3)",,3
0,O_bc0p05_s5_final,0.0,0.0,0.0,0.0,1.0,0.0,0.0,1.0,0.0,0.0,1.0,3.0,shortcut,"(2, 3)",,5
1,O_bc0p05_s5_final,0.0,0.0,0.0,0.0,1.0,0.0,0.0,1.0,0.0,0.0,1.0,3.0,shortcut,"(2, 3)",,5
2,O_bc0p05_s5_final,0.0,0.0,0.0,0.0,1.0,0.0,0.0,1.0,0.0,0.0,1.0,1.0,shortcut,"(2, 3)",,3
3,O_bc0p05_s5_final,1.0,1.0,13.16293830696572,44.0,0.0,0.0,0.0,1.0,0.0,0.0,1.0,3.0,shortcut,"(2, 3)",7,
4,O_bc0p05_s5_final,1.0,1.0,13.16293830696572,44.0,0.0,0.0,0.0,1.0,0.0,0.0,1.0,4.0,shortcut,"(2, 3)",7,
5,O_bc0p05_s5_final,1.0,1.0,13.16293830696572,44.0,0.0,0.0,0.0,1.0,0.0,0.0,1.0,3.0,shortcut,"(2, 3)",7,
6,O_bc0p05_s5_final,1.0,1.0,13.16293830696572,44.0,0.0,0.0,0.0,1.0,0.0,0.0,1.0,3.0,shortcut,"(2, 3)",7,
7,O_bc0p05_s5_final,0.0,0.0,0.0,0.0,1.0,0.0,0.0,1.0,0.0,0.0,1.0,3.0,shortcut,"(2, 3)",,5
8,O_bc0p05_s5_final,1.0,1.0,13.16293830696572,44.0,0.0,0.0,0.0,1.0,0.0,0.0,1.0,3.0,shortcut,"(2, 3)",7,
9,O_bc0p05_s5_final,1.0,1.0,13.16293830696572,44.0,0.0,0.0,0.0,1.0,0.0,0.0,1.0,3.0,shortcut,"(2, 3)",7,
10,O_bc0p05_s5_final,0.0,0.0,0.0,0.0,1.0,0.0,0.0,1.0,0.0,0.0,1.0,1.0,shortcut,"(2, 3)",,3
11,O_bc0p05_s5_final,0.0,0.0,0.0,0.0,1.0,0.0,0.0,1.0,0.0,0.0,1.0,2.0,shortcut,"(2, 3)",,4
12,O_bc0p05_s5_final,1.0,1.0,13.16293830696572,44.0,0.0,0.0,0.0,1.0,0.0,0.0,1.0,4.0,shortcut,"(2, 3)",7,
13,O_bc0p05_s5_final,1.0,1.0,13.16293830696572,44.0,0.0,0.0,0.0,1.0,0.0,0.0,1.0,3.0,shortcut,"(2, 3)",7,
14,O_bc0p05_s5_final,0.0,0.0,0.0,0.0,1.0,0.0,0.0,1.0,0.0,0.0,1.0,2.0,shortcut,"(2, 3)",,4
15,O_bc0p05_s5_final,1.0,1.0,13.16293830696572,44.0,0.0,0.0,0.0,1.0,0.0,0.0,1.0,3.0,shortcut,"(2, 3)",7,
16,O_bc0p05_s5_final,0.0,0.0,0.0,0.0,1.0,0.0,0.0,1.0,0.0,0.0,1.0,1.0,shortcut,"(2, 3)",,3
17,O_bc0p05_s5_final,0.0,0.0,0.0,0.0,1.0,0.0,0.0,1.0,0.0,0.0,1.0,2.0,shortcut,"(2, 3)",,4
18,O_bc0p05_s5_final,0.0,0.0,0.0,0.0,1.0,0.0,0.0,1.0,0.0,0.0,1.0,1.0,shortcut,"(2, 3)",,3
19,O_bc0p05_s5_final,0.0,0.0,0.0,0.0,1.0,0.0,0.0,1.0,0.0,0.0,1.0,1.0,shortcut,"(2, 3)",,3
20,O_bc0p05_s5_final,1.0,1.0,13.16293830696572,44.0,0.0,0.0,0.0,1.0,0.0,0.0,1.0,3.0,shortcut,"(2, 3)",7,
21,O_bc0p05_s5_final,0.0,0.0,0.0,0.0,1.0,0.0,0.0,1.0,0.0,0.0,1.0,3.0,shortcut,"(2, 3)",,5
22,O_bc0p05_s5_final,0.0,0.0,0.0,0.0,1.0,0.0,0.0,1.0,0.0,0.0,1.0,1.0,shortcut,"(2, 3)",,3
23,O_bc0p05_s5_final,0.0,0.0,0.0,0.0,1.0,0.0,0.0,1.0,0.0,0.0,1.0,3.0,shortcut,"(2, 3)",,5
24,O_bc0p05_s5_final,1.0,1.0,13.16293830696572,44.0,0.0,0.0,0.0,1.0,0.0,0.0,1.0,3.0,shortcut,"(2, 3)",7,
25,O_bc0p05_s5_final,0.0,0.0,0.0,0.0,1.0,0.0,0.0,1.0,0.0,0.0,1.0,3.0,shortcut,"(2, 3)",,5
26,O_bc0p05_s5_final,1.0,1.0,13.16293830696572,44.0,0.0,0.0,0.0,1.0,0.0,0.0,1.0,3.0,shortcut,"(2, 3)",7,
27,O_bc0p05_s5_final,0.0,0.0,0.0,0.0,1.0,0.0,0.0,1.0,0.0,0.0,1.0,3.0,shortcut,"(2, 3)",,5
28,O_bc0p05_s5_final,1.0,1.0,13.16293830696572,44.0,0.0,0.0,0.0,1.0,0.0,0.0,1.0,3.0,shortcut,"(2, 3)",7,
29,O_bc0p05_s5_final,0.0,0.0,0.0,0.0,1.0,0.0,0.0,1.0,0.0,0.0,1.0,1.0,shortcut,"(2, 3)",,3
30,O_bc0p05_s5_final,0.0,0.0,0.0,0.0,1.0,0.0,0.0,1.0,0.0,0.0,1.0,1.0,shortcut,"(2, 3)",,3
31,O_bc0p05_s5_final,0.0,0.0,0.0,0.0,1.0,0.0,0.0,1.0,0.0,0.0,1.0,1.0,shortcut,"(2, 3)",,3
32,O_bc0p05_s5_final,0.0,0.0,0.0,0.0,1.0,0.0,0.0,1.0,0.0,0.0,1.0,2.0,shortcut,"(2, 3)",,4
33,O_bc0p05_s5_final,0.0,0.0,0.0,0.0,1.0,0.0,0.0,1.0,0.0,0.0,1.0,2.0,shortcut,"(2, 3)",,4
34,O_bc0p05_s5_final,1.0,1.0,13.16293830696572,44.0,0.0,0.0,0.0,1.0,0.0,0.0,1.0,3.0,shortcut,"(2, 3)",7,
35,O_bc0p05_s5_final,0.0,0.0,0.0,0.0,1.0,0.0,0.0,1.0,0.0,0.0,1.0,3.0,shortcut,"(2, 3)",,5
36,O_bc0p05_s5_final,0.0,0.0,0.0,0.0,1.0,0.0,0.0,1.0,0.0,0.0,1.0,2.0,shortcut,"(2, 3)",,4
37,O_bc0p05_s5_final,1.0,1.0,13.16293830696572,44.0,0.0,0.0,0.0,1.0,0.0,0.0,1.0,3.0,shortcut,"(2, 3)",7,
38,O_bc0p05_s5_final,0.0,0.0,0.0,0.0,1.0,0.0,0.0,1.0,0.0,0.0,1.0,3.0,shortcut,"(2, 3)",,5
39,O_bc0p05_s5_final,1.0,1.0,13.16293830696572,44.0,0.0,0.0,0.0,1.0,0.0,0.0,1.0,3.0,shortcut,"(2, 3)",7,
40,O_bc0p05_s5_final,1.0,1.0,13.16293830696572,44.0,0.0,0.0,0.0,1.0,0.0,0.0,1.0,3.0,shortcut,"(2, 3)",7,
41,O_bc0p05_s5_final,1.0,1.0,13.16293830696572,44.0,0.0,0.0,0.0,1.0,0.0,0.0,1.0,3.0,shortcut,"(2, 3)",7,
42,O_bc0p05_s5_final,0.0,0.0,0.0,0.0,1.0,0.0,0.0,1.0,0.0,0.0,1.0,2.0,shortcut,"(2, 3)",,4
43,O_bc0p05_s5_final,1.0,1.0,13.16293830696572,44.0,0.0,0.0,0.0,1.0,0.0,0.0,1.0,3.0,shortcut,"(2, 3)",7,
44,O_bc0p05_s5_final,1.0,1.0,13.16293830696572,44.0,0.0,0.0,0.0,1.0,0.0,0.0,1.0,3.0,shortcut,"(2, 3)",7,
45,O_bc0p05_s5_final,0.0,0.0,0.0,0.0,1.0,0.0,0.0,1.0,0.0,0.0,1.0,1.0,shortcut,"(2, 3)",,3
46,O_bc0p05_s5_final,0.0,0.0,0.0,0.0,1.0,0.0,0.0,1.0,0.0,0.0,1.0,3.0,shortcut,"(2, 3)",,5
47,O_bc0p05_s5_final,0.0,0.0,0.0,0.0,1.0,0.0,0.0,1.0,0.0,0.0,1.0,1.0,shortcut,"(2, 3)",,3
48,O_bc0p05_s5_final,0.0,0.0,0.0,0.0,1.0,0.0,0.0,1.0,0.0,0.0,1.0,1.0,shortcut,"(2, 3)",,3
49,O_bc0p05_s5_final,1.0,1.0,13.16293830696572,44.0,0.0,0.0,0.0,1.0,0.0,0.0,1.0,3.0,shortcut,"(2, 3)",7,
50,O_bc0p05_s5_final,1.0,1.0,13.16293830696572,44.0,0.0,0.0,0.0,1.0,0.0,0.0,1.0,3.0,shortcut,"(2, 3)",7,
51,O_bc0p05_s5_final,1.0,1.0,13.16293830696572,44.0,0.0,0.0,0.0,1.0,0.0,0.0,1.0,3.0,shortcut,"(2, 3)",7,
52,O_bc0p05_s5_final,0.0,0.0,0.0,0.0,1.0,0.0,0.0,1.0,0.0,0.0,1.0,2.0,shortcut,"(2, 3)",,4
53,O_bc0p05_s5_final,0.0,0.0,0.0,0.0,1.0,0.0,0.0,1.0,0.0,0.0,1.0,1.0,shortcut,"(2, 3)",,3
54,O_bc0p05_s5_final,0.0,0.0,0.0,0.0,1.0,0.0,0.0,1.0,0.0,0.0,1.0,1.0,shortcut,"(2, 3)",,3
55,O_bc0p05_s5_final,0.0,0.0,0.0,0.0,1.0,0.0,0.0,1.0,0.0,0.0,1.0,2.0,shortcut,"(2, 3)",,5
56,O_bc0p05_s5_final,0.0,0.0,0.0,0.0,1.0,0.0,0.0,1.0,0.0,0.0,1.0,2.0,shortcut,"(2, 3)",,4
57,O_bc0p05_s5_final,0.0,0.0,0.0,0.0,1.0,0.0,0.0,1.0,0.0,0.0,1.0,1.0,shortcut,"(2, 3)",,3
58,O_bc0p05_s5_final,0.0,0.0,0.0,0.0,1.0,0.0,0.0,1.0,0.0,0.0,1.0,3.0,shortcut,"(2, 3)",,5
59,O_bc0p05_s5_final,0.0,0.0,0.0,0.0,1.0,0.0,0.0,1.0,0.0,0.0,1.0,2.0,shortcut,"(2, 3)",,4
60,O_bc0p05_s5_final,1.0,1.0,11.72950912024697,42.0,0.0,1.0,1.0,0.0,0.0,1.0,0.0,0.0,lower,"(1, 2)",9,
61,O_bc0p05_s5_final,0.0,0.0,0.0,0.0,1.0,0.0,0.0,1.0,0.0,0.0,1.0,3.0,shortcut,"(2, 3)",,5
62,O_bc0p05_s5_final,1.0,1.0,11.72950912024697,42.0,0.0,1.0,1.0,0.0,0.0,1.0,0.0,0.0,lower,"(1, 2)",9,
63,O_bc0p05_s5_final,0.0,0.0,0.0,0.0,1.0,0.0,0.0,1.0,0.0,0.0,1.0,1.0,shortcut,"(2, 3)",,3
64,O_bc0p05_s5_final,0.0,0.0,0.0,0.0,1.0,0.0,0.0,1.0,0.0,0.0,1.0,3.0,shortcut,"(2, 3)",,5
65,O_bc0p05_s5_final,0.0,0.0,0.0,0.0,1.0,0.0,0.0,1.0,0.0,0.0,1.0,2.0,shortcut,"(2, 3)",,4
66,O_bc0p05_s5_final,0.0,0.0,0.0,0.0,1.0,0.0,0.0,1.0,0.0,0.0,1.0,2.0,shortcut,"(2, 3)",,5
67,O_bc0p05_s5_final,0.0,0.0,0.0,0.0,1.0,0.0,0.0,1.0,0.0,0.0,1.0,1.0,shortcut,"(2, 3)",,5
68,O_bc0p05_s5_final,1.0,1.0,13.16293830696572,44.0,0.0,0.0,0.0,1.0,0.0,0.0,1.0,3.0,shortcut,"(2, 3)",7,
69,O_bc0p05_s5_final,1.0,1.0,13.16293830696572,44.0,0.0,0.0,0.0,1.0,0.0,0.0,1.0,3.0,shortcut,"(2, 3)",7,
70,O_bc0p05_s5_final,1.0,1.0,13.16293830696572,44.0,0.0,0.0,0.0,1.0,0.0,0.0,1.0,3.0,shortcut,"(2, 3)",7,
71,O_bc0p05_s5_final,0.0,0.0,0.0,0.0,1.0,0.0,0.0,1.0,0.0,0.0,1.0,3.0,shortcut,"(2, 3)",,5
72,O_bc0p05_s5_final,0.0,0.0,0.0,0.0,1.0,0.0,0.0,1.0,0.0,0.0,1.0,3.0,shortcut,"(2, 3)",,5
73,O_bc0p05_s5_final,1.0,1.0,13.16293830696572,44.0,0.0,0.0,0.0,1.0,0.0,0.0,1.0,3.0,shortcut,"(2, 3)",7,
74,O_bc0p05_s5_final,1.0,1.0,13.16293830696572,44.0,0.0,0.0,0.0,1.0,0.0,0.0,1.0,3.0,shortcut,"(2, 3)",7,
75,O_bc0p05_s5_final,1.0,1.0,11.72950912024697,42.0,0.0,1.0,1.0,0.0,0.0,1.0,0.0,0.0,lower,"(1, 2)",9,
76,O_bc0p05_s5_final,0.0,0.0,0.0,0.0,1.0,0.0,0.0,1.0,0.0,0.0,1.0,1.0,shortcut,"(2, 3)",,3
77,O_bc0p05_s5_final,0.0,0.0,0.0,0.0,1.0,0.0,0.0,1.0,0.0,0.0,1.0,1.0,shortcut,"(2, 3)",,3
78,O_bc0p05_s5_final,0.0,0.0,0.0,0.0,1.0,0.0,0.0,1.0,0.0,0.0,1.0,2.0,shortcut,"(2, 3)",,4
79,O_bc0p05_s5_final,0.0,0.0,0.0,0.0,1.0,0.0,0.0,1.0,0.0,0.0,1.0,2.0,shortcut,"(2, 3)",,4
80,O_bc0p05_s5_final,0.0,0.0,0.0,0.0,1.0,0.0,0.0,1.0,0.0,0.0,1.0,2.0,shortcut,"(2, 3)",,4
81,O_bc0p05_s5_final,1.0,1.0,13.16293830696572,44.0,0.0,0.0,0.0,1.0,0.0,0.0,1.0,3.0,shortcut,"(2, 3)",7,
82,O_bc0p05_s5_final,0.0,0.0,0.0,0.0,1.0,0.0,0.0,1.0,0.0,0.0,1.0,3.0,shortcut,"(2, 3)",,6
83,O_bc0p05_s5_final,1.0,1.0,13.16293830696572,44.0,0.0,0.0,0.0,1.0,0.0,0.0,1.0,3.0,shortcut,"(2, 3)",7,
84,O_bc0p05_s5_final,1.0,1.0,11.72950912024697,42.0,0.0,1.0,1.0,0.0,0.0,1.0,0.0,0.0,lower,"(1, 2)",9,
85,O_bc0p05_s5_final,1.0,1.0,13.16293830696572,44.0,0.0,0.0,0.0,1.0,0.0,0.0,1.0,3.0,shortcut,"(2, 3)",7,
86,O_bc0p05_s5_final,0.0,0.0,0.0,0.0,1.0,0.0,0.0,1.0,0.0,0.0,1.0,2.0,shortcut,"(2, 3)",,4
87,O_bc0p05_s5_final,1.0,1.0,11.72950912024697,42.0,0.0,0.0,0.0,1.0,0.0,0.0,1.0,4.0,shortcut,"(2, 3)",9,
88,O_bc0p05_s5_final,1.0,1.0,13.16293830696572,44.0,0.0,0.0,0.0,1.0,0.0,0.0,1.0,3.0,shortcut,"(2, 3)",7,
89,O_bc0p05_s5_final,0.0,0.0,0.0,0.0,1.0,0.0,0.0,1.0,0.0,0.0,1.0,3.0,shortcut,"(2, 3)",,6
90,O_bc0p05_s5_final,1.0,1.0,13.16293830696572,44.0,0.0,0.0,0.0,1.0,0.0,0.0,1.0,3.0,shortcut,"(2, 3)",7,
91,O_bc0p05_s5_final,1.0,1.0,13.16293830696572,44.0,0.0,0.0,0.0,1.0,0.0,0.0,1.0,3.0,shortcut,"(2, 3)",7,
92,O_bc0p05_s5_final,0.0,0.0,0.0,0.0,1.0,0.0,0.0,1.0,0.0,0.0,1.0,1.0,shortcut,"(2, 3)",,3
93,O_bc0p05_s5_final,0.0,0.0,0.0,0.0,1.0,0.0,0.0,1.0,0.0,0.0,1.0,2.0,shortcut,"(2, 3)",,5
94,O_bc0p05_s5_final,0.0,0.0,0.0,0.0,1.0,0.0,0.0,1.0,0.0,0.0,1.0,1.0,shortcut,"(2, 3)",,3
95,O_bc0p05_s5_final,1.0,1.0,13.16293830696572,44.0,0.0,0.0,0.0,1.0,0.0,0.0,1.0,3.0,shortcut,"(2, 3)",7,
96,O_bc0p05_s5_final,0.0,0.0,0.0,0.0,1.0,0.0,0.0,1.0,0.0,0.0,1.0,1.0,shortcut,"(2, 3)",,3
97,O_bc0p05_s5_final,0.0,0.0,0.0,0.0,1.0,0.0,0.0,1.0,0.0,0.0,1.0,3.0,shortcut,"(2, 3)",,5
98,O_bc0p05_s5_final,1.0,1.0,13.16293830696572,44.0,0.0,0.0,0.0,1.0,0.0,0.0,1.0,3.0,shortcut,"(2, 3)",7,
99,O_bc0p05_s5_final,0.0,0.0,0.0,0.0,1.0,0.0,0.0,1.0,0.0,0.0,1.0,1.0,shortcut,"(2, 3)",,3
100,O_bc0p05_s5_final,0.0,0.0,0.0,0.0,1.0,0.0,0.0,1.0,0.0,0.0,1.0,1.0,shortcut,"(2, 3)",,5
101,O_bc0p05_s5_final,0.0,0.0,0.0,0.0,1.0,0.0,0.0,1.0,0.0,0.0,1.0,1.0,shortcut,"(2, 3)",,3
102,O_bc0p05_s5_final,1.0,1.0,13.16293830696572,44.0,0.0,0.0,0.0,1.0,0.0,0.0,1.0,3.0,shortcut,"(2, 3)",7,
103,O_bc0p05_s5_final,1.0,1.0,13.16293830696572,44.0,0.0,0.0,0.0,1.0,0.0,0.0,1.0,3.0,shortcut,"(2, 3)",7,
104,O_bc0p05_s5_final,0.0,0.0,0.0,0.0,1.0,0.0,0.0,1.0,0.0,0.0,1.0,2.0,shortcut,"(2, 3)",,4
105,O_bc0p05_s5_final,1.0,1.0,13.16293830696572,44.0,0.0,0.0,0.0,1.0,0.0,0.0,1.0,3.0,shortcut,"(2, 3)",7,
106,O_bc0p05_s5_final,0.0,0.0,0.0,0.0,1.0,0.0,0.0,1.0,0.0,0.0,1.0,2.0,shortcut,"(2, 3)",,4
107,O_bc0p05_s5_final,1.0,1.0,13.16293830696572,44.0,0.0,0.0,0.0,1.0,0.0,0.0,1.0,3.0,shortcut,"(2, 3)",7,
108,O_bc0p05_s5_final,0.0,0.0,0.0,0.0,1.0,0.0,0.0,1.0,0.0,0.0,1.0,3.0,shortcut,"(2, 3)",,5
109,O_bc0p05_s5_final,1.0,1.0,13.16293830696572,44.0,0.0,0.0,0.0,1.0,0.0,0.0,1.0,3.0,shortcut,"(2, 3)",7,
110,O_bc0p05_s5_final,0.0,0.0,0.0,0.0,1.0,0.0,0.0,1.0,0.0,0.0,1.0,4.0,shortcut,"(2, 3)",,6
111,O_bc0p05_s5_final,0.0,0.0,0.0,0.0,1.0,0.0,0.0,1.0,0.0,0.0,1.0,1.0,shortcut,"(2, 3)",,3
112,O_bc0p05_s5_final,0.0,0.0,0.0,0.0,1.0,0.0,0.0,1.0,0.0,0.0,1.0,3.0,shortcut,"(2, 3)",,5
113,O_bc0p05_s5_final,0.0,0.0,0.0,0.0,1.0,0.0,0.0,1.0,0.0,0.0,1.0,2.0,shortcut,"(2, 3)",,4
114,O_bc0p05_s5_final,0.0,0.0,0.0,0.0,1.0,0.0,0.0,1.0,0.0,0.0,1.0,2.0,shortcut,"(2, 3)",,4
115,O_bc0p05_s5_final,0.0,0.0,0.0,0.0,1.0,0.0,0.0,1.0,0.0,0.0,1.0,1.0,shortcut,"(2, 3)",,3
116,O_bc0p05_s5_final,1.0,1.0,13.16293830696572,44.0,0.0,0.0,0.0,1.0,0.0,0.0,1.0,3.0,shortcut,"(2, 3)",7,
117,O_bc0p05_s5_final,0.0,0.0,0.0,0.0,1.0,0.0,0.0,1.0,0.0,0.0,1.0,2.0,shortcut,"(2, 3)",,4
118,O_bc0p05_s5_final,1.0,1.0,13.16293830696572,44.0,0.0,0.0,0.0,1.0,0.0,0.0,1.0,3.0,shortcut,"(2, 3)",7,
119,O_bc0p05_s5_final,0.0,0.0,0.0,0.0,1.0,0.0,0.0,1.0,0.0,0.0,1.0,2.0,shortcut,"(2, 3)",,6
120,O_bc0p05_s5_final,0.0,0.0,0.0,0.0,1.0,0.0,0.0,1.0,0.0,0.0,1.0,3.0,shortcut,"(2, 3)",,5
121,O_bc0p05_s5_final,1.0,1.0,13.16293830696572,44.0,0.0,0.0,0.0,1.0,0.0,0.0,1.0,3.0,shortcut,"(2, 3)",7,
122,O_bc0p05_s5_final,0.0,0.0,0.0,0.0,1.0,0.0,0.0,1.0,0.0,0.0,1.0,1.0,shortcut,"(2, 3)",,3
123,O_bc0p05_s5_final,0.0,0.0,0.0,0.0,1.0,0.0,0.0,1.0,0.0,0.0,1.0,3.0,shortcut,"(2, 3)",,5
124,O_bc0p05_s5_final,0.0,0.0,0.0,0.0,1.0,0.0,0.0,1.0,0.0,0.0,1.0,3.0,shortcut,"(2, 3)",,7
125,O_bc0p05_s5_final,1.0,1.0,13.16293830696572,44.0,0.0,0.0,0.0,1.0,0.0,0.0,1.0,3.0,shortcut,"(2, 3)",7,
126,O_bc0p05_s5_final,0.0,0.0,0.0,0.0,1.0,0.0,0.0,1.0,0.0,0.0,1.0,2.0,shortcut,"(2, 3)",,4
127,O_bc0p05_s5_final,1.0,1.0,13.16293830696572,44.0,0.0,0.0,0.0,1.0,0.0,0.0,1.0,4.0,shortcut,"(2, 3)",7,
128,O_bc0p05_s5_final,1.0,1.0,13.16293830696572,44.0,0.0,0.0,0.0,1.0,0.0,0.0,1.0,3.0,shortcut,"(2, 3)",7,
129,O_bc0p05_s5_final,1.0,1.0,13.16293830696572,44.0,0.0,0.0,0.0,1.0,0.0,0.0,1.0,3.0,shortcut,"(2, 3)",7,
130,O_bc0p05_s5_final,0.0,0.0,0.0,0.0,1.0,0.0,0.0,1.0,0.0,0.0,1.0,1.0,shortcut,"(2, 3)",,3
131,O_bc0p05_s5_final,0.0,0.0,0.0,0.0,1.0,0.0,0.0,1.0,0.0,0.0,1.0,2.0,shortcut,"(2, 3)",,4
132,O_bc0p05_s5_final,1.0,1.0,13.16293830696572,44.0,0.0,0.0,0.0,1.0,0.0,0.0,1.0,3.0,shortcut,"(2, 3)",7,
133,O_bc0p05_s5_final,0.0,0.0,0.0,0.0,1.0,0.0,0.0,1.0,0.0,0.0,1.0,3.0,shortcut,"(2, 3)",,5
134,O_bc0p05_s5_final,0.0,0.0,0.0,0.0,1.0,0.0,0.0,1.0,0.0,0.0,1.0,2.0,shortcut,"(2, 3)",,4
135,O_bc0p05_s5_final,1.0,1.0,13.16293830696572,44.0,0.0,1.0,0.0,0.0,0.0,1.0,0.0,3.0,lower,"(1, 2)",7,
136,O_bc0p05_s5_final,0.0,0.0,0.0,0.0,1.0,0.0,0.0,1.0,0.0,0.0,1.0,1.0,shortcut,"(2, 3)",,3
137,O_bc0p05_s5_final,0.0,0.0,0.0,0.0,1.0,0.0,0.0,1.0,0.0,0.0,1.0,3.0,shortcut,"(2, 3)",,5
138,O_bc0p05_s5_final,0.0,0.0,0.0,0.0,1.0,0.0,0.0,1.0,0.0,0.0,1.0,3.0,shortcut,"(2, 3)",,5
139,O_bc0p05_s5_final,0.0,0.0,0.0,0.0,1.0,0.0,0.0,1.0,0.0,0.0,1.0,3.0,shortcut,"(2, 3)",,5
140,O_bc0p05_s5_final,0.0,0.0,0.0,0.0,1.0,0.0,0.0,1.0,0.0,0.0,1.0,1.0,shortcut,"(2, 3)",,3
141,O_bc0p05_s5_final,0.0,0.0,0.0,0.0,1.0,0.0,0.0,1.0,0.0,0.0,1.0,2.0,shortcut,"(2, 3)",,4
142,O_bc0p05_s5_final,0.0,0.0,0.0,0.0,1.0,0.0,0.0,1.0,0.0,0.0,1.0,2.0,shortcut,"(2, 3)",,4
143,O_bc0p05_s5_final,1.0,1.0,13.16293830696572,44.0,0.0,0.0,0.0,1.0,0.0,0.0,1.0,3.0,shortcut,"(2, 3)",7,
144,O_bc0p05_s5_final,0.0,0.0,0.0,0.0,1.0,0.0,0.0,1.0,0.0,0.0,1.0,1.0,shortcut,"(2, 3)",,3
145,O_bc0p05_s5_final,1.0,1.0,13.16293830696572,44.0,0.0,0.0,0.0,1.0,0.0,0.0,1.0,3.0,shortcut,"(2, 3)",7,
146,O_bc0p05_s5_final,1.0,1.0,13.16293830696572,44.0,0.0,0.0,0.0,1.0,0.0,0.0,1.0,3.0,shortcut,"(2, 3)",7,
147,O_bc0p05_s5_final,0.0,0.0,0.0,0.0,1.0,0.0,0.0,1.0,0.0,0.0,1.0,2.0,shortcut,"(2, 3)",,4
148,O_bc0p05_s5_final,1.0,1.0,13.16293830696572,44.0,0.0,0.0,0.0,1.0,0.0,0.0,1.0,3.0,shortcut,"(2, 3)",7,
149,O_bc0p05_s5_final,0.0,0.0,0.0,0.0,1.0,0.0,0.0,1.0,0.0,0.0,1.0,1.0,shortcut,"(2, 3)",,3
150,O_bc0p05_s5_final,0.0,0.0,0.0,0.0,1.0,0.0,0.0,1.0,0.0,0.0,1.0,1.0,shortcut,"(2, 3)",,3
151,O_bc0p05_s5_final,0.0,0.0,0.0,0.0,1.0,0.0,0.0,1.0,0.0,0.0,1.0,2.0,shortcut,"(2, 3)",,4
152,O_bc0p05_s5_final,0.0,0.0,0.0,0.0,1.0,0.0,0.0,1.0,0.0,0.0,1.0,2.0,shortcut,"(2, 3)",,4
153,O_bc0p05_s5_final,0.0,0.0,0.0,0.0,1.0,0.0,0.0,1.0,0.0,0.0,1.0,3.0,shortcut,"(2, 3)",,5
154,O_bc0p05_s5_final,0.0,0.0,0.0,0.0,1.0,0.0,0.0,1.0,0.0,0.0,1.0,1.0,shortcut,"(2, 3)",,3
155,O_bc0p05_s5_final,0.0,0.0,0.0,0.0,1.0,0.0,0.0,1.0,0.0,0.0,1.0,1.0,shortcut,"(2, 3)",,3
156,O_bc0p05_s5_final,0.0,0.0,0.0,0.0,1.0,0.0,0.0,1.0,0.0,0.0,1.0,2.0,shortcut,"(2, 3)",,4
157,O_bc0p05_s5_final,0.0,0.0,0.0,0.0,1.0,0.0,0.0,1.0,0.0,0.0,1.0,2.0,shortcut,"(2, 3)",,6
158,O_bc0p05_s5_final,0.0,0.0,0.0,0.0,1.0,0.0,0.0,1.0,0.0,0.0,1.0,2.0,shortcut,"(2, 3)",,4
159,O_bc0p05_s5_final,1.0,1.0,13.16293830696572,44.0,0.0,0.0,0.0,1.0,0.0,0.0,1.0,3.0,shortcut,"(2, 3)",7,
160,O_bc0p05_s5_final,0.0,0.0,0.0,0.0,1.0,0.0,0.0,1.0,0.0,0.0,1.0,1.0,shortcut,"(2, 3)",,3
161,O_bc0p05_s5_final,0.0,0.0,0.0,0.0,1.0,0.0,0.0,1.0,0.0,0.0,1.0,2.0,shortcut,"(2, 3)",,4
162,O_bc0p05_s5_final,0.0,0.0,0.0,0.0,1.0,0.0,0.0,1.0,0.0,0.0,1.0,1.0,shortcut,"(2, 3)",,3
163,O_bc0p05_s5_final,1.0,1.0,13.16293830696572,44.0,0.0,0.0,0.0,1.0,0.0,0.0,1.0,3.0,shortcut,"(2, 3)",7,
164,O_bc0p05_s5_final,1.0,1.0,13.16293830696572,44.0,0.0,0.0,0.0,1.0,0.0,0.0,1.0,3.0,shortcut,"(2, 3)",7,
165,O_bc0p05_s5_final,0.0,0.0,0.0,0.0,1.0,0.0,0.0,1.0,0.0,0.0,1.0,1.0,shortcut,"(2, 3)",,3
166,O_bc0p05_s5_final,0.0,0.0,0.0,0.0,1.0,0.0,0.0,1.0,0.0,0.0,1.0,1.0,shortcut,"(2, 3)",,3
167,O_bc0p05_s5_final,0.0,0.0,0.0,0.0,1.0,0.0,0.0,1.0,0.0,0.0,1.0,1.0,shortcut,"(2, 3)",,3
168,O_bc0p05_s5_final,0.0,0.0,0.0,0.0,1.0,0.0,0.0,1.0,0.0,0.0,1.0,1.0,shortcut,"(2, 3)",,3
169,O_bc0p05_s5_final,0.0,0.0,0.0,0.0,1.0,0.0,0.0,1.0,0.0,0.0,1.0,2.0,shortcut,"(2, 3)",,4
170,O_bc0p05_s5_final,1.0,1.0,13.16293830696572,44.0,0.0,0.0,0.0,1.0,0.0,0.0,1.0,3.0,shortcut,"(2, 3)",7,
171,O_bc0p05_s5_final,1.0,1.0,13.16293830696572,44.0,0.0,0.0,0.0,1.0,0.0,0.0,1.0,3.0,shortcut,"(2, 3)",7,
172,O_bc0p05_s5_final,0.0,0.0,0.0,0.0,1.0,0.0,0.0,1.0,0.0,0.0,1.0,2.0,shortcut,"(2, 3)",,4
173,O_bc0p05_s5_final,0.0,0.0,0.0,0.0,1.0,0.0,0.0,1.0,0.0,0.0,1.0,1.0,shortcut,"(2, 3)",,3
174,O_bc0p05_s5_final,0.0,0.0,0.0,0.0,1.0,0.0,0.0,1.0,0.0,0.0,1.0,7.0,shortcut,"(2, 3)",,12
175,O_bc0p05_s5_final,0.0,0.0,0.0,0.0,1.0,0.0,0.0,1.0,0.0,0.0,1.0,1.0,shortcut,"(2, 3)",,3
176,O_bc0p05_s5_final,1.0,1.0,13.16293830696572,44.0,0.0,0.0,0.0,1.0,0.0,0.0,1.0,3.0,shortcut,"(2, 3)",7,
177,O_bc0p05_s5_final,1.0,1.0,13.16293830696572,44.0,0.0,0.0,0.0,1.0,0.0,0.0,1.0,3.0,shortcut,"(2, 3)",7,
178,O_bc0p05_s5_final,1.0,1.0,13.16293830696572,44.0,0.0,0.0,0.0,1.0,0.0,0.0,1.0,3.0,shortcut,"(2, 3)",7,
179,O_bc0p05_s5_final,0.0,0.0,0.0,0.0,1.0,0.0,0.0,1.0,0.0,0.0,1.0,3.0,shortcut,"(2, 3)",,5
180,O_bc0p05_s5_final,0.0,0.0,0.0,0.0,1.0,0.0,0.0,1.0,0.0,0.0,1.0,1.0,shortcut,"(2, 3)",,3
181,O_bc0p05_s5_final,1.0,1.0,13.16293830696572,44.0,0.0,0.0,0.0,1.0,0.0,0.0,1.0,3.0,shortcut,"(2, 3)",7,
182,O_bc0p05_s5_final,0.0,0.0,0.0,0.0,1.0,0.0,0.0,1.0,0.0,0.0,1.0,3.0,shortcut,"(2, 3)",,5
183,O_bc0p05_s5_final,0.0,0.0,0.0,0.0,1.0,0.0,0.0,1.0,0.0,0.0,1.0,2.0,shortcut,"(2, 3)",,4
184,O_bc0p05_s5_final,1.0,1.0,13.16293830696572,44.0,0.0,0.0,0.0,1.0,0.0,0.0,1.0,3.0,shortcut,"(2, 3)",7,
185,O_bc0p05_s5_final,0.0,0.0,0.0,0.0,1.0,0.0,0.0,1.0,0.0,0.0,1.0,1.0,shortcut,"(2, 3)",,3
186,O_bc0p05_s5_final,1.0,1.0,13.16293830696572,44.0,0.0,0.0,0.0,1.0,0.0,0.0,1.0,3.0,shortcut,"(2, 3)",7,
187,O_bc0p05_s5_final,0.0,0.0,0.0,0.0,1.0,0.0,0.0,1.0,0.0,0.0,1.0,4.0,shortcut,"(2, 3)",,6
188,O_bc0p05_s5_final,1.0,1.0,13.16293830696572,44.0,0.0,0.0,0.0,1.0,0.0,0.0,1.0,3.0,shortcut,"(2, 3)",7,
189,O_bc0p05_s5_final,0.0,0.0,0.0,0.0,1.0,0.0,0.0,1.0,0.0,0.0,1.0,1.0,shortcut,"(2, 3)",,3
190,O_bc0p05_s5_final,0.0,0.0,0.0,0.0,1.0,0.0,0.0,1.0,0.0,0.0,1.0,3.0,shortcut,"(2, 3)",,6
191,O_bc0p05_s5_final,1.0,1.0,13.16293830696572,44.0,0.0,0.0,0.0,1.0,0.0,0.0,1.0,3.0,shortcut,"(2, 3)",7,
192,O_bc0p05_s5_final,1.0,1.0,13.16293830696572,44.0,0.0,0.0,0.0,1.0,0.0,0.0,1.0,3.0,shortcut,"(2, 3)",7,
193,O_bc0p05_s5_final,0.0,0.0,0.0,0.0,1.0,0.0,0.0,1.0,0.0,0.0,1.0,2.0,shortcut,"(2, 3)",,4
194,O_bc0p05_s5_final,0.0,0.0,0.0,0.0,1.0,0.0,0.0,1.0,0.0,0.0,1.0,2.0,shortcut,"(2, 3)",,4
195,O_bc0p05_s5_final,1.0,1.0,13.16293830696572,44.0,0.0,0.0,0.0,1.0,0.0,0.0,1.0,3.0,shortcut,"(2, 3)",7,
196,O_bc0p05_s5_final,0.0,0.0,0.0,0.0,1.0,0.0,0.0,1.0,0.0,0.0,1.0,1.0,shortcut,"(2, 3)",,3
197,O_bc0p05_s5_final,0.0,0.0,0.0,0.0,1.0,0.0,0.0,1.0,0.0,0.0,1.0,1.0,shortcut,"(2, 3)",,3
198,O_bc0p05_s5_final,0.0,0.0,0.0,0.0,1.0,0.0,0.0,1.0,0.0,0.0,1.0,3.0,shortcut,"(2, 3)",,5
199,O_bc0p05_s5_final,0.0,0.0,0.0,0.0,1.0,0.0,0.0,1.0,0.0,0.0,1.0,1.0,shortcut,"(2, 3)",,3
