episode,policy,reach,strict_success,discounted_return,undiscounted_return,absorbed,lower_route,reached_y_below_2,shortcut,stuck_other,first_departure_1_2,first_departure_2_3,hazard_landings,route_class,first_departure_cell,time_to_goal,death_time
0,shared_s0,1.0,1.0,13.16293830696572,44.0,0.0,0.0,0.0,1.0,0.0,0.0,1.0,3.0,shortcut,"(2, 3)",7,
1,shared_s0,0.0,0.0,0.0,0.0,1.0,0.0,0.0,1.0,0.0,0.0,1.0,1.0,shortcut,"(2, 3)",,3
2,shared_s0,0.0,0.0,0.0,0.0,1.0,0.0,0.0,1.0,0.0,0.0,1.0,2.0,shortcut,"(2, 3)",,4
3,shared_s0,0.0,0.0,0.0,0.0,1.0,0.0,0.0,1.0,0.0,0.0,1.0,2.0,shortcut,"(2, 3)",,5
4,shared_s0,0.0,0.0,0.0,0.0,1.0,0.0,0.0,1.0,0.0,0.0,1.0,1.0,shortcut,"(2, 3)",,3
5,shared_s0,0.0,0.0,0.0,0.0,1.0,0.0,0.0,1.0,0.0,0.0,1.0,2.0,shortcut,"(2, 3)",,4
6,shared_s0,1.0,1.0,12.42784641634072,43.0,0.0,0.0,0.0,1.0,0.0,0.0,1.0,3.0,shortcut,"(2, 3)",8,
7,shared_s0,1.0,1.0,13.16293830696572,44.0,0.0,0.0,0.0,1.0,0.0,0.0,1.0,3.0,shortcut,"(2, 3)",7,
8,shared_s0,0.0,0.0,0.0,0.0,1.0,0.0,0.0,1.0,0.0,0.0,1.0,1.0,shortcut,"(2, 3)",,3
9,shared_s0,1.0,1.0,11.72950912024697,42.0,0.0,0.0,0.0,1.0,0.0,0.0,1.0,3.0,shortcut,"(2, 3)",9,
10,shared_s0,0.0,0.0,0.0,0.0,1.0,0.0,0.0,1.0,0.0,0.0,1.0,1.0,shortcut,"(2, 3)",,3
11,shared_s0,0.0,0.0,0.0,0.0,1.0,0.0,0.0,1.0,0.0,0.0,1.0,2.0,shortcut,"(2, 3)",,4
12,shared_s0,1.0,1.0,11.72950912024697,42.0,0.0,1.0,1.0,0.0,0.0,1.0,0.0,0.0,lower,"(1, 2)",9,
13,shared_s0,0.0,0.0,0.0,0.0,1.0,0.0,0.0,1.0,0.0,0.0,1.0,1.0,shortcut,"(2, 3)",,3
14,shared_s0,1.0,1.0,11.066088688957908,41.0,0.0,1.0,1.0,0.0,0.0,1.0,0.0,0.0,lower,"(1, 2)",10,
15,shared_s0,0.0,0.0,0.0,0.0,1.0,0.0,0.0,1.0,0.0,0.0,1.0,1.0,shortcut,"(2, 3)",,3
16,shared_s0,0.0,0.0,0.0,0.0,1.0,0.0,0.0,1.0,0.0,0.0,1.0,1.0,shortcut,"(2, 3)",,3
17,shared_s0,1.0,1.0,13.16293830696572,44.0,0.0,0.0,0.0,1.0,0.0,0.0,1.0,3.0,shortcut,"(2, 3)",7,
18,shared_s0,0.0,0.0,0.0,0.0,1.0,0.0,0.0,1.0,0.0,0.0,1.0,3.0,shortcut,"(2, 3)",,6
19,shared_s0,1.0,1.0,13.16293830696572,44.0,0.0,0.0,0.0,1.0,0.0,0.0,1.0,3.0,shortcut,"(2, 3)",7,
20,shared_s0,0.0,0.0,0.0,0.0,1.0,0.0,0.0,1.0,0.0,0.0,1.0,1.0,shortcut,"(2, 3)",,3
21,shared_s0,1.0,1.0,11.066088688957908,41.0,0.0,1.0,1.0,0.0,0.0,1.0,0.0,0.0,lower,"(1, 2)",10,
22,shared_s0,1.0,1.0,13.16293830696572,44.0,0.0,0.0,0.0,1.0,0.0,0.0,1.0,3.0,shortcut,"(2, 3)",7,
23,shared_s0,0.0,0.0,0.0,0.0,1.0,0.0,0.0,1.0,0.0,0.0,1.0,3.0,shortcut,"(2, 3)",,5
24,shared_s0,1.0,1.0,11.72950912024697,42.0,0.0,1.0,1.0,0.0,0.0,1.0,0.0,0.0,lower,"(1, 2)",9,
25,shared_s0,1.0,1.0,11.72950912024697,42.0,0.0,1.0,1.0,0.0,0.0,1.0,0.0,0.0,lower,"(1, 2)",9,
26,shared_s0,1.0,1.0,13.16293830696572,44.0,0.0,0.0,0.0,1.0,0.0,0.0,1.0,4.0,shortcut,"(2, 3)",7,
27,shared_s0,1.0,1.0,11.72950912024697,42.0,0.0,1.0,1.0,0.0,0.0,1.0,0.0,0.0,lower,"(1, 2)",9,
28,shared_s0,1.0,1.0,13.16293830696572,44.0,0.0,0.0,0.0,1.0,0.0,0.0,1.0,3.0,shortcut,"(2, 3)",7,
29,shared_s0,1.0,1.0,13.16293830696572,44.0,0.0,0.0,0.0,1.0,0.0,0.0,1.0,3.0,shortcut,"(2, 3)",7,
30,shared_s0,1.0,1.0,11.066088688957908,41.0,0.0,1.0,1.0,0.0,0.0,1.0,0.0,0.0,lower,"(1, 2)",10,
31,shared_s0,0.0,0.0,0.0,0.0,1.0,0.0,0.0,1.0,0.0,0.0,1.0,1.0,shortcut,"(2, 3)",,3
32,shared_s0,1.0,1.0,13.16293830696572,44.0,0.0,0.0,0.0,1.0,0.0,0.0,1.0,3.0,shortcut,"(2, 3)",7,
33,shared_s0,1.0,1.0,11.72950912024697,42.0,0.0,1.0,1.0,0.0,0.0,1.0,0.0,0.0,lower,"(1, 2)",9,
34,shared_s0,0.0,0.0,0.0,0.0,1.0,0.0,0.0,1.0,0.0,0.0,1.0,1.0,shortcut,"(2, 3)",,3
35,shared_s0,1.0,1.0,11.72950912024697,42.0,0.0,1.0,1.0,0.0,0.0,1.0,0.0,0.0,lower,"(1, 2)",9,
36,shared_s0,0.0,0.0,0.0,0.0,1.0,0.0,0.0,1.0,0.0,0.0,1.0,1.0,shortcut,"(2, 3)",,3
37,shared_s0,0.0,0.0,0.0,0.0,1.0,0.0,0.0,1.0,0.0,0.0,1.0,2.0,shortcut,"(2, 3)",,4
38,shared_s0,0.0,0.0,0.0,0.0,1.0,0.0,0.0,1.0,0.0,0.0,1.0,3.0,shortcut,"(2, 3)",,5
39,shared_s0,0.0,0.0,0.0,0.0,1.0,0.0,0.0,1.0,0.0,0.0,1.0,3.0,shortcut,"(2, 3)",,5
40,shared_s0,0.0,0.0,0.0,0.0,1.0,0.0,0.0,1.0,0.0,0.0,1.0,3.0,shortcut,"(2, 3)",,5
41,shared_s0,1.0,1.0,13.16293830696572,44.0,0.0,0.0,0.0,1.0,0.0,0.0,1.0,3.0,shortcut,"(2, 3)",7,
42,shared_s0,0.0,0.0,0.0,0.0,1.0,0.0,0.0,1.0,0.0,0.0,1.0,3.0,shortcut,"(2, 3)",,5
43,shared_s0,0.0,0.0,0.0,0.0,1.0,0.0,0.0,1.0,0.0,0.0,1.0,1.0,shortcut,"(2, 3)",,3
44,shared_s0,1.0,1.0,11.72950912024697,42.0,0.0,1.0,1.0,0.0,0.0,1.0,0.0,0.0,lower,"(1, 2)",9,
45,shared_s0,0.0,0.0,0.0,0.0,1.0,0.0,0.0,1.0,0.0,0.0,1.0,2.0,shortcut,"(2, 3)",,4
46,shared_s0,1.0,1.0,13.16293830696572,44.0,0.0,0.0,0.0,1.0,0.0,0.0,1.0,3.0,shortcut,"(2, 3)",7,
47,shared_s0,0.0,0.0,0.0,0.0,1.0,0.0,0.0,1.0,0.0,0.0,1.0,2.0,shortcut,"(2, 3)",,4
48,shared_s0,0.0,0.0,0.0,0.0,1.0,0.0,0.0,1.0,0.0,0.0,1.0,2.0,shortcut,"(2, 3)",,4
49,shared_s0,0.0,0.0,0.0,0.0,1.0,0.0,0.0,1.0,0.0,0.0,1.0,2.0,shortcut,"(2, 3)",,4
50,shared_s0,1.0,1.0,13.16293830696572,44.0,0.0,0.0,0.0,1.0,0.0,0.0,1.0,3.0,shortcut,"(2, 3)",7,
51,shared_s0,0.0,0.0,0.0,0.0,1.0,0.0,0.0,1.0,0.0,0.0,1.0,2.0,shortcut,"(2, 3)",,4
52,shared_s0,1.0,1.0,11.72950912024697,42.0,0.0,1.0,1.0,0.0,0.0,1.0,0.0,0.0,lower,"(1, 2)",9,
53,shared_s0,0.0,0.0,0.0,0.0,1.0,0.0,0.0,1.0,0.0,0.0,1.0,2.0,shortcut,"(2, 3)",,4
54,shared_s0,1.0,1.0,11.72950912024697,42.0,0.0,1.0,1.0,0.0,0.0,1.0,0.0,0.0,lower,"(1, 2)",9,
55,shared_s0,1.0,1.0,13.16293830696572,44.0,0.0,0.0,0.0,1.0,0.0,0.0,1.0,3.0,shortcut,"(2, 3)",7,
56,shared_s0,1.0,1.0,12.42784641634072,43.0,0.0,0.0,0.0,1.0,0.0,0.0,1.0,4.0,shortcut,"(2, 3)",8,
57,shared_s0,1.0,1.0,13.16293830696572,44.0,0.0,0.0,0.0,1.0,0.0,0.0,1.0,3.0,shortcut,"(2, 3)",7,
58,shared_s0,1.0,1.0,13.16293830696572,44.0,0.0,0.0,0.0,1.0,0.0,0.0,1.0,3.0,shortcut,"(2, 3)",7,
59,shared_s0,0.0,0.0,0.0,0.0,1.0,0.0,0.0,1.0,0.0,0.0,1.0,1.0,shortcut,"(2, 3)",,3
60,shared_s0,0.0,0.0,0.0,0.0,1.0,0.0,0.0,1.0,0.0,0.0,1.0,2.0,shortcut,"(2, 3)",,4
61,shared_s0,0.0,0.0,0.0,0.0,1.0,0.0,0.0,1.0,0.0,0.0,1.0,2.0,shortcut,"(2, 3)",,4
62,shared_s0,0.0,0.0,0.0,0.0,1.0,0.0,0.0,1.0,0.0,0.0,1.0,2.0,shortcut,"(2, 3)",,4
63,shared_s0,0.0,0.0,0.0,0.0,1.0,0.0,0.0,1.0,0.0,0.0,1.0,1.0,shortcut,"(2, 3)",,5
64,shared_s0,0.0,0.0,0.0,0.0,1.0,0.0,0.0,1.0,0.0,0.0,1.0,1.0,shortcut,"(2, 3)",,3
65,shared_s0,0.0,0.0,0.0,0.0,1.0,0.0,0.0,1.0,0.0,0.0,1.0,2.0,shortcut,"(2, 3)",,4
66,shared_s0,1.0,1.0,11.099259710522361,41.0,0.0,1.0,1.0,0.0,0.0,1.0,0.0,0.0,lower,"(1, 2)",9,
67,shared_s0,0.0,0.0,0.0,0.0,1.0,0.0,0.0,1.0,0.0,0.0,1.0,1.0,shortcut,"(2, 3)",,3
68,shared_s0,0.0,0.0,0.0,0.0,1.0,0.0,0.0,1.0,0.0,0.0,1.0,1.0,shortcut,"(2, 3)",,4
69,shared_s0,1.0,1.0,11.72950912024697,42.0,0.0,1.0,1.0,0.0,0.0,1.0,0.0,0.0,lower,"(1, 2)",9,
70,shared_s0,0.0,0.0,0.0,0.0,1.0,0.0,0.0,1.0,0.0,0.0,1.0,1.0,shortcut,"(2, 3)",,3
71,shared_s0,0.0,0.0,0.0,0.0,1.0,0.0,0.0,1.0,0.0,0.0,1.0,1.0,shortcut,"(2, 3)",,3
72,shared_s0,0.0,0.0,0.0,0.0,1.0,0.0,0.0,1.0,0.0,0.0,1.0,1.0,shortcut,"(2, 3)",,3
73,shared_s0,0.0,0.0,0.0,0.0,1.0,0.0,0.0,1.0,0.0,0.0,1.0,2.0,shortcut,"(2, 3)",,4
74,shared_s0,1.0,1.0,11.72950912024697,42.0,0.0,1.0,1.0,0.0,0.0,1.0,0.0,0.0,lower,"(1, 2)",9,
75,shared_s0,0.0,0.0,0.0,0.0,1.0,0.0,0.0,1.0,0.0,0.0,1.0,1.0,shortcut,"(2, 3)",,3
76,shared_s0,0.0,0.0,0.0,0.0,1.0,0.0,0.0,1.0,0.0,0.0,1.0,1.0,shortcut,"(2, 3)",,3
77,shared_s0,0.0,0.0,0.0,0.0,1.0,0.0,0.0,1.0,0.0,0.0,1.0,2.0,shortcut,"(2, 3)",,4
78,shared_s0,1.0,1.0,13.16293830696572,44.0,0.0,0.0,0.0,1.0,0.0,0.0,1.0,3.0,shortcut,"(2, 3)",7,
79,shared_s0,0.0,0.0,0.0,0.0,1.0,0.0,0.0,1.0,0.0,0.0,1.0,2.0,shortcut,"(2, 3)",,5
80,shared_s0,0.0,0.0,0.0,0.0,1.0,0.0,0.0,1.0,0.0,0.0,1.0,2.0,shortcut,"(2, 3)",,4
81,shared_s0,0.0,0.0,0.0,0.0,1.0,0.0,0.0,1.0,0.0,0.0,1.0,3.0,shortcut,"(2, 3)",,5
82,shared_s0,1.0,1.0,12.42784641634072,43.0,0.0,0.0,0.0,1.0,0.0,0.0,1.0,5.0,shortcut,"(2, 3)",8,
83,shared_s0,1.0,1.0,13.16293830696572,44.0,0.0,0.0,0.0,1.0,0.0,0.0,1.0,3.0,shortcut,"(2, 3)",7,
84,shared_s0,0.0,0.0,0.0,0.0,1.0,0.0,0.0,1.0,0.0,0.0,1.0,2.0,shortcut,"(2, 3)",,4
85,shared_s0,1.0,1.0,11.066088688957908,41.0,0.0,1.0,1.0,0.0,0.0,1.0,0.0,0.0,lower,"(1, 2)",10,
86,shared_s0,0.0,0.0,0.0,0.0,1.0,0.0,0.0,1.0,0.0,0.0,1.0,1.0,shortcut,"(2, 3)",,3
87,shared_s0,1.0,1.0,13.16293830696572,44.0,0.0,0.0,0.0,1.0,0.0,0.0,1.0,3.0,shortcut,"(2, 3)",7,
88,shared_s0,0.0,0.0,0.0,0.0,1.0,0.0,0.0,1.0,0.0,0.0,1.0,1.0,shortcut,"(2, 3)",,3
89,shared_s0,1.0,1.0,13.16293830696572,44.0,0.0,0.0,0.0,1.0,0.0,0.0,1.0,3.0,shortcut,"(2, 3)",7,
90,shared_s0,0.0,0.0,0.0,0.0,1.0,0.0,0.0,1.0,0.0,0.0,1.0,3.0,shortcut,"(2, 3)",,6
91,shared_s0,0.0,0.0,0.0,0.0,1.0,0.0,0.0,1.0,0.0,0.0,1.0,1.0,shortcut,"(2, 3)",,3
92,shared_s0,0.0,0.0,0.0,0.0,1.0,0.0,0.0,1.0,0.0,0.0,1.0,2.0,shortcut,"(2, 3)",,4
93,shared_s0,0.0,0.0,0.0,0.0,1.0,0.0,0.0,1.0,0.0,0.0,1.0,2.0,shortcut,"(2, 3)",,4
94,shared_s0,1.0,1.0,11.066088688957908,41.0,0.0,1.0,1.0,0.0,0.0,1.0,0.0,0.0,lower,"(1, 2)",10,
95,shared_s0,1.0,1.0,11.72950912024697,42.0,0.0,1.0,1.0,0.0,0.0,1.0,0.0,0.0,lower,"(1, 2)",9,
96,shared_s0,0.0,0.0,0.0,0.0,1.0,0.0,0.0,1.0,0.0,0.0,1.0,2.0,shortcut,"(2, 3)",,4
97,shared_s0,0.0,0.0,0.0,0.0,1.0,0.0,0.0,1.0,0.0,0.0,1.0,1.0,shortcut,"(2, 3)",,3
98,shared_s0,1.0,1.0,11.72950912024697,42.0,0.0,1.0,1.0,0.0,0.0,1.0,0.0,0.0,lower,"(1, 2)",9,
99,shared_s0,0.0,0.0,0.0,0.0,1.0,0.0,0.0,1.0,0.0,0.0,1.0,3.0,shortcut,"(2, 3)",,5
100,shared_s0,0.0,0.0,0.0,0.0,1.0,0.0,0.0,1.0,0.0,0.0,1.0,1.0,shortcut,"(2, 3)",,3
101,shared_s0,0.0,0.0,0.0,0.0,1.0,0.0,0.0,1.0,0.0,0.0,1.0,1.0,shortcut,"(2, 3)",,3
102,shared_s0,0.0,0.0,0.0,0.0,1.0,0.0,0.0,1.0,0.0,0.0,1.0,1.0,shortcut,"(2, 3)",,3
103,shared_s0,1.0,1.0,13.16293830696572,44.0,0.0,0.0,0.0,1.0,0.0,0.0,1.0,4.0,shortcut,"(2, 3)",7,
104,shared_s0,0.0,0.0,0.0,0.0,1.0,0.0,0.0,1.0,0.0,0.0,1.0,3.0,shortcut,"(2, 3)",,5
105,shared_s0,0.0,0.0,0.0,0.0,1.0,0.0,0.0,1.0,0.0,0.0,1.0,3.0,shortcut,"(2, 3)",,5
106,shared_s0,1.0,1.0,13.16293830696572,44.0,0.0,0.0,0.0,1.0,0.0,0.0,1.0,3.0,shortcut,"(2, 3)",7,
107,shared_s0,0.0,0.0,0.0,0.0,1.0,0.0,0.0,1.0,0.0,0.0,1.0,1.0,shortcut,"(2, 3)",,3
108,shared_s0,1.0,1.0,13.16293830696572,44.0,0.0,0.0,0.0,1.0,0.0,0.0,1.0,3.0,shortcut,"(2, 3)",7,
109,shared_s0,0.0,0.0,0.0,0.0,1.0,0.0,0.0,1.0,0.0,0.0,1.0,2.0,shortcut,"(2, 3)",,4
110,shared_s0,0.0,0.0,0.0,0.0,1.0,0.0,0.0,1.0,0.0,0.0,1.0,1.0,shortcut,"(2, 3)",,3
111,shared_s0,0.0,0.0,0.0,0.0,1.0,0.0,0.0,1.0,0.0,0.0,1.0,3.0,shortcut,"(2, 3)",,5
112,shared_s0,0.0,0.0,0.0,0.0,1.0,0.0,0.0,1.0,0.0,0.0,1.0,1.0,shortcut,"(2, 3)",,3
113,shared_s0,0.0,0.0,0.0,0.0,1.0,0.0,0.0,1.0,0.0,0.0,1.0,1.0,shortcut,"(2, 3)",,3
114,shared_s0,1.0,1.0,13.16293830696572,44.0,0.0,0.0,0.0,1.0,0.0,0.0,1.0,3.0,shortcut,"(2, 3)",7,
115,shared_s0,1.0,1.0,13.16293830696572,44.0,0.0,0.0,0.0,1.0,0.0,0.0,1.0,3.0,shortcut,"(2, 3)",7,
116,shared_s0,0.0,0.0,0.0,0.0,1.0,0.0,0.0,1.0,0.0,0.0,1.0,2.0,shortcut,"(2, 3)",,4
117,shared_s0,0.0,0.0,0.0,0.0,1.0,0.0,0.0,1.0,0.0,0.0,1.0,3.0,shortcut,"(2, 3)",,5
118,shared_s0,0.0,0.0,0.0,0.0,1.0,0.0,0.0,1.0,0.0,0.0,1.0,1.0,shortcut,"(2, 3)",,3
119,shared_s0,1.0,1.0,11.066088688957908,41.0,0.0,1.0,1.0,0.0,0.0,1.0,0.0,0.0,lower,"(1, 2)",10,
120,shared_s0,0.0,0.0,0.0,0.0,1.0,0.0,0.0,1.0,0.0,0.0,1.0,3.0,shortcut,"(2, 3)",,5
121,shared_s0,1.0,1.0,12.42784641634072,43.0,0.0,0.0,0.0,1.0,0.0,0.0,1.0,4.0,shortcut,"(2, 3)",8,
122,shared_s0,1.0,1.0,13.16293830696572,44.0,0.0,0.0,0.0,1.0,0.0,0.0,1.0,3.0,shortcut,"(2, 3)",7,
123,shared_s0,0.0,0.0,0.0,0.0,1.0,0.0,0.0,1.0,0.0,0.0,1.0,3.0,shortcut,"(2, 3)",,5
124,shared_s0,0.0,0.0,0.0,0.0,1.0,0.0,0.0,1.0,0.0,0.0,1.0,2.0,shortcut,"(2, 3)",,5
125,shared_s0,1.0,1.0,13.16293830696572,44.0,0.0,0.0,0.0,1.0,0.0,0.0,1.0,3.0,shortcut,"(2, 3)",7,
126,shared_s0,1.0,1.0,13.16293830696572,44.0,0.0,0.0,0.0,1.0,0.0,0.0,1.0,3.0,shortcut,"(2, 3)",7,
127,shared_s0,1.0,1.0,13.16293830696572,44.0,0.0,0.0,0.0,1.0,0.0,0.0,1.0,3.0,shortcut,"(2, 3)",7,
128,shared_s0,0.0,0.0,0.0,0.0,1.0,0.0,0.0,1.0,0.0,0.0,1.0,1.0,shortcut,"(2, 3)",,3
129,shared_s0,0.0,0.0,0.0,0.0,1.0,0.0,0.0,1.0,0.0,0.0,1.0,2.0,shortcut,"(2, 3)",,4
130,shared_s0,1.0,1.0,11.72950912024697,42.0,0.0,1.0,1.0,0.0,0.0,1.0,0.0,0.0,lower,"(1, 2)",9,
131,shared_s0,0.0,0.0,0.0,0.0,1.0,0.0,0.0,1.0,0.0,0.0,1.0,2.0,shortcut,"(2, 3)",,4
132,shared_s0,0.0,0.0,0.0,0.0,1.0,0.0,0.0,1.0,0.0,0.0,1.0,2.0,shortcut,"(2, 3)",,4
133,shared_s0,0.0,0.0,0.0,0.0,1.0,0.0,0.0,1.0,0.0,0.0,1.0,1.0,shortcut,"(2, 3)",,3
134,shared_s0,0.0,0.0,0.0,0.0,1.0,0.0,0.0,1.0,0.0,0.0,1.0,1.0,shortcut,"(2, 3)",,3
135,shared_s0,1.0,1.0,13.16293830696572,44.0,0.0,0.0,0.0,1.0,0.0,0.0,1.0,3.0,shortcut,"(2, 3)",7,
136,shared_s0,0.0,0.0,0.0,0.0,1.0,0.0,0.0,1.0,0.0,0.0,1.0,1.0,shortcut,"(2, 3)",,3
137,shared_s0,0.0,0.0,0.0,0.0,1.0,0.0,0.0,1.0,0.0,0.0,1.0,1.0,shortcut,"(2, 3)",,3
138,shared_s0,1.0,1.0,11.72950912024697,42.0,0.0,1.0,1.0,0.0,0.0,1.0,0.0,0.0,lower,"(1, 2)",9,
139,shared_s0,0.0,0.0,0.0,0.0,1.0,0.0,0.0,1.0,0.0,0.0,1.0,3.0,shortcut,"(2, 3)",,5
140,shared_s0,1.0,1.0,13.16293830696572,44.0,0.0,0.0,0.0,1.0,0.0,0.0,1.0,3.0,shortcut,"(2, 3)",7,
141,shared_s0,0.0,0.0,0.0,0.0,1.0,0.0,0.0,1.0,0.0,0.0,1.0,2.0,shortcut,"(2, 3)",,4
142,shared_s0,1.0,1.0,12.42784641634072,43.0,0.0,0.0,0.0,1.0,0.0,0.0,1.0,3.0,shortcut,"(2, 3)",8,
143,shared_s0,1.0,1.0,13.16293830696572,44.0,0.0,0.0,0.0,1.0,0.0,0.0,1.0,3.0,shortcut,"(2, 3)",7,
144,shared_s0,0.0,0.0,0.0,0.0,1.0,0.0,0.0,1.0,0.0,0.0,1.0,2.0,shortcut,"(2, 3)",,4
145,shared_s0,1.0,1.0,13.16293830696572,44.0,0.0,0.0,0.0,1.0,0.0,0.0,1.0,3.0,shortcut,"(2, 3)",7,
146,shared_s0,0.0,0.0,0.0,0.0,1.0,0.0,0.0,1.0,0.0,0.0,1.0,3.0,shortcut,"(2, 3)",,5
147,shared_s0,0.0,0.0,0.0,0.0,1.0,0.0,0.0,1.0,0.0,0.0,1.0,1.0,shortcut,"(2, 3)",,3
148,shared_s0,1.0,1.0,11.72950912024697,42.0,0.0,1.0,1.0,0.0,0.0,1.0,0.0,0.0,lower,"(1, 2)",9,
149,shared_s0,1.0,1.0,13.16293830696572,44.0,0.0,0.0,0.0,1.0,0.0,0.0,1.0,3.0,shortcut,"(2, 3)",7,
150,shared_s0,0.0,0.0,0.0,0.0,1.0,0.0,0.0,1.0,0.0,0.0,1.0,2.0,shortcut,"(2, 3)",,4
151,shared_s0,1.0,1.0,13.16293830696572,44.0,0.0,0.0,0.0,1.0,0.0,0.0,1.0,3.0,shortcut,"(2, 3)",7,
152,shared_s0,0.0,0.0,0.0,0.0,1.0,0.0,0.0,1.0,0.0,0.0,1.0,2.0,shortcut,"(2, 3)",,4
153,shared_s0,1.0,1.0,11.72950912024697,42.0,0.0,1.0,1.0,0.0,0.0,1.0,0.0,0.0,lower,"(1, 2)",9,
154,shared_s0,0.0,0.0,0.0,0.0,1.0,0.0,0.0,1.0,0.0,0.0,1.0,3.0,shortcut,"(2, 3)",,5
155,shared_s0,0.0,0.0,0.0,0.0,1.0,0.0,0.0,1.0,0.0,0.0,1.0,2.0,shortcut,"(2, 3)",,4
156,shared_s0,0.0,0.0,0.0,0.0,1.0,0.0,0.0,1.0,0.0,0.0,1.0,2.0,shortcut,"(2, 3)",,4
157,shared_s0,0.0,0.0,0.0,0.0,1.0,0.0,0.0,1.0,0.0,0.0,1.0,1.0,shortcut,"(2, 3)",,3
158,shared_s0,0.0,0.0,0.0,0.0,1.0,0.0,0.0,1.0,0.0,0.0,1.0,2.0,shortcut,"(2, 3)",,4
159,shared_s0,0.0,0.0,0.0,0.0,1.0,0.0,0.0,1.0,0.0,0.0,1.0,1.0,shortcut,"(2, 3)",,3
160,shared_s0,0.0,0.0,0.0,0.0,1.0,0.0,0.0,1.0,0.0,0.0,1.0,3.0,shortcut,"(2, 3)",,5
161,shared_s0,0.0,0.0,0.0,0.0,1.0,0.0,0.0,1.0,0.0,0.0,1.0,3.0,shortcut,"(2, 3)",,5
162,shared_s0,1.0,1.0,13.16293830696572,44.0,0.0,0.0,0.0,1.0,0.0,0.0,1.0,3.0,shortcut,"(2, 3)",7,
163,shared_s0,0.0,0.0,0.0,0.0,1.0,0.0,0.0,1.0,0.0,0.0,1.0,2.0,shortcut,"(2, 3)",,4
164,shared_s0,0.0,0.0,0.0,0.0,1.0,0.0,0.0,1.0,0.0,0.0,1.0,1.0,shortcut,"(2, 3)",,5
165,shared_s0,0.0,0.0,0.0,0.0,1.0,0.0,0.0,1.0,0.0,0.0,1.0,1.0,shortcut,"(2, 3)",,3
166,shared_s0,0.0,0.0,0.0,0.0,1.0,0.0,0.0,1.0,0.0,0.0,1.0,3.0,shortcut,"(2, 3)",,6
167,shared_s0,1.0,1.0,12.42784641634072,43.0,0.0,0.0,0.0,1.0,0.0,0.0,1.0,3.0,shortcut,"(2, 3)",8,
168,shared_s0,1.0,1.0,13.16293830696572,44.0,0.0,0.0,0.0,1.0,0.0,0.0,1.0,3.0,shortcut,"(2, 3)",7,
169,shared_s0,1.0,1.0,12.42784641634072,43.0,0.0,0.0,0.0,1.0,0.0,0.0,1.0,4.0,shortcut,"(2, 3)",8,
170,shared_s0,1.0,1.0,13.16293830696572,44.0,0.0,0.0,0.0,1.0,0.0,0.0,1.0,4.0,shortcut,"(2, 3)",7,
171,shared_s0,1.0,1.0,11.72950912024697,42.0,0.0,1.0,1.0,0.0,0.0,1.0,0.0,0.0,lower,"(1, 2)",9,
172,shared_s0,0.0,0.0,0.0,0.0,1.0,0.0,0.0,1.0,0.0,0.0,1.0,1.0,shortcut,"(2, 3)",,3
173,shared_s0,0.0,0.0,0.0,0.0,1.0,0.0,0.0,1.0,0.0,0.0,1.0,1.0,shortcut,"(2, 3)",,3
174,shared_s0,0.0,0.0,0.0,0.0,1.0,0.0,0.0,1.0,0.0,0.0,1.0,2.0,shortcut,"(2, 3)",,4
175,shared_s0,1.0,1.0,13.16293830696572,44.0,0.0,0.0,0.0,1.0,0.0,0.0,1.0,3.0,shortcut,"(2, 3)",7,
176,shared_s0,0.0,0.0,0.0,0.0,1.0,0.0,0.0,1.0,0.0,0.0,1.0,2.0,shortcut,"(2, 3)",,4
177,shared_s0,0.0,0.0,0.0,0.0,1.0,0.0,0.0,1.0,0.0,0.0,1.0,2.0,shortcut,"(2, 3)",,4
178,shared_s0,0.0,0.0,0.0,0.0,1.0,0.0,0.0,1.0,0.0,0.0,1.0,1.0,shortcut,"(2, 3)",,3
179,shared_s0,1.0,1.0,13.16293830696572,44.0,0.0,0.0,0.0,1.0,0.0,0.0,1.0,3.0,shortcut,"(2, 3)",7,
180,shared_s0,1.0,1.0,13.16293830696572,44.0,0.0,0.0,0.0,1.0,0.0,0.0,1.0,3.0,shortcut,"(2, 3)",7,
181,shared_s0,1.0,1.0,13.16293830696572,44.0,0.0,0.0,0.0,1.0,0.0,0.0,1.0,3.0,shortcut,"(2, 3)",7,
182,shared_s0,0.0,0.0,0.0,0.0,1.0,0.0,0.0,1.0,0.0,0.0,1.0,3.0,shortcut,"(2, 3)",,5
183,shared_s0,1.0,1.0,13.16293830696572,44.0,0.0,0.0,0.0,1.0,0.0,0.0,1.0,4.0,shortcut,"(2, 3)",7,
184,shared_s0,0.0,0.0,0.0,0.0,1.0,0.0,0.0,1.0,0.0,0.0,1.0,1.0,shortcut,"(2, 3)",,3
185,shared_s0,0.0,0.0,0.0,0.0,1.0,0.0,0.0,1.0,0.0,0.0,1.0,1.0,shortcut,"(2, 3)",,3
186,shared_s0,0.0,0.0,0.0,0.0,1.0,0.0,0.0,1.0,0.0,0.0,1.0,1.0,shortcut,"(2, 3)",,3
187,shared_s0,0.0,0.0,0.0,0.0,1.0,0.0,0.0,1.0,0.0,0.0,1.0,1.0,shortcut,"(2, 3)",,3
188,shared_s0,0.0,0.0,0.0,0.0,1.0,0.0,0.0,1.0,0.0,0.0,1.0,1.0,shortcut,"(2, 3)",,3
189,shared_s0,1.0,1.0,13.16293830696572,44.0,0.0,0.0,0.0,1.0,0.0,0.0,1.0,3.0,shortcut,"(2, 3)",7,
190,shared_s0,0.0,0.0,0.0,0.0,1.0,0.0,0.0,1.0,0.0,0.0,1.0,2.0,shortcut,"(2, 3)",,4
191,shared_s0,1.0,1.0,11.066088688957908,41.0,0.0,1.0,1.0,0.0,0.0,1.0,0.0,0.0,lower,"(1, 2)",10,
192,shared_s0,1.0,1.0,11.72950912024697,42.0,0.0,0.0,0.0,1.0,0.0,0.0,1.0,4.0,shortcut,"(2, 3)",9,
193,shared_s0,0.0,0.0,0.0,0.0,1.0,0.0,0.0,1.0,0.0,0.0,1.0,1.0,shortcut,"(2, 3)",,3
194,shared_s0,0.0,0.0,0.0,0.0,1.0,0.0,0.0,1.0,0.0,0.0,1.0,1.0,shortcut,"(2, 3)",,3
195,shared_s0,0.0,0.0,0.0,0.0,1.0,0.0,0.0,1.0,0.0,0.0,1.0,2.0,shortcut,"(2, 3)",,5
196,shared_s0,0.0,0.0,0.0,0.0,1.0,0.0,0.0,1.0,0.0,0.0,1.0,2.0,shortcut,"(2, 3)",,7
197,shared_s0,1.0,1.0,13.16293830696572,44.0,0.0,0.0,0.0,1.0,0.0,0.0,1.0,3.0,shortcut,"(2, 3)",7,
198,shared_s0,0.0,0.0,0.0,0.0,1.0,0.0,0.0,1.0,0.0,0.0,1.0,1.0,shortcut,"(2, 3)",,3
199,shared_s0,1.0,1.0,13.16293830696572,44.0,0.0,0.0,0.0,1.0,0.0,0.0,1.0,3.0,shortcut,"(2, 3)",7,
0,balanced_s0,1.0,1.0,13.16293830696572,44.0,0.0,0.0,0.0,1.0,0.0,0.0,1.0,3.0,shortcut,"(2, 3)",7,
1,balanced_s0,0.0,0.0,0.0,0.0,1.0,0.0,0.0,1.0,0.0,0.0,1.0,1.0,shortcut,"(2, 3)",,3
2,balanced_s0,0.0,0.0,0.0,0.0,1.0,0.0,0.0,1.0,0.0,0.0,1.0,2.0,shortcut,"(2, 3)",,4
3,balanced_s0,0.0,0.0,0.0,0.0,1.0,0.0,0.0,1.0,0.0,0.0,1.0,2.0,shortcut,"(2, 3)",,5
4,balanced_s0,0.0,0.0,0.0,0.0,1.0,0.0,0.0,1.0,0.0,0.0,1.0,1.0,shortcut,"(2, 3)",,3
5,balanced_s0,0.0,0.0,0.0,0.0,1.0,0.0,0.0,1.0,0.0,0.0,1.0,2.0,shortcut,"(2, 3)",,4
6,balanced_s0,0.0,0.0,0.0,0.0,1.0,0.0,0.0,1.0,0.0,0.0,1.0,3.0,shortcut,"(2, 3)",,6
7,balanced_s0,1.0,1.0,13.16293830696572,44.0,0.0,0.0,0.0,1.0,0.0,0.0,1.0,3.0,shortcut,"(2, 3)",7,
8,balanced_s0,0.0,0.0,0.0,0.0,1.0,0.0,0.0,1.0,0.0,0.0,1.0,1.0,shortcut,"(2, 3)",,3
9,balanced_s0,1.0,1.0,11.72950912024697,42.0,0.0,0.0,0.0,1.0,0.0,0.0,1.0,3.0,shortcut,"(2, 3)",9,
10,balanced_s0,0.0,0.0,0.0,0.0,1.0,0.0,0.0,1.0,0.0,0.0,1.0,1.0,shortcut,"(2, 3)",,3
11,balanced_s0,0.0,0.0,0.0,0.0,1.0,0.0,0.0,1.0,0.0,0.0,1.0,2.0,shortcut,"(2, 3)",,4
12,balanced_s0,1.0,1.0,11.066088688957908,41.0,0.0,1.0,1.0,0.0,0.0,1.0,0.0,0.0,lower,"(1, 2)",10,
13,balanced_s0,0.0,0.0,0.0,0.0,1.0,0.0,0.0,1.0,0.0,0.0,1.0,1.0,shortcut,"(2, 3)",,3
14,balanced_s0,0.0,0.0,0.0,0.0,1.0,0.0,0.0,1.0,0.0,0.0,1.0,2.0,shortcut,"(2, 3)",,5
15,balanced_s0,0.0,0.0,0.0,0.0,1.0,0.0,0.0,1.0,0.0,0.0,1.0,1.0,shortcut,"(2, 3)",,3
16,balanced_s0,0.0,0.0,0.0,0.0,1.0,0.0,0.0,1.0,0.0,0.0,1.0,1.0,shortcut,"(2, 3)",,3
17,balanced_s0,1.0,1.0,13.16293830696572,44.0,0.0,0.0,0.0,1.0,0.0,0.0,1.0,3.0,shortcut,"(2, 3)",7,
18,balanced_s0,0.0,0.0,0.0,0.0,1.0,0.0,0.0,1.0,0.0,0.0,1.0,3.0,shortcut,"(2, 3)",,6
19,balanced_s0,1.0,1.0,13.16293830696572,44.0,0.0,0.0,0.0,1.0,0.0,0.0,1.0,3.0,shortcut,"(2, 3)",7,
20,balanced_s0,0.0,0.0,0.0,0.0,1.0,0.0,0.0,1.0,0.0,0.0,1.0,1.0,shortcut,"(2, 3)",,3
21,balanced_s0,1.0,1.0,11.066088688957908,41.0,0.0,1.0,1.0,0.0,0.0,1.0,0.0,0.0,lower,"(1, 2)",10,
22,balanced_s0,1.0,1.0,13.16293830696572,44.0,0.0,0.0,0.0,1.0,0.0,0.0,1.0,3.0,shortcut,"(2, 3)",7,
23,balanced_s0,0.0,0.0,0.0,0.0,1.0,0.0,0.0,1.0,0.0,0.0,1.0,3.0,shortcut,"(2, 3)",,5
24,balanced_s0,0.0,0.0,0.0,0.0,1.0,0.0,0.0,1.0,0.0,0.0,1.0,1.0,shortcut,"(2, 3)",,3
25,balanced_s0,1.0,1.0,13.16293830696572,44.0,0.0,0.0,0.0,1.0,0.0,0.0,1.0,3.0,shortcut,"(2, 3)",7,
26,balanced_s0,0.0,0.0,0.0,0.0,1.0,0.0,0.0,1.0,0.0,0.0,1.0,4.0,shortcut,"(2, 3)",,6
27,balanced_s0,0.0,0.0,0.0,0.0,1.0,0.0,0.0,1.0,0.0,0.0,1.0,3.0,shortcut,"(2, 3)",,5
28,balanced_s0,1.0,1.0,12.42784641634072,43.0,0.0,0.0,0.0,1.0,0.0,0.0,1.0,4.0,shortcut,"(2, 3)",8,
29,balanced_s0,1.0,1.0,13.16293830696572,44.0,0.0,0.0,0.0,1.0,0.0,0.0,1.0,3.0,shortcut,"(2, 3)",7,
30,balanced_s0,0.0,0.0,0.0,0.0,1.0,0.0,0.0,1.0,0.0,0.0,1.0,3.0,shortcut,"(2, 3)",,5
31,balanced_s0,0.0,0.0,0.0,0.0,1.0,0.0,0.0,1.0,0.0,0.0,1.0,1.0,shortcut,"(2, 3)",,3
32,balanced_s0,1.0,1.0,13.16293830696572,44.0,0.0,0.0,0.0,1.0,0.0,0.0,1.0,4.0,shortcut,"(2, 3)",7,
33,balanced_s0,0.0,0.0,0.0,0.0,1.0,0.0,0.0,1.0,0.0,0.0,1.0,4.0,shortcut,"(2, 3)",,6
34,balanced_s0,0.0,0.0,0.0,0.0,1.0,0.0,0.0,1.0,0.0,0.0,1.0,1.0,shortcut,"(2, 3)",,3
35,balanced_s0,1.0,1.0,11.72950912024697,42.0,0.0,1.0,1.0,0.0,0.0,1.0,0.0,0.0,lower,"(1, 2)",9,
36,balanced_s0,0.0,0.0,0.0,0.0,1.0,0.0,0.0,1.0,0.0,0.0,1.0,1.0,shortcut,"(2, 3)",,3
37,balanced_s0,0.0,0.0,0.0,0.0,1.0,0.0,0.0,1.0,0.0,0.0,1.0,2.0,shortcut,"(2, 3)",,4
38,balanced_s0,0.0,0.0,0.0,0.0,1.0,0.0,0.0,1.0,0.0,0.0,1.0,3.0,shortcut,"(2, 3)",,5
39,balanced_s0,0.0,0.0,0.0,0.0,1.0,0.0,0.0,1.0,0.0,0.0,1.0,3.0,shortcut,"(2, 3)",,5
40,balanced_s0,0.0,0.0,0.0,0.0,1.0,0.0,0.0,1.0,0.0,0.0,1.0,3.0,shortcut,"(2, 3)",,5
41,balanced_s0,1.0,1.0,13.16293830696572,44.0,0.0,0.0,0.0,1.0,0.0,0.0,1.0,3.0,shortcut,"(2, 3)",7,
42,balanced_s0,0.0,0.0,0.0,0.0,1.0,0.0,0.0,1.0,0.0,0.0,1.0,3.0,shortcut,"(2, 3)",,5
43,balanced_s0,0.0,0.0,0.0,0.0,1.0,0.0,0.0,1.0,0.0,0.0,1.0,1.0,shortcut,"(2, 3)",,3
44,balanced_s0,0.0,0.0,0.0,0.0,1.0,0.0,0.0,1.0,0.0,0.0,1.0,2.0,shortcut,"(2, 3)",,4
45,balanced_s0,0.0,0.0,0.0,0.0,1.0,0.0,0.0,1.0,0.0,0.0,1.0,2.0,shortcut,"(2, 3)",,4
46,balanced_s0,1.0,1.0,13.16293830696572,44.0,0.0,0.0,0.0,1.0,0.0,0.0,1.0,3.0,shortcut,"(2, 3)",7,
47,balanced_s0,0.0,0.0,0.0,0.0,1.0,0.0,0.0,1.0,0.0,0.0,1.0,2.0,shortcut,"(2, 3)",,4
48,balanced_s0,0.0,0.0,0.0,0.0,1.0,0.0,0.0,1.0,0.0,0.0,1.0,2.0,shortcut,"(2, 3)",,4
49,balanced_s0,0.0,0.0,0.0,0.0,1.0,0.0,0.0,1.0,0.0,0.0,1.0,2.0,shortcut,"(2, 3)",,4
50,balanced_s0,1.0,1.0,13.16293830696572,44.0,0.0,0.0,0.0,1.0,0.0,0.0,1.0,3.0,shortcut,"(2, 3)",7,
51,balanced_s0,0.0,0.0,0.0,0.0,1.0,0.0,0.0,1.0,0.0,0.0,1.0,2.0,shortcut,"(2, 3)",,4
52,balanced_s0,1.0,1.0,13.16293830696572,44.0,0.0,0.0,0.0,1.0,0.0,0.0,1.0,4.0,shortcut,"(2, 3)",7,
53,balanced_s0,0.0,0.0,0.0,0.0,1.0,0.0,0.0,1.0,0.0,0.0,1.0,2.0,shortcut,"(2, 3)",,4
54,balanced_s0,0.0,0.0,0.0,0.0,1.0,0.0,0.0,1.0,0.0,0.0,1.0,3.0,shortcut,"(2, 3)",,5
55,balanced_s0,1.0,1.0,13.16293830696572,44.0,0.0,0.0,0.0,1.0,0.0,0.0,1.0,4.0,shortcut,"(2, 3)",7,
56,balanced_s0,1.0,1.0,12.42784641634072,43.0,0.0,0.0,0.0,1.0,0.0,0.0,1.0,4.0,shortcut,"(2, 3)",8,
57,balanced_s0,1.0,1.0,13.16293830696572,44.0,0.0,0.0,0.0,1.0,0.0,0.0,1.0,3.0,shortcut,"(2, 3)",7,
58,balanced_s0,0.0,0.0,0.0,0.0,1.0,0.0,0.0,1.0,0.0,0.0,1.0,1.0,shortcut,"(2, 3)",,3
59,balanced_s0,0.0,0.0,0.0,0.0,1.0,0.0,0.0,1.0,0.0,0.0,1.0,1.0,shortcut,"(2, 3)",,3
60,balanced_s0,0.0,0.0,0.0,0.0,1.0,0.0,0.0,1.0,0.0,0.0,1.0,2.0,shortcut,"(2, 3)",,4
61,balanced_s0,0.0,0.0,0.0,0.0,1.0,0.0,0.0,1.0,0.0,0.0,1.0,2.0,shortcut,"(2, 3)",,4
62,balanced_s0,0.0,0.0,0.0,0.0,1.0,0.0,0.0,1.0,0.0,0.0,1.0,2.0,shortcut,"(2, 3)",,4
63,balanced_s0,0.0,0.0,0.0,0.0,1.0,0.0,0.0,1.0,0.0,0.0,1.0,1.0,shortcut,"(2, 3)",,5
64,balanced_s0,0.0,0.0,0.0,0.0,1.0,0.0,0.0,1.0,0.0,0.0,1.0,1.0,shortcut,"(2, 3)",,3
65,balanced_s0,0.0,0.0,0.0,0.0,1.0,0.0,0.0,1.0,0.0,0.0,1.0,2.0,shortcut,"(2, 3)",,4
66,balanced_s0,1.0,1.0,13.16293830696572,44.0,0.0,0.0,0.0,1.0,0.0,0.0,1.0,3.0,shortcut,"(2, 3)",7,
67,balanced_s0,0.0,0.0,0.0,0.0,1.0,0.0,0.0,1.0,0.0,0.0,1.0,1.0,shortcut,"(2, 3)",,3
68,balanced_s0,0.0,0.0,0.0,0.0,1.0,0.0,0.0,1.0,0.0,0.0,1.0,1.0,shortcut,"(2, 3)",,4
69,balanced_s0,1.0,1.0,11.066088688957908,41.0,0.0,1.0,1.0,0.0,0.0,1.0,0.0,0.0,lower,"(1, 2)",10,
70,balanced_s0,0.0,0.0,0.0,0.0,1.0,0.0,0.0,1.0,0.0,0.0,1.0,1.0,shortcut,"(2, 3)",,3
71,balanced_s0,0.0,0.0,0.0,0.0,1.0,0.0,0.0,1.0,0.0,0.0,1.0,1.0,shortcut,"(2, 3)",,3
72,balanced_s0,0.0,0.0,0.0,0.0,1.0,0.0,0.0,1.0,0.0,0.0,1.0,1.0,shortcut,"(2, 3)",,3
73,balanced_s0,0.0,0.0,0.0,0.0,1.0,0.0,0.0,1.0,0.0,0.0,1.0,2.0,shortcut,"(2, 3)",,4
74,balanced_s0,0.0,0.0,0.0,0.0,1.0,0.0,0.0,1.0,0.0,0.0,1.0,2.0,shortcut,"(2, 3)",,4
75,balanced_s0,0.0,0.0,0.0,0.0,1.0,0.0,0.0,1.0,0.0,0.0,1.0,1.0,shortcut,"(2, 3)",,3
76,balanced_s0,0.0,0.0,0.0,0.0,1.0,0.0,0.0,1.0,0.0,0.0,1.0,1.0,shortcut,"(2, 3)",,3
77,balanced_s0,0.0,0.0,0.0,0.0,1.0,0.0,0.0,1.0,0.0,0.0,1.0,2.0,shortcut,"(2, 3)",,4
78,balanced_s0,1.0,1.0,13.16293830696572,44.0,0.0,0.0,0.0,1.0,0.0,0.0,1.0,3.0,shortcut,"(2, 3)",7,
79,balanced_s0,0.0,0.0,0.0,0.0,1.0,0.0,0.0,1.0,0.0,0.0,1.0,2.0,shortcut,"(2, 3)",,5
80,balanced_s0,0.0,0.0,0.0,0.0,1.0,0.0,0.0,1.0,0.0,0.0,1.0,2.0,shortcut,"(2, 3)",,4
81,balanced_s0,0.0,0.0,0.0,0.0,1.0,0.0,0.0,1.0,0.0,0.0,1.0,3.0,shortcut,"(2, 3)",,5
82,balanced_s0,1.0,1.0,11.72950912024697,42.0,0.0,0.0,0.0,1.0,0.0,0.0,1.0,5.0,shortcut,"(2, 3)",9,
83,balanced_s0,1.0,1.0,13.16293830696572,44.0,0.0,0.0,0.0,1.0,0.0,0.0,1.0,3.0,shortcut,"(2, 3)",7,
84,balanced_s0,0.0,0.0,0.0,0.0,1.0,0.0,0.0,1.0,0.0,0.0,1.0,2.0,shortcut,"(2, 3)",,4
85,balanced_s0,1.0,1.0,11.72950912024697,42.0,0.0,0.0,0.0,1.0,0.0,0.0,1.0,4.0,shortcut,"(2, 3)",9,
86,balanced_s0,0.0,0.0,0.0,0.0,1.0,0.0,0.0,1.0,0.0,0.0,1.0,1.0,shortcut,"(2, 3)",,3
87,balanced_s0,1.0,1.0,13.16293830696572,44.0,0.0,0.0,0.0,1.0,0.0,0.0,1.0,3.0,shortcut,"(2, 3)",7,
88,balanced_s0,0.0,0.0,0.0,0.0,1.0,0.0,0.0,1.0,0.0,0.0,1.0,1.0,shortcut,"(2, 3)",,3
89,balanced_s0,1.0,1.0,13.16293830696572,44.0,0.0,0.0,0.0,1.0,0.0,0.0,1.0,3.0,shortcut,"(2, 3)",7,
90,balanced_s0,0.0,0.0,0.0,0.0,1.0,0.0,0.0,1.0,0.0,0.0,1.0,3.0,shortcut,"(2, 3)",,6
91,balanced_s0,0.0,0.0,0.0,0.0,1.0,0.0,0.0,1.0,0.0,0.0,1.0,1.0,shortcut,"(2, 3)",,3
92,balanced_s0,0.0,0.0,0.0,0.0,1.0,0.0,0.0,1.0,0.0,0.0,1.0,2.0,shortcut,"(2, 3)",,4
93,balanced_s0,0.0,0.0,0.0,0.0,1.0,0.0,0.0,1.0,0.0,0.0,1.0,2.0,shortcut,"(2, 3)",,4
94,balanced_s0,0.0,0.0,0.0,0.0,1.0,0.0,0.0,1.0,0.0,0.0,1.0,2.0,shortcut,"(2, 3)",,4
95,balanced_s0,0.0,0.0,0.0,0.0,1.0,0.0,0.0,1.0,0.0,0.0,1.0,2.0,shortcut,"(2, 3)",,4
96,balanced_s0,0.0,0.0,0.0,0.0,1.0,0.0,0.0,1.0,0.0,0.0,1.0,2.0,shortcut,"(2, 3)",,4
97,balanced_s0,0.0,0.0,0.0,0.0,1.0,0.0,0.0,1.0,0.0,0.0,1.0,1.0,shortcut,"(2, 3)",,3
98,balanced_s0,1.0,1.0,11.72950912024697,42.0,0.0,1.0,1.0,0.0,0.0,1.0,0.0,0.0,lower,"(1, 2)",9,
99,balanced_s0,0.0,0.0,0.0,0.0,1.0,0.0,0.0,1.0,0.0,0.0,1.0,3.0,shortcut,"(2, 3)",,5
100,balanced_s0,0.0,0.0,0.0,0.0,1.0,0.0,0.0,1.0,0.0,0.0,1.0,1.0,shortcut,"(2, 3)",,3
101,balanced_s0,0.0,0.0,0.0,0.0,1.0,0.0,0.0,1.0,0.0,0.0,1.0,1.0,shortcut,"(2, 3)",,3
102,balanced_s0,0.0,0.0,0.0,0.0,1.0,0.0,0.0,1.0,0.0,0.0,1.0,1.0,shortcut,"(2, 3)",,3
103,balanced_s0,1.0,1.0,12.42784641634072,43.0,0.0,0.0,0.0,1.0,0.0,0.0,1.0,3.0,shortcut,"(2, 3)",8,
104,balanced_s0,0.0,0.0,0.0,0.0,1.0,0.0,0.0,1.0,0.0,0.0,1.0,3.0,shortcut,"(2, 3)",,5
105,balanced_s0,1.0,1.0,13.16293830696572,44.0,0.0,0.0,0.0,1.0,0.0,0.0,1.0,4.0,shortcut,"(2, 3)",7,
106,balanced_s0,1.0,1.0,13.16293830696572,44.0,0.0,0.0,0.0,1.0,0.0,0.0,1.0,4.0,shortcut,"(2, 3)",7,
107,balanced_s0,0.0,0.0,0.0,0.0,1.0,0.0,0.0,1.0,0.0,0.0,1.0,1.0,shortcut,"(2, 3)",,3
108,balanced_s0,0.0,0.0,0.0,0.0,1.0,0.0,0.0,1.0,0.0,0.0,1.0,3.0,shortcut,"(2, 3)",,5
109,balanced_s0,0.0,0.0,0.0,0.0,1.0,0.0,0.0,1.0,0.0,0.0,1.0,2.0,shortcut,"(2, 3)",,4
110,balanced_s0,0.0,0.0,0.0,0.0,1.0,0.0,0.0,1.0,0.0,0.0,1.0,1.0,shortcut,"(2, 3)",,3
111,balanced_s0,1.0,1.0,13.16293830696572,44.0,0.0,0.0,0.0,1.0,0.0,0.0,1.0,4.0,shortcut,"(2, 3)",7,
112,balanced_s0,0.0,0.0,0.0,0.0,1.0,0.0,0.0,1.0,0.0,0.0,1.0,1.0,shortcut,"(2, 3)",,3
113,balanced_s0,0.0,0.0,0.0,0.0,1.0,0.0,0.0,1.0,0.0,0.0,1.0,1.0,shortcut,"(2, 3)",,3
114,balanced_s0,1.0,1.0,13.16293830696572,44.0,0.0,0.0,0.0,1.0,0.0,0.0,1.0,3.0,shortcut,"(2, 3)",7,
115,balanced_s0,0.0,0.0,0.0,0.0,1.0,0.0,0.0,1.0,0.0,0.0,1.0,3.0,shortcut,"(2, 3)",,5
116,balanced_s0,0.0,0.0,0.0,0.0,1.0,0.0,0.0,1.0,0.0,0.0,1.0,2.0,shortcut,"(2, 3)",,4
117,balanced_s0,0.0,0.0,0.0,0.0,1.0,0.0,0.0,1.0,0.0,0.0,1.0,3.0,shortcut,"(2, 3)",,5
118,balanced_s0,0.0,0.0,0.0,0.0,1.0,0.0,0.0,1.0,0.0,0.0,1.0,1.0,shortcut,"(2, 3)",,3
119,balanced_s0,0.0,0.0,0.0,0.0,1.0,0.0,0.0,1.0,0.0,0.0,1.0,2.0,shortcut,"(2, 3)",,4
120,balanced_s0,0.0,0.0,0.0,0.0,1.0,0.0,0.0,1.0,0.0,0.0,1.0,3.0,shortcut,"(2, 3)",,5
121,balanced_s0,0.0,0.0,0.0,0.0,1.0,0.0,0.0,1.0,0.0,0.0,1.0,4.0,shortcut,"(2, 3)",,6
122,balanced_s0,1.0,1.0,13.16293830696572,44.0,0.0,0.0,0.0,1.0,0.0,0.0,1.0,3.0,shortcut,"(2, 3)",7,
123,balanced_s0,0.0,0.0,0.0,0.0,1.0,0.0,0.0,1.0,0.0,0.0,1.0,3.0,shortcut,"(2, 3)",,5
124,balanced_s0,0.0,0.0,0.0,0.0,1.0,0.0,0.0,1.0,0.0,0.0,1.0,2.0,shortcut,"(2, 3)",,5
125,balanced_s0,1.0,1.0,13.16293830696572,44.0,0.0,0.0,0.0,1.0,0.0,0.0,1.0,4.0,shortcut,"(2, 3)",7,
126,balanced_s0,1.0,1.0,13.16293830696572,44.0,0.0,0.0,0.0,1.0,0.0,0.0,1.0,3.0,shortcut,"(2, 3)",7,
127,balanced_s0,1.0,1.0,13.16293830696572,44.0,0.0,0.0,0.0,1.0,0.0,0.0,1.0,3.0,shortcut,"(2, 3)",7,
128,balanced_s0,0.0,0.0,0.0,0.0,1.0,0.0,0.0,1.0,0.0,0.0,1.0,1.0,shortcut,"(2, 3)",,3
129,balanced_s0,0.0,0.0,0.0,0.0,1.0,0.0,0.0,1.0,0.0,0.0,1.0,2.0,shortcut,"(2, 3)",,4
130,balanced_s0,1.0,1.0,13.16293830696572,44.0,0.0,0.0,0.0,1.0,0.0,0.0,1.0,3.0,shortcut,"(2, 3)",7,
131,balanced_s0,0.0,0.0,0.0,0.0,1.0,0.0,0.0,1.0,0.0,0.0,1.0,2.0,shortcut,"(2, 3)",,4
132,balanced_s0,0.0,0.0,0.0,0.0,1.0,0.0,0.0,1.0,0.0,0.0,1.0,6.0,shortcut,"(2, 3)",,8
133,balanced_s0,0.0,0.0,0.0,0.0,1.0,0.0,0.0,1.0,0.0,0.0,1.0,1.0,shortcut,"(2, 3)",,3
134,balanced_s0,0.0,0.0,0.0,0.0,1.0,0.0,0.0,1.0,0.0,0.0,1.0,1.0,shortcut,"(2, 3)",,3
135,balanced_s0,1.0,1.0,13.16293830696572,44.0,0.0,0.0,0.0,1.0,0.0,0.0,1.0,3.0,shortcut,"(2, 3)",7,
136,balanced_s0,0.0,0.0,0.0,0.0,1.0,0.0,0.0,1.0,0.0,0.0,1.0,1.0,shortcut,"(2, 3)",,3
137,balanced_s0,0.0,0.0,0.0,0.0,1.0,0.0,0.0,1.0,0.0,0.0,1.0,1.0,shortcut,"(2, 3)",,3
138,balanced_s0,1.0,1.0,13.16293830696572,44.0,0.0,0.0,0.0,1.0,0.0,0.0,1.0,3.0,shortcut,"(2, 3)",7,
139,balanced_s0,1.0,1.0,11.72950912024697,42.0,0.0,0.0,0.0,1.0,0.0,0.0,1.0,6.0,shortcut,"(2, 3)",9,
140,balanced_s0,0.0,0.0,0.0,0.0,1.0,0.0,0.0,1.0,0.0,0.0,1.0,4.0,shortcut,"(2, 3)",,6
141,balanced_s0,0.0,0.0,0.0,0.0,1.0,0.0,0.0,1.0,0.0,0.0,1.0,2.0,shortcut,"(2, 3)",,4
142,balanced_s0,0.0,0.0,0.0,0.0,1.0,0.0,0.0,1.0,0.0,0.0,1.0,1.0,shortcut,"(2, 3)",,4
143,balanced_s0,0.0,0.0,0.0,0.0,1.0,0.0,0.0,1.0,0.0,0.0,1.0,2.0,shortcut,"(2, 3)",,5
144,balanced_s0,0.0,0.0,0.0,0.0,1.0,0.0,0.0,1.0,0.0,0.0,1.0,2.0,shortcut,"(2, 3)",,4
145,balanced_s0,1.0,1.0,13.16293830696572,44.0,0.0,0.0,0.0,1.0,0.0,0.0,1.0,3.0,shortcut,"(2, 3)",7,
146,balanced_s0,0.0,0.0,0.0,0.0,1.0,0.0,0.0,1.0,0.0,0.0,1.0,3.0,shortcut,"(2, 3)",,5
147,balanced_s0,0.0,0.0,0.0,0.0,1.0,0.0,0.0,1.0,0.0,0.0,1.0,1.0,shortcut,"(2, 3)",,3
148,balanced_s0,0.0,0.0,0.0,0.0,1.0,0.0,0.0,1.0,0.0,0.0,1.0,2.0,shortcut,"(2, 3)",,4
149,balanced_s0,0.0,0.0,0.0,0.0,1.0,0.0,0.0,1.0,0.0,0.0,1.0,2.0,shortcut,"(2, 3)",,5
150,balanced_s0,0.0,0.0,0.0,0.0,1.0,0.0,0.0,1.0,0.0,0.0,1.0,2.0,shortcut,"(2, 3)",,4
151,balanced_s0,1.0,1.0,12.42784641634072,43.0,0.0,0.0,0.0,1.0,0.0,0.0,1.0,3.0,shortcut,"(2, 3)",8,
152,balanced_s0,0.0,0.0,0.0,0.0,1.0,0.0,0.0,1.0,0.0,0.0,1.0,2.0,shortcut,"(2, 3)",,4
153,balanced_s0,1.0,1.0,12.42784641634072,43.0,0.0,0.0,0.0,1.0,0.0,0.0,1.0,4.0,shortcut,"(2, 3)",8,
154,balanced_s0,0.0,0.0,0.0,0.0,1.0,0.0,0.0,1.0,0.0,0.0,1.0,3.0,shortcut,"(2, 3)",,6
155,balanced_s0,0.0,0.0,0.0,0.0,1.0,0.0,0.0,1.0,0.0,0.0,1.0,2.0,shortcut,"(2, 3)",,4
156,balanced_s0,0.0,0.0,0.0,0.0,1.0,0.0,0.0,1.0,0.0,0.0,1.0,2.0,shortcut,"(2, 3)",,4
157,balanced_s0,0.0,0.0,0.0,0.0,1.0,0.0,0.0,1.0,0.0,0.0,1.0,1.0,shortcut,"(2, 3)",,3
158,balanced_s0,0.0,0.0,0.0,0.0,1.0,0.0,0.0,1.0,0.0,0.0,1.0,2.0,shortcut,"(2, 3)",,4
159,balanced_s0,0.0,0.0,0.0,0.0,1.0,0.0,0.0,1.0,0.0,0.0,1.0,1.0,shortcut,"(2, 3)",,3
160,balanced_s0,0.0,0.0,0.0,0.0,1.0,0.0,0.0,1.0,0.0,0.0,1.0,3.0,shortcut,"(2, 3)",,5
161,balanced_s0,0.0,0.0,0.0,0.0,1.0,0.0,0.0,1.0,0.0,0.0,1.0,3.0,shortcut,"(2, 3)",,5
162,balanced_s0,1.0,1.0,13.16293830696572,44.0,0.0,0.0,0.0,1.0,0.0,0.0,1.0,4.0,shortcut,"(2, 3)",7,
163,balanced_s0,1.0,1.0,12.42784641634072,43.0,0.0,0.0,0.0,1.0,0.0,0.0,1.0,4.0,shortcut,"(2, 3)",8,
164,balanced_s0,0.0,0.0,0.0,0.0,1.0,0.0,0.0,1.0,0.0,0.0,1.0,1.0,shortcut,"(2, 3)",,5
165,balanced_s0,0.0,0.0,0.0,0.0,1.0,0.0,0.0,1.0,0.0,0.0,1.0,1.0,shortcut,"(2, 3)",,3
166,balanced_s0,0.0,0.0,0.0,0.0,1.0,0.0,0.0,1.0,0.0,0.0,1.0,3.0,shortcut,"(2, 3)",,6
167,balanced_s0,1.0,1.0,11.72950912024697,42.0,0.0,0.0,0.0,1.0,0.0,0.0,1.0,3.0,shortcut,"(2, 3)",9,
168,balanced_s0,1.0,1.0,13.16293830696572,44.0,0.0,0.0,0.0,1.0,0.0,0.0,1.0,3.0,shortcut,"(2, 3)",7,
169,balanced_s0,0.0,0.0,0.0,0.0,1.0,0.0,0.0,1.0,0.0,0.0,1.0,3.0,shortcut,"(2, 3)",,5
170,balanced_s0,1.0,1.0,12.42784641634072,43.0,0.0,0.0,0.0,1.0,0.0,0.0,1.0,4.0,shortcut,"(2, 3)",8,
171,balanced_s0,1.0,1.0,11.72950912024697,42.0,0.0,1.0,1.0,0.0,0.0,1.0,0.0,0.0,lower,"(1, 2)",9,
172,balanced_s0,0.0,0.0,0.0,0.0,1.0,0.0,0.0,1.0,0.0,0.0,1.0,1.0,shortcut,"(2, 3)",,3
173,balanced_s0,0.0,0.0,0.0,0.0,1.0,0.0,0.0,1.0,0.0,0.0,1.0,1.0,shortcut,"(2, 3)",,3
174,balanced_s0,0.0,0.0,0.0,0.0,1.0,0.0,0.0,1.0,0.0,0.0,1.0,2.0,shortcut,"(2, 3)",,4
175,balanced_s0,1.0,1.0,13.16293830696572,44.0,0.0,0.0,0.0,1.0,0.0,0.0,1.0,3.0,shortcut,"(2, 3)",7,
176,balanced_s0,0.0,0.0,0.0,0.0,1.0,0.0,0.0,1.0,0.0,0.0,1.0,2.0,shortcut,"(2, 3)",,4
177,balanced_s0,0.0,0.0,0.0,0.0,1.0,0.0,0.0,1.0,0.0,0.0,1.0,2.0,shortcut,"(2, 3)",,4
178,balanced_s0,0.0,0.0,0.0,0.0,1.0,0.0,0.0,1.0,0.0,0.0,1.0,1.0,shortcut,"(2, 3)",,3
179,balanced_s0,1.0,1.0,13.16293830696572,44.0,0.0,0.0,0.0,1.0,0.0,0.0,1.0,3.0,shortcut,"(2, 3)",7,
180,balanced_s0,1.0,1.0,13.16293830696572,44.0,0.0,0.0,0.0,1.0,0.0,0.0,1.0,3.0,shortcut,"(2, 3)",7,
181,balanced_s0,1.0,1.0,13.16293830696572,44.0,0.0,0.0,0.0,1.0,0.0,0.0,1.0,3.0,shortcut,"(2, 3)",7,
182,balanced_s0,0.0,0.0,0.0,0.0,1.0,0.0,0.0,1.0,0.0,0.0,1.0,3.0,shortcut,"(2, 3)",,5
183,balanced_s0,0.0,0.0,0.0,0.0,1.0,0.0,0.0,1.0,0.0,0.0,1.0,2.0,shortcut,"(2, 3)",,5
184,balanced_s0,0.0,0.0,0.0,0.0,1.0,0.0,0.0,1.0,0.0,0.0,1.0,1.0,shortcut,"(2, 3)",,3
185,balanced_s0,0.0,0.0,0.0,0.0,1.0,0.0,0.0,1.0,0.0,0.0,1.0,1.0,shortcut,"(2, 3)",,3
186,balanced_s0,0.0,0.0,0.0,0.0,1.0,0.0,0.0,1.0,0.0,0.0,1.0,1.0,shortcut,"(2, 3)",,3
187,balanced_s0,0.0,0.0,0.0,0.0,1.0,0.0,0.0,1.0,0.0,0.0,1.0,1.0,shortcut,"(2, 3)",,3
188,balanced_s0,0.0,0.0,0.0,0.0,1.0,0.0,0.0,1.0,0.0,0.0,1.0,1.0,shortcut,"(2, 3)",,3
189,balanced_s0,1.0,1.0,13.16293830696572,44.0,0.0,0.0,0.0,1.0,0.0,0.0,1.0,3.0,shortcut,"(2, 3)",7,
190,balanced_s0,0.0,0.0,0.0,0.0,1.0,0.0,0.0,1.0,0.0,0.0,1.0,3.0,shortcut,"(2, 3)",,5
191,balanced_s0,1.0,1.0,13.16293830696572,44.0,0.0,0.0,0.0,1.0,0.0,0.0,1.0,3.0,shortcut,"(2, 3)",7,
192,balanced_s0,1.0,1.0,11.72950912024697,42.0,0.0,0.0,0.0,1.0,0.0,0.0,1.0,4.0,shortcut,"(2, 3)",9,
193,balanced_s0,0.0,0.0,0.0,0.0,1.0,0.0,0.0,1.0,0.0,0.0,1.0,1.0,shortcut,"(2, 3)",,3
194,balanced_s0,0.0,0.0,0.0,0.0,1.0,0.0,0.0,1.0,0.0,0.0,1.0,1.0,shortcut,"(2, 3)",,3
195,balanced_s0,0.0,0.0,0.0,0.0,1.0,0.0,0.0,1.0,0.0,0.0,1.0,2.0,shortcut,"(2, 3)",,5
196,balanced_s0,0.0,0.0,0.0,0.0,1.0,0.0,0.0,1.0,0.0,0.0,1.0,2.0,shortcut,"(2, 3)",,7
197,balanced_s0,1.0,1.0,13.16293830696572,44.0,0.0,0.0,0.0,1.0,0.0,0.0,1.0,3.0,shortcut,"(2, 3)",7,
198,balanced_s0,0.0,0.0,0.0,0.0,1.0,0.0,0.0,1.0,0.0,0.0,1.0,1.0,shortcut,"(2, 3)",,3
199,balanced_s0,1.0,1.0,13.16293830696572,44.0,0.0,0.0,0.0,1.0,0.0,0.0,1.0,3.0,shortcut,"(2, 3)",7,
0,shared_s1,1.0,1.0,13.16293830696572,44.0,0.0,0.0,0.0,1.0,0.0,0.0,1.0,3.0,shortcut,"(2, 3)",7,
1,shared_s1,0.0,0.0,0.0,0.0,1.0,0.0,0.0,1.0,0.0,0.0,1.0,1.0,shortcut,"(2, 3)",,3
2,shared_s1,0.0,0.0,0.0,0.0,1.0,0.0,0.0,1.0,0.0,0.0,1.0,2.0,shortcut,"(2, 3)",,4
3,shared_s1,0.0,0.0,0.0,0.0,1.0,0.0,0.0,1.0,0.0,0.0,1.0,2.0,shortcut,"(2, 3)",,5
4,shared_s1,0.0,0.0,0.0,0.0,1.0,0.0,0.0,1.0,0.0,0.0,1.0,1.0,shortcut,"(2, 3)",,3
5,shared_s1,0.0,0.0,0.0,0.0,1.0,0.0,0.0,1.0,0.0,0.0,1.0,2.0,shortcut,"(2, 3)",,4
6,shared_s1,1.0,1.0,12.42784641634072,43.0,0.0,0.0,0.0,1.0,0.0,0.0,1.0,3.0,shortcut,"(2, 3)",8,
7,shared_s1,1.0,1.0,13.16293830696572,44.0,0.0,0.0,0.0,1.0,0.0,0.0,1.0,3.0,shortcut,"(2, 3)",7,
8,shared_s1,0.0,0.0,0.0,0.0,1.0,0.0,0.0,1.0,0.0,0.0,1.0,1.0,shortcut,"(2, 3)",,3
9,shared_s1,1.0,1.0,11.72950912024697,42.0,0.0,0.0,0.0,1.0,0.0,0.0,1.0,3.0,shortcut,"(2, 3)",9,
10,shared_s1,0.0,0.0,0.0,0.0,1.0,0.0,0.0,1.0,0.0,0.0,1.0,1.0,shortcut,"(2, 3)",,3
11,shared_s1,0.0,0.0,0.0,0.0,1.0,0.0,0.0,1.0,0.0,0.0,1.0,2.0,shortcut,"(2, 3)",,4
12,shared_s1,1.0,1.0,13.16293830696572,44.0,0.0,0.0,0.0,1.0,0.0,0.0,1.0,3.0,shortcut,"(2, 3)",7,
13,shared_s1,0.0,0.0,0.0,0.0,1.0,0.0,0.0,1.0,0.0,0.0,1.0,1.0,shortcut,"(2, 3)",,3
14,shared_s1,0.0,0.0,0.0,0.0,1.0,0.0,0.0,1.0,0.0,0.0,1.0,2.0,shortcut,"(2, 3)",,5
15,shared_s1,0.0,0.0,0.0,0.0,1.0,0.0,0.0,1.0,0.0,0.0,1.0,1.0,shortcut,"(2, 3)",,3
16,shared_s1,0.0,0.0,0.0,0.0,1.0,0.0,0.0,1.0,0.0,0.0,1.0,1.0,shortcut,"(2, 3)",,3
17,shared_s1,1.0,1.0,13.16293830696572,44.0,0.0,0.0,0.0,1.0,0.0,0.0,1.0,3.0,shortcut,"(2, 3)",7,
18,shared_s1,0.0,0.0,0.0,0.0,1.0,0.0,0.0,1.0,0.0,0.0,1.0,3.0,shortcut,"(2, 3)",,5
19,shared_s1,1.0,1.0,13.16293830696572,44.0,0.0,0.0,0.0,1.0,0.0,0.0,1.0,3.0,shortcut,"(2, 3)",7,
20,shared_s1,0.0,0.0,0.0,0.0,1.0,0.0,0.0,1.0,0.0,0.0,1.0,1.0,shortcut,"(2, 3)",,3
21,shared_s1,1.0,1.0,12.42784641634072,43.0,0.0,0.0,0.0,1.0,0.0,0.0,1.0,3.0,shortcut,"(2, 3)",8,
22,shared_s1,1.0,1.0,13.16293830696572,44.0,0.0,0.0,0.0,1.0,0.0,0.0,1.0,3.0,shortcut,"(2, 3)",7,
23,shared_s1,0.0,0.0,0.0,0.0,1.0,0.0,0.0,1.0,0.0,0.0,1.0,3.0,shortcut,"(2, 3)",,5
24,shared_s1,0.0,0.0,0.0,0.0,1.0,0.0,0.0,1.0,0.0,0.0,1.0,1.0,shortcut,"(2, 3)",,3
25,shared_s1,1.0,1.0,13.16293830696572,44.0,0.0,0.0,0.0,1.0,0.0,0.0,1.0,3.0,shortcut,"(2, 3)",7,
26,shared_s1,1.0,1.0,13.16293830696572,44.0,0.0,0.0,0.0,1.0,0.0,0.0,1.0,4.0,shortcut,"(2, 3)",7,
27,shared_s1,0.0,0.0,0.0,0.0,1.0,0.0,0.0,1.0,0.0,0.0,1.0,3.0,shortcut,"(2, 3)",,5
28,shared_s1,1.0,1.0,13.16293830696572,44.0,0.0,0.0,0.0,1.0,0.0,0.0,1.0,3.0,shortcut,"(2, 3)",7,
29,shared_s1,1.0,1.0,13.16293830696572,44.0,0.0,0.0,0.0,1.0,0.0,0.0,1.0,3.0,shortcut,"(2, 3)",7,
30,shared_s1,0.0,0.0,0.0,0.0,1.0,0.0,0.0,1.0,0.0,0.0,1.0,3.0,shortcut,"(2, 3)",,5
31,shared_s1,0.0,0.0,0.0,0.0,1.0,0.0,0.0,1.0,0.0,0.0,1.0,1.0,shortcut,"(2, 3)",,3
32,shared_s1,1.0,1.0,13.16293830696572,44.0,0.0,0.0,0.0,1.0,0.0,0.0,1.0,3.0,shortcut,"(2, 3)",7,
33,shared_s1,0.0,0.0,0.0,0.0,1.0,0.0,0.0,1.0,0.0,0.0,1.0,2.0,shortcut,"(2, 3)",,4
34,shared_s1,0.0,0.0,0.0,0.0,1.0,0.0,0.0,1.0,0.0,0.0,1.0,1.0,shortcut,"(2, 3)",,3
35,shared_s1,0.0,0.0,0.0,0.0,1.0,0.0,0.0,1.0,0.0,0.0,1.0,2.0,shortcut,"(2, 3)",,4
36,shared_s1,0.0,0.0,0.0,0.0,1.0,0.0,0.0,1.0,0.0,0.0,1.0,1.0,shortcut,"(2, 3)",,3
37,shared_s1,0.0,0.0,0.0,0.0,1.0,0.0,0.0,1.0,0.0,0.0,1.0,2.0,shortcut,"(2, 3)",,4
38,shared_s1,0.0,0.0,0.0,0.0,1.0,0.0,0.0,1.0,0.0,0.0,1.0,3.0,shortcut,"(2, 3)",,5
39,shared_s1,0.0,0.0,0.0,0.0,1.0,0.0,0.0,1.0,0.0,0.0,1.0,3.0,shortcut,"(2, 3)",,5
40,shared_s1,0.0,0.0,0.0,0.0,1.0,0.0,0.0,1.0,0.0,0.0,1.0,3.0,shortcut,"(2, 3)",,5
41,shared_s1,1.0,1.0,13.16293830696572,44.0,0.0,0.0,0.0,1.0,0.0,0.0,1.0,3.0,shortcut,"(2, 3)",7,
42,shared_s1,0.0,0.0,0.0,0.0,1.0,0.0,0.0,1.0,0.0,0.0,1.0,3.0,shortcut,"(2, 3)",,5
43,shared_s1,0.0,0.0,0.0,0.0,1.0,0.0,0.0,1.0,0.0,0.0,1.0,1.0,shortcut,"(2, 3)",,3
44,shared_s1,1.0,1.0,13.16293830696572,44.0,0.0,0.0,0.0,1.0,0.0,0.0,1.0,3.0,shortcut,"(2, 3)",7,
45,shared_s1,0.0,0.0,0.0,0.0,1.0,0.0,0.0,1.0,0.0,0.0,1.0,2.0,shortcut,"(2, 3)",,4
46,shared_s1,1.0,1.0,13.16293830696572,44.0,0.0,0.0,0.0,1.0,0.0,0.0,1.0,3.0,shortcut,"(2, 3)",7,
47,shared_s1,0.0,0.0,0.0,0.0,1.0,0.0,0.0,1.0,0.0,0.0,1.0,2.0,shortcut,"(2, 3)",,4
48,shared_s1,0.0,0.0,0.0,0.0,1.0,0.0,0.0,1.0,0.0,0.0,1.0,2.0,shortcut,"(2, 3)",,4
49,shared_s1,0.0,0.0,0.0,0.0,1.0,0.0,0.0,1.0,0.0,0.0,1.0,2.0,shortcut,"(2, 3)",,4
50,shared_s1,1.0,1.0,13.16293830696572,44.0,0.0,0.0,0.0,1.0,0.0,0.0,1.0,3.0,shortcut,"(2, 3)",7,
51,shared_s1,0.0,0.0,0.0,0.0,1.0,0.0,0.0,1.0,0.0,0.0,1.0,2.0,shortcut,"(2, 3)",,4
52,shared_s1,0.0,0.0,0.0,0.0,1.0,0.0,0.0,1.0,0.0,0.0,1.0,3.0,shortcut,"(2, 3)",,5
53,shared_s1,0.0,0.0,0.0,0.0,1.0,0.0,0.0,1.0,0.0,0.0,1.0,2.0,shortcut,"(2, 3)",,4
54,shared_s1,0.0,0.0,0.0,0.0,1.0,0.0,0.0,1.0,0.0,0.0,1.0,3.0,shortcut,"(2, 3)",,5
55,shared_s1,1.0,1.0,13.16293830696572,44.0,0.0,0.0,0.0,1.0,0.0,0.0,1.0,3.0,shortcut,"(2, 3)",7,
56,shared_s1,1.0,1.0,12.42784641634072,43.0,0.0,0.0,0.0,1.0,0.0,0.0,1.0,4.0,shortcut,"(2, 3)",8,
57,shared_s1,1.0,1.0,13.16293830696572,44.0,0.0,0.0,0.0,1.0,0.0,0.0,1.0,3.0,shortcut,"(2, 3)",7,
58,shared_s1,0.0,0.0,0.0,0.0,1.0,0.0,0.0,1.0,0.0,0.0,1.0,1.0,shortcut,"(2, 3)",,3
59,shared_s1,0.0,0.0,0.0,0.0,1.0,0.0,0.0,1.0,0.0,0.0,1.0,1.0,shortcut,"(2, 3)",,3
60,shared_s1,0.0,0.0,0.0,0.0,1.0,0.0,0.0,1.0,0.0,0.0,1.0,2.0,shortcut,"(2, 3)",,4
61,shared_s1,1.0,1.0,13.16293830696572,44.0,0.0,0.0,0.0,1.0,0.0,0.0,1.0,3.0,shortcut,"(2, 3)",7,
62,shared_s1,0.0,0.0,0.0,0.0,1.0,0.0,0.0,1.0,0.0,0.0,1.0,2.0,shortcut,"(2, 3)",,4
63,shared_s1,0.0,0.0,0.0,0.0,1.0,0.0,0.0,1.0,0.0,0.0,1.0,1.0,shortcut,"(2, 3)",,5
64,shared_s1,0.0,0.0,0.0,0.0,1.0,0.0,0.0,1.0,0.0,0.0,1.0,1.0,shortcut,"(2, 3)",,3
65,shared_s1,0.0,0.0,0.0,0.0,1.0,0.0,0.0,1.0,0.0,0.0,1.0,2.0,shortcut,"(2, 3)",,4
66,shared_s1,1.0,1.0,13.16293830696572,44.0,0.0,0.0,0.0,1.0,0.0,0.0,1.0,3.0,shortcut,"(2, 3)",7,
67,shared_s1,0.0,0.0,0.0,0.0,1.0,0.0,0.0,1.0,0.0,0.0,1.0,1.0,shortcut,"(2, 3)",,3
68,shared_s1,1.0,1.0,12.42784641634072,43.0,0.0,0.0,0.0,1.0,0.0,0.0,1.0,4.0,shortcut,"(2, 3)",8,
69,shared_s1,0.0,0.0,0.0,0.0,1.0,0.0,0.0,1.0,0.0,0.0,1.0,1.0,shortcut,"(2, 3)",,3
70,shared_s1,0.0,0.0,0.0,0.0,1.0,0.0,0.0,1.0,0.0,0.0,1.0,1.0,shortcut,"(2, 3)",,3
71,shared_s1,0.0,0.0,0.0,0.0,1.0,0.0,0.0,1.0,0.0,0.0,1.0,1.0,shortcut,"(2, 3)",,3
72,shared_s1,0.0,0.0,0.0,0.0,1.0,0.0,0.0,1.0,0.0,0.0,1.0,1.0,shortcut,"(2, 3)",,3
73,shared_s1,0.0,0.0,0.0,0.0,1.0,0.0,0.0,1.0,0.0,0.0,1.0,2.0,shortcut,"(2, 3)",,4
74,shared_s1,0.0,0.0,0.0,0.0,1.0,0.0,0.0,1.0,0.0,0.0,1.0,2.0,shortcut,"(2, 3)",,4
75,shared_s1,0.0,0.0,0.0,0.0,1.0,0.0,0.0,1.0,0.0,0.0,1.0,1.0,shortcut,"(2, 3)",,3
76,shared_s1,0.0,0.0,0.0,0.0,1.0,0.0,0.0,1.0,0.0,0.0,1.0,1.0,shortcut,"(2, 3)",,3
77,shared_s1,0.0,0.0,0.0,0.0,1.0,0.0,0.0,1.0,0.0,0.0,1.0,2.0,shortcut,"(2, 3)",,4
78,shared_s1,1.0,1.0,13.16293830696572,44.0,0.0,0.0,0.0,1.0,0.0,0.0,1.0,3.0,shortcut,"(2, 3)",7,
79,shared_s1,0.0,0.0,0.0,0.0,1.0,0.0,0.0,1.0,0.0,0.0,1.0,2.0,shortcut,"(2, 3)",,5
80,shared_s1,0.0,0.0,0.0,0.0,1.0,0.0,0.0,1.0,0.0,0.0,1.0,2.0,shortcut,"(2, 3)",,4
81,shared_s1,0.0,0.0,0.0,0.0,1.0,0.0,0.0,1.0,0.0,0.0,1.0,3.0,shortcut,"(2, 3)",,5
82,shared_s1,1.0,1.0,12.42784641634072,43.0,0.0,0.0,0.0,1.0,0.0,0.0,1.0,5.0,shortcut,"(2, 3)",8,
83,shared_s1,0.0,0.0,0.0,0.0,1.0,0.0,0.0,1.0,0.0,0.0,1.0,1.0,shortcut,"(2, 3)",,3
84,shared_s1,0.0,0.0,0.0,0.0,1.0,0.0,0.0,1.0,0.0,0.0,1.0,2.0,shortcut,"(2, 3)",,4
85,shared_s1,1.0,1.0,12.42784641634072,43.0,0.0,0.0,0.0,1.0,0.0,0.0,1.0,4.0,shortcut,"(2, 3)",8,
86,shared_s1,0.0,0.0,0.0,0.0,1.0,0.0,0.0,1.0,0.0,0.0,1.0,1.0,shortcut,"(2, 3)",,3
87,shared_s1,1.0,1.0,13.16293830696572,44.0,0.0,0.0,0.0,1.0,0.0,0.0,1.0,3.0,shortcut,"(2, 3)",7,
88,shared_s1,0.0,0.0,0.0,0.0,1.0,0.0,0.0,1.0,0.0,0.0,1.0,1.0,shortcut,"(2, 3)",,3
89,shared_s1,1.0,1.0,13.16293830696572,44.0,0.0,0.0,0.0,1.0,0.0,0.0,1.0,3.0,shortcut,"(2, 3)",7,
90,shared_s1,0.0,0.0,0.0,0.0,1.0,0.0,0.0,1.0,0.0,0.0,1.0,3.0,shortcut,"(2, 3)",,6
91,shared_s1,0.0,0.0,0.0,0.0,1.0,0.0,0.0,1.0,0.0,0.0,1.0,1.0,shortcut,"(2, 3)",,3
92,shared_s1,0.0,0.0,0.0,0.0,1.0,0.0,0.0,1.0,0.0,0.0,1.0,2.0,shortcut,"(2, 3)",,4
93,shared_s1,0.0,0.0,0.0,0.0,1.0,0.0,0.0,1.0,0.0,0.0,1.0,2.0,shortcut,"(2, 3)",,4
94,shared_s1,0.0,0.0,0.0,0.0,1.0,0.0,0.0,1.0,0.0,0.0,1.0,2.0,shortcut,"(2, 3)",,4
95,shared_s1,0.0,0.0,0.0,0.0,1.0,0.0,0.0,1.0,0.0,0.0,1.0,2.0,shortcut,"(2, 3)",,4
96,shared_s1,0.0,0.0,0.0,0.0,1.0,0.0,0.0,1.0,0.0,0.0,1.0,2.0,shortcut,"(2, 3)",,4
97,shared_s1,0.0,0.0,0.0,0.0,1.0,0.0,0.0,1.0,0.0,0.0,1.0,1.0,shortcut,"(2, 3)",,3
98,shared_s1,0.0,0.0,0.0,0.0,1.0,0.0,0.0,1.0,0.0,0.0,1.0,3.0,shortcut,"(2, 3)",,6
99,shared_s1,0.0,0.0,0.0,0.0,1.0,0.0,0.0,1.0,0.0,0.0,1.0,3.0,shortcut,"(2, 3)",,5
100,shared_s1,0.0,0.0,0.0,0.0,1.0,0.0,0.0,1.0,0.0,0.0,1.0,1.0,shortcut,"(2, 3)",,3
101,shared_s1,0.0,0.0,0.0,0.0,1.0,0.0,0.0,1.0,0.0,0.0,1.0,1.0,shortcut,"(2, 3)",,3
102,shared_s1,0.0,0.0,0.0,0.0,1.0,0.0,0.0,1.0,0.0,0.0,1.0,1.0,shortcut,"(2, 3)",,3
103,shared_s1,0.0,0.0,0.0,0.0,1.0,0.0,0.0,1.0,0.0,0.0,1.0,2.0,shortcut,"(2, 3)",,4
104,shared_s1,0.0,0.0,0.0,0.0,1.0,0.0,0.0,1.0,0.0,0.0,1.0,3.0,shortcut,"(2, 3)",,5
105,shared_s1,0.0,0.0,0.0,0.0,1.0,0.0,0.0,1.0,0.0,0.0,1.0,3.0,shortcut,"(2, 3)",,5
106,shared_s1,1.0,1.0,13.16293830696572,44.0,0.0,0.0,0.0,1.0,0.0,0.0,1.0,3.0,shortcut,"(2, 3)",7,
107,shared_s1,0.0,0.0,0.0,0.0,1.0,0.0,0.0,1.0,0.0,0.0,1.0,1.0,shortcut,"(2, 3)",,3
108,shared_s1,1.0,1.0,13.16293830696572,44.0,0.0,0.0,0.0,1.0,0.0,0.0,1.0,3.0,shortcut,"(2, 3)",7,
109,shared_s1,0.0,0.0,0.0,0.0,1.0,0.0,0.0,1.0,0.0,0.0,1.0,2.0,shortcut,"(2, 3)",,4
110,shared_s1,0.0,0.0,0.0,0.0,1.0,0.0,0.0,1.0,0.0,0.0,1.0,1.0,shortcut,"(2, 3)",,3
111,shared_s1,0.0,0.0,0.0,0.0,1.0,0.0,0.0,1.0,0.0,0.0,1.0,3.0,shortcut,"(2, 3)",,5
112,shared_s1,0.0,0.0,0.0,0.0,1.0,0.0,0.0,1.0,0.0,0.0,1.0,1.0,shortcut,"(2, 3)",,3
113,shared_s1,0.0,0.0,0.0,0.0,1.0,0.0,0.0,1.0,0.0,0.0,1.0,1.0,shortcut,"(2, 3)",,3
114,shared_s1,1.0,1.0,13.16293830696572,44.0,0.0,0.0,0.0,1.0,0.0,0.0,1.0,3.0,shortcut,"(2, 3)",7,
115,shared_s1,1.0,1.0,13.16293830696572,44.0,0.0,0.0,0.0,1.0,0.0,0.0,1.0,3.0,shortcut,"(2, 3)",7,
116,shared_s1,0.0,0.0,0.0,0.0,1.0,0.0,0.0,1.0,0.0,0.0,1.0,2.0,shortcut,"(2, 3)",,4
117,shared_s1,0.0,0.0,0.0,0.0,1.0,0.0,0.0,1.0,0.0,0.0,1.0,3.0,shortcut,"(2, 3)",,5
118,shared_s1,0.0,0.0,0.0,0.0,1.0,0.0,0.0,1.0,0.0,0.0,1.0,1.0,shortcut,"(2, 3)",,3
119,shared_s1,0.0,0.0,0.0,0.0,1.0,0.0,0.0,1.0,0.0,0.0,1.0,2.0,shortcut,"(2, 3)",,4
120,shared_s1,0.0,0.0,0.0,0.0,1.0,0.0,0.0,1.0,0.0,0.0,1.0,3.0,shortcut,"(2, 3)",,5
121,shared_s1,1.0,1.0,12.42784641634072,43.0,0.0,0.0,0.0,1.0,0.0,0.0,1.0,4.0,shortcut,"(2, 3)",8,
122,shared_s1,1.0,1.0,13.16293830696572,44.0,0.0,0.0,0.0,1.0,0.0,0.0,1.0,3.0,shortcut,"(2, 3)",7,
123,shared_s1,0.0,0.0,0.0,0.0,1.0,0.0,0.0,1.0,0.0,0.0,1.0,3.0,shortcut,"(2, 3)",,5
124,shared_s1,0.0,0.0,0.0,0.0,1.0,0.0,0.0,1.0,0.0,0.0,1.0,2.0,shortcut,"(2, 3)",,5
125,shared_s1,1.0,1.0,13.16293830696572,44.0,0.0,0.0,0.0,1.0,0.0,0.0,1.0,3.0,shortcut,"(2, 3)",7,
126,shared_s1,1.0,1.0,13.16293830696572,44.0,0.0,0.0,0.0,1.0,0.0,0.0,1.0,3.0,shortcut,"(2, 3)",7,
127,shared_s1,1.0,1.0,13.16293830696572,44.0,0.0,0.0,0.0,1.0,0.0,0.0,1.0,3.0,shortcut,"(2, 3)",7,
128,shared_s1,0.0,0.0,0.0,0.0,1.0,0.0,0.0,1.0,0.0,0.0,1.0,1.0,shortcut,"(2, 3)",,3
129,shared_s1,0.0,0.0,0.0,0.0,1.0,0.0,0.0,1.0,0.0,0.0,1.0,2.0,shortcut,"(2, 3)",,4
130,shared_s1,1.0,1.0,13.16293830696572,44.0,0.0,0.0,0.0,1.0,0.0,0.0,1.0,3.0,shortcut,"(2, 3)",7,
131,shared_s1,0.0,0.0,0.0,0.0,1.0,0.0,0.0,1.0,0.0,0.0,1.0,2.0,shortcut,"(2, 3)",,4
132,shared_s1,0.0,0.0,0.0,0.0,1.0,0.0,0.0,1.0,0.0,0.0,1.0,2.0,shortcut,"(2, 3)",,4
133,shared_s1,0.0,0.0,0.0,0.0,1.0,0.0,0.0,1.0,0.0,0.0,1.0,1.0,shortcut,"(2, 3)",,3
134,shared_s1,0.0,0.0,0.0,0.0,1.0,0.0,0.0,1.0,0.0,0.0,1.0,1.0,shortcut,"(2, 3)",,3
135,shared_s1,1.0,1.0,13.16293830696572,44.0,0.0,0.0,0.0,1.0,0.0,0.0,1.0,3.0,shortcut,"(2, 3)",7,
136,shared_s1,0.0,0.0,0.0,0.0,1.0,0.0,0.0,1.0,0.0,0.0,1.0,1.0,shortcut,"(2, 3)",,3
137,shared_s1,0.0,0.0,0.0,0.0,1.0,0.0,0.0,1.0,0.0,0.0,1.0,1.0,shortcut,"(2, 3)",,3
138,shared_s1,1.0,1.0,13.16293830696572,44.0,0.0,0.0,0.0,1.0,0.0,0.0,1.0,3.0,shortcut,"(2, 3)",7,
139,shared_s1,0.0,0.0,0.0,0.0,1.0,0.0,0.0,1.0,0.0,0.0,1.0,3.0,shortcut,"(2, 3)",,5
140,shared_s1,1.0,1.0,13.16293830696572,44.0,0.0,0.0,0.0,1.0,0.0,0.0,1.0,3.0,shortcut,"(2, 3)",7,
141,shared_s1,0.0,0.0,0.0,0.0,1.0,0.0,0.0,1.0,0.0,0.0,1.0,2.0,shortcut,"(2, 3)",,4
142,shared_s1,0.0,0.0,0.0,0.0,1.0,0.0,0.0,1.0,0.0,0.0,1.0,1.0,shortcut,"(2, 3)",,4
143,shared_s1,1.0,1.0,13.16293830696572,44.0,0.0,0.0,0.0,1.0,0.0,0.0,1.0,3.0,shortcut,"(2, 3)",7,
144,shared_s1,0.0,0.0,0.0,0.0,1.0,0.0,0.0,1.0,0.0,0.0,1.0,2.0,shortcut,"(2, 3)",,4
145,shared_s1,1.0,1.0,13.16293830696572,44.0,0.0,0.0,0.0,1.0,0.0,0.0,1.0,3.0,shortcut,"(2, 3)",7,
146,shared_s1,0.0,0.0,0.0,0.0,1.0,0.0,0.0,1.0,0.0,0.0,1.0,3.0,shortcut,"(2, 3)",,5
147,shared_s1,0.0,0.0,0.0,0.0,1.0,0.0,0.0,1.0,0.0,0.0,1.0,1.0,shortcut,"(2, 3)",,3
148,shared_s1,0.0,0.0,0.0,0.0,1.0,0.0,0.0,1.0,0.0,0.0,1.0,2.0,shortcut,"(2, 3)",,4
149,shared_s1,1.0,1.0,13.16293830696572,44.0,0.0,0.0,0.0,1.0,0.0,0.0,1.0,3.0,shortcut,"(2, 3)",7,
150,shared_s1,0.0,0.0,0.0,0.0,1.0,0.0,0.0,1.0,0.0,0.0,1.0,2.0,shortcut,"(2, 3)",,4
151,shared_s1,1.0,1.0,13.16293830696572,44.0,0.0,0.0,0.0,1.0,0.0,0.0,1.0,3.0,shortcut,"(2, 3)",7,
152,shared_s1,0.0,0.0,0.0,0.0,1.0,0.0,0.0,1.0,0.0,0.0,1.0,2.0,shortcut,"(2, 3)",,4
153,shared_s1,1.0,1.0,13.16293830696572,44.0,0.0,0.0,0.0,1.0,0.0,0.0,1.0,3.0,shortcut,"(2, 3)",7,
154,shared_s1,0.0,0.0,0.0,0.0,1.0,0.0,0.0,1.0,0.0,0.0,1.0,3.0,shortcut,"(2, 3)",,5
155,shared_s1,0.0,0.0,0.0,0.0,1.0,0.0,0.0,1.0,0.0,0.0,1.0,2.0,shortcut,"(2, 3)",,4
156,shared_s1,0.0,0.0,0.0,0.0,1.0,0.0,0.0,1.0,0.0,0.0,1.0,2.0,shortcut,"(2, 3)",,4
157,shared_s1,0.0,0.0,0.0,0.0,1.0,0.0,0.0,1.0,0.0,0.0,1.0,1.0,shortcut,"(2, 3)",,3
158,shared_s1,0.0,0.0,0.0,0.0,1.0,0.0,0.0,1.0,0.0,0.0,1.0,2.0,shortcut,"(2, 3)",,4
159,shared_s1,0.0,0.0,0.0,0.0,1.0,0.0,0.0,1.0,0.0,0.0,1.0,1.0,shortcut,"(2, 3)",,3
160,shared_s1,0.0,0.0,0.0,0.0,1.0,0.0,0.0,1.0,0.0,0.0,1.0,3.0,shortcut,"(2, 3)",,5
161,shared_s1,0.0,0.0,0.0,0.0,1.0,0.0,0.0,1.0,0.0,0.0,1.0,3.0,shortcut,"(2, 3)",,5
162,shared_s1,1.0,1.0,13.16293830696572,44.0,0.0,0.0,0.0,1.0,0.0,0.0,1.0,3.0,shortcut,"(2, 3)",7,
163,shared_s1,0.0,0.0,0.0,0.0,1.0,0.0,0.0,1.0,0.0,0.0,1.0,2.0,shortcut,"(2, 3)",,4
164,shared_s1,0.0,0.0,0.0,0.0,1.0,0.0,0.0,1.0,0.0,0.0,1.0,1.0,shortcut,"(2, 3)",,5
165,shared_s1,0.0,0.0,0.0,0.0,1.0,0.0,0.0,1.0,0.0,0.0,1.0,1.0,shortcut,"(2, 3)",,3
166,shared_s1,0.0,0.0,0.0,0.0,1.0,0.0,0.0,1.0,0.0,0.0,1.0,3.0,shortcut,"(2, 3)",,5
167,shared_s1,0.0,0.0,0.0,0.0,1.0,0.0,0.0,1.0,0.0,0.0,1.0,2.0,shortcut,"(2, 3)",,5
168,shared_s1,1.0,1.0,13.16293830696572,44.0,0.0,0.0,0.0,1.0,0.0,0.0,1.0,3.0,shortcut,"(2, 3)",7,
169,shared_s1,1.0,1.0,12.42784641634072,43.0,0.0,0.0,0.0,1.0,0.0,0.0,1.0,4.0,shortcut,"(2, 3)",8,
170,shared_s1,1.0,1.0,13.16293830696572,44.0,0.0,0.0,0.0,1.0,0.0,0.0,1.0,4.0,shortcut,"(2, 3)",7,
171,shared_s1,0.0,0.0,0.0,0.0,1.0,0.0,0.0,1.0,0.0,0.0,1.0,1.0,shortcut,"(2, 3)",,3
172,shared_s1,0.0,0.0,0.0,0.0,1.0,0.0,0.0,1.0,0.0,0.0,1.0,1.0,shortcut,"(2, 3)",,3
173,shared_s1,0.0,0.0,0.0,0.0,1.0,0.0,0.0,1.0,0.0,0.0,1.0,1.0,shortcut,"(2, 3)",,3
174,shared_s1,0.0,0.0,0.0,0.0,1.0,0.0,0.0,1.0,0.0,0.0,1.0,2.0,shortcut,"(2, 3)",,4
175,shared_s1,1.0,1.0,13.16293830696572,44.0,0.0,0.0,0.0,1.0,0.0,0.0,1.0,3.0,shortcut,"(2, 3)",7,
176,shared_s1,0.0,0.0,0.0,0.0,1.0,0.0,0.0,1.0,0.0,0.0,1.0,2.0,shortcut,"(2, 3)",,4
177,shared_s1,0.0,0.0,0.0,0.0,1.0,0.0,0.0,1.0,0.0,0.0,1.0,2.0,shortcut,"(2, 3)",,4
178,shared_s1,0.0,0.0,0.0,0.0,1.0,0.0,0.0,1.0,0.0,0.0,1.0,1.0,shortcut,"(2, 3)",,3
179,shared_s1,1.0,1.0,13.16293830696572,44.0,0.0,0.0,0.0,1.0,0.0,0.0,1.0,3.0,shortcut,"(2, 3)",7,
180,shared_s1,1.0,1.0,13.16293830696572,44.0,0.0,0.0,0.0,1.0,0.0,0.0,1.0,3.0,shortcut,"(2, 3)",7,
181,shared_s1,1.0,1.0,13.16293830696572,44.0,0.0,0.0,0.0,1.0,0.0,0.0,1.0,3.0,shortcut,"(2, 3)",7,
182,shared_s1,0.0,0.0,0.0,0.0,1.0,0.0,0.0,1.0,0.0,0.0,1.0,3.0,shortcut,"(2, 3)",,5
183,shared_s1,1.0,1.0,13.16293830696572,44.0,0.0,0.0,0.0,1.0,0.0,0.0,1.0,3.0,shortcut,"(2, 3)",7,
184,shared_s1,0.0,0.0,0.0,0.0,1.0,0.0,0.0,1.0,0.0,0.0,1.0,1.0,shortcut,"(2, 3)",,3
185,shared_s1,0.0,0.0,0.0,0.0,1.0,0.0,0.0,1.0,0.0,0.0,1.0,1.0,shortcut,"(2, 3)",,3
186,shared_s1,0.0,0.0,0.0,0.0,1.0,0.0,0.0,1.0,0.0,0.0,1.0,1.0,shortcut,"(2, 3)",,3
187,shared_s1,0.0,0.0,0.0,0.0,1.0,0.0,0.0,1.0,0.0,0.0,1.0,1.0,shortcut,"(2, 3)",,3
188,shared_s1,0.0,0.0,0.0,0.0,1.0,0.0,0.0,1.0,0.0,0.0,1.0,1.0,shortcut,"(2, 3)",,3
189,shared_s1,1.0,1.0,13.16293830696572,44.0,0.0,0.0,0.0,1.0,0.0,0.0,1.0,3.0,shortcut,"(2, 3)",7,
190,shared_s1,0.0,0.0,0.0,0.0,1.0,0.0,0.0,1.0,0.0,0.0,1.0,2.0,shortcut,"(2, 3)",,4
191,shared_s1,1.0,1.0,13.16293830696572,44.0,0.0,0.0,0.0,1.0,0.0,0.0,1.0,3.0,shortcut,"(2, 3)",7,
192,shared_s1,1.0,1.0,12.42784641634072,43.0,0.0,0.0,0.0,1.0,0.0,0.0,1.0,4.0,shortcut,"(2, 3)",8,
193,shared_s1,0.0,0.0,0.0,0.0,1.0,0.0,0.0,1.0,0.0,0.0,1.0,1.0,shortcut,"(2, 3)",,3
194,shared_s1,0.0,0.0,0.0,0.0,1.0,0.0,0.0,1.0,0.0,0.0,1.0,1.0,shortcut,"(2, 3)",,3
195,shared_s1,0.0,0.0,0.0,0.0,1.0,0.0,0.0,1.0,0.0,0.0,1.0,3.0,shortcut,"(2, 3)",,5
196,shared_s1,0.0,0.0,0.0,0.0,1.0,0.0,0.0,1.0,0.0,0.0,1.0,2.0,shortcut,"(2, 3)",,7
197,shared_s1,1.0,1.0,13.16293830696572,44.0,0.0,0.0,0.0,1.0,0.0,0.0,1.0,3.0,shortcut,"(2, 3)",7,
198,shared_s1,0.0,0.0,0.0,0.0,1.0,0.0,0.0,1.0,0.0,0.0,1.0,1.0,shortcut,"(2, 3)",,3
199,shared_s1,1.0,1.0,13.16293830696572,44.0,0.0,0.0,0.0,1.0,0.0,0.0,1.0,3.0,shortcut,"(2, 3)",7,
0,balanced_s1,1.0,1.0,13.16293830696572,44.0,0.0,0.0,0.0,1.0,0.0,0.0,1.0,3.0,shortcut,"(2, 3)",7,
1,balanced_s1,0.0,0.0,0.0,0.0,1.0,0.0,0.0,1.0,0.0,0.0,1.0,1.0,shortcut,"(2, 3)",,3
2,balanced_s1,0.0,0.0,0.0,0.0,1.0,0.0,0.0,1.0,0.0,0.0,1.0,2.0,shortcut,"(2, 3)",,4
3,balanced_s1,0.0,0.0,0.0,0.0,1.0,0.0,0.0,1.0,0.0,0.0,1.0,1.0,shortcut,"(2, 3)",,5
4,balanced_s1,0.0,0.0,0.0,0.0,1.0,0.0,0.0,1.0,0.0,0.0,1.0,1.0,shortcut,"(2, 3)",,3
5,balanced_s1,0.0,0.0,0.0,0.0,1.0,0.0,0.0,1.0,0.0,0.0,1.0,2.0,shortcut,"(2, 3)",,4
6,balanced_s1,0.0,0.0,0.0,0.0,1.0,0.0,0.0,1.0,0.0,0.0,1.0,2.0,shortcut,"(2, 3)",,6
7,balanced_s1,1.0,1.0,13.16293830696572,44.0,0.0,0.0,0.0,1.0,0.0,0.0,1.0,3.0,shortcut,"(2, 3)",7,
8,balanced_s1,0.0,0.0,0.0,0.0,1.0,0.0,0.0,1.0,0.0,0.0,1.0,1.0,shortcut,"(2, 3)",,3
9,balanced_s1,1.0,1.0,11.72950912024697,42.0,0.0,0.0,0.0,1.0,0.0,0.0,1.0,3.0,shortcut,"(2, 3)",9,
10,balanced_s1,0.0,0.0,0.0,0.0,1.0,0.0,0.0,1.0,0.0,0.0,1.0,1.0,shortcut,"(2, 3)",,3
11,balanced_s1,0.0,0.0,0.0,0.0,1.0,0.0,0.0,1.0,0.0,0.0,1.0,2.0,shortcut,"(2, 3)",,4
12,balanced_s1,1.0,1.0,11.72950912024697,42.0,0.0,1.0,1.0,0.0,0.0,1.0,0.0,0.0,lower,"(1, 2)",9,
13,balanced_s1,0.0,0.0,0.0,0.0,1.0,0.0,0.0,1.0,0.0,0.0,1.0,1.0,shortcut,"(2, 3)",,3
14,balanced_s1,1.0,1.0,12.42784641634072,43.0,0.0,0.0,0.0,1.0,0.0,0.0,1.0,3.0,shortcut,"(2, 3)",8,
15,balanced_s1,0.0,0.0,0.0,0.0,1.0,0.0,0.0,1.0,0.0,0.0,1.0,1.0,shortcut,"(2, 3)",,3
16,balanced_s1,0.0,0.0,0.0,0.0,1.0,0.0,0.0,1.0,0.0,0.0,1.0,2.0,shortcut,"(2, 3)",,5
17,balanced_s1,1.0,1.0,13.16293830696572,44.0,0.0,0.0,0.0,1.0,0.0,0.0,1.0,3.0,shortcut,"(2, 3)",7,
18,balanced_s1,0.0,0.0,0.0,0.0,1.0,0.0,0.0,1.0,0.0,0.0,1.0,3.0,shortcut,"(2, 3)",,6
19,balanced_s1,1.0,1.0,13.16293830696572,44.0,0.0,0.0,0.0,1.0,0.0,0.0,1.0,3.0,shortcut,"(2, 3)",7,
20,balanced_s1,0.0,0.0,0.0,0.0,1.0,0.0,0.0,1.0,0.0,0.0,1.0,1.0,shortcut,"(2, 3)",,3
21,balanced_s1,1.0,1.0,11.066088688957908,41.0,0.0,1.0,1.0,0.0,0.0,1.0,0.0,0.0,lower,"(1, 2)",10,
22,balanced_s1,1.0,1.0,13.16293830696572,44.0,0.0,0.0,0.0,1.0,0.0,0.0,1.0,3.0,shortcut,"(2, 3)",7,
23,balanced_s1,0.0,0.0,0.0,0.0,1.0,0.0,0.0,1.0,0.0,0.0,1.0,3.0,shortcut,"(2, 3)",,5
24,balanced_s1,0.0,0.0,0.0,0.0,1.0,0.0,0.0,1.0,0.0,0.0,1.0,1.0,shortcut,"(2, 3)",,3
25,balanced_s1,1.0,1.0,13.16293830696572,44.0,0.0,0.0,0.0,1.0,0.0,0.0,1.0,3.0,shortcut,"(2, 3)",7,
26,balanced_s1,1.0,1.0,13.16293830696572,44.0,0.0,0.0,0.0,1.0,0.0,0.0,1.0,4.0,shortcut,"(2, 3)",7,
27,balanced_s1,1.0,1.0,11.72950912024697,42.0,0.0,1.0,1.0,0.0,0.0,1.0,0.0,0.0,lower,"(1, 2)",9,
28,balanced_s1,1.0,1.0,13.16293830696572,44.0,0.0,0.0,0.0,1.0,0.0,0.0,1.0,4.0,shortcut,"(2, 3)",7,
29,balanced_s1,1.0,1.0,12.42784641634072,43.0,0.0,0.0,0.0,1.0,0.0,0.0,1.0,3.0,shortcut,"(2, 3)",8,
30,balanced_s1,1.0,1.0,12.42784641634072,43.0,0.0,0.0,0.0,1.0,0.0,0.0,1.0,3.0,shortcut,"(2, 3)",8,
31,balanced_s1,0.0,0.0,0.0,0.0,1.0,0.0,0.0,1.0,0.0,0.0,1.0,1.0,shortcut,"(2, 3)",,3
32,balanced_s1,1.0,1.0,13.16293830696572,44.0,0.0,0.0,0.0,1.0,0.0,0.0,1.0,3.0,shortcut,"(2, 3)",7,
33,balanced_s1,0.0,0.0,0.0,0.0,1.0,0.0,0.0,1.0,0.0,0.0,1.0,2.0,shortcut,"(2, 3)",,4
34,balanced_s1,0.0,0.0,0.0,0.0,1.0,0.0,0.0,1.0,0.0,0.0,1.0,1.0,shortcut,"(2, 3)",,3
35,balanced_s1,1.0,1.0,11.72950912024697,42.0,0.0,1.0,1.0,0.0,0.0,1.0,0.0,0.0,lower,"(1, 2)",9,
36,balanced_s1,0.0,0.0,0.0,0.0,1.0,0.0,0.0,1.0,0.0,0.0,1.0,1.0,shortcut,"(2, 3)",,3
37,balanced_s1,0.0,0.0,0.0,0.0,1.0,0.0,0.0,1.0,0.0,0.0,1.0,2.0,shortcut,"(2, 3)",,4
38,balanced_s1,0.0,0.0,0.0,0.0,1.0,0.0,0.0,1.0,0.0,0.0,1.0,2.0,shortcut,"(2, 3)",,5
39,balanced_s1,0.0,0.0,0.0,0.0,1.0,0.0,0.0,1.0,0.0,0.0,1.0,3.0,shortcut,"(2, 3)",,5
40,balanced_s1,1.0,1.0,12.42784641634072,43.0,0.0,0.0,0.0,1.0,0.0,0.0,1.0,3.0,shortcut,"(2, 3)",8,
41,balanced_s1,1.0,1.0,13.16293830696572,44.0,0.0,0.0,0.0,1.0,0.0,0.0,1.0,3.0,shortcut,"(2, 3)",7,
42,balanced_s1,0.0,0.0,0.0,0.0,1.0,0.0,0.0,1.0,0.0,0.0,1.0,3.0,shortcut,"(2, 3)",,5
43,balanced_s1,0.0,0.0,0.0,0.0,1.0,0.0,0.0,1.0,0.0,0.0,1.0,1.0,shortcut,"(2, 3)",,3
44,balanced_s1,0.0,0.0,0.0,0.0,1.0,0.0,0.0,1.0,0.0,0.0,1.0,2.0,shortcut,"(2, 3)",,4
45,balanced_s1,0.0,0.0,0.0,0.0,1.0,0.0,0.0,1.0,0.0,0.0,1.0,2.0,shortcut,"(2, 3)",,4
46,balanced_s1,1.0,1.0,13.16293830696572,44.0,0.0,0.0,0.0,1.0,0.0,0.0,1.0,3.0,shortcut,"(2, 3)",7,
47,balanced_s1,0.0,0.0,0.0,0.0,1.0,0.0,0.0,1.0,0.0,0.0,1.0,2.0,shortcut,"(2, 3)",,4
48,balanced_s1,0.0,0.0,0.0,0.0,1.0,0.0,0.0,1.0,0.0,0.0,1.0,2.0,shortcut,"(2, 3)",,4
49,balanced_s1,0.0,0.0,0.0,0.0,1.0,0.0,0.0,1.0,0.0,0.0,1.0,2.0,shortcut,"(2, 3)",,4
50,balanced_s1,1.0,1.0,13.16293830696572,44.0,0.0,0.0,0.0,1.0,0.0,0.0,1.0,3.0,shortcut,"(2, 3)",7,
51,balanced_s1,0.0,0.0,0.0,0.0,1.0,0.0,0.0,1.0,0.0,0.0,1.0,2.0,shortcut,"(2, 3)",,4
52,balanced_s1,1.0,1.0,13.16293830696572,44.0,0.0,0.0,0.0,1.0,0.0,0.0,1.0,4.0,shortcut,"(2, 3)",7,
53,balanced_s1,0.0,0.0,0.0,0.0,1.0,0.0,0.0,1.0,0.0,0.0,1.0,2.0,shortcut,"(2, 3)",,4
54,balanced_s1,1.0,1.0,11.72950912024697,42.0,0.0,1.0,1.0,0.0,0.0,1.0,0.0,0.0,lower,"(1, 2)",9,
55,balanced_s1,0.0,0.0,0.0,0.0,1.0,0.0,0.0,1.0,0.0,0.0,1.0,1.0,shortcut,"(2, 3)",,4
56,balanced_s1,1.0,1.0,12.42784641634072,43.0,0.0,0.0,0.0,1.0,0.0,0.0,1.0,4.0,shortcut,"(2, 3)",8,
57,balanced_s1,1.0,1.0,13.16293830696572,44.0,0.0,0.0,0.0,1.0,0.0,0.0,1.0,3.0,shortcut,"(2, 3)",7,
58,balanced_s1,1.0,1.0,13.16293830696572,44.0,0.0,0.0,0.0,1.0,0.0,0.0,1.0,3.0,shortcut,"(2, 3)",7,
59,balanced_s1,0.0,0.0,0.0,0.0,1.0,0.0,0.0,1.0,0.0,0.0,1.0,1.0,shortcut,"(2, 3)",,3
60,balanced_s1,0.0,0.0,0.0,0.0,1.0,0.0,0.0,1.0,0.0,0.0,1.0,2.0,shortcut,"(2, 3)",,4
61,balanced_s1,0.0,0.0,0.0,0.0,1.0,0.0,0.0,1.0,0.0,0.0,1.0,2.0,shortcut,"(2, 3)",,4
62,balanced_s1,0.0,0.0,0.0,0.0,1.0,0.0,0.0,1.0,0.0,0.0,1.0,2.0,shortcut,"(2, 3)",,4
63,balanced_s1,0.0,0.0,0.0,0.0,1.0,0.0,0.0,1.0,0.0,0.0,1.0,1.0,shortcut,"(2, 3)",,5
64,balanced_s1,0.0,0.0,0.0,0.0,1.0,0.0,0.0,1.0,0.0,0.0,1.0,1.0,shortcut,"(2, 3)",,3
65,balanced_s1,0.0,0.0,0.0,0.0,1.0,0.0,0.0,1.0,0.0,0.0,1.0,2.0,shortcut,"(2, 3)",,4
66,balanced_s1,1.0,1.0,13.16293830696572,44.0,0.0,0.0,0.0,1.0,0.0,0.0,1.0,3.0,shortcut,"(2, 3)",7,
67,balanced_s1,0.0,0.0,0.0,0.0,1.0,0.0,0.0,1.0,0.0,0.0,1.0,1.0,shortcut,"(2, 3)",,3
68,balanced_s1,0.0,0.0,0.0,0.0,1.0,0.0,0.0,1.0,0.0,0.0,1.0,1.0,shortcut,"(2, 3)",,4
69,balanced_s1,1.0,1.0,11.72950912024697,42.0,0.0,1.0,1.0,0.0,0.0,1.0,0.0,0.0,lower,"(1, 2)",9,
70,balanced_s1,0.0,0.0,0.0,0.0,1.0,0.0,0.0,1.0,0.0,0.0,1.0,1.0,shortcut,"(2, 3)",,3
71,balanced_s1,0.0,0.0,0.0,0.0,1.0,0.0,0.0,1.0,0.0,0.0,1.0,1.0,shortcut,"(2, 3)",,3
72,balanced_s1,0.0,0.0,0.0,0.0,1.0,0.0,0.0,1.0,0.0,0.0,1.0,1.0,shortcut,"(2, 3)",,3
73,balanced_s1,0.0,0.0,0.0,0.0,1.0,0.0,0.0,1.0,0.0,0.0,1.0,2.0,shortcut,"(2, 3)",,4
74,balanced_s1,0.0,0.0,0.0,0.0,1.0,0.0,0.0,1.0,0.0,0.0,1.0,2.0,shortcut,"(2, 3)",,4
75,balanced_s1,0.0,0.0,0.0,0.0,1.0,0.0,0.0,1.0,0.0,0.0,1.0,1.0,shortcut,"(2, 3)",,3
76,balanced_s1,0.0,0.0,0.0,0.0,1.0,0.0,0.0,1.0,0.0,0.0,1.0,1.0,shortcut,"(2, 3)",,3
77,balanced_s1,0.0,0.0,0.0,0.0,1.0,0.0,0.0,1.0,0.0,0.0,1.0,2.0,shortcut,"(2, 3)",,4
78,balanced_s1,1.0,1.0,13.16293830696572,44.0,0.0,0.0,0.0,1.0,0.0,0.0,1.0,3.0,shortcut,"(2, 3)",7,
79,balanced_s1,0.0,0.0,0.0,0.0,1.0,0.0,0.0,1.0,0.0,0.0,1.0,2.0,shortcut,"(2, 3)",,5
80,balanced_s1,0.0,0.0,0.0,0.0,1.0,0.0,0.0,1.0,0.0,0.0,1.0,2.0,shortcut,"(2, 3)",,4
81,balanced_s1,0.0,0.0,0.0,0.0,1.0,0.0,0.0,1.0,0.0,0.0,1.0,3.0,shortcut,"(2, 3)",,5
82,balanced_s1,1.0,1.0,12.42784641634072,43.0,0.0,0.0,0.0,1.0,0.0,0.0,1.0,5.0,shortcut,"(2, 3)",8,
83,balanced_s1,1.0,1.0,13.16293830696572,44.0,0.0,0.0,0.0,1.0,0.0,0.0,1.0,3.0,shortcut,"(2, 3)",7,
84,balanced_s1,0.0,0.0,0.0,0.0,1.0,0.0,0.0,1.0,0.0,0.0,1.0,2.0,shortcut,"(2, 3)",,4
85,balanced_s1,1.0,1.0,11.72950912024697,42.0,0.0,0.0,0.0,1.0,0.0,0.0,1.0,4.0,shortcut,"(2, 3)",9,
86,balanced_s1,0.0,0.0,0.0,0.0,1.0,0.0,0.0,1.0,0.0,0.0,1.0,1.0,shortcut,"(2, 3)",,3
87,balanced_s1,1.0,1.0,13.16293830696572,44.0,0.0,0.0,0.0,1.0,0.0,0.0,1.0,3.0,shortcut,"(2, 3)",7,
88,balanced_s1,0.0,0.0,0.0,0.0,1.0,0.0,0.0,1.0,0.0,0.0,1.0,1.0,shortcut,"(2, 3)",,3
89,balanced_s1,1.0,1.0,13.16293830696572,44.0,0.0,0.0,0.0,1.0,0.0,0.0,1.0,3.0,shortcut,"(2, 3)",7,
90,balanced_s1,0.0,0.0,0.0,0.0,1.0,0.0,0.0,1.0,0.0,0.0,1.0,2.0,shortcut,"(2, 3)",,6
91,balanced_s1,0.0,0.0,0.0,0.0,1.0,0.0,0.0,1.0,0.0,0.0,1.0,1.0,shortcut,"(2, 3)",,3
92,balanced_s1,0.0,0.0,0.0,0.0,1.0,0.0,0.0,1.0,0.0,0.0,1.0,2.0,shortcut,"(2, 3)",,4
93,balanced_s1,0.0,0.0,0.0,0.0,1.0,0.0,0.0,1.0,0.0,0.0,1.0,2.0,shortcut,"(2, 3)",,4
94,balanced_s1,1.0,1.0,12.42784641634072,43.0,0.0,0.0,0.0,1.0,0.0,0.0,1.0,4.0,shortcut,"(2, 3)",8,
95,balanced_s1,0.0,0.0,0.0,0.0,1.0,0.0,0.0,1.0,0.0,0.0,1.0,2.0,shortcut,"(2, 3)",,4
96,balanced_s1,0.0,0.0,0.0,0.0,1.0,0.0,0.0,1.0,0.0,0.0,1.0,2.0,shortcut,"(2, 3)",,4
97,balanced_s1,0.0,0.0,0.0,0.0,1.0,0.0,0.0,1.0,0.0,0.0,1.0,1.0,shortcut,"(2, 3)",,3
98,balanced_s1,1.0,1.0,11.72950912024697,42.0,0.0,1.0,1.0,0.0,0.0,1.0,0.0,0.0,lower,"(1, 2)",9,
99,balanced_s1,0.0,0.0,0.0,0.0,1.0,0.0,0.0,1.0,0.0,0.0,1.0,3.0,shortcut,"(2, 3)",,5
100,balanced_s1,0.0,0.0,0.0,0.0,1.0,0.0,0.0,1.0,0.0,0.0,1.0,1.0,shortcut,"(2, 3)",,3
101,balanced_s1,0.0,0.0,0.0,0.0,1.0,0.0,0.0,1.0,0.0,0.0,1.0,1.0,shortcut,"(2, 3)",,3
102,balanced_s1,0.0,0.0,0.0,0.0,1.0,0.0,0.0,1.0,0.0,0.0,1.0,1.0,shortcut,"(2, 3)",,3
103,balanced_s1,1.0,1.0,13.16293830696572,44.0,0.0,0.0,0.0,1.0,0.0,0.0,1.0,3.0,shortcut,"(2, 3)",7,
104,balanced_s1,0.0,0.0,0.0,0.0,1.0,0.0,0.0,1.0,0.0,0.0,1.0,3.0,shortcut,"(2, 3)",,5
105,balanced_s1,0.0,0.0,0.0,0.0,1.0,0.0,0.0,1.0,0.0,0.0,1.0,3.0,shortcut,"(2, 3)",,5
106,balanced_s1,1.0,1.0,13.16293830696572,44.0,0.0,0.0,0.0,1.0,0.0,0.0,1.0,3.0,shortcut,"(2, 3)",7,
107,balanced_s1,0.0,0.0,0.0,0.0,1.0,0.0,0.0,1.0,0.0,0.0,1.0,1.0,shortcut,"(2, 3)",,3
108,balanced_s1,0.0,0.0,0.0,0.0,1.0,0.0,0.0,1.0,0.0,0.0,1.0,3.0,shortcut,"(2, 3)",,5
109,balanced_s1,0.0,0.0,0.0,0.0,1.0,0.0,0.0,1.0,0.0,0.0,1.0,2.0,shortcut,"(2, 3)",,4
110,balanced_s1,0.0,0.0,0.0,0.0,1.0,0.0,0.0,1.0,0.0,0.0,1.0,1.0,shortcut,"(2, 3)",,3
111,balanced_s1,0.0,0.0,0.0,0.0,1.0,0.0,0.0,1.0,0.0,0.0,1.0,3.0,shortcut,"(2, 3)",,5
112,balanced_s1,0.0,0.0,0.0,0.0,1.0,0.0,0.0,1.0,0.0,0.0,1.0,1.0,shortcut,"(2, 3)",,3
113,balanced_s1,0.0,0.0,0.0,0.0,1.0,0.0,0.0,1.0,0.0,0.0,1.0,1.0,shortcut,"(2, 3)",,3
114,balanced_s1,1.0,1.0,13.16293830696572,44.0,0.0,0.0,0.0,1.0,0.0,0.0,1.0,3.0,shortcut,"(2, 3)",7,
115,balanced_s1,1.0,1.0,13.16293830696572,44.0,0.0,0.0,0.0,1.0,0.0,0.0,1.0,3.0,shortcut,"(2, 3)",7,
116,balanced_s1,0.0,0.0,0.0,0.0,1.0,0.0,0.0,1.0,0.0,0.0,1.0,2.0,shortcut,"(2, 3)",,4
117,balanced_s1,0.0,0.0,0.0,0.0,1.0,0.0,0.0,1.0,0.0,0.0,1.0,3.0,shortcut,"(2, 3)",,5
118,balanced_s1,0.0,0.0,0.0,0.0,1.0,0.0,0.0,1.0,0.0,0.0,1.0,1.0,shortcut,"(2, 3)",,3
119,balanced_s1,0.0,0.0,0.0,0.0,1.0,0.0,0.0,1.0,0.0,0.0,1.0,2.0,shortcut,"(2, 3)",,5
120,balanced_s1,0.0,0.0,0.0,0.0,1.0,0.0,0.0,1.0,0.0,0.0,1.0,3.0,shortcut,"(2, 3)",,5
121,balanced_s1,1.0,1.0,11.72950912024697,42.0,0.0,0.0,0.0,1.0,0.0,0.0,1.0,4.0,shortcut,"(2, 3)",9,
122,balanced_s1,1.0,1.0,13.16293830696572,44.0,0.0,0.0,0.0,1.0,0.0,0.0,1.0,3.0,shortcut,"(2, 3)",7,
123,balanced_s1,0.0,0.0,0.0,0.0,1.0,0.0,0.0,1.0,0.0,0.0,1.0,3.0,shortcut,"(2, 3)",,5
124,balanced_s1,0.0,0.0,0.0,0.0,1.0,0.0,0.0,1.0,0.0,0.0,1.0,2.0,shortcut,"(2, 3)",,5
125,balanced_s1,1.0,1.0,13.16293830696572,44.0,0.0,0.0,0.0,1.0,0.0,0.0,1.0,4.0,shortcut,"(2, 3)",7,
126,balanced_s1,1.0,1.0,13.16293830696572,44.0,0.0,0.0,0.0,1.0,0.0,0.0,1.0,3.0,shortcut,"(2, 3)",7,
127,balanced_s1,1.0,1.0,13.16293830696572,44.0,0.0,0.0,0.0,1.0,0.0,0.0,1.0,3.0,shortcut,"(2, 3)",7,
128,balanced_s1,0.0,0.0,0.0,0.0,1.0,0.0,0.0,1.0,0.0,0.0,1.0,1.0,shortcut,"(2, 3)",,3
129,balanced_s1,0.0,0.0,0.0,0.0,1.0,0.0,0.0,1.0,0.0,0.0,1.0,2.0,shortcut,"(2, 3)",,4
130,balanced_s1,1.0,1.0,13.16293830696572,44.0,0.0,0.0,0.0,1.0,0.0,0.0,1.0,3.0,shortcut,"(2, 3)",7,
131,balanced_s1,0.0,0.0,0.0,0.0,1.0,0.0,0.0,1.0,0.0,0.0,1.0,2.0,shortcut,"(2, 3)",,4
132,balanced_s1,0.0,0.0,0.0,0.0,1.0,0.0,0.0,1.0,0.0,0.0,1.0,2.0,shortcut,"(2, 3)",,4
133,balanced_s1,0.0,0.0,0.0,0.0,1.0,0.0,0.0,1.0,0.0,0.0,1.0,1.0,shortcut,"(2, 3)",,3
134,balanced_s1,0.0,0.0,0.0,0.0,1.0,0.0,0.0,1.0,0.0,0.0,1.0,1.0,shortcut,"(2, 3)",,3
135,balanced_s1,1.0,1.0,13.16293830696572,44.0,0.0,0.0,0.0,1.0,0.0,0.0,1.0,3.0,shortcut,"(2, 3)",7,
136,balanced_s1,0.0,0.0,0.0,0.0,1.0,0.0,0.0,1.0,0.0,0.0,1.0,1.0,shortcut,"(2, 3)",,3
137,balanced_s1,0.0,0.0,0.0,0.0,1.0,0.0,0.0,1.0,0.0,0.0,1.0,1.0,shortcut,"(2, 3)",,3
138,balanced_s1,1.0,1.0,13.16293830696572,44.0,0.0,0.0,0.0,1.0,0.0,0.0,1.0,3.0,shortcut,"(2, 3)",7,
139,balanced_s1,1.0,1.0,11.72950912024697,42.0,0.0,0.0,0.0,1.0,0.0,0.0,1.0,5.0,shortcut,"(2, 3)",9,
140,balanced_s1,1.0,1.0,13.16293830696572,44.0,0.0,0.0,0.0,1.0,0.0,0.0,1.0,3.0,shortcut,"(2, 3)",7,
141,balanced_s1,0.0,0.0,0.0,0.0,1.0,0.0,0.0,1.0,0.0,0.0,1.0,2.0,shortcut,"(2, 3)",,4
142,balanced_s1,0.0,0.0,0.0,0.0,1.0,0.0,0.0,1.0,0.0,0.0,1.0,1.0,shortcut,"(2, 3)",,4
143,balanced_s1,1.0,1.0,13.16293830696572,44.0,0.0,0.0,0.0,1.0,0.0,0.0,1.0,3.0,shortcut,"(2, 3)",7,
144,balanced_s1,0.0,0.0,0.0,0.0,1.0,0.0,0.0,1.0,0.0,0.0,1.0,2.0,shortcut,"(2, 3)",,4
145,balanced_s1,1.0,1.0,13.16293830696572,44.0,0.0,0.0,0.0,1.0,0.0,0.0,1.0,3.0,shortcut,"(2, 3)",7,
146,balanced_s1,0.0,0.0,0.0,0.0,1.0,0.0,0.0,1.0,0.0,0.0,1.0,3.0,shortcut,"(2, 3)",,5
147,balanced_s1,0.0,0.0,0.0,0.0,1.0,0.0,0.0,1.0,0.0,0.0,1.0,1.0,shortcut,"(2, 3)",,3
148,balanced_s1,0.0,0.0,0.0,0.0,1.0,0.0,0.0,1.0,0.0,0.0,1.0,2.0,shortcut,"(2, 3)",,4
149,balanced_s1,1.0,1.0,13.16293830696572,44.0,0.0,0.0,0.0,1.0,0.0,0.0,1.0,3.0,shortcut,"(2, 3)",7,
150,balanced_s1,0.0,0.0,0.0,0.0,1.0,0.0,0.0,1.0,0.0,0.0,1.0,2.0,shortcut,"(2, 3)",,4
151,balanced_s1,1.0,1.0,13.16293830696572,44.0,0.0,0.0,0.0,1.0,0.0,0.0,1.0,3.0,shortcut,"(2, 3)",7,
152,balanced_s1,0.0,0.0,0.0,0.0,1.0,0.0,0.0,1.0,0.0,0.0,1.0,2.0,shortcut,"(2, 3)",,4
153,balanced_s1,1.0,1.0,13.16293830696572,44.0,0.0,0.0,0.0,1.0,0.0,0.0,1.0,3.0,shortcut,"(2, 3)",7,
154,balanced_s1,0.0,0.0,0.0,0.0,1.0,0.0,0.0,1.0,0.0,0.0,1.0,3.0,shortcut,"(2, 3)",,6
155,balanced_s1,0.0,0.0,0.0,0.0,1.0,0.0,0.0,1.0,0.0,0.0,1.0,2.0,shortcut,"(2, 3)",,4
156,balanced_s1,0.0,0.0,0.0,0.0,1.0,0.0,0.0,1.0,0.0,0.0,1.0,2.0,shortcut,"(2, 3)",,4
157,balanced_s1,0.0,0.0,0.0,0.0,1.0,0.0,0.0,1.0,0.0,0.0,1.0,1.0,shortcut,"(2, 3)",,3
158,balanced_s1,0.0,0.0,0.0,0.0,1.0,0.0,0.0,1.0,0.0,0.0,1.0,2.0,shortcut,"(2, 3)",,4
159,balanced_s1,0.0,0.0,0.0,0.0,1.0,0.0,0.0,1.0,0.0,0.0,1.0,2.0,shortcut,"(2, 3)",,5
160,balanced_s1,0.0,0.0,0.0,0.0,1.0,0.0,0.0,1.0,0.0,0.0,1.0,3.0,shortcut,"(2, 3)",,5
161,balanced_s1,0.0,0.0,0.0,0.0,1.0,0.0,0.0,1.0,0.0,0.0,1.0,3.0,shortcut,"(2, 3)",,5
162,balanced_s1,1.0,1.0,12.42784641634072,43.0,0.0,0.0,0.0,1.0,0.0,0.0,1.0,3.0,shortcut,"(2, 3)",8,
163,balanced_s1,0.0,0.0,0.0,0.0,1.0,0.0,0.0,1.0,0.0,0.0,1.0,2.0,shortcut,"(2, 3)",,4
164,balanced_s1,0.0,0.0,0.0,0.0,1.0,0.0,0.0,1.0,0.0,0.0,1.0,1.0,shortcut,"(2, 3)",,5
165,balanced_s1,0.0,0.0,0.0,0.0,1.0,0.0,0.0,1.0,0.0,0.0,1.0,1.0,shortcut,"(2, 3)",,3
166,balanced_s1,0.0,0.0,0.0,0.0,1.0,0.0,0.0,1.0,0.0,0.0,1.0,3.0,shortcut,"(2, 3)",,6
167,balanced_s1,1.0,1.0,11.72950912024697,42.0,0.0,0.0,0.0,1.0,0.0,0.0,1.0,3.0,shortcut,"(2, 3)",9,
168,balanced_s1,1.0,1.0,13.16293830696572,44.0,0.0,0.0,0.0,1.0,0.0,0.0,1.0,3.0,shortcut,"(2, 3)",7,
169,balanced_s1,0.0,0.0,0.0,0.0,1.0,0.0,0.0,1.0,0.0,0.0,1.0,2.0,shortcut,"(2, 3)",,4
170,balanced_s1,1.0,1.0,12.42784641634072,43.0,0.0,0.0,0.0,1.0,0.0,0.0,1.0,4.0,shortcut,"(2, 3)",8,
171,balanced_s1,0.0,0.0,0.0,0.0,1.0,0.0,0.0,1.0,0.0,0.0,1.0,1.0,shortcut,"(2, 3)",,5
172,balanced_s1,0.0,0.0,0.0,0.0,1.0,0.0,0.0,1.0,0.0,0.0,1.0,1.0,shortcut,"(2, 3)",,3
173,balanced_s1,0.0,0.0,0.0,0.0,1.0,0.0,0.0,1.0,0.0,0.0,1.0,1.0,shortcut,"(2, 3)",,3
174,balanced_s1,0.0,0.0,0.0,0.0,1.0,0.0,0.0,1.0,0.0,0.0,1.0,2.0,shortcut,"(2, 3)",,4
175,balanced_s1,0.0,0.0,0.0,0.0,1.0,0.0,0.0,1.0,0.0,0.0,1.0,3.0,shortcut,"(2, 3)",,6
176,balanced_s1,0.0,0.0,0.0,0.0,1.0,0.0,0.0,1.0,0.0,0.0,1.0,2.0,shortcut,"(2, 3)",,4
177,balanced_s1,1.0,1.0,12.42784641634072,43.0,0.0,0.0,0.0,1.0,0.0,0.0,1.0,5.0,shortcut,"(2, 3)",8,
178,balanced_s1,0.0,0.0,0.0,0.0,1.0,0.0,0.0,1.0,0.0,0.0,1.0,1.0,shortcut,"(2, 3)",,3
179,balanced_s1,1.0,1.0,13.16293830696572,44.0,0.0,0.0,0.0,1.0,0.0,0.0,1.0,3.0,shortcut,"(2, 3)",7,
180,balanced_s1,0.0,0.0,0.0,0.0,1.0,0.0,0.0,1.0,0.0,0.0,1.0,3.0,shortcut,"(2, 3)",,6
181,balanced_s1,1.0,1.0,13.16293830696572,44.0,0.0,0.0,0.0,1.0,0.0,0.0,1.0,3.0,shortcut,"(2, 3)",7,
182,balanced_s1,0.0,0.0,0.0,0.0,1.0,0.0,0.0,1.0,0.0,0.0,1.0,3.0,shortcut,"(2, 3)",,5
183,balanced_s1,0.0,0.0,0.0,0.0,1.0,0.0,0.0,1.0,0.0,0.0,1.0,2.0,shortcut,"(2, 3)",,5
184,balanced_s1,0.0,0.0,0.0,0.0,1.0,0.0,0.0,1.0,0.0,0.0,1.0,1.0,shortcut,"(2, 3)",,3
185,balanced_s1,0.0,0.0,0.0,0.0,1.0,0.0,0.0,1.0,0.0,0.0,1.0,1.0,shortcut,"(2, 3)",,3
186,balanced_s1,0.0,0.0,0.0,0.0,1.0,0.0,0.0,1.0,0.0,0.0,1.0,1.0,shortcut,"(2, 3)",,3
187,balanced_s1,1.0,1.0,12.42784641634072,43.0,0.0,0.0,0.0,1.0,0.0,0.0,1.0,3.0,shortcut,"(2, 3)",8,
188,balanced_s1,0.0,0.0,0.0,0.0,1.0,0.0,0.0,1.0,0.0,0.0,1.0,1.0,shortcut,"(2, 3)",,3
189,balanced_s1,1.0,1.0,13.16293830696572,44.0,0.0,0.0,0.0,1.0,0.0,0.0,1.0,3.0,shortcut,"(2, 3)",7,
190,balanced_s1,1.0,1.0,12.42784641634072,43.0,0.0,0.0,0.0,1.0,0.0,0.0,1.0,5.0,shortcut,"(2, 3)",8,
191,balanced_s1,0.0,0.0,0.0,0.0,1.0,0.0,0.0,1.0,0.0,0.0,1.0,3.0,shortcut,"(2, 3)",,5
192,balanced_s1,1.0,1.0,11.72950912024697,42.0,0.0,0.0,0.0,1.0,0.0,0.0,1.0,4.0,shortcut,"(2, 3)",9,
193,balanced_s1,0.0,0.0,0.0,0.0,1.0,0.0,0.0,1.0,0.0,0.0,1.0,1.0,shortcut,"(2, 3)",,3
194,balanced_s1,0.0,0.0,0.0,0.0,1.0,0.0,0.0,1.0,0.0,0.0,1.0,1.0,shortcut,"(2, 3)",,3
195,balanced_s1,0.0,0.0,0.0,0.0,1.0,0.0,0.0,1.0,0.0,0.0,1.0,2.0,shortcut,"(2, 3)",,5
196,balanced_s1,1.0,1.0,11.066088688957908,41.0,0.0,0.0,0.0,1.0,0.0,0.0,1.0,3.0,shortcut,"(2, 3)",10,
197,balanced_s1,1.0,1.0,13.16293830696572,44.0,0.0,0.0,0.0,1.0,0.0,0.0,1.0,3.0,shortcut,"(2, 3)",7,
198,balanced_s1,0.0,0.0,0.0,0.0,1.0,0.0,0.0,1.0,0.0,0.0,1.0,1.0,shortcut,"(2, 3)",,3
199,balanced_s1,1.0,1.0,13.16293830696572,44.0,0.0,0.0,0.0,1.0,0.0,0.0,1.0,3.0,shortcut,"(2, 3)",7,
0,shared_s2,1.0,1.0,13.16293830696572,44.0,0.0,0.0,0.0,1.0,0.0,0.0,1.0,3.0,shortcut,"(2, 3)",7,
1,shared_s2,0.0,0.0,0.0,0.0,1.0,0.0,0.0,1.0,0.0,0.0,1.0,1.0,shortcut,"(2, 3)",,3
2,shared_s2,0.0,0.0,0.0,0.0,1.0,0.0,0.0,1.0,0.0,0.0,1.0,2.0,shortcut,"(2, 3)",,4
3,shared_s2,0.0,0.0,0.0,0.0,1.0,0.0,0.0,1.0,0.0,0.0,1.0,2.0,shortcut,"(2, 3)",,5
4,shared_s2,0.0,0.0,0.0,0.0,1.0,0.0,0.0,1.0,0.0,0.0,1.0,1.0,shortcut,"(2, 3)",,3
5,shared_s2,0.0,0.0,0.0,0.0,1.0,0.0,0.0,1.0,0.0,0.0,1.0,2.0,shortcut,"(2, 3)",,4
6,shared_s2,1.0,1.0,12.42784641634072,43.0,0.0,0.0,0.0,1.0,0.0,0.0,1.0,3.0,shortcut,"(2, 3)",8,
7,shared_s2,1.0,1.0,13.16293830696572,44.0,0.0,0.0,0.0,1.0,0.0,0.0,1.0,3.0,shortcut,"(2, 3)",7,
8,shared_s2,0.0,0.0,0.0,0.0,1.0,0.0,0.0,1.0,0.0,0.0,1.0,1.0,shortcut,"(2, 3)",,3
9,shared_s2,1.0,1.0,11.72950912024697,42.0,0.0,0.0,0.0,1.0,0.0,0.0,1.0,3.0,shortcut,"(2, 3)",9,
10,shared_s2,0.0,0.0,0.0,0.0,1.0,0.0,0.0,1.0,0.0,0.0,1.0,1.0,shortcut,"(2, 3)",,3
11,shared_s2,0.0,0.0,0.0,0.0,1.0,0.0,0.0,1.0,0.0,0.0,1.0,2.0,shortcut,"(2, 3)",,4
12,shared_s2,1.0,1.0,11.72950912024697,42.0,0.0,1.0,1.0,0.0,0.0,1.0,0.0,0.0,lower,"(1, 2)",9,
13,shared_s2,0.0,0.0,0.0,0.0,1.0,0.0,0.0,1.0,0.0,0.0,1.0,1.0,shortcut,"(2, 3)",,3
14,shared_s2,1.0,1.0,11.066088688957908,41.0,0.0,1.0,1.0,0.0,0.0,1.0,0.0,0.0,lower,"(1, 2)",10,
15,shared_s2,0.0,0.0,0.0,0.0,1.0,0.0,0.0,1.0,0.0,0.0,1.0,1.0,shortcut,"(2, 3)",,3
16,shared_s2,0.0,0.0,0.0,0.0,1.0,0.0,0.0,1.0,0.0,0.0,1.0,1.0,shortcut,"(2, 3)",,3
17,shared_s2,1.0,1.0,13.16293830696572,44.0,0.0,0.0,0.0,1.0,0.0,0.0,1.0,3.0,shortcut,"(2, 3)",7,
18,shared_s2,0.0,0.0,0.0,0.0,1.0,0.0,0.0,1.0,0.0,0.0,1.0,3.0,shortcut,"(2, 3)",,5
19,shared_s2,1.0,1.0,13.16293830696572,44.0,0.0,0.0,0.0,1.0,0.0,0.0,1.0,3.0,shortcut,"(2, 3)",7,
20,shared_s2,0.0,0.0,0.0,0.0,1.0,0.0,0.0,1.0,0.0,0.0,1.0,1.0,shortcut,"(2, 3)",,3
21,shared_s2,1.0,1.0,11.066088688957908,41.0,0.0,1.0,1.0,0.0,0.0,1.0,0.0,0.0,lower,"(1, 2)",10,
22,shared_s2,1.0,1.0,13.16293830696572,44.0,0.0,0.0,0.0,1.0,0.0,0.0,1.0,3.0,shortcut,"(2, 3)",7,
23,shared_s2,0.0,0.0,0.0,0.0,1.0,0.0,0.0,1.0,0.0,0.0,1.0,3.0,shortcut,"(2, 3)",,5
24,shared_s2,1.0,1.0,11.066088688957908,41.0,0.0,1.0,1.0,0.0,0.0,1.0,0.0,0.0,lower,"(1, 2)",10,
25,shared_s2,1.0,1.0,11.066088688957908,41.0,0.0,1.0,1.0,0.0,0.0,1.0,0.0,0.0,lower,"(1, 2)",10,
26,shared_s2,1.0,1.0,13.16293830696572,44.0,0.0,0.0,0.0,1.0,0.0,0.0,1.0,4.0,shortcut,"(2, 3)",7,
27,shared_s2,1.0,1.0,11.72950912024697,42.0,0.0,1.0,1.0,0.0,0.0,1.0,0.0,0.0,lower,"(1, 2)",9,
28,shared_s2,1.0,1.0,13.16293830696572,44.0,0.0,0.0,0.0,1.0,0.0,0.0,1.0,3.0,shortcut,"(2, 3)",7,
29,shared_s2,1.0,1.0,13.16293830696572,44.0,0.0,0.0,0.0,1.0,0.0,0.0,1.0,3.0,shortcut,"(2, 3)",7,
30,shared_s2,0.0,0.0,0.0,0.0,1.0,0.0,0.0,1.0,0.0,0.0,1.0,3.0,shortcut,"(2, 3)",,5
31,shared_s2,0.0,0.0,0.0,0.0,1.0,0.0,0.0,1.0,0.0,0.0,1.0,1.0,shortcut,"(2, 3)",,3
32,shared_s2,1.0,1.0,13.16293830696572,44.0,0.0,0.0,0.0,1.0,0.0,0.0,1.0,3.0,shortcut,"(2, 3)",7,
33,shared_s2,0.0,0.0,0.0,0.0,1.0,0.0,0.0,1.0,0.0,0.0,1.0,2.0,shortcut,"(2, 3)",,4
34,shared_s2,0.0,0.0,0.0,0.0,1.0,0.0,0.0,1.0,0.0,0.0,1.0,1.0,shortcut,"(2, 3)",,3
35,shared_s2,1.0,1.0,11.72950912024697,42.0,0.0,1.0,1.0,0.0,0.0,1.0,0.0,0.0,lower,"(1, 2)",9,
36,shared_s2,0.0,0.0,0.0,0.0,1.0,0.0,0.0,1.0,0.0,0.0,1.0,1.0,shortcut,"(2, 3)",,3
37,shared_s2,0.0,0.0,0.0,0.0,1.0,0.0,0.0,1.0,0.0,0.0,1.0,2.0,shortcut,"(2, 3)",,4
38,shared_s2,0.0,0.0,0.0,0.0,1.0,0.0,0.0,1.0,0.0,0.0,1.0,3.0,shortcut,"(2, 3)",,5
39,shared_s2,0.0,0.0,0.0,0.0,1.0,0.0,0.0,1.0,0.0,0.0,1.0,3.0,shortcut,"(2, 3)",,5
40,shared_s2,0.0,0.0,0.0,0.0,1.0,0.0,0.0,1.0,0.0,0.0,1.0,3.0,shortcut,"(2, 3)",,5
41,shared_s2,1.0,1.0,13.16293830696572,44.0,0.0,0.0,0.0,1.0,0.0,0.0,1.0,3.0,shortcut,"(2, 3)",7,
42,shared_s2,0.0,0.0,0.0,0.0,1.0,0.0,0.0,1.0,0.0,0.0,1.0,3.0,shortcut,"(2, 3)",,5
43,shared_s2,0.0,0.0,0.0,0.0,1.0,0.0,0.0,1.0,0.0,0.0,1.0,1.0,shortcut,"(2, 3)",,3
44,shared_s2,1.0,1.0,13.16293830696572,44.0,0.0,0.0,0.0,1.0,0.0,0.0,1.0,3.0,shortcut,"(2, 3)",7,
45,shared_s2,0.0,0.0,0.0,0.0,1.0,0.0,0.0,1.0,0.0,0.0,1.0,2.0,shortcut,"(2, 3)",,4
46,shared_s2,1.0,1.0,13.16293830696572,44.0,0.0,0.0,0.0,1.0,0.0,0.0,1.0,3.0,shortcut,"(2, 3)",7,
47,shared_s2,0.0,0.0,0.0,0.0,1.0,0.0,0.0,1.0,0.0,0.0,1.0,2.0,shortcut,"(2, 3)",,4
48,shared_s2,0.0,0.0,0.0,0.0,1.0,0.0,0.0,1.0,0.0,0.0,1.0,2.0,shortcut,"(2, 3)",,4
49,shared_s2,0.0,0.0,0.0,0.0,1.0,0.0,0.0,1.0,0.0,0.0,1.0,2.0,shortcut,"(2, 3)",,4
50,shared_s2,1.0,1.0,13.16293830696572,44.0,0.0,0.0,0.0,1.0,0.0,0.0,1.0,3.0,shortcut,"(2, 3)",7,
51,shared_s2,0.0,0.0,0.0,0.0,1.0,0.0,0.0,1.0,0.0,0.0,1.0,2.0,shortcut,"(2, 3)",,4
52,shared_s2,0.0,0.0,0.0,0.0,1.0,0.0,0.0,1.0,0.0,0.0,1.0,3.0,shortcut,"(2, 3)",,5
53,shared_s2,0.0,0.0,0.0,0.0,1.0,0.0,0.0,1.0,0.0,0.0,1.0,2.0,shortcut,"(2, 3)",,4
54,shared_s2,1.0,1.0,11.72950912024697,42.0,0.0,1.0,1.0,0.0,0.0,1.0,0.0,0.0,lower,"(1, 2)",9,
55,shared_s2,1.0,1.0,13.16293830696572,44.0,0.0,0.0,0.0,1.0,0.0,0.0,1.0,3.0,shortcut,"(2, 3)",7,
56,shared_s2,1.0,1.0,12.42784641634072,43.0,0.0,0.0,0.0,1.0,0.0,0.0,1.0,4.0,shortcut,"(2, 3)",8,
57,shared_s2,1.0,1.0,13.16293830696572,44.0,0.0,0.0,0.0,1.0,0.0,0.0,1.0,3.0,shortcut,"(2, 3)",7,
58,shared_s2,0.0,0.0,0.0,0.0,1.0,0.0,0.0,1.0,0.0,0.0,1.0,1.0,shortcut,"(2, 3)",,3
59,shared_s2,0.0,0.0,0.0,0.0,1.0,0.0,0.0,1.0,0.0,0.0,1.0,1.0,shortcut,"(2, 3)",,3
60,shared_s2,0.0,0.0,0.0,0.0,1.0,0.0,0.0,1.0,0.0,0.0,1.0,2.0,shortcut,"(2, 3)",,4
61,shared_s2,1.0,1.0,13.16293830696572,44.0,0.0,0.0,0.0,1.0,0.0,0.0,1.0,3.0,shortcut,"(2, 3)",7,
62,shared_s2,0.0,0.0,0.0,0.0,1.0,0.0,0.0,1.0,0.0,0.0,1.0,2.0,shortcut,"(2, 3)",,4
63,shared_s2,0.0,0.0,0.0,0.0,1.0,0.0,0.0,1.0,0.0,0.0,1.0,1.0,shortcut,"(2, 3)",,5
64,shared_s2,0.0,0.0,0.0,0.0,1.0,0.0,0.0,1.0,0.0,0.0,1.0,1.0,shortcut,"(2, 3)",,3
65,shared_s2,0.0,0.0,0.0,0.0,1.0,0.0,0.0,1.0,0.0,0.0,1.0,2.0,shortcut,"(2, 3)",,4
66,shared_s2,1.0,1.0,13.16293830696572,44.0,0.0,0.0,0.0,1.0,0.0,0.0,1.0,3.0,shortcut,"(2, 3)",7,
67,shared_s2,0.0,0.0,0.0,0.0,1.0,0.0,0.0,1.0,0.0,0.0,1.0,1.0,shortcut,"(2, 3)",,3
68,shared_s2,0.0,0.0,0.0,0.0,1.0,0.0,0.0,1.0,0.0,0.0,1.0,1.0,shortcut,"(2, 3)",,4
69,shared_s2,1.0,1.0,11.066088688957908,41.0,0.0,1.0,1.0,0.0,0.0,1.0,0.0,0.0,lower,"(1, 2)",10,
70,shared_s2,0.0,0.0,0.0,0.0,1.0,0.0,0.0,1.0,0.0,0.0,1.0,1.0,shortcut,"(2, 3)",,3
71,shared_s2,0.0,0.0,0.0,0.0,1.0,0.0,0.0,1.0,0.0,0.0,1.0,1.0,shortcut,"(2, 3)",,3
72,shared_s2,0.0,0.0,0.0,0.0,1.0,0.0,0.0,1.0,0.0,0.0,1.0,1.0,shortcut,"(2, 3)",,3
73,shared_s2,0.0,0.0,0.0,0.0,1.0,0.0,0.0,1.0,0.0,0.0,1.0,2.0,shortcut,"(2, 3)",,4
74,shared_s2,0.0,0.0,0.0,0.0,1.0,0.0,0.0,1.0,0.0,0.0,1.0,2.0,shortcut,"(2, 3)",,4
75,shared_s2,0.0,0.0,0.0,0.0,1.0,0.0,0.0,1.0,0.0,0.0,1.0,1.0,shortcut,"(2, 3)",,3
76,shared_s2,0.0,0.0,0.0,0.0,1.0,0.0,0.0,1.0,0.0,0.0,1.0,1.0,shortcut,"(2, 3)",,3
77,shared_s2,0.0,0.0,0.0,0.0,1.0,0.0,0.0,1.0,0.0,0.0,1.0,2.0,shortcut,"(2, 3)",,4
78,shared_s2,1.0,1.0,13.16293830696572,44.0,0.0,0.0,0.0,1.0,0.0,0.0,1.0,3.0,shortcut,"(2, 3)",7,
79,shared_s2,0.0,0.0,0.0,0.0,1.0,0.0,0.0,1.0,0.0,0.0,1.0,2.0,shortcut,"(2, 3)",,5
80,shared_s2,0.0,0.0,0.0,0.0,1.0,0.0,0.0,1.0,0.0,0.0,1.0,2.0,shortcut,"(2, 3)",,4
81,shared_s2,0.0,0.0,0.0,0.0,1.0,0.0,0.0,1.0,0.0,0.0,1.0,3.0,shortcut,"(2, 3)",,5
82,shared_s2,1.0,1.0,12.42784641634072,43.0,0.0,0.0,0.0,1.0,0.0,0.0,1.0,5.0,shortcut,"(2, 3)",8,
83,shared_s2,1.0,1.0,13.16293830696572,44.0,0.0,0.0,0.0,1.0,0.0,0.0,1.0,3.0,shortcut,"(2, 3)",7,
84,shared_s2,0.0,0.0,0.0,0.0,1.0,0.0,0.0,1.0,0.0,0.0,1.0,2.0,shortcut,"(2, 3)",,4
85,shared_s2,1.0,1.0,11.066088688957908,41.0,0.0,1.0,1.0,0.0,0.0,1.0,0.0,0.0,lower,"(1, 2)",10,
86,shared_s2,0.0,0.0,0.0,0.0,1.0,0.0,0.0,1.0,0.0,0.0,1.0,1.0,shortcut,"(2, 3)",,3
87,shared_s2,1.0,1.0,13.16293830696572,44.0,0.0,0.0,0.0,1.0,0.0,0.0,1.0,3.0,shortcut,"(2, 3)",7,
88,shared_s2,0.0,0.0,0.0,0.0,1.0,0.0,0.0,1.0,0.0,0.0,1.0,1.0,shortcut,"(2, 3)",,3
89,shared_s2,1.0,1.0,13.16293830696572,44.0,0.0,0.0,0.0,1.0,0.0,0.0,1.0,3.0,shortcut,"(2, 3)",7,
90,shared_s2,1.0,1.0,11.066088688957908,41.0,0.0,1.0,1.0,0.0,0.0,1.0,0.0,0.0,lower,"(1, 2)",10,
91,shared_s2,0.0,0.0,0.0,0.0,1.0,0.0,0.0,1.0,0.0,0.0,1.0,1.0,shortcut,"(2, 3)",,3
92,shared_s2,0.0,0.0,0.0,0.0,1.0,0.0,0.0,1.0,0.0,0.0,1.0,2.0,shortcut,"(2, 3)",,4
93,shared_s2,0.0,0.0,0.0,0.0,1.0,0.0,0.0,1.0,0.0,0.0,1.0,2.0,shortcut,"(2, 3)",,4
94,shared_s2,1.0,1.0,11.066088688957908,41.0,0.0,1.0,1.0,0.0,0.0,1.0,0.0,0.0,lower,"(1, 2)",10,
95,shared_s2,0.0,0.0,0.0,0.0,1.0,0.0,0.0,1.0,0.0,0.0,1.0,2.0,shortcut,"(2, 3)",,4
96,shared_s2,0.0,0.0,0.0,0.0,1.0,0.0,0.0,1.0,0.0,0.0,1.0,2.0,shortcut,"(2, 3)",,4
97,shared_s2,0.0,0.0,0.0,0.0,1.0,0.0,0.0,1.0,0.0,0.0,1.0,1.0,shortcut,"(2, 3)",,3
98,shared_s2,1.0,1.0,11.066088688957908,41.0,0.0,1.0,1.0,0.0,0.0,1.0,0.0,0.0,lower,"(1, 2)",10,
99,shared_s2,0.0,0.0,0.0,0.0,1.0,0.0,0.0,1.0,0.0,0.0,1.0,3.0,shortcut,"(2, 3)",,5
100,shared_s2,0.0,0.0,0.0,0.0,1.0,0.0,0.0,1.0,0.0,0.0,1.0,1.0,shortcut,"(2, 3)",,3
101,shared_s2,0.0,0.0,0.0,0.0,1.0,0.0,0.0,1.0,0.0,0.0,1.0,1.0,shortcut,"(2, 3)",,3
102,shared_s2,0.0,0.0,0.0,0.0,1.0,0.0,0.0,1.0,0.0,0.0,1.0,1.0,shortcut,"(2, 3)",,3
103,shared_s2,1.0,1.0,13.16293830696572,44.0,0.0,0.0,0.0,1.0,0.0,0.0,1.0,4.0,shortcut,"(2, 3)",7,
104,shared_s2,0.0,0.0,0.0,0.0,1.0,0.0,0.0,1.0,0.0,0.0,1.0,3.0,shortcut,"(2, 3)",,5
105,shared_s2,0.0,0.0,0.0,0.0,1.0,0.0,0.0,1.0,0.0,0.0,1.0,3.0,shortcut,"(2, 3)",,5
106,shared_s2,1.0,1.0,13.16293830696572,44.0,0.0,0.0,0.0,1.0,0.0,0.0,1.0,3.0,shortcut,"(2, 3)",7,
107,shared_s2,0.0,0.0,0.0,0.0,1.0,0.0,0.0,1.0,0.0,0.0,1.0,1.0,shortcut,"(2, 3)",,3
108,shared_s2,1.0,1.0,13.16293830696572,44.0,0.0,0.0,0.0,1.0,0.0,0.0,1.0,3.0,shortcut,"(2, 3)",7,
109,shared_s2,0.0,0.0,0.0,0.0,1.0,0.0,0.0,1.0,0.0,0.0,1.0,2.0,shortcut,"(2, 3)",,4
110,shared_s2,0.0,0.0,0.0,0.0,1.0,0.0,0.0,1.0,0.0,0.0,1.0,1.0,shortcut,"(2, 3)",,3
111,shared_s2,0.0,0.0,0.0,0.0,1.0,0.0,0.0,1.0,0.0,0.0,1.0,3.0,shortcut,"(2, 3)",,5
112,shared_s2,0.0,0.0,0.0,0.0,1.0,0.0,0.0,1.0,0.0,0.0,1.0,1.0,shortcut,"(2, 3)",,3
113,shared_s2,0.0,0.0,0.0,0.0,1.0,0.0,0.0,1.0,0.0,0.0,1.0,1.0,shortcut,"(2, 3)",,3
114,shared_s2,1.0,1.0,13.16293830696572,44.0,0.0,0.0,0.0,1.0,0.0,0.0,1.0,3.0,shortcut,"(2, 3)",7,
115,shared_s2,1.0,1.0,13.16293830696572,44.0,0.0,0.0,0.0,1.0,0.0,0.0,1.0,3.0,shortcut,"(2, 3)",7,
116,shared_s2,0.0,0.0,0.0,0.0,1.0,0.0,0.0,1.0,0.0,0.0,1.0,2.0,shortcut,"(2, 3)",,4
117,shared_s2,0.0,0.0,0.0,0.0,1.0,0.0,0.0,1.0,0.0,0.0,1.0,3.0,shortcut,"(2, 3)",,5
118,shared_s2,0.0,0.0,0.0,0.0,1.0,0.0,0.0,1.0,0.0,0.0,1.0,1.0,shortcut,"(2, 3)",,3
119,shared_s2,1.0,1.0,11.066088688957908,41.0,0.0,1.0,1.0,0.0,0.0,1.0,0.0,0.0,lower,"(1, 2)",10,
120,shared_s2,0.0,0.0,0.0,0.0,1.0,0.0,0.0,1.0,0.0,0.0,1.0,3.0,shortcut,"(2, 3)",,5
121,shared_s2,1.0,1.0,12.42784641634072,43.0,0.0,0.0,0.0,1.0,0.0,0.0,1.0,4.0,shortcut,"(2, 3)",8,
122,shared_s2,1.0,1.0,13.16293830696572,44.0,0.0,0.0,0.0,1.0,0.0,0.0,1.0,3.0,shortcut,"(2, 3)",7,
123,shared_s2,0.0,0.0,0.0,0.0,1.0,0.0,0.0,1.0,0.0,0.0,1.0,3.0,shortcut,"(2, 3)",,5
124,shared_s2,0.0,0.0,0.0,0.0,1.0,0.0,0.0,1.0,0.0,0.0,1.0,2.0,shortcut,"(2, 3)",,5
125,shared_s2,1.0,1.0,13.16293830696572,44.0,0.0,0.0,0.0,1.0,0.0,0.0,1.0,3.0,shortcut,"(2, 3)",7,
126,shared_s2,1.0,1.0,13.16293830696572,44.0,0.0,0.0,0.0,1.0,0.0,0.0,1.0,3.0,shortcut,"(2, 3)",7,
127,shared_s2,1.0,1.0,13.16293830696572,44.0,0.0,0.0,0.0,1.0,0.0,0.0,1.0,3.0,shortcut,"(2, 3)",7,
128,shared_s2,0.0,0.0,0.0,0.0,1.0,0.0,0.0,1.0,0.0,0.0,1.0,1.0,shortcut,"(2, 3)",,3
129,shared_s2,0.0,0.0,0.0,0.0,1.0,0.0,0.0,1.0,0.0,0.0,1.0,2.0,shortcut,"(2, 3)",,4
130,shared_s2,1.0,1.0,13.16293830696572,44.0,0.0,0.0,0.0,1.0,0.0,0.0,1.0,3.0,shortcut,"(2, 3)",7,
131,shared_s2,0.0,0.0,0.0,0.0,1.0,0.0,0.0,1.0,0.0,0.0,1.0,2.0,shortcut,"(2, 3)",,4
132,shared_s2,0.0,0.0,0.0,0.0,1.0,0.0,0.0,1.0,0.0,0.0,1.0,2.0,shortcut,"(2, 3)",,4
133,shared_s2,0.0,0.0,0.0,0.0,1.0,0.0,0.0,1.0,0.0,0.0,1.0,1.0,shortcut,"(2, 3)",,3
134,shared_s2,0.0,0.0,0.0,0.0,1.0,0.0,0.0,1.0,0.0,0.0,1.0,1.0,shortcut,"(2, 3)",,3
135,shared_s2,1.0,1.0,13.16293830696572,44.0,0.0,0.0,0.0,1.0,0.0,0.0,1.0,3.0,shortcut,"(2, 3)",7,
136,shared_s2,0.0,0.0,0.0,0.0,1.0,0.0,0.0,1.0,0.0,0.0,1.0,1.0,shortcut,"(2, 3)",,3
137,shared_s2,0.0,0.0,0.0,0.0,1.0,0.0,0.0,1.0,0.0,0.0,1.0,1.0,shortcut,"(2, 3)",,3
138,shared_s2,1.0,1.0,11.72950912024697,42.0,0.0,1.0,1.0,0.0,0.0,1.0,0.0,0.0,lower,"(1, 2)",9,
139,shared_s2,0.0,0.0,0.0,0.0,1.0,0.0,0.0,1.0,0.0,0.0,1.0,3.0,shortcut,"(2, 3)",,5
140,shared_s2,1.0,1.0,13.16293830696572,44.0,0.0,0.0,0.0,1.0,0.0,0.0,1.0,3.0,shortcut,"(2, 3)",7,
141,shared_s2,0.0,0.0,0.0,0.0,1.0,0.0,0.0,1.0,0.0,0.0,1.0,2.0,shortcut,"(2, 3)",,4
142,shared_s2,0.0,0.0,0.0,0.0,1.0,0.0,0.0,1.0,0.0,0.0,1.0,1.0,shortcut,"(2, 3)",,4
143,shared_s2,0.0,0.0,0.0,0.0,1.0,0.0,0.0,1.0,0.0,0.0,1.0,2.0,shortcut,"(2, 3)",,5
144,shared_s2,0.0,0.0,0.0,0.0,1.0,0.0,0.0,1.0,0.0,0.0,1.0,2.0,shortcut,"(2, 3)",,4
145,shared_s2,1.0,1.0,13.16293830696572,44.0,0.0,0.0,0.0,1.0,0.0,0.0,1.0,3.0,shortcut,"(2, 3)",7,
146,shared_s2,0.0,0.0,0.0,0.0,1.0,0.0,0.0,1.0,0.0,0.0,1.0,3.0,shortcut,"(2, 3)",,5
147,shared_s2,0.0,0.0,0.0,0.0,1.0,0.0,0.0,1.0,0.0,0.0,1.0,1.0,shortcut,"(2, 3)",,3
148,shared_s2,1.0,1.0,11.066088688957908,41.0,0.0,1.0,1.0,0.0,0.0,1.0,0.0,0.0,lower,"(1, 2)",10,
149,shared_s2,0.0,0.0,0.0,0.0,1.0,0.0,0.0,1.0,0.0,0.0,1.0,2.0,shortcut,"(2, 3)",,5
150,shared_s2,0.0,0.0,0.0,0.0,1.0,0.0,0.0,1.0,0.0,0.0,1.0,2.0,shortcut,"(2, 3)",,4
151,shared_s2,1.0,1.0,12.42784641634072,43.0,0.0,0.0,0.0,1.0,0.0,0.0,1.0,3.0,shortcut,"(2, 3)",8,
152,shared_s2,0.0,0.0,0.0,0.0,1.0,0.0,0.0,1.0,0.0,0.0,1.0,2.0,shortcut,"(2, 3)",,4
153,shared_s2,0.0,0.0,0.0,0.0,1.0,0.0,0.0,1.0,0.0,0.0,1.0,1.0,shortcut,"(2, 3)",,4
154,shared_s2,0.0,0.0,0.0,0.0,1.0,0.0,0.0,1.0,0.0,0.0,1.0,3.0,shortcut,"(2, 3)",,6
155,shared_s2,0.0,0.0,0.0,0.0,1.0,0.0,0.0,1.0,0.0,0.0,1.0,2.0,shortcut,"(2, 3)",,4
156,shared_s2,0.0,0.0,0.0,0.0,1.0,0.0,0.0,1.0,0.0,0.0,1.0,2.0,shortcut,"(2, 3)",,4
157,shared_s2,0.0,0.0,0.0,0.0,1.0,0.0,0.0,1.0,0.0,0.0,1.0,1.0,shortcut,"(2, 3)",,3
158,shared_s2,0.0,0.0,0.0,0.0,1.0,0.0,0.0,1.0,0.0,0.0,1.0,2.0,shortcut,"(2, 3)",,4
159,shared_s2,0.0,0.0,0.0,0.0,1.0,0.0,0.0,1.0,0.0,0.0,1.0,1.0,shortcut,"(2, 3)",,3
160,shared_s2,0.0,0.0,0.0,0.0,1.0,0.0,0.0,1.0,0.0,0.0,1.0,3.0,shortcut,"(2, 3)",,5
161,shared_s2,0.0,0.0,0.0,0.0,1.0,0.0,0.0,1.0,0.0,0.0,1.0,3.0,shortcut,"(2, 3)",,5
162,shared_s2,1.0,1.0,13.16293830696572,44.0,0.0,0.0,0.0,1.0,0.0,0.0,1.0,3.0,shortcut,"(2, 3)",7,
163,shared_s2,1.0,1.0,12.42784641634072,43.0,0.0,0.0,0.0,1.0,0.0,0.0,1.0,4.0,shortcut,"(2, 3)",8,
164,shared_s2,0.0,0.0,0.0,0.0,1.0,0.0,0.0,1.0,0.0,0.0,1.0,1.0,shortcut,"(2, 3)",,5
165,shared_s2,0.0,0.0,0.0,0.0,1.0,0.0,0.0,1.0,0.0,0.0,1.0,1.0,shortcut,"(2, 3)",,3
166,shared_s2,0.0,0.0,0.0,0.0,1.0,0.0,0.0,1.0,0.0,0.0,1.0,3.0,shortcut,"(2, 3)",,6
167,shared_s2,1.0,1.0,11.72950912024697,42.0,0.0,1.0,1.0,0.0,0.0,1.0,0.0,0.0,lower,"(1, 2)",9,
168,shared_s2,1.0,1.0,13.16293830696572,44.0,0.0,0.0,0.0,1.0,0.0,0.0,1.0,3.0,shortcut,"(2, 3)",7,
169,shared_s2,1.0,1.0,12.42784641634072,43.0,0.0,0.0,0.0,1.0,0.0,0.0,1.0,4.0,shortcut,"(2, 3)",8,
170,shared_s2,1.0,1.0,13.16293830696572,44.0,0.0,0.0,0.0,1.0,0.0,0.0,1.0,4.0,shortcut,"(2, 3)",7,
171,shared_s2,1.0,1.0,11.72950912024697,42.0,0.0,1.0,1.0,0.0,0.0,1.0,0.0,0.0,lower,"(1, 2)",9,
172,shared_s2,0.0,0.0,0.0,0.0,1.0,0.0,0.0,1.0,0.0,0.0,1.0,1.0,shortcut,"(2, 3)",,3
173,shared_s2,0.0,0.0,0.0,0.0,1.0,0.0,0.0,1.0,0.0,0.0,1.0,1.0,shortcut,"(2, 3)",,3
174,shared_s2,0.0,0.0,0.0,0.0,1.0,0.0,0.0,1.0,0.0,0.0,1.0,2.0,shortcut,"(2, 3)",,4
175,shared_s2,1.0,1.0,13.16293830696572,44.0,0.0,0.0,0.0,1.0,0.0,0.0,1.0,3.0,shortcut,"(2, 3)",7,
176,shared_s2,0.0,0.0,0.0,0.0,1.0,0.0,0.0,1.0,0.0,0.0,1.0,2.0,shortcut,"(2, 3)",,4
177,shared_s2,0.0,0.0,0.0,0.0,1.0,0.0,0.0,1.0,0.0,0.0,1.0,2.0,shortcut,"(2, 3)",,4
178,shared_s2,0.0,0.0,0.0,0.0,1.0,0.0,0.0,1.0,0.0,0.0,1.0,1.0,shortcut,"(2, 3)",,3
179,shared_s2,1.0,1.0,13.16293830696572,44.0,0.0,0.0,0.0,1.0,0.0,0.0,1.0,3.0,shortcut,"(2, 3)",7,
180,shared_s2,1.0,1.0,13.16293830696572,44.0,0.0,0.0,0.0,1.0,0.0,0.0,1.0,3.0,shortcut,"(2, 3)",7,
181,shared_s2,1.0,1.0,13.16293830696572,44.0,0.0,0.0,0.0,1.0,0.0,0.0,1.0,3.0,shortcut,"(2, 3)",7,
182,shared_s2,0.0,0.0,0.0,0.0,1.0,0.0,0.0,1.0,0.0,0.0,1.0,3.0,shortcut,"(2, 3)",,5
183,shared_s2,1.0,1.0,13.16293830696572,44.0,0.0,0.0,0.0,1.0,0.0,0.0,1.0,4.0,shortcut,"(2, 3)",7,
184,shared_s2,0.0,0.0,0.0,0.0,1.0,0.0,0.0,1.0,0.0,0.0,1.0,1.0,shortcut,"(2, 3)",,3
185,shared_s2,0.0,0.0,0.0,0.0,1.0,0.0,0.0,1.0,0.0,0.0,1.0,1.0,shortcut,"(2, 3)",,3
186,shared_s2,0.0,0.0,0.0,0.0,1.0,0.0,0.0,1.0,0.0,0.0,1.0,1.0,shortcut,"(2, 3)",,3
187,shared_s2,0.0,0.0,0.0,0.0,1.0,0.0,0.0,1.0,0.0,0.0,1.0,1.0,shortcut,"(2, 3)",,3
188,shared_s2,0.0,0.0,0.0,0.0,1.0,0.0,0.0,1.0,0.0,0.0,1.0,1.0,shortcut,"(2, 3)",,3
189,shared_s2,1.0,1.0,13.16293830696572,44.0,0.0,0.0,0.0,1.0,0.0,0.0,1.0,3.0,shortcut,"(2, 3)",7,
190,shared_s2,0.0,0.0,0.0,0.0,1.0,0.0,0.0,1.0,0.0,0.0,1.0,2.0,shortcut,"(2, 3)",,4
191,shared_s2,1.0,1.0,13.16293830696572,44.0,0.0,0.0,0.0,1.0,0.0,0.0,1.0,3.0,shortcut,"(2, 3)",7,
192,shared_s2,1.0,1.0,11.72950912024697,42.0,0.0,0.0,0.0,1.0,0.0,0.0,1.0,4.0,shortcut,"(2, 3)",9,
193,shared_s2,0.0,0.0,0.0,0.0,1.0,0.0,0.0,1.0,0.0,0.0,1.0,1.0,shortcut,"(2, 3)",,3
194,shared_s2,0.0,0.0,0.0,0.0,1.0,0.0,0.0,1.0,0.0,0.0,1.0,1.0,shortcut,"(2, 3)",,3
195,shared_s2,0.0,0.0,0.0,0.0,1.0,0.0,0.0,1.0,0.0,0.0,1.0,2.0,shortcut,"(2, 3)",,5
196,shared_s2,0.0,0.0,0.0,0.0,1.0,0.0,0.0,1.0,0.0,0.0,1.0,2.0,shortcut,"(2, 3)",,7
197,shared_s2,1.0,1.0,13.16293830696572,44.0,0.0,0.0,0.0,1.0,0.0,0.0,1.0,3.0,shortcut,"(2, 3)",7,
198,shared_s2,0.0,0.0,0.0,0.0,1.0,0.0,0.0,1.0,0.0,0.0,1.0,1.0,shortcut,"(2, 3)",,3
199,shared_s2,1.0,1.0,13.16293830696572,44.0,0.0,0.0,0.0,1.0,0.0,0.0,1.0,3.0,shortcut,"(2, 3)",7,
0,balanced_s2,1.0,1.0,13.16293830696572,44.0,0.0,0.0,0.0,1.0,0.0,0.0,1.0,3.0,shortcut,"(2, 3)",7,
1,balanced_s2,0.0,0.0,0.0,0.0,1.0,0.0,0.0,1.0,0.0,0.0,1.0,1.0,shortcut,"(2, 3)",,3
2,balanced_s2,0.0,0.0,0.0,0.0,1.0,0.0,0.0,1.0,0.0,0.0,1.0,2.0,shortcut,"(2, 3)",,4
3,balanced_s2,0.0,0.0,0.0,0.0,1.0,0.0,0.0,1.0,0.0,0.0,1.0,2.0,shortcut,"(2, 3)",,5
4,balanced_s2,0.0,0.0,0.0,0.0,1.0,0.0,0.0,1.0,0.0,0.0,1.0,1.0,shortcut,"(2, 3)",,3
5,balanced_s2,0.0,0.0,0.0,0.0,1.0,0.0,0.0,1.0,0.0,0.0,1.0,2.0,shortcut,"(2, 3)",,4
6,balanced_s2,0.0,0.0,0.0,0.0,1.0,0.0,0.0,1.0,0.0,0.0,1.0,3.0,shortcut,"(2, 3)",,6
7,balanced_s2,1.0,1.0,13.16293830696572,44.0,0.0,0.0,0.0,1.0,0.0,0.0,1.0,4.0,shortcut,"(2, 3)",7,
8,balanced_s2,0.0,0.0,0.0,0.0,1.0,0.0,0.0,1.0,0.0,0.0,1.0,1.0,shortcut,"(2, 3)",,3
9,balanced_s2,1.0,1.0,11.72950912024697,42.0,0.0,0.0,0.0,1.0,0.0,0.0,1.0,3.0,shortcut,"(2, 3)",9,
10,balanced_s2,0.0,0.0,0.0,0.0,1.0,0.0,0.0,1.0,0.0,0.0,1.0,1.0,shortcut,"(2, 3)",,3
11,balanced_s2,0.0,0.0,0.0,0.0,1.0,0.0,0.0,1.0,0.0,0.0,1.0,2.0,shortcut,"(2, 3)",,4
12,balanced_s2,1.0,1.0,11.72950912024697,42.0,0.0,1.0,1.0,0.0,0.0,1.0,0.0,0.0,lower,"(1, 2)",9,
13,balanced_s2,0.0,0.0,0.0,0.0,1.0,0.0,0.0,1.0,0.0,0.0,1.0,1.0,shortcut,"(2, 3)",,3
14,balanced_s2,0.0,0.0,0.0,0.0,1.0,0.0,0.0,1.0,0.0,0.0,1.0,2.0,shortcut,"(2, 3)",,5
15,balanced_s2,0.0,0.0,0.0,0.0,1.0,0.0,0.0,1.0,0.0,0.0,1.0,1.0,shortcut,"(2, 3)",,3
16,balanced_s2,0.0,0.0,0.0,0.0,1.0,0.0,0.0,1.0,0.0,0.0,1.0,2.0,shortcut,"(2, 3)",,5
17,balanced_s2,1.0,1.0,13.16293830696572,44.0,0.0,0.0,0.0,1.0,0.0,0.0,1.0,3.0,shortcut,"(2, 3)",7,
18,balanced_s2,0.0,0.0,0.0,0.0,1.0,0.0,0.0,1.0,0.0,0.0,1.0,3.0,shortcut,"(2, 3)",,5
19,balanced_s2,1.0,1.0,13.16293830696572,44.0,0.0,0.0,0.0,1.0,0.0,0.0,1.0,3.0,shortcut,"(2, 3)",7,
20,balanced_s2,0.0,0.0,0.0,0.0,1.0,0.0,0.0,1.0,0.0,0.0,1.0,1.0,shortcut,"(2, 3)",,3
21,balanced_s2,1.0,1.0,11.066088688957908,41.0,0.0,1.0,1.0,0.0,0.0,1.0,0.0,0.0,lower,"(1, 2)",10,
22,balanced_s2,1.0,1.0,13.16293830696572,44.0,0.0,0.0,0.0,1.0,0.0,0.0,1.0,3.0,shortcut,"(2, 3)",7,
23,balanced_s2,0.0,0.0,0.0,0.0,1.0,0.0,0.0,1.0,0.0,0.0,1.0,3.0,shortcut,"(2, 3)",,5
24,balanced_s2,0.0,0.0,0.0,0.0,1.0,0.0,0.0,1.0,0.0,0.0,1.0,1.0,shortcut,"(2, 3)",,3
25,balanced_s2,1.0,1.0,13.16293830696572,44.0,0.0,0.0,0.0,1.0,0.0,0.0,1.0,3.0,shortcut,"(2, 3)",7,
26,balanced_s2,1.0,1.0,12.42784641634072,43.0,0.0,0.0,0.0,1.0,0.0,0.0,1.0,4.0,shortcut,"(2, 3)",8,
27,balanced_s2,1.0,1.0,11.72950912024697,42.0,0.0,1.0,1.0,0.0,0.0,1.0,0.0,0.0,lower,"(1, 2)",9,
28,balanced_s2,1.0,1.0,13.16293830696572,44.0,0.0,0.0,0.0,1.0,0.0,0.0,1.0,4.0,shortcut,"(2, 3)",7,
29,balanced_s2,1.0,1.0,12.42784641634072,43.0,0.0,0.0,0.0,1.0,0.0,0.0,1.0,3.0,shortcut,"(2, 3)",8,
30,balanced_s2,0.0,0.0,0.0,0.0,1.0,0.0,0.0,1.0,0.0,0.0,1.0,3.0,shortcut,"(2, 3)",,5
31,balanced_s2,0.0,0.0,0.0,0.0,1.0,0.0,0.0,1.0,0.0,0.0,1.0,1.0,shortcut,"(2, 3)",,3
32,balanced_s2,1.0,1.0,13.16293830696572,44.0,0.0,0.0,0.0,1.0,0.0,0.0,1.0,3.0,shortcut,"(2, 3)",7,
33,balanced_s2,0.0,0.0,0.0,0.0,1.0,0.0,0.0,1.0,0.0,0.0,1.0,2.0,shortcut,"(2, 3)",,4
34,balanced_s2,0.0,0.0,0.0,0.0,1.0,0.0,0.0,1.0,0.0,0.0,1.0,1.0,shortcut,"(2, 3)",,3
35,balanced_s2,1.0,1.0,11.72950912024697,42.0,0.0,1.0,1.0,0.0,0.0,1.0,0.0,0.0,lower,"(1, 2)",9,
36,balanced_s2,0.0,0.0,0.0,0.0,1.0,0.0,0.0,1.0,0.0,0.0,1.0,1.0,shortcut,"(2, 3)",,3
37,balanced_s2,0.0,0.0,0.0,0.0,1.0,0.0,0.0,1.0,0.0,0.0,1.0,2.0,shortcut,"(2, 3)",,4
38,balanced_s2,0.0,0.0,0.0,0.0,1.0,0.0,0.0,1.0,0.0,0.0,1.0,3.0,shortcut,"(2, 3)",,5
39,balanced_s2,0.0,0.0,0.0,0.0,1.0,0.0,0.0,1.0,0.0,0.0,1.0,3.0,shortcut,"(2, 3)",,5
40,balanced_s2,1.0,1.0,13.16293830696572,44.0,0.0,0.0,0.0,1.0,0.0,0.0,1.0,3.0,shortcut,"(2, 3)",7,
41,balanced_s2,1.0,1.0,13.16293830696572,44.0,0.0,0.0,0.0,1.0,0.0,0.0,1.0,3.0,shortcut,"(2, 3)",7,
42,balanced_s2,0.0,0.0,0.0,0.0,1.0,0.0,0.0,1.0,0.0,0.0,1.0,3.0,shortcut,"(2, 3)",,5
43,balanced_s2,0.0,0.0,0.0,0.0,1.0,0.0,0.0,1.0,0.0,0.0,1.0,1.0,shortcut,"(2, 3)",,3
44,balanced_s2,1.0,1.0,13.16293830696572,44.0,0.0,0.0,0.0,1.0,0.0,0.0,1.0,3.0,shortcut,"(2, 3)",7,
45,balanced_s2,0.0,0.0,0.0,0.0,1.0,0.0,0.0,1.0,0.0,0.0,1.0,2.0,shortcut,"(2, 3)",,4
46,balanced_s2,1.0,1.0,13.16293830696572,44.0,0.0,0.0,0.0,1.0,0.0,0.0,1.0,3.0,shortcut,"(2, 3)",7,
47,balanced_s2,0.0,0.0,0.0,0.0,1.0,0.0,0.0,1.0,0.0,0.0,1.0,2.0,shortcut,"(2, 3)",,4
48,balanced_s2,0.0,0.0,0.0,0.0,1.0,0.0,0.0,1.0,0.0,0.0,1.0,2.0,shortcut,"(2, 3)",,4
49,balanced_s2,0.0,0.0,0.0,0.0,1.0,0.0,0.0,1.0,0.0,0.0,1.0,2.0,shortcut,"(2, 3)",,4
50,balanced_s2,1.0,1.0,13.16293830696572,44.0,0.0,0.0,0.0,1.0,0.0,0.0,1.0,3.0,shortcut,"(2, 3)",7,
51,balanced_s2,0.0,0.0,0.0,0.0,1.0,0.0,0.0,1.0,0.0,0.0,1.0,2.0,shortcut,"(2, 3)",,4
52,balanced_s2,0.0,0.0,0.0,0.0,1.0,0.0,0.0,1.0,0.0,0.0,1.0,3.0,shortcut,"(2, 3)",,5
53,balanced_s2,0.0,0.0,0.0,0.0,1.0,0.0,0.0,1.0,0.0,0.0,1.0,2.0,shortcut,"(2, 3)",,4
54,balanced_s2,1.0,1.0,11.72950912024697,42.0,0.0,1.0,1.0,0.0,0.0,1.0,0.0,0.0,lower,"(1, 2)",9,
55,balanced_s2,1.0,1.0,13.16293830696572,44.0,0.0,0.0,0.0,1.0,0.0,0.0,1.0,4.0,shortcut,"(2, 3)",7,
56,balanced_s2,1.0,1.0,12.42784641634072,43.0,0.0,0.0,0.0,1.0,0.0,0.0,1.0,4.0,shortcut,"(2, 3)",8,
57,balanced_s2,1.0,1.0,13.16293830696572,44.0,0.0,0.0,0.0,1.0,0.0,0.0,1.0,3.0,shortcut,"(2, 3)",7,
58,balanced_s2,0.0,0.0,0.0,0.0,1.0,0.0,0.0,1.0,0.0,0.0,1.0,1.0,shortcut,"(2, 3)",,3
59,balanced_s2,0.0,0.0,0.0,0.0,1.0,0.0,0.0,1.0,0.0,0.0,1.0,1.0,shortcut,"(2, 3)",,3
60,balanced_s2,0.0,0.0,0.0,0.0,1.0,0.0,0.0,1.0,0.0,0.0,1.0,2.0,shortcut,"(2, 3)",,4
61,balanced_s2,0.0,0.0,0.0,0.0,1.0,0.0,0.0,1.0,0.0,0.0,1.0,2.0,shortcut,"(2, 3)",,4
62,balanced_s2,0.0,0.0,0.0,0.0,1.0,0.0,0.0,1.0,0.0,0.0,1.0,2.0,shortcut,"(2, 3)",,4
63,balanced_s2,0.0,0.0,0.0,0.0,1.0,0.0,0.0,1.0,0.0,0.0,1.0,1.0,shortcut,"(2, 3)",,5
64,balanced_s2,0.0,0.0,0.0,0.0,1.0,0.0,0.0,1.0,0.0,0.0,1.0,1.0,shortcut,"(2, 3)",,3
65,balanced_s2,0.0,0.0,0.0,0.0,1.0,0.0,0.0,1.0,0.0,0.0,1.0,2.0,shortcut,"(2, 3)",,4
66,balanced_s2,1.0,1.0,13.16293830696572,44.0,0.0,0.0,0.0,1.0,0.0,0.0,1.0,3.0,shortcut,"(2, 3)",7,
67,balanced_s2,0.0,0.0,0.0,0.0,1.0,0.0,0.0,1.0,0.0,0.0,1.0,1.0,shortcut,"(2, 3)",,3
68,balanced_s2,0.0,0.0,0.0,0.0,1.0,0.0,0.0,1.0,0.0,0.0,1.0,3.0,shortcut,"(2, 3)",,5
69,balanced_s2,1.0,1.0,11.066088688957908,41.0,0.0,1.0,1.0,0.0,0.0,1.0,0.0,0.0,lower,"(1, 2)",10,
70,balanced_s2,0.0,0.0,0.0,0.0,1.0,0.0,0.0,1.0,0.0,0.0,1.0,1.0,shortcut,"(2, 3)",,3
71,balanced_s2,0.0,0.0,0.0,0.0,1.0,0.0,0.0,1.0,0.0,0.0,1.0,1.0,shortcut,"(2, 3)",,3
72,balanced_s2,0.0,0.0,0.0,0.0,1.0,0.0,0.0,1.0,0.0,0.0,1.0,1.0,shortcut,"(2, 3)",,3
73,balanced_s2,0.0,0.0,0.0,0.0,1.0,0.0,0.0,1.0,0.0,0.0,1.0,2.0,shortcut,"(2, 3)",,4
74,balanced_s2,0.0,0.0,0.0,0.0,1.0,0.0,0.0,1.0,0.0,0.0,1.0,2.0,shortcut,"(2, 3)",,4
75,balanced_s2,0.0,0.0,0.0,0.0,1.0,0.0,0.0,1.0,0.0,0.0,1.0,1.0,shortcut,"(2, 3)",,3
76,balanced_s2,0.0,0.0,0.0,0.0,1.0,0.0,0.0,1.0,0.0,0.0,1.0,1.0,shortcut,"(2, 3)",,3
77,balanced_s2,0.0,0.0,0.0,0.0,1.0,0.0,0.0,1.0,0.0,0.0,1.0,2.0,shortcut,"(2, 3)",,4
78,balanced_s2,1.0,1.0,13.16293830696572,44.0,0.0,0.0,0.0,1.0,0.0,0.0,1.0,3.0,shortcut,"(2, 3)",7,
79,balanced_s2,0.0,0.0,0.0,0.0,1.0,0.0,0.0,1.0,0.0,0.0,1.0,2.0,shortcut,"(2, 3)",,5
80,balanced_s2,0.0,0.0,0.0,0.0,1.0,0.0,0.0,1.0,0.0,0.0,1.0,2.0,shortcut,"(2, 3)",,4
81,balanced_s2,0.0,0.0,0.0,0.0,1.0,0.0,0.0,1.0,0.0,0.0,1.0,3.0,shortcut,"(2, 3)",,5
82,balanced_s2,1.0,1.0,11.72950912024697,42.0,0.0,0.0,0.0,1.0,0.0,0.0,1.0,5.0,shortcut,"(2, 3)",9,
83,balanced_s2,1.0,1.0,13.16293830696572,44.0,0.0,0.0,0.0,1.0,0.0,0.0,1.0,3.0,shortcut,"(2, 3)",7,
84,balanced_s2,0.0,0.0,0.0,0.0,1.0,0.0,0.0,1.0,0.0,0.0,1.0,2.0,shortcut,"(2, 3)",,4
85,balanced_s2,1.0,1.0,11.72950912024697,42.0,0.0,0.0,0.0,1.0,0.0,0.0,1.0,4.0,shortcut,"(2, 3)",9,
86,balanced_s2,0.0,0.0,0.0,0.0,1.0,0.0,0.0,1.0,0.0,0.0,1.0,1.0,shortcut,"(2, 3)",,3
87,balanced_s2,1.0,1.0,13.16293830696572,44.0,0.0,0.0,0.0,1.0,0.0,0.0,1.0,3.0,shortcut,"(2, 3)",7,
88,balanced_s2,0.0,0.0,0.0,0.0,1.0,0.0,0.0,1.0,0.0,0.0,1.0,3.0,shortcut,"(2, 3)",,6
89,balanced_s2,1.0,1.0,13.16293830696572,44.0,0.0,0.0,0.0,1.0,0.0,0.0,1.0,3.0,shortcut,"(2, 3)",7,
90,balanced_s2,1.0,1.0,11.066088688957908,41.0,0.0,1.0,1.0,0.0,0.0,1.0,0.0,0.0,lower,"(1, 2)",10,
91,balanced_s2,0.0,0.0,0.0,0.0,1.0,0.0,0.0,1.0,0.0,0.0,1.0,1.0,shortcut,"(2, 3)",,3
92,balanced_s2,0.0,0.0,0.0,0.0,1.0,0.0,0.0,1.0,0.0,0.0,1.0,2.0,shortcut,"(2, 3)",,4
93,balanced_s2,0.0,0.0,0.0,0.0,1.0,0.0,0.0,1.0,0.0,0.0,1.0,2.0,shortcut,"(2, 3)",,4
94,balanced_s2,1.0,1.0,13.16293830696572,44.0,0.0,0.0,0.0,1.0,0.0,0.0,1.0,4.0,shortcut,"(2, 3)",7,
95,balanced_s2,0.0,0.0,0.0,0.0,1.0,0.0,0.0,1.0,0.0,0.0,1.0,2.0,shortcut,"(2, 3)",,4
96,balanced_s2,0.0,0.0,0.0,0.0,1.0,0.0,0.0,1.0,0.0,0.0,1.0,2.0,shortcut,"(2, 3)",,4
97,balanced_s2,0.0,0.0,0.0,0.0,1.0,0.0,0.0,1.0,0.0,0.0,1.0,1.0,shortcut,"(2, 3)",,3
98,balanced_s2,1.0,1.0,11.066088688957908,41.0,0.0,1.0,1.0,0.0,0.0,1.0,0.0,0.0,lower,"(1, 2)",10,
99,balanced_s2,0.0,0.0,0.0,0.0,1.0,0.0,0.0,1.0,0.0,0.0,1.0,3.0,shortcut,"(2, 3)",,5
100,balanced_s2,0.0,0.0,0.0,0.0,1.0,0.0,0.0,1.0,0.0,0.0,1.0,1.0,shortcut,"(2, 3)",,3
101,balanced_s2,0.0,0.0,0.0,0.0,1.0,0.0,0.0,1.0,0.0,0.0,1.0,1.0,shortcut,"(2, 3)",,3
102,balanced_s2,0.0,0.0,0.0,0.0,1.0,0.0,0.0,1.0,0.0,0.0,1.0,1.0,shortcut,"(2, 3)",,3
103,balanced_s2,1.0,1.0,12.42784641634072,43.0,0.0,0.0,0.0,1.0,0.0,0.0,1.0,4.0,shortcut,"(2, 3)",8,
104,balanced_s2,0.0,0.0,0.0,0.0,1.0,0.0,0.0,1.0,0.0,0.0,1.0,3.0,shortcut,"(2, 3)",,5
105,balanced_s2,0.0,0.0,0.0,0.0,1.0,0.0,0.0,1.0,0.0,0.0,1.0,3.0,shortcut,"(2, 3)",,5
106,balanced_s2,1.0,1.0,13.16293830696572,44.0,0.0,0.0,0.0,1.0,0.0,0.0,1.0,3.0,shortcut,"(2, 3)",7,
107,balanced_s2,0.0,0.0,0.0,0.0,1.0,0.0,0.0,1.0,0.0,0.0,1.0,1.0,shortcut,"(2, 3)",,3
108,balanced_s2,1.0,1.0,13.16293830696572,44.0,0.0,0.0,0.0,1.0,0.0,0.0,1.0,3.0,shortcut,"(2, 3)",7,
109,balanced_s2,0.0,0.0,0.0,0.0,1.0,0.0,0.0,1.0,0.0,0.0,1.0,2.0,shortcut,"(2, 3)",,4
110,balanced_s2,0.0,0.0,0.0,0.0,1.0,0.0,0.0,1.0,0.0,0.0,1.0,1.0,shortcut,"(2, 3)",,3
111,balanced_s2,0.0,0.0,0.0,0.0,1.0,0.0,0.0,1.0,0.0,0.0,1.0,3.0,shortcut,"(2, 3)",,5
112,balanced_s2,0.0,0.0,0.0,0.0,1.0,0.0,0.0,1.0,0.0,0.0,1.0,1.0,shortcut,"(2, 3)",,3
113,balanced_s2,0.0,0.0,0.0,0.0,1.0,0.0,0.0,1.0,0.0,0.0,1.0,1.0,shortcut,"(2, 3)",,3
114,balanced_s2,1.0,1.0,13.16293830696572,44.0,0.0,0.0,0.0,1.0,0.0,0.0,1.0,3.0,shortcut,"(2, 3)",7,
115,balanced_s2,1.0,1.0,13.16293830696572,44.0,0.0,0.0,0.0,1.0,0.0,0.0,1.0,3.0,shortcut,"(2, 3)",7,
116,balanced_s2,0.0,0.0,0.0,0.0,1.0,0.0,0.0,1.0,0.0,0.0,1.0,2.0,shortcut,"(2, 3)",,4
117,balanced_s2,0.0,0.0,0.0,0.0,1.0,0.0,0.0,1.0,0.0,0.0,1.0,3.0,shortcut,"(2, 3)",,5
118,balanced_s2,0.0,0.0,0.0,0.0,1.0,0.0,0.0,1.0,0.0,0.0,1.0,1.0,shortcut,"(2, 3)",,3
119,balanced_s2,0.0,0.0,0.0,0.0,1.0,0.0,0.0,1.0,0.0,0.0,1.0,2.0,shortcut,"(2, 3)",,5
120,balanced_s2,0.0,0.0,0.0,0.0,1.0,0.0,0.0,1.0,0.0,0.0,1.0,3.0,shortcut,"(2, 3)",,5
121,balanced_s2,0.0,0.0,0.0,0.0,1.0,0.0,0.0,1.0,0.0,0.0,1.0,4.0,shortcut,"(2, 3)",,6
122,balanced_s2,1.0,1.0,13.16293830696572,44.0,0.0,0.0,0.0,1.0,0.0,0.0,1.0,3.0,shortcut,"(2, 3)",7,
123,balanced_s2,0.0,0.0,0.0,0.0,1.0,0.0,0.0,1.0,0.0,0.0,1.0,3.0,shortcut,"(2, 3)",,5
124,balanced_s2,0.0,0.0,0.0,0.0,1.0,0.0,0.0,1.0,0.0,0.0,1.0,2.0,shortcut,"(2, 3)",,5
125,balanced_s2,1.0,1.0,13.16293830696572,44.0,0.0,0.0,0.0,1.0,0.0,0.0,1.0,4.0,shortcut,"(2, 3)",7,
126,balanced_s2,1.0,1.0,13.16293830696572,44.0,0.0,0.0,0.0,1.0,0.0,0.0,1.0,3.0,shortcut,"(2, 3)",7,
127,balanced_s2,1.0,1.0,13.16293830696572,44.0,0.0,0.0,0.0,1.0,0.0,0.0,1.0,3.0,shortcut,"(2, 3)",7,
128,balanced_s2,0.0,0.0,0.0,0.0,1.0,0.0,0.0,1.0,0.0,0.0,1.0,1.0,shortcut,"(2, 3)",,3
129,balanced_s2,0.0,0.0,0.0,0.0,1.0,0.0,0.0,1.0,0.0,0.0,1.0,2.0,shortcut,"(2, 3)",,4
130,balanced_s2,1.0,1.0,13.16293830696572,44.0,0.0,0.0,0.0,1.0,0.0,0.0,1.0,3.0,shortcut,"(2, 3)",7,
131,balanced_s2,0.0,0.0,0.0,0.0,1.0,0.0,0.0,1.0,0.0,0.0,1.0,2.0,shortcut,"(2, 3)",,4
132,balanced_s2,1.0,1.0,12.42784641634072,43.0,0.0,0.0,0.0,1.0,0.0,0.0,1.0,4.0,shortcut,"(2, 3)",8,
133,balanced_s2,0.0,0.0,0.0,0.0,1.0,0.0,0.0,1.0,0.0,0.0,1.0,1.0,shortcut,"(2, 3)",,3
134,balanced_s2,0.0,0.0,0.0,0.0,1.0,0.0,0.0,1.0,0.0,0.0,1.0,1.0,shortcut,"(2, 3)",,3
135,balanced_s2,1.0,1.0,13.16293830696572,44.0,0.0,0.0,0.0,1.0,0.0,0.0,1.0,3.0,shortcut,"(2, 3)",7,
136,balanced_s2,0.0,0.0,0.0,0.0,1.0,0.0,0.0,1.0,0.0,0.0,1.0,1.0,shortcut,"(2, 3)",,3
137,balanced_s2,0.0,0.0,0.0,0.0,1.0,0.0,0.0,1.0,0.0,0.0,1.0,1.0,shortcut,"(2, 3)",,3
138,balanced_s2,1.0,1.0,13.16293830696572,44.0,0.0,0.0,0.0,1.0,0.0,0.0,1.0,3.0,shortcut,"(2, 3)",7,
139,balanced_s2,0.0,0.0,0.0,0.0,1.0,0.0,0.0,1.0,0.0,0.0,1.0,5.0,shortcut,"(2, 3)",,7
140,balanced_s2,1.0,1.0,13.16293830696572,44.0,0.0,0.0,0.0,1.0,0.0,0.0,1.0,3.0,shortcut,"(2, 3)",7,
141,balanced_s2,0.0,0.0,0.0,0.0,1.0,0.0,0.0,1.0,0.0,0.0,1.0,2.0,shortcut,"(2, 3)",,4
142,balanced_s2,1.0,1.0,12.42784641634072,43.0,0.0,0.0,0.0,1.0,0.0,0.0,1.0,3.0,shortcut,"(2, 3)",8,
143,balanced_s2,1.0,1.0,13.16293830696572,44.0,0.0,0.0,0.0,1.0,0.0,0.0,1.0,3.0,shortcut,"(2, 3)",7,
144,balanced_s2,0.0,0.0,0.0,0.0,1.0,0.0,0.0,1.0,0.0,0.0,1.0,2.0,shortcut,"(2, 3)",,4
145,balanced_s2,1.0,1.0,13.16293830696572,44.0,0.0,0.0,0.0,1.0,0.0,0.0,1.0,3.0,shortcut,"(2, 3)",7,
146,balanced_s2,0.0,0.0,0.0,0.0,1.0,0.0,0.0,1.0,0.0,0.0,1.0,3.0,shortcut,"(2, 3)",,5
147,balanced_s2,0.0,0.0,0.0,0.0,1.0,0.0,0.0,1.0,0.0,0.0,1.0,1.0,shortcut,"(2, 3)",,3
148,balanced_s2,1.0,1.0,11.72950912024697,42.0,0.0,1.0,1.0,0.0,0.0,1.0,0.0,0.0,lower,"(1, 2)",9,
149,balanced_s2,0.0,0.0,0.0,0.0,1.0,0.0,0.0,1.0,0.0,0.0,1.0,2.0,shortcut,"(2, 3)",,5
150,balanced_s2,0.0,0.0,0.0,0.0,1.0,0.0,0.0,1.0,0.0,0.0,1.0,2.0,shortcut,"(2, 3)",,4
151,balanced_s2,1.0,1.0,13.16293830696572,44.0,0.0,0.0,0.0,1.0,0.0,0.0,1.0,3.0,shortcut,"(2, 3)",7,
152,balanced_s2,0.0,0.0,0.0,0.0,1.0,0.0,0.0,1.0,0.0,0.0,1.0,2.0,shortcut,"(2, 3)",,4
153,balanced_s2,0.0,0.0,0.0,0.0,1.0,0.0,0.0,1.0,0.0,0.0,1.0,1.0,shortcut,"(2, 3)",,4
154,balanced_s2,0.0,0.0,0.0,0.0,1.0,0.0,0.0,1.0,0.0,0.0,1.0,3.0,shortcut,"(2, 3)",,6
155,balanced_s2,0.0,0.0,0.0,0.0,1.0,0.0,0.0,1.0,0.0,0.0,1.0,2.0,shortcut,"(2, 3)",,4
156,balanced_s2,0.0,0.0,0.0,0.0,1.0,0.0,0.0,1.0,0.0,0.0,1.0,2.0,shortcut,"(2, 3)",,4
157,balanced_s2,0.0,0.0,0.0,0.0,1.0,0.0,0.0,1.0,0.0,0.0,1.0,1.0,shortcut,"(2, 3)",,3
158,balanced_s2,0.0,0.0,0.0,0.0,1.0,0.0,0.0,1.0,0.0,0.0,1.0,2.0,shortcut,"(2, 3)",,4
159,balanced_s2,0.0,0.0,0.0,0.0,1.0,0.0,0.0,1.0,0.0,0.0,1.0,1.0,shortcut,"(2, 3)",,3
160,balanced_s2,0.0,0.0,0.0,0.0,1.0,0.0,0.0,1.0,0.0,0.0,1.0,3.0,shortcut,"(2, 3)",,5
161,balanced_s2,0.0,0.0,0.0,0.0,1.0,0.0,0.0,1.0,0.0,0.0,1.0,3.0,shortcut,"(2, 3)",,5
162,balanced_s2,1.0,1.0,13.16293830696572,44.0,0.0,0.0,0.0,1.0,0.0,0.0,1.0,3.0,shortcut,"(2, 3)",7,
163,balanced_s2,1.0,1.0,12.42784641634072,43.0,0.0,0.0,0.0,1.0,0.0,0.0,1.0,4.0,shortcut,"(2, 3)",8,
164,balanced_s2,0.0,0.0,0.0,0.0,1.0,0.0,0.0,1.0,0.0,0.0,1.0,1.0,shortcut,"(2, 3)",,5
165,balanced_s2,0.0,0.0,0.0,0.0,1.0,0.0,0.0,1.0,0.0,0.0,1.0,1.0,shortcut,"(2, 3)",,3
166,balanced_s2,0.0,0.0,0.0,0.0,1.0,0.0,0.0,1.0,0.0,0.0,1.0,3.0,shortcut,"(2, 3)",,6
167,balanced_s2,1.0,1.0,11.72950912024697,42.0,0.0,1.0,1.0,0.0,0.0,1.0,0.0,0.0,lower,"(1, 2)",9,
168,balanced_s2,1.0,1.0,13.16293830696572,44.0,0.0,0.0,0.0,1.0,0.0,0.0,1.0,3.0,shortcut,"(2, 3)",7,
169,balanced_s2,0.0,0.0,0.0,0.0,1.0,0.0,0.0,1.0,0.0,0.0,1.0,3.0,shortcut,"(2, 3)",,5
170,balanced_s2,1.0,1.0,12.42784641634072,43.0,0.0,0.0,0.0,1.0,0.0,0.0,1.0,4.0,shortcut,"(2, 3)",8,
171,balanced_s2,1.0,1.0,11.72950912024697,42.0,0.0,1.0,1.0,0.0,0.0,1.0,0.0,0.0,lower,"(1, 2)",9,
172,balanced_s2,0.0,0.0,0.0,0.0,1.0,0.0,0.0,1.0,0.0,0.0,1.0,1.0,shortcut,"(2, 3)",,3
173,balanced_s2,0.0,0.0,0.0,0.0,1.0,0.0,0.0,1.0,0.0,0.0,1.0,1.0,shortcut,"(2, 3)",,3
174,balanced_s2,0.0,0.0,0.0,0.0,1.0,0.0,0.0,1.0,0.0,0.0,1.0,2.0,shortcut,"(2, 3)",,4
175,balanced_s2,1.0,1.0,13.16293830696572,44.0,0.0,0.0,0.0,1.0,0.0,0.0,1.0,3.0,shortcut,"(2, 3)",7,
176,balanced_s2,0.0,0.0,0.0,0.0,1.0,0.0,0.0,1.0,0.0,0.0,1.0,2.0,shortcut,"(2, 3)",,4
177,balanced_s2,0.0,0.0,0.0,0.0,1.0,0.0,0.0,1.0,0.0,0.0,1.0,2.0,shortcut,"(2, 3)",,4
178,balanced_s2,0.0,0.0,0.0,0.0,1.0,0.0,0.0,1.0,0.0,0.0,1.0,1.0,shortcut,"(2, 3)",,3
179,balanced_s2,1.0,1.0,13.16293830696572,44.0,0.0,0.0,0.0,1.0,0.0,0.0,1.0,3.0,shortcut,"(2, 3)",7,
180,balanced_s2,1.0,1.0,13.16293830696572,44.0,0.0,0.0,0.0,1.0,0.0,0.0,1.0,3.0,shortcut,"(2, 3)",7,
181,balanced_s2,1.0,1.0,13.16293830696572,44.0,0.0,0.0,0.0,1.0,0.0,0.0,1.0,3.0,shortcut,"(2, 3)",7,
182,balanced_s2,0.0,0.0,0.0,0.0,1.0,0.0,0.0,1.0,0.0,0.0,1.0,3.0,shortcut,"(2, 3)",,5
183,balanced_s2,0.0,0.0,0.0,0.0,1.0,0.0,0.0,1.0,0.0,0.0,1.0,2.0,shortcut,"(2, 3)",,5
184,balanced_s2,0.0,0.0,0.0,0.0,1.0,0.0,0.0,1.0,0.0,0.0,1.0,1.0,shortcut,"(2, 3)",,3
185,balanced_s2,0.0,0.0,0.0,0.0,1.0,0.0,0.0,1.0,0.0,0.0,1.0,1.0,shortcut,"(2, 3)",,3
186,balanced_s2,0.0,0.0,0.0,0.0,1.0,0.0,0.0,1.0,0.0,0.0,1.0,1.0,shortcut,"(2, 3)",,3
187,balanced_s2,1.0,1.0,12.42784641634072,43.0,0.0,0.0,0.0,1.0,0.0,0.0,1.0,3.0,shortcut,"(2, 3)",8,
188,balanced_s2,0.0,0.0,0.0,0.0,1.0,0.0,0.0,1.0,0.0,0.0,1.0,1.0,shortcut,"(2, 3)",,3
189,balanced_s2,1.0,1.0,13.16293830696572,44.0,0.0,0.0,0.0,1.0,0.0,0.0,1.0,3.0,shortcut,"(2, 3)",7,
190,balanced_s2,1.0,1.0,12.42784641634072,43.0,0.0,0.0,0.0,1.0,0.0,0.0,1.0,5.0,shortcut,"(2, 3)",8,
191,balanced_s2,1.0,1.0,13.16293830696572,44.0,0.0,0.0,0.0,1.0,0.0,0.0,1.0,3.0,shortcut,"(2, 3)",7,
192,balanced_s2,1.0,1.0,11.72950912024697,42.0,0.0,0.0,0.0,1.0,0.0,0.0,1.0,4.0,shortcut,"(2, 3)",9,
193,balanced_s2,0.0,0.0,0.0,0.0,1.0,0.0,0.0,1.0,0.0,0.0,1.0,1.0,shortcut,"(2, 3)",,3
194,balanced_s2,0.0,0.0,0.0,0.0,1.0,0.0,0.0,1.0,0.0,0.0,1.0,1.0,shortcut,"(2, 3)",,3
195,balanced_s2,0.0,0.0,0.0,0.0,1.0,0.0,0.0,1.0,0.0,0.0,1.0,1.0,shortcut,"(2, 3)",,5
196,balanced_s2,0.0,0.0,0.0,0.0,1.0,0.0,0.0,1.0,0.0,0.0,1.0,2.0,shortcut,"(2, 3)",,7
197,balanced_s2,1.0,1.0,13.16293830696572,44.0,0.0,0.0,0.0,1.0,0.0,0.0,1.0,3.0,shortcut,"(2, 3)",7,
198,balanced_s2,0.0,0.0,0.0,0.0,1.0,0.0,0.0,1.0,0.0,0.0,1.0,1.0,shortcut,"(2, 3)",,3
199,balanced_s2,1.0,1.0,13.16293830696572,44.0,0.0,0.0,0.0,1.0,0.0,0.0,1.0,3.0,shortcut,"(2, 3)",7,
