episode,policy,reach,strict_success,discounted_return,undiscounted_return,absorbed,lower_route,reached_y_below_2,shortcut,stuck_other,first_departure_1_2,first_departure_2_3,hazard_landings,route_class,first_departure_cell,time_to_goal,death_time
0,shared_s0,1.0,1.0,13.16293830696572,44.0,0.0,0.0,0.0,1.0,0.0,0.0,1.0,3.0,shortcut,"(2, 3)",7,
1,shared_s0,1.0,1.0,11.72950912024697,42.0,0.0,1.0,1.0,0.0,0.0,1.0,0.0,0.0,lower,"(1, 2)",9,
2,shared_s0,0.0,0.0,0.0,0.0,1.0,0.0,0.0,1.0,0.0,0.0,1.0,1.0,shortcut,"(2, 3)",,3
3,shared_s0,0.0,0.0,0.0,0.0,1.0,0.0,0.0,1.0,0.0,0.0,1.0,3.0,shortcut,"(2, 3)",,5
4,shared_s0,0.0,0.0,0.0,0.0,1.0,0.0,0.0,1.0,0.0,0.0,1.0,2.0,shortcut,"(2, 3)",,4
5,shared_s0,1.0,1.0,11.72950912024697,42.0,0.0,1.0,1.0,0.0,0.0,1.0,0.0,0.0,lower,"(1, 2)",9,
6,shared_s0,1.0,1.0,13.16293830696572,44.0,0.0,0.0,0.0,1.0,0.0,0.0,1.0,3.0,shortcut,"(2, 3)",7,
7,shared_s0,0.0,0.0,0.0,0.0,1.0,0.0,0.0,1.0,0.0,0.0,1.0,1.0,shortcut,"(2, 3)",,3
8,shared_s0,1.0,1.0,11.066088688957908,41.0,0.0,1.0,1.0,0.0,0.0,1.0,0.0,0.0,lower,"(1, 2)",10,
9,shared_s0,0.0,0.0,0.0,0.0,1.0,0.0,0.0,1.0,0.0,0.0,1.0,2.0,shortcut,"(2, 3)",,4
10,shared_s0,1.0,1.0,13.16293830696572,44.0,0.0,0.0,0.0,1.0,0.0,0.0,1.0,3.0,shortcut,"(2, 3)",7,
11,shared_s0,0.0,0.0,0.0,0.0,1.0,0.0,0.0,1.0,0.0,0.0,1.0,1.0,shortcut,"(2, 3)",,3
12,shared_s0,1.0,1.0,11.72950912024697,42.0,0.0,1.0,1.0,0.0,0.0,1.0,0.0,0.0,lower,"(1, 2)",9,
13,shared_s0,0.0,0.0,0.0,0.0,1.0,0.0,0.0,1.0,0.0,0.0,1.0,2.0,shortcut,"(2, 3)",,6
14,shared_s0,0.0,0.0,0.0,0.0,1.0,0.0,0.0,1.0,0.0,0.0,1.0,4.0,shortcut,"(2, 3)",,6
15,shared_s0,1.0,1.0,11.72950912024697,42.0,0.0,1.0,1.0,0.0,0.0,1.0,0.0,0.0,lower,"(1, 2)",9,
16,shared_s0,0.0,0.0,0.0,0.0,1.0,0.0,0.0,1.0,0.0,0.0,1.0,3.0,shortcut,"(2, 3)",,5
17,shared_s0,1.0,1.0,13.16293830696572,44.0,0.0,0.0,0.0,1.0,0.0,0.0,1.0,3.0,shortcut,"(2, 3)",7,
18,shared_s0,1.0,1.0,13.16293830696572,44.0,0.0,0.0,0.0,1.0,0.0,0.0,1.0,3.0,shortcut,"(2, 3)",7,
19,shared_s0,0.0,0.0,0.0,0.0,1.0,0.0,0.0,1.0,0.0,0.0,1.0,2.0,shortcut,"(2, 3)",,4
20,shared_s0,0.0,0.0,0.0,0.0,1.0,0.0,0.0,1.0,0.0,0.0,1.0,3.0,shortcut,"(2, 3)",,5
21,shared_s0,0.0,0.0,0.0,0.0,1.0,0.0,0.0,1.0,0.0,0.0,1.0,1.0,shortcut,"(2, 3)",,3
22,shared_s0,0.0,0.0,0.0,0.0,1.0,0.0,0.0,1.0,0.0,0.0,1.0,3.0,shortcut,"(2, 3)",,5
23,shared_s0,0.0,0.0,0.0,0.0,1.0,0.0,0.0,1.0,0.0,0.0,1.0,3.0,shortcut,"(2, 3)",,5
24,shared_s0,1.0,1.0,11.72950912024697,42.0,0.0,1.0,1.0,0.0,0.0,1.0,0.0,0.0,lower,"(1, 2)",9,
25,shared_s0,1.0,1.0,13.16293830696572,44.0,0.0,0.0,0.0,1.0,0.0,0.0,1.0,3.0,shortcut,"(2, 3)",7,
26,shared_s0,0.0,0.0,0.0,0.0,1.0,0.0,0.0,1.0,0.0,0.0,1.0,1.0,shortcut,"(2, 3)",,3
27,shared_s0,0.0,0.0,0.0,0.0,1.0,0.0,0.0,1.0,0.0,0.0,1.0,3.0,shortcut,"(2, 3)",,6
28,shared_s0,0.0,0.0,0.0,0.0,1.0,0.0,0.0,1.0,0.0,0.0,1.0,3.0,shortcut,"(2, 3)",,5
29,shared_s0,1.0,1.0,13.16293830696572,44.0,0.0,0.0,0.0,1.0,0.0,0.0,1.0,3.0,shortcut,"(2, 3)",7,
30,shared_s0,0.0,0.0,0.0,0.0,1.0,0.0,0.0,1.0,0.0,0.0,1.0,2.0,shortcut,"(2, 3)",,4
31,shared_s0,1.0,1.0,13.16293830696572,44.0,0.0,0.0,0.0,1.0,0.0,0.0,1.0,3.0,shortcut,"(2, 3)",7,
32,shared_s0,1.0,1.0,11.066088688957908,41.0,0.0,1.0,1.0,0.0,0.0,1.0,0.0,0.0,lower,"(1, 2)",10,
33,shared_s0,1.0,1.0,11.066088688957908,41.0,0.0,1.0,1.0,0.0,0.0,1.0,0.0,0.0,lower,"(1, 2)",10,
34,shared_s0,1.0,1.0,13.16293830696572,44.0,0.0,0.0,0.0,1.0,0.0,0.0,1.0,3.0,shortcut,"(2, 3)",7,
35,shared_s0,0.0,0.0,0.0,0.0,1.0,0.0,0.0,1.0,0.0,0.0,1.0,1.0,shortcut,"(2, 3)",,3
36,shared_s0,1.0,1.0,11.72950912024697,42.0,0.0,1.0,1.0,0.0,0.0,1.0,0.0,0.0,lower,"(1, 2)",9,
37,shared_s0,1.0,1.0,11.72950912024697,42.0,0.0,1.0,1.0,0.0,0.0,1.0,0.0,0.0,lower,"(1, 2)",9,
38,shared_s0,1.0,1.0,11.72950912024697,42.0,0.0,1.0,1.0,0.0,0.0,1.0,0.0,0.0,lower,"(1, 2)",9,
39,shared_s0,1.0,1.0,13.16293830696572,44.0,0.0,0.0,0.0,1.0,0.0,0.0,1.0,3.0,shortcut,"(2, 3)",7,
40,shared_s0,1.0,1.0,11.066088688957908,41.0,0.0,1.0,1.0,0.0,0.0,1.0,0.0,0.0,lower,"(1, 2)",10,
41,shared_s0,0.0,0.0,0.0,0.0,1.0,0.0,0.0,1.0,0.0,0.0,1.0,1.0,shortcut,"(2, 3)",,3
42,shared_s0,0.0,0.0,0.0,0.0,1.0,0.0,0.0,1.0,0.0,0.0,1.0,2.0,shortcut,"(2, 3)",,4
43,shared_s0,1.0,1.0,13.16293830696572,44.0,0.0,0.0,0.0,1.0,0.0,0.0,1.0,3.0,shortcut,"(2, 3)",7,
44,shared_s0,1.0,1.0,13.16293830696572,44.0,0.0,0.0,0.0,1.0,0.0,0.0,1.0,3.0,shortcut,"(2, 3)",7,
45,shared_s0,1.0,1.0,13.16293830696572,44.0,0.0,0.0,0.0,1.0,0.0,0.0,1.0,3.0,shortcut,"(2, 3)",7,
46,shared_s0,1.0,1.0,11.72950912024697,42.0,0.0,1.0,1.0,0.0,0.0,1.0,0.0,0.0,lower,"(1, 2)",9,
47,shared_s0,1.0,1.0,13.16293830696572,44.0,0.0,0.0,0.0,1.0,0.0,0.0,1.0,3.0,shortcut,"(2, 3)",7,
48,shared_s0,0.0,0.0,0.0,0.0,1.0,0.0,0.0,1.0,0.0,0.0,1.0,2.0,shortcut,"(2, 3)",,4
49,shared_s0,0.0,0.0,0.0,0.0,1.0,0.0,0.0,1.0,0.0,0.0,1.0,3.0,shortcut,"(2, 3)",,5
50,shared_s0,1.0,1.0,13.16293830696572,44.0,0.0,0.0,0.0,1.0,0.0,0.0,1.0,4.0,shortcut,"(2, 3)",7,
51,shared_s0,1.0,1.0,11.72950912024697,42.0,0.0,1.0,1.0,0.0,0.0,1.0,0.0,0.0,lower,"(1, 2)",9,
52,shared_s0,1.0,1.0,13.16293830696572,44.0,0.0,0.0,0.0,1.0,0.0,0.0,1.0,3.0,shortcut,"(2, 3)",7,
53,shared_s0,0.0,0.0,0.0,0.0,1.0,0.0,0.0,1.0,0.0,0.0,1.0,1.0,shortcut,"(2, 3)",,3
54,shared_s0,1.0,1.0,13.16293830696572,44.0,0.0,0.0,0.0,1.0,0.0,0.0,1.0,3.0,shortcut,"(2, 3)",7,
55,shared_s0,0.0,0.0,0.0,0.0,1.0,0.0,0.0,1.0,0.0,0.0,1.0,2.0,shortcut,"(2, 3)",,4
56,shared_s0,0.0,0.0,0.0,0.0,1.0,0.0,0.0,1.0,0.0,0.0,1.0,3.0,shortcut,"(2, 3)",,5
57,shared_s0,1.0,1.0,13.16293830696572,44.0,0.0,0.0,0.0,1.0,0.0,0.0,1.0,3.0,shortcut,"(2, 3)",7,
58,shared_s0,0.0,0.0,0.0,0.0,1.0,0.0,0.0,1.0,0.0,0.0,1.0,2.0,shortcut,"(2, 3)",,4
59,shared_s0,1.0,1.0,11.72950912024697,42.0,0.0,1.0,1.0,0.0,0.0,1.0,0.0,0.0,lower,"(1, 2)",9,
60,shared_s0,0.0,0.0,0.0,0.0,1.0,0.0,0.0,1.0,0.0,0.0,1.0,1.0,shortcut,"(2, 3)",,3
61,shared_s0,1.0,1.0,13.16293830696572,44.0,0.0,0.0,0.0,1.0,0.0,0.0,1.0,3.0,shortcut,"(2, 3)",7,
62,shared_s0,1.0,1.0,13.16293830696572,44.0,0.0,0.0,0.0,1.0,0.0,0.0,1.0,3.0,shortcut,"(2, 3)",7,
63,shared_s0,0.0,0.0,0.0,0.0,1.0,0.0,0.0,1.0,0.0,0.0,1.0,4.0,shortcut,"(2, 3)",,6
64,shared_s0,1.0,1.0,11.72950912024697,42.0,0.0,1.0,1.0,0.0,0.0,1.0,0.0,0.0,lower,"(1, 2)",9,
65,shared_s0,1.0,1.0,13.16293830696572,44.0,0.0,0.0,0.0,1.0,0.0,0.0,1.0,3.0,shortcut,"(2, 3)",7,
66,shared_s0,0.0,0.0,0.0,0.0,1.0,0.0,0.0,1.0,0.0,0.0,1.0,1.0,shortcut,"(2, 3)",,3
67,shared_s0,0.0,0.0,0.0,0.0,1.0,0.0,0.0,1.0,0.0,0.0,1.0,3.0,shortcut,"(2, 3)",,5
68,shared_s0,0.0,0.0,0.0,0.0,1.0,0.0,0.0,1.0,0.0,0.0,1.0,3.0,shortcut,"(2, 3)",,5
69,shared_s0,0.0,0.0,0.0,0.0,1.0,0.0,0.0,1.0,0.0,0.0,1.0,2.0,shortcut,"(2, 3)",,4
70,shared_s0,0.0,0.0,0.0,0.0,1.0,0.0,0.0,1.0,0.0,0.0,1.0,2.0,shortcut,"(2, 3)",,4
71,shared_s0,0.0,0.0,0.0,0.0,1.0,0.0,0.0,1.0,0.0,0.0,1.0,1.0,shortcut,"(2, 3)",,3
72,shared_s0,0.0,0.0,0.0,0.0,1.0,0.0,0.0,1.0,0.0,0.0,1.0,1.0,shortcut,"(2, 3)",,3
73,shared_s0,1.0,1.0,11.72950912024697,42.0,0.0,1.0,1.0,0.0,0.0,1.0,0.0,0.0,lower,"(1, 2)",9,
74,shared_s0,1.0,1.0,11.72950912024697,42.0,0.0,1.0,1.0,0.0,0.0,1.0,0.0,0.0,lower,"(1, 2)",9,
75,shared_s0,1.0,1.0,11.72950912024697,42.0,0.0,1.0,1.0,0.0,0.0,1.0,0.0,0.0,lower,"(1, 2)",9,
76,shared_s0,0.0,0.0,0.0,0.0,1.0,0.0,0.0,1.0,0.0,0.0,1.0,2.0,shortcut,"(2, 3)",,4
77,shared_s0,1.0,1.0,13.16293830696572,44.0,0.0,0.0,0.0,1.0,0.0,0.0,1.0,3.0,shortcut,"(2, 3)",7,
78,shared_s0,0.0,0.0,0.0,0.0,1.0,0.0,0.0,1.0,0.0,0.0,1.0,2.0,shortcut,"(2, 3)",,4
79,shared_s0,0.0,0.0,0.0,0.0,1.0,0.0,0.0,1.0,0.0,0.0,1.0,2.0,shortcut,"(2, 3)",,4
80,shared_s0,1.0,1.0,13.16293830696572,44.0,0.0,0.0,0.0,1.0,0.0,0.0,1.0,4.0,shortcut,"(2, 3)",7,
81,shared_s0,0.0,0.0,0.0,0.0,1.0,0.0,0.0,1.0,0.0,0.0,1.0,1.0,shortcut,"(2, 3)",,3
82,shared_s0,1.0,1.0,13.16293830696572,44.0,0.0,0.0,0.0,1.0,0.0,0.0,1.0,3.0,shortcut,"(2, 3)",7,
83,shared_s0,0.0,0.0,0.0,0.0,1.0,0.0,0.0,1.0,0.0,0.0,1.0,3.0,shortcut,"(2, 3)",,5
84,shared_s0,1.0,1.0,13.16293830696572,44.0,0.0,0.0,0.0,1.0,0.0,0.0,1.0,3.0,shortcut,"(2, 3)",7,
85,shared_s0,1.0,1.0,13.16293830696572,44.0,0.0,0.0,0.0,1.0,0.0,0.0,1.0,3.0,shortcut,"(2, 3)",7,
86,shared_s0,0.0,0.0,0.0,0.0,1.0,0.0,0.0,1.0,0.0,0.0,1.0,2.0,shortcut,"(2, 3)",,4
87,shared_s0,1.0,1.0,13.16293830696572,44.0,0.0,0.0,0.0,1.0,0.0,0.0,1.0,3.0,shortcut,"(2, 3)",7,
88,shared_s0,1.0,1.0,13.16293830696572,44.0,0.0,0.0,0.0,1.0,0.0,0.0,1.0,3.0,shortcut,"(2, 3)",7,
89,shared_s0,1.0,1.0,13.16293830696572,44.0,0.0,0.0,0.0,1.0,0.0,0.0,1.0,3.0,shortcut,"(2, 3)",7,
90,shared_s0,0.0,0.0,0.0,0.0,1.0,0.0,0.0,1.0,0.0,0.0,1.0,2.0,shortcut,"(2, 3)",,6
91,shared_s0,0.0,0.0,0.0,0.0,1.0,0.0,0.0,1.0,0.0,0.0,1.0,3.0,shortcut,"(2, 3)",,6
92,shared_s0,0.0,0.0,0.0,0.0,1.0,0.0,0.0,1.0,0.0,0.0,1.0,2.0,shortcut,"(2, 3)",,4
93,shared_s0,0.0,0.0,0.0,0.0,1.0,0.0,0.0,1.0,0.0,0.0,1.0,3.0,shortcut,"(2, 3)",,5
94,shared_s0,0.0,0.0,0.0,0.0,1.0,0.0,0.0,1.0,0.0,0.0,1.0,1.0,shortcut,"(2, 3)",,3
95,shared_s0,0.0,0.0,0.0,0.0,1.0,0.0,0.0,1.0,0.0,0.0,1.0,3.0,shortcut,"(2, 3)",,5
96,shared_s0,0.0,0.0,0.0,0.0,1.0,0.0,0.0,1.0,0.0,0.0,1.0,3.0,shortcut,"(2, 3)",,5
97,shared_s0,1.0,1.0,12.42784641634072,43.0,0.0,0.0,0.0,1.0,0.0,0.0,1.0,3.0,shortcut,"(2, 3)",8,
98,shared_s0,0.0,0.0,0.0,0.0,1.0,0.0,0.0,1.0,0.0,0.0,1.0,1.0,shortcut,"(2, 3)",,3
99,shared_s0,0.0,0.0,0.0,0.0,1.0,0.0,0.0,1.0,0.0,0.0,1.0,2.0,shortcut,"(2, 3)",,5
100,shared_s0,1.0,1.0,13.16293830696572,44.0,0.0,0.0,0.0,1.0,0.0,0.0,1.0,3.0,shortcut,"(2, 3)",7,
101,shared_s0,0.0,0.0,0.0,0.0,1.0,0.0,0.0,1.0,0.0,0.0,1.0,4.0,shortcut,"(2, 3)",,6
102,shared_s0,1.0,1.0,13.16293830696572,44.0,0.0,0.0,0.0,1.0,0.0,0.0,1.0,3.0,shortcut,"(2, 3)",7,
103,shared_s0,0.0,0.0,0.0,0.0,1.0,0.0,0.0,1.0,0.0,0.0,1.0,1.0,shortcut,"(2, 3)",,3
104,shared_s0,1.0,1.0,13.16293830696572,44.0,0.0,0.0,0.0,1.0,0.0,0.0,1.0,4.0,shortcut,"(2, 3)",7,
105,shared_s0,0.0,0.0,0.0,0.0,1.0,0.0,0.0,1.0,0.0,0.0,1.0,3.0,shortcut,"(2, 3)",,5
106,shared_s0,0.0,0.0,0.0,0.0,1.0,0.0,0.0,1.0,0.0,0.0,1.0,1.0,shortcut,"(2, 3)",,3
107,shared_s0,1.0,1.0,13.16293830696572,44.0,0.0,0.0,0.0,1.0,0.0,0.0,1.0,3.0,shortcut,"(2, 3)",7,
108,shared_s0,0.0,0.0,0.0,0.0,1.0,0.0,0.0,1.0,0.0,0.0,1.0,1.0,shortcut,"(2, 3)",,3
109,shared_s0,1.0,1.0,11.72950912024697,42.0,0.0,1.0,1.0,0.0,0.0,1.0,0.0,0.0,lower,"(1, 2)",9,
110,shared_s0,0.0,0.0,0.0,0.0,1.0,0.0,0.0,1.0,0.0,0.0,1.0,2.0,shortcut,"(2, 3)",,4
111,shared_s0,0.0,0.0,0.0,0.0,1.0,0.0,0.0,1.0,0.0,0.0,1.0,1.0,shortcut,"(2, 3)",,4
112,shared_s0,1.0,1.0,11.066088688957908,41.0,0.0,1.0,1.0,0.0,0.0,1.0,0.0,0.0,lower,"(1, 2)",10,
113,shared_s0,1.0,1.0,13.16293830696572,44.0,0.0,0.0,0.0,1.0,0.0,0.0,1.0,4.0,shortcut,"(2, 3)",7,
114,shared_s0,0.0,0.0,0.0,0.0,1.0,0.0,0.0,1.0,0.0,0.0,1.0,1.0,shortcut,"(2, 3)",,4
115,shared_s0,1.0,1.0,11.72950912024697,42.0,0.0,1.0,1.0,0.0,0.0,1.0,0.0,0.0,lower,"(1, 2)",9,
116,shared_s0,0.0,0.0,0.0,0.0,1.0,0.0,0.0,1.0,0.0,0.0,1.0,2.0,shortcut,"(2, 3)",,4
117,shared_s0,0.0,0.0,0.0,0.0,1.0,0.0,0.0,1.0,0.0,0.0,1.0,1.0,shortcut,"(2, 3)",,3
118,shared_s0,0.0,0.0,0.0,0.0,1.0,0.0,0.0,1.0,0.0,0.0,1.0,2.0,shortcut,"(2, 3)",,4
119,shared_s0,0.0,0.0,0.0,0.0,1.0,0.0,0.0,1.0,0.0,0.0,1.0,2.0,shortcut,"(2, 3)",,4
120,shared_s0,1.0,1.0,13.16293830696572,44.0,0.0,0.0,0.0,1.0,0.0,0.0,1.0,3.0,shortcut,"(2, 3)",7,
121,shared_s0,1.0,1.0,13.16293830696572,44.0,0.0,0.0,0.0,1.0,0.0,0.0,1.0,3.0,shortcut,"(2, 3)",7,
122,shared_s0,0.0,0.0,0.0,0.0,1.0,0.0,0.0,1.0,0.0,0.0,1.0,1.0,shortcut,"(2, 3)",,3
123,shared_s0,0.0,0.0,0.0,0.0,1.0,0.0,0.0,1.0,0.0,0.0,1.0,1.0,shortcut,"(2, 3)",,3
124,shared_s0,1.0,1.0,12.42784641634072,43.0,0.0,0.0,0.0,1.0,0.0,0.0,1.0,4.0,shortcut,"(2, 3)",8,
125,shared_s0,0.0,0.0,0.0,0.0,1.0,0.0,0.0,1.0,0.0,0.0,1.0,1.0,shortcut,"(2, 3)",,4
126,shared_s0,0.0,0.0,0.0,0.0,1.0,0.0,0.0,1.0,0.0,0.0,1.0,1.0,shortcut,"(2, 3)",,3
127,shared_s0,0.0,0.0,0.0,0.0,1.0,0.0,0.0,1.0,0.0,0.0,1.0,2.0,shortcut,"(2, 3)",,4
128,shared_s0,1.0,1.0,13.16293830696572,44.0,0.0,0.0,0.0,1.0,0.0,0.0,1.0,3.0,shortcut,"(2, 3)",7,
129,shared_s0,0.0,0.0,0.0,0.0,1.0,0.0,0.0,1.0,0.0,0.0,1.0,2.0,shortcut,"(2, 3)",,4
130,shared_s0,0.0,0.0,0.0,0.0,1.0,0.0,0.0,1.0,0.0,0.0,1.0,1.0,shortcut,"(2, 3)",,3
131,shared_s0,1.0,1.0,13.16293830696572,44.0,0.0,0.0,0.0,1.0,0.0,0.0,1.0,3.0,shortcut,"(2, 3)",7,
132,shared_s0,1.0,1.0,11.72950912024697,42.0,0.0,1.0,1.0,0.0,0.0,1.0,0.0,0.0,lower,"(1, 2)",9,
133,shared_s0,1.0,1.0,13.16293830696572,44.0,0.0,0.0,0.0,1.0,0.0,0.0,1.0,3.0,shortcut,"(2, 3)",7,
134,shared_s0,1.0,1.0,11.72950912024697,42.0,0.0,1.0,1.0,0.0,0.0,1.0,0.0,0.0,lower,"(1, 2)",9,
135,shared_s0,0.0,0.0,0.0,0.0,1.0,0.0,0.0,1.0,0.0,0.0,1.0,3.0,shortcut,"(2, 3)",,5
136,shared_s0,0.0,0.0,0.0,0.0,1.0,0.0,0.0,1.0,0.0,0.0,1.0,1.0,shortcut,"(2, 3)",,3
137,shared_s0,0.0,0.0,0.0,0.0,1.0,0.0,0.0,1.0,0.0,0.0,1.0,2.0,shortcut,"(2, 3)",,4
138,shared_s0,0.0,0.0,0.0,0.0,1.0,0.0,0.0,1.0,0.0,0.0,1.0,1.0,shortcut,"(2, 3)",,3
139,shared_s0,1.0,1.0,11.72950912024697,42.0,0.0,1.0,1.0,0.0,0.0,1.0,0.0,0.0,lower,"(1, 2)",9,
140,shared_s0,0.0,0.0,0.0,0.0,1.0,0.0,0.0,1.0,0.0,0.0,1.0,2.0,shortcut,"(2, 3)",,4
141,shared_s0,0.0,0.0,0.0,0.0,1.0,0.0,0.0,1.0,0.0,0.0,1.0,2.0,shortcut,"(2, 3)",,4
142,shared_s0,0.0,0.0,0.0,0.0,1.0,1.0,0.0,0.0,0.0,0.0,1.0,2.0,lower,"(2, 3)",,7
143,shared_s0,1.0,1.0,13.16293830696572,44.0,0.0,0.0,0.0,1.0,0.0,0.0,1.0,3.0,shortcut,"(2, 3)",7,
144,shared_s0,0.0,0.0,0.0,0.0,1.0,0.0,0.0,1.0,0.0,0.0,1.0,3.0,shortcut,"(2, 3)",,5
145,shared_s0,1.0,1.0,13.16293830696572,44.0,0.0,0.0,0.0,1.0,0.0,0.0,1.0,3.0,shortcut,"(2, 3)",7,
146,shared_s0,0.0,0.0,0.0,0.0,1.0,0.0,0.0,1.0,0.0,0.0,1.0,1.0,shortcut,"(2, 3)",,3
147,shared_s0,1.0,1.0,13.16293830696572,44.0,0.0,0.0,0.0,1.0,0.0,0.0,1.0,3.0,shortcut,"(2, 3)",7,
148,shared_s0,0.0,0.0,0.0,0.0,1.0,0.0,0.0,1.0,0.0,0.0,1.0,2.0,shortcut,"(2, 3)",,4
149,shared_s0,0.0,0.0,0.0,0.0,1.0,0.0,0.0,1.0,0.0,0.0,1.0,3.0,shortcut,"(2, 3)",,5
150,shared_s0,1.0,1.0,11.72950912024697,42.0,0.0,1.0,1.0,0.0,0.0,1.0,0.0,0.0,lower,"(1, 2)",9,
151,shared_s0,0.0,0.0,0.0,0.0,1.0,0.0,0.0,1.0,0.0,0.0,1.0,1.0,shortcut,"(2, 3)",,5
152,shared_s0,0.0,0.0,0.0,0.0,1.0,0.0,0.0,1.0,0.0,0.0,1.0,2.0,shortcut,"(2, 3)",,4
153,shared_s0,0.0,0.0,0.0,0.0,1.0,0.0,0.0,1.0,0.0,0.0,1.0,2.0,shortcut,"(2, 3)",,4
154,shared_s0,1.0,1.0,13.16293830696572,44.0,0.0,0.0,0.0,1.0,0.0,0.0,1.0,3.0,shortcut,"(2, 3)",7,
155,shared_s0,1.0,1.0,13.16293830696572,44.0,0.0,0.0,0.0,1.0,0.0,0.0,1.0,3.0,shortcut,"(2, 3)",7,
156,shared_s0,1.0,1.0,13.16293830696572,44.0,0.0,0.0,0.0,1.0,0.0,0.0,1.0,3.0,shortcut,"(2, 3)",7,
157,shared_s0,0.0,0.0,0.0,0.0,1.0,0.0,0.0,1.0,0.0,0.0,1.0,2.0,shortcut,"(2, 3)",,4
158,shared_s0,1.0,1.0,13.16293830696572,44.0,0.0,0.0,0.0,1.0,0.0,0.0,1.0,3.0,shortcut,"(2, 3)",7,
159,shared_s0,1.0,1.0,11.72950912024697,42.0,0.0,1.0,1.0,0.0,0.0,1.0,0.0,0.0,lower,"(1, 2)",9,
160,shared_s0,1.0,1.0,13.16293830696572,44.0,0.0,0.0,0.0,1.0,0.0,0.0,1.0,3.0,shortcut,"(2, 3)",7,
161,shared_s0,0.0,0.0,0.0,0.0,1.0,0.0,0.0,1.0,0.0,0.0,1.0,2.0,shortcut,"(2, 3)",,6
162,shared_s0,0.0,0.0,0.0,0.0,1.0,0.0,0.0,1.0,0.0,0.0,1.0,1.0,shortcut,"(2, 3)",,3
163,shared_s0,1.0,1.0,11.72950912024697,42.0,0.0,1.0,1.0,0.0,0.0,1.0,0.0,0.0,lower,"(1, 2)",9,
164,shared_s0,0.0,0.0,0.0,0.0,1.0,0.0,0.0,1.0,0.0,0.0,1.0,2.0,shortcut,"(2, 3)",,4
165,shared_s0,1.0,1.0,11.72950912024697,42.0,0.0,1.0,1.0,0.0,0.0,1.0,0.0,0.0,lower,"(1, 2)",9,
166,shared_s0,0.0,0.0,0.0,0.0,1.0,0.0,0.0,1.0,0.0,0.0,1.0,3.0,shortcut,"(2, 3)",,5
167,shared_s0,1.0,1.0,13.16293830696572,44.0,0.0,0.0,0.0,1.0,0.0,0.0,1.0,3.0,shortcut,"(2, 3)",7,
168,shared_s0,1.0,1.0,12.42784641634072,43.0,0.0,0.0,0.0,1.0,0.0,0.0,1.0,3.0,shortcut,"(2, 3)",8,
169,shared_s0,1.0,1.0,13.16293830696572,44.0,0.0,0.0,0.0,1.0,0.0,0.0,1.0,3.0,shortcut,"(2, 3)",7,
170,shared_s0,0.0,0.0,0.0,0.0,1.0,0.0,0.0,1.0,0.0,0.0,1.0,3.0,shortcut,"(2, 3)",,7
171,shared_s0,1.0,1.0,11.72950912024697,42.0,0.0,1.0,1.0,0.0,0.0,1.0,0.0,0.0,lower,"(1, 2)",9,
172,shared_s0,1.0,1.0,13.16293830696572,44.0,0.0,0.0,0.0,1.0,0.0,0.0,1.0,3.0,shortcut,"(2, 3)",7,
173,shared_s0,0.0,0.0,0.0,0.0,1.0,0.0,0.0,1.0,0.0,0.0,1.0,2.0,shortcut,"(2, 3)",,4
174,shared_s0,1.0,1.0,11.72950912024697,42.0,0.0,1.0,1.0,0.0,0.0,1.0,0.0,0.0,lower,"(1, 2)",9,
175,shared_s0,1.0,1.0,13.16293830696572,44.0,0.0,0.0,0.0,1.0,0.0,0.0,1.0,3.0,shortcut,"(2, 3)",7,
176,shared_s0,0.0,0.0,0.0,0.0,1.0,0.0,0.0,1.0,0.0,0.0,1.0,3.0,shortcut,"(2, 3)",,5
177,shared_s0,0.0,0.0,0.0,0.0,1.0,0.0,0.0,1.0,0.0,0.0,1.0,2.0,shortcut,"(2, 3)",,4
178,shared_s0,1.0,1.0,13.16293830696572,44.0,0.0,0.0,0.0,1.0,0.0,0.0,1.0,3.0,shortcut,"(2, 3)",7,
179,shared_s0,0.0,0.0,0.0,0.0,1.0,0.0,0.0,1.0,0.0,0.0,1.0,2.0,shortcut,"(2, 3)",,4
180,shared_s0,0.0,0.0,0.0,0.0,1.0,0.0,0.0,1.0,0.0,0.0,1.0,3.0,shortcut,"(2, 3)",,5
181,shared_s0,1.0,1.0,13.16293830696572,44.0,0.0,0.0,0.0,1.0,0.0,0.0,1.0,3.0,shortcut,"(2, 3)",7,
182,shared_s0,0.0,0.0,0.0,0.0,1.0,0.0,0.0,1.0,0.0,0.0,1.0,2.0,shortcut,"(2, 3)",,4
183,shared_s0,0.0,0.0,0.0,0.0,1.0,0.0,0.0,1.0,0.0,0.0,1.0,3.0,shortcut,"(2, 3)",,5
184,shared_s0,0.0,0.0,0.0,0.0,1.0,0.0,0.0,1.0,0.0,0.0,1.0,2.0,shortcut,"(2, 3)",,4
185,shared_s0,1.0,1.0,11.72950912024697,42.0,0.0,1.0,1.0,0.0,0.0,1.0,0.0,0.0,lower,"(1, 2)",9,
186,shared_s0,0.0,0.0,0.0,0.0,1.0,0.0,0.0,1.0,0.0,0.0,1.0,3.0,shortcut,"(2, 3)",,5
187,shared_s0,0.0,0.0,0.0,0.0,1.0,0.0,0.0,1.0,0.0,0.0,1.0,2.0,shortcut,"(2, 3)",,4
188,shared_s0,0.0,0.0,0.0,0.0,1.0,0.0,0.0,1.0,0.0,0.0,1.0,2.0,shortcut,"(2, 3)",,4
189,shared_s0,1.0,1.0,11.72950912024697,42.0,0.0,1.0,1.0,0.0,0.0,1.0,0.0,0.0,lower,"(1, 2)",9,
190,shared_s0,1.0,1.0,13.16293830696572,44.0,0.0,0.0,0.0,1.0,0.0,0.0,1.0,3.0,shortcut,"(2, 3)",7,
191,shared_s0,1.0,1.0,11.72950912024697,42.0,0.0,1.0,1.0,0.0,0.0,1.0,0.0,0.0,lower,"(1, 2)",9,
192,shared_s0,0.0,0.0,0.0,0.0,1.0,0.0,0.0,1.0,0.0,0.0,1.0,3.0,shortcut,"(2, 3)",,7
193,shared_s0,0.0,0.0,0.0,0.0,1.0,0.0,0.0,1.0,0.0,0.0,1.0,1.0,shortcut,"(2, 3)",,3
194,shared_s0,0.0,0.0,0.0,0.0,1.0,0.0,0.0,1.0,0.0,0.0,1.0,3.0,shortcut,"(2, 3)",,5
195,shared_s0,1.0,1.0,13.16293830696572,44.0,0.0,0.0,0.0,1.0,0.0,0.0,1.0,3.0,shortcut,"(2, 3)",7,
196,shared_s0,1.0,1.0,13.16293830696572,44.0,0.0,0.0,0.0,1.0,0.0,0.0,1.0,3.0,shortcut,"(2, 3)",7,
197,shared_s0,0.0,0.0,0.0,0.0,1.0,0.0,0.0,1.0,0.0,0.0,1.0,1.0,shortcut,"(2, 3)",,3
198,shared_s0,0.0,0.0,0.0,0.0,1.0,0.0,0.0,1.0,0.0,0.0,1.0,1.0,shortcut,"(2, 3)",,3
199,shared_s0,0.0,0.0,0.0,0.0,1.0,0.0,0.0,1.0,0.0,0.0,1.0,2.0,shortcut,"(2, 3)",,4
200,shared_s0,0.0,0.0,0.0,0.0,1.0,0.0,0.0,1.0,0.0,0.0,1.0,1.0,shortcut,"(2, 3)",,5
201,shared_s0,0.0,0.0,0.0,0.0,1.0,0.0,0.0,1.0,0.0,0.0,1.0,2.0,shortcut,"(2, 3)",,5
202,shared_s0,1.0,1.0,13.16293830696572,44.0,0.0,0.0,0.0,1.0,0.0,0.0,1.0,3.0,shortcut,"(2, 3)",7,
203,shared_s0,0.0,0.0,0.0,0.0,1.0,0.0,0.0,1.0,0.0,0.0,1.0,3.0,shortcut,"(2, 3)",,7
204,shared_s0,0.0,0.0,0.0,0.0,1.0,0.0,0.0,1.0,0.0,0.0,1.0,2.0,shortcut,"(2, 3)",,4
205,shared_s0,0.0,0.0,0.0,0.0,1.0,0.0,0.0,1.0,0.0,0.0,1.0,2.0,shortcut,"(2, 3)",,4
206,shared_s0,0.0,0.0,0.0,0.0,1.0,0.0,0.0,1.0,0.0,0.0,1.0,1.0,shortcut,"(2, 3)",,3
207,shared_s0,0.0,0.0,0.0,0.0,1.0,0.0,0.0,1.0,0.0,0.0,1.0,1.0,shortcut,"(2, 3)",,3
208,shared_s0,1.0,1.0,13.16293830696572,44.0,0.0,0.0,0.0,1.0,0.0,0.0,1.0,3.0,shortcut,"(2, 3)",7,
209,shared_s0,0.0,0.0,0.0,0.0,1.0,0.0,0.0,1.0,0.0,0.0,1.0,2.0,shortcut,"(2, 3)",,4
210,shared_s0,0.0,0.0,0.0,0.0,1.0,0.0,0.0,1.0,0.0,0.0,1.0,2.0,shortcut,"(2, 3)",,4
211,shared_s0,1.0,1.0,13.16293830696572,44.0,0.0,0.0,0.0,1.0,0.0,0.0,1.0,3.0,shortcut,"(2, 3)",7,
212,shared_s0,1.0,1.0,13.16293830696572,44.0,0.0,0.0,0.0,1.0,0.0,0.0,1.0,3.0,shortcut,"(2, 3)",7,
213,shared_s0,0.0,0.0,0.0,0.0,1.0,0.0,0.0,1.0,0.0,0.0,1.0,3.0,shortcut,"(2, 3)",,5
214,shared_s0,0.0,0.0,0.0,0.0,1.0,0.0,0.0,1.0,0.0,0.0,1.0,1.0,shortcut,"(2, 3)",,3
215,shared_s0,0.0,0.0,0.0,0.0,1.0,0.0,0.0,1.0,0.0,0.0,1.0,2.0,shortcut,"(2, 3)",,4
216,shared_s0,0.0,0.0,0.0,0.0,1.0,0.0,0.0,1.0,0.0,0.0,1.0,1.0,shortcut,"(2, 3)",,3
217,shared_s0,0.0,0.0,0.0,0.0,1.0,0.0,0.0,1.0,0.0,0.0,1.0,2.0,shortcut,"(2, 3)",,4
218,shared_s0,0.0,0.0,0.0,0.0,1.0,0.0,0.0,1.0,0.0,0.0,1.0,1.0,shortcut,"(2, 3)",,3
219,shared_s0,1.0,1.0,11.72950912024697,42.0,0.0,0.0,0.0,1.0,0.0,0.0,1.0,4.0,shortcut,"(2, 3)",9,
220,shared_s0,1.0,1.0,13.16293830696572,44.0,0.0,0.0,0.0,1.0,0.0,0.0,1.0,3.0,shortcut,"(2, 3)",7,
221,shared_s0,0.0,0.0,0.0,0.0,1.0,0.0,0.0,1.0,0.0,0.0,1.0,2.0,shortcut,"(2, 3)",,4
222,shared_s0,1.0,1.0,13.16293830696572,44.0,0.0,0.0,0.0,1.0,0.0,0.0,1.0,3.0,shortcut,"(2, 3)",7,
223,shared_s0,0.0,0.0,0.0,0.0,1.0,0.0,0.0,1.0,0.0,0.0,1.0,2.0,shortcut,"(2, 3)",,4
224,shared_s0,0.0,0.0,0.0,0.0,1.0,0.0,0.0,1.0,0.0,0.0,1.0,2.0,shortcut,"(2, 3)",,5
225,shared_s0,0.0,0.0,0.0,0.0,1.0,0.0,0.0,1.0,0.0,0.0,1.0,1.0,shortcut,"(2, 3)",,3
226,shared_s0,0.0,0.0,0.0,0.0,1.0,0.0,0.0,1.0,0.0,0.0,1.0,1.0,shortcut,"(2, 3)",,3
227,shared_s0,0.0,0.0,0.0,0.0,1.0,0.0,0.0,1.0,0.0,0.0,1.0,3.0,shortcut,"(2, 3)",,5
228,shared_s0,1.0,1.0,11.72950912024697,42.0,0.0,1.0,1.0,0.0,0.0,1.0,0.0,0.0,lower,"(1, 2)",9,
229,shared_s0,1.0,1.0,13.16293830696572,44.0,0.0,0.0,0.0,1.0,0.0,0.0,1.0,3.0,shortcut,"(2, 3)",7,
230,shared_s0,0.0,0.0,0.0,0.0,1.0,0.0,0.0,1.0,0.0,0.0,1.0,1.0,shortcut,"(2, 3)",,5
231,shared_s0,0.0,0.0,0.0,0.0,1.0,0.0,0.0,1.0,0.0,0.0,1.0,2.0,shortcut,"(2, 3)",,4
232,shared_s0,0.0,0.0,0.0,0.0,1.0,0.0,0.0,1.0,0.0,0.0,1.0,1.0,shortcut,"(2, 3)",,3
233,shared_s0,1.0,1.0,11.72950912024697,42.0,0.0,1.0,1.0,0.0,0.0,1.0,0.0,0.0,lower,"(1, 2)",9,
234,shared_s0,1.0,1.0,13.16293830696572,44.0,0.0,0.0,0.0,1.0,0.0,0.0,1.0,4.0,shortcut,"(2, 3)",7,
235,shared_s0,1.0,1.0,13.16293830696572,44.0,0.0,0.0,0.0,1.0,0.0,0.0,1.0,3.0,shortcut,"(2, 3)",7,
236,shared_s0,1.0,1.0,13.16293830696572,44.0,0.0,0.0,0.0,1.0,0.0,0.0,1.0,3.0,shortcut,"(2, 3)",7,
237,shared_s0,0.0,0.0,0.0,0.0,1.0,0.0,0.0,1.0,0.0,0.0,1.0,3.0,shortcut,"(2, 3)",,5
238,shared_s0,1.0,1.0,13.16293830696572,44.0,0.0,0.0,0.0,1.0,0.0,0.0,1.0,3.0,shortcut,"(2, 3)",7,
239,shared_s0,0.0,0.0,0.0,0.0,1.0,0.0,0.0,1.0,0.0,0.0,1.0,3.0,shortcut,"(2, 3)",,5
240,shared_s0,1.0,1.0,11.72950912024697,42.0,0.0,1.0,1.0,0.0,0.0,1.0,0.0,0.0,lower,"(1, 2)",9,
241,shared_s0,0.0,0.0,0.0,0.0,1.0,0.0,0.0,1.0,0.0,0.0,1.0,3.0,shortcut,"(2, 3)",,5
242,shared_s0,0.0,0.0,0.0,0.0,1.0,0.0,0.0,1.0,0.0,0.0,1.0,2.0,shortcut,"(2, 3)",,4
243,shared_s0,1.0,1.0,13.16293830696572,44.0,0.0,0.0,0.0,1.0,0.0,0.0,1.0,3.0,shortcut,"(2, 3)",7,
244,shared_s0,0.0,0.0,0.0,0.0,1.0,0.0,0.0,1.0,0.0,0.0,1.0,3.0,shortcut,"(2, 3)",,5
245,shared_s0,0.0,0.0,0.0,0.0,1.0,0.0,0.0,1.0,0.0,0.0,1.0,1.0,shortcut,"(2, 3)",,3
246,shared_s0,0.0,0.0,0.0,0.0,1.0,0.0,0.0,1.0,0.0,0.0,1.0,1.0,shortcut,"(2, 3)",,3
247,shared_s0,0.0,0.0,0.0,0.0,1.0,0.0,0.0,1.0,0.0,0.0,1.0,2.0,shortcut,"(2, 3)",,6
248,shared_s0,1.0,1.0,13.16293830696572,44.0,0.0,0.0,0.0,1.0,0.0,0.0,1.0,3.0,shortcut,"(2, 3)",7,
249,shared_s0,1.0,1.0,11.72950912024697,42.0,0.0,1.0,1.0,0.0,0.0,1.0,0.0,0.0,lower,"(1, 2)",9,
250,shared_s0,1.0,1.0,13.16293830696572,44.0,0.0,0.0,0.0,1.0,0.0,0.0,1.0,4.0,shortcut,"(2, 3)",7,
251,shared_s0,0.0,0.0,0.0,0.0,1.0,0.0,0.0,1.0,0.0,0.0,1.0,1.0,shortcut,"(2, 3)",,3
252,shared_s0,1.0,1.0,13.16293830696572,44.0,0.0,0.0,0.0,1.0,0.0,0.0,1.0,3.0,shortcut,"(2, 3)",7,
253,shared_s0,0.0,0.0,0.0,0.0,1.0,0.0,0.0,1.0,0.0,0.0,1.0,2.0,shortcut,"(2, 3)",,4
254,shared_s0,1.0,1.0,11.066088688957908,41.0,0.0,1.0,1.0,0.0,0.0,1.0,0.0,0.0,lower,"(1, 2)",10,
255,shared_s0,1.0,1.0,13.16293830696572,44.0,0.0,0.0,0.0,1.0,0.0,0.0,1.0,3.0,shortcut,"(2, 3)",7,
256,shared_s0,1.0,1.0,13.16293830696572,44.0,0.0,0.0,0.0,1.0,0.0,0.0,1.0,3.0,shortcut,"(2, 3)",7,
257,shared_s0,0.0,0.0,0.0,0.0,1.0,0.0,0.0,1.0,0.0,0.0,1.0,1.0,shortcut,"(2, 3)",,3
258,shared_s0,0.0,0.0,0.0,0.0,1.0,0.0,0.0,1.0,0.0,0.0,1.0,2.0,shortcut,"(2, 3)",,4
259,shared_s0,0.0,0.0,0.0,0.0,1.0,0.0,0.0,1.0,0.0,0.0,1.0,2.0,shortcut,"(2, 3)",,4
260,shared_s0,1.0,1.0,13.16293830696572,44.0,0.0,0.0,0.0,1.0,0.0,0.0,1.0,3.0,shortcut,"(2, 3)",7,
261,shared_s0,0.0,0.0,0.0,0.0,1.0,0.0,0.0,1.0,0.0,0.0,1.0,1.0,shortcut,"(2, 3)",,3
262,shared_s0,0.0,0.0,0.0,0.0,1.0,0.0,0.0,1.0,0.0,0.0,1.0,3.0,shortcut,"(2, 3)",,5
263,shared_s0,0.0,0.0,0.0,0.0,1.0,0.0,0.0,1.0,0.0,0.0,1.0,3.0,shortcut,"(2, 3)",,5
264,shared_s0,0.0,0.0,0.0,0.0,1.0,0.0,0.0,1.0,0.0,0.0,1.0,3.0,shortcut,"(2, 3)",,5
265,shared_s0,1.0,1.0,11.066088688957908,41.0,0.0,1.0,1.0,0.0,0.0,1.0,0.0,0.0,lower,"(1, 2)",10,
266,shared_s0,0.0,0.0,0.0,0.0,1.0,0.0,0.0,1.0,0.0,0.0,1.0,2.0,shortcut,"(2, 3)",,4
267,shared_s0,1.0,1.0,11.72950912024697,42.0,0.0,1.0,1.0,0.0,0.0,1.0,0.0,0.0,lower,"(1, 2)",9,
268,shared_s0,0.0,0.0,0.0,0.0,1.0,0.0,0.0,1.0,0.0,0.0,1.0,3.0,shortcut,"(2, 3)",,5
269,shared_s0,0.0,0.0,0.0,0.0,1.0,0.0,0.0,1.0,0.0,0.0,1.0,1.0,shortcut,"(2, 3)",,3
270,shared_s0,1.0,1.0,11.066088688957908,41.0,0.0,1.0,1.0,0.0,0.0,1.0,0.0,0.0,lower,"(1, 2)",10,
271,shared_s0,1.0,1.0,13.16293830696572,44.0,0.0,0.0,0.0,1.0,0.0,0.0,1.0,3.0,shortcut,"(2, 3)",7,
272,shared_s0,0.0,0.0,0.0,0.0,1.0,0.0,0.0,1.0,0.0,0.0,1.0,2.0,shortcut,"(2, 3)",,4
273,shared_s0,0.0,0.0,0.0,0.0,1.0,0.0,0.0,1.0,0.0,0.0,1.0,2.0,shortcut,"(2, 3)",,4
274,shared_s0,1.0,1.0,11.72950912024697,42.0,0.0,1.0,1.0,0.0,0.0,1.0,0.0,0.0,lower,"(1, 2)",9,
275,shared_s0,0.0,0.0,0.0,0.0,1.0,0.0,0.0,1.0,0.0,0.0,1.0,2.0,shortcut,"(2, 3)",,4
276,shared_s0,0.0,0.0,0.0,0.0,1.0,0.0,0.0,1.0,0.0,0.0,1.0,1.0,shortcut,"(2, 3)",,3
277,shared_s0,0.0,0.0,0.0,0.0,1.0,0.0,0.0,1.0,0.0,0.0,1.0,1.0,shortcut,"(2, 3)",,3
278,shared_s0,0.0,0.0,0.0,0.0,1.0,0.0,0.0,1.0,0.0,0.0,1.0,2.0,shortcut,"(2, 3)",,4
279,shared_s0,1.0,1.0,13.16293830696572,44.0,0.0,0.0,0.0,1.0,0.0,0.0,1.0,3.0,shortcut,"(2, 3)",7,
280,shared_s0,0.0,0.0,0.0,0.0,1.0,0.0,0.0,1.0,0.0,0.0,1.0,2.0,shortcut,"(2, 3)",,4
281,shared_s0,1.0,1.0,12.42784641634072,43.0,0.0,0.0,0.0,1.0,0.0,0.0,1.0,3.0,shortcut,"(2, 3)",8,
282,shared_s0,1.0,1.0,13.16293830696572,44.0,0.0,0.0,0.0,1.0,0.0,0.0,1.0,3.0,shortcut,"(2, 3)",7,
283,shared_s0,1.0,1.0,13.16293830696572,44.0,0.0,0.0,0.0,1.0,0.0,0.0,1.0,3.0,shortcut,"(2, 3)",7,
284,shared_s0,1.0,1.0,13.16293830696572,44.0,0.0,0.0,0.0,1.0,0.0,0.0,1.0,4.0,shortcut,"(2, 3)",7,
285,shared_s0,0.0,0.0,0.0,0.0,1.0,0.0,0.0,1.0,0.0,0.0,1.0,3.0,shortcut,"(2, 3)",,5
286,shared_s0,0.0,0.0,0.0,0.0,1.0,0.0,0.0,1.0,0.0,0.0,1.0,2.0,shortcut,"(2, 3)",,4
287,shared_s0,1.0,1.0,13.16293830696572,44.0,0.0,0.0,0.0,1.0,0.0,0.0,1.0,3.0,shortcut,"(2, 3)",7,
288,shared_s0,0.0,0.0,0.0,0.0,1.0,0.0,0.0,1.0,0.0,0.0,1.0,3.0,shortcut,"(2, 3)",,5
289,shared_s0,0.0,0.0,0.0,0.0,1.0,0.0,0.0,1.0,0.0,0.0,1.0,2.0,shortcut,"(2, 3)",,4
290,shared_s0,1.0,1.0,11.72950912024697,42.0,0.0,1.0,1.0,0.0,0.0,1.0,0.0,0.0,lower,"(1, 2)",9,
291,shared_s0,0.0,0.0,0.0,0.0,1.0,0.0,0.0,1.0,0.0,0.0,1.0,2.0,shortcut,"(2, 3)",,4
292,shared_s0,0.0,0.0,0.0,0.0,1.0,0.0,0.0,1.0,0.0,0.0,1.0,2.0,shortcut,"(2, 3)",,4
293,shared_s0,0.0,0.0,0.0,0.0,1.0,0.0,0.0,1.0,0.0,0.0,1.0,3.0,shortcut,"(2, 3)",,5
294,shared_s0,1.0,1.0,13.16293830696572,44.0,0.0,0.0,0.0,1.0,0.0,0.0,1.0,3.0,shortcut,"(2, 3)",7,
295,shared_s0,0.0,0.0,0.0,0.0,1.0,0.0,0.0,1.0,0.0,0.0,1.0,2.0,shortcut,"(2, 3)",,5
296,shared_s0,0.0,0.0,0.0,0.0,1.0,0.0,0.0,1.0,0.0,0.0,1.0,1.0,shortcut,"(2, 3)",,3
297,shared_s0,1.0,1.0,13.16293830696572,44.0,0.0,0.0,0.0,1.0,0.0,0.0,1.0,3.0,shortcut,"(2, 3)",7,
298,shared_s0,1.0,1.0,11.72950912024697,42.0,0.0,1.0,1.0,0.0,0.0,1.0,0.0,0.0,lower,"(1, 2)",9,
299,shared_s0,0.0,0.0,0.0,0.0,1.0,0.0,0.0,1.0,0.0,0.0,1.0,1.0,shortcut,"(2, 3)",,3
0,balanced_s0,1.0,1.0,13.16293830696572,44.0,0.0,0.0,0.0,1.0,0.0,0.0,1.0,3.0,shortcut,"(2, 3)",7,
1,balanced_s0,1.0,1.0,11.066088688957908,41.0,0.0,1.0,1.0,0.0,0.0,1.0,0.0,0.0,lower,"(1, 2)",10,
2,balanced_s0,0.0,0.0,0.0,0.0,1.0,0.0,0.0,1.0,0.0,0.0,1.0,1.0,shortcut,"(2, 3)",,3
3,balanced_s0,0.0,0.0,0.0,0.0,1.0,0.0,0.0,1.0,0.0,0.0,1.0,3.0,shortcut,"(2, 3)",,5
4,balanced_s0,0.0,0.0,0.0,0.0,1.0,0.0,0.0,1.0,0.0,0.0,1.0,2.0,shortcut,"(2, 3)",,4
5,balanced_s0,1.0,1.0,11.066088688957908,41.0,0.0,1.0,1.0,0.0,0.0,1.0,0.0,0.0,lower,"(1, 2)",10,
6,balanced_s0,1.0,1.0,13.16293830696572,44.0,0.0,0.0,0.0,1.0,0.0,0.0,1.0,3.0,shortcut,"(2, 3)",7,
7,balanced_s0,0.0,0.0,0.0,0.0,1.0,0.0,0.0,1.0,0.0,0.0,1.0,1.0,shortcut,"(2, 3)",,3
8,balanced_s0,1.0,1.0,13.16293830696572,44.0,0.0,0.0,0.0,1.0,0.0,0.0,1.0,4.0,shortcut,"(2, 3)",7,
9,balanced_s0,0.0,0.0,0.0,0.0,1.0,0.0,0.0,1.0,0.0,0.0,1.0,2.0,shortcut,"(2, 3)",,4
10,balanced_s0,1.0,1.0,13.16293830696572,44.0,0.0,0.0,0.0,1.0,0.0,0.0,1.0,4.0,shortcut,"(2, 3)",7,
11,balanced_s0,0.0,0.0,0.0,0.0,1.0,0.0,0.0,1.0,0.0,0.0,1.0,1.0,shortcut,"(2, 3)",,3
12,balanced_s0,1.0,1.0,12.42784641634072,43.0,0.0,0.0,0.0,1.0,0.0,0.0,1.0,4.0,shortcut,"(2, 3)",8,
13,balanced_s0,0.0,0.0,0.0,0.0,1.0,0.0,0.0,1.0,0.0,0.0,1.0,2.0,shortcut,"(2, 3)",,6
14,balanced_s0,0.0,0.0,0.0,0.0,1.0,0.0,0.0,1.0,0.0,0.0,1.0,3.0,shortcut,"(2, 3)",,5
15,balanced_s0,1.0,1.0,11.72950912024697,42.0,0.0,1.0,1.0,0.0,0.0,1.0,0.0,0.0,lower,"(1, 2)",9,
16,balanced_s0,0.0,0.0,0.0,0.0,1.0,0.0,0.0,1.0,0.0,0.0,1.0,3.0,shortcut,"(2, 3)",,5
17,balanced_s0,1.0,1.0,13.16293830696572,44.0,0.0,0.0,0.0,1.0,0.0,0.0,1.0,3.0,shortcut,"(2, 3)",7,
18,balanced_s0,1.0,1.0,13.16293830696572,44.0,0.0,0.0,0.0,1.0,0.0,0.0,1.0,3.0,shortcut,"(2, 3)",7,
19,balanced_s0,0.0,0.0,0.0,0.0,1.0,0.0,0.0,1.0,0.0,0.0,1.0,2.0,shortcut,"(2, 3)",,4
20,balanced_s0,0.0,0.0,0.0,0.0,1.0,0.0,0.0,1.0,0.0,0.0,1.0,3.0,shortcut,"(2, 3)",,5
21,balanced_s0,0.0,0.0,0.0,0.0,1.0,0.0,0.0,1.0,0.0,0.0,1.0,1.0,shortcut,"(2, 3)",,3
22,balanced_s0,0.0,0.0,0.0,0.0,1.0,0.0,0.0,1.0,0.0,0.0,1.0,2.0,shortcut,"(2, 3)",,5
23,balanced_s0,0.0,0.0,0.0,0.0,1.0,0.0,0.0,1.0,0.0,0.0,1.0,3.0,shortcut,"(2, 3)",,5
24,balanced_s0,0.0,0.0,0.0,0.0,1.0,0.0,0.0,1.0,0.0,0.0,1.0,3.0,shortcut,"(2, 3)",,6
25,balanced_s0,0.0,0.0,0.0,0.0,1.0,0.0,0.0,1.0,0.0,0.0,1.0,4.0,shortcut,"(2, 3)",,6
26,balanced_s0,0.0,0.0,0.0,0.0,1.0,0.0,0.0,1.0,0.0,0.0,1.0,1.0,shortcut,"(2, 3)",,3
27,balanced_s0,0.0,0.0,0.0,0.0,1.0,0.0,0.0,1.0,0.0,0.0,1.0,3.0,shortcut,"(2, 3)",,6
28,balanced_s0,0.0,0.0,0.0,0.0,1.0,0.0,0.0,1.0,0.0,0.0,1.0,3.0,shortcut,"(2, 3)",,5
29,balanced_s0,1.0,1.0,13.16293830696572,44.0,0.0,0.0,0.0,1.0,0.0,0.0,1.0,3.0,shortcut,"(2, 3)",7,
30,balanced_s0,0.0,0.0,0.0,0.0,1.0,0.0,0.0,1.0,0.0,0.0,1.0,2.0,shortcut,"(2, 3)",,4
31,balanced_s0,1.0,1.0,13.16293830696572,44.0,0.0,0.0,0.0,1.0,0.0,0.0,1.0,3.0,shortcut,"(2, 3)",7,
32,balanced_s0,1.0,1.0,11.72950912024697,42.0,0.0,1.0,1.0,0.0,0.0,1.0,0.0,0.0,lower,"(1, 2)",9,
33,balanced_s0,0.0,0.0,0.0,0.0,1.0,0.0,0.0,1.0,0.0,0.0,1.0,1.0,shortcut,"(2, 3)",,5
34,balanced_s0,1.0,1.0,13.16293830696572,44.0,0.0,0.0,0.0,1.0,0.0,0.0,1.0,3.0,shortcut,"(2, 3)",7,
35,balanced_s0,0.0,0.0,0.0,0.0,1.0,0.0,0.0,1.0,0.0,0.0,1.0,1.0,shortcut,"(2, 3)",,3
36,balanced_s0,0.0,0.0,0.0,0.0,1.0,0.0,0.0,1.0,0.0,0.0,1.0,4.0,shortcut,"(2, 3)",,6
37,balanced_s0,0.0,0.0,0.0,0.0,1.0,0.0,0.0,1.0,0.0,0.0,1.0,2.0,shortcut,"(2, 3)",,5
38,balanced_s0,1.0,1.0,11.72950912024697,42.0,0.0,0.0,0.0,1.0,0.0,0.0,1.0,5.0,shortcut,"(2, 3)",9,
39,balanced_s0,1.0,1.0,13.16293830696572,44.0,0.0,0.0,0.0,1.0,0.0,0.0,1.0,4.0,shortcut,"(2, 3)",7,
40,balanced_s0,0.0,0.0,0.0,0.0,1.0,0.0,0.0,1.0,0.0,0.0,1.0,2.0,shortcut,"(2, 3)",,5
41,balanced_s0,0.0,0.0,0.0,0.0,1.0,0.0,0.0,1.0,0.0,0.0,1.0,1.0,shortcut,"(2, 3)",,3
42,balanced_s0,0.0,0.0,0.0,0.0,1.0,0.0,0.0,1.0,0.0,0.0,1.0,2.0,shortcut,"(2, 3)",,4
43,balanced_s0,1.0,1.0,13.16293830696572,44.0,0.0,0.0,0.0,1.0,0.0,0.0,1.0,3.0,shortcut,"(2, 3)",7,
44,balanced_s0,1.0,1.0,13.16293830696572,44.0,0.0,0.0,0.0,1.0,0.0,0.0,1.0,3.0,shortcut,"(2, 3)",7,
45,balanced_s0,1.0,1.0,13.16293830696572,44.0,0.0,0.0,0.0,1.0,0.0,0.0,1.0,3.0,shortcut,"(2, 3)",7,
46,balanced_s0,1.0,1.0,11.72950912024697,42.0,0.0,1.0,1.0,0.0,0.0,1.0,0.0,0.0,lower,"(1, 2)",9,
47,balanced_s0,1.0,1.0,13.16293830696572,44.0,0.0,0.0,0.0,1.0,0.0,0.0,1.0,3.0,shortcut,"(2, 3)",7,
48,balanced_s0,0.0,0.0,0.0,0.0,1.0,0.0,0.0,1.0,0.0,0.0,1.0,2.0,shortcut,"(2, 3)",,4
49,balanced_s0,0.0,0.0,0.0,0.0,1.0,0.0,0.0,1.0,0.0,0.0,1.0,3.0,shortcut,"(2, 3)",,5
50,balanced_s0,0.0,0.0,0.0,0.0,1.0,0.0,0.0,1.0,0.0,0.0,1.0,5.0,shortcut,"(2, 3)",,7
51,balanced_s0,1.0,1.0,11.72950912024697,42.0,0.0,1.0,1.0,0.0,0.0,1.0,0.0,0.0,lower,"(1, 2)",9,
52,balanced_s0,1.0,1.0,12.42784641634072,43.0,0.0,0.0,0.0,1.0,0.0,0.0,1.0,3.0,shortcut,"(2, 3)",8,
53,balanced_s0,0.0,0.0,0.0,0.0,1.0,0.0,0.0,1.0,0.0,0.0,1.0,1.0,shortcut,"(2, 3)",,3
54,balanced_s0,1.0,1.0,13.16293830696572,44.0,0.0,0.0,0.0,1.0,0.0,0.0,1.0,3.0,shortcut,"(2, 3)",7,
55,balanced_s0,0.0,0.0,0.0,0.0,1.0,0.0,0.0,1.0,0.0,0.0,1.0,2.0,shortcut,"(2, 3)",,4
56,balanced_s0,0.0,0.0,0.0,0.0,1.0,0.0,0.0,1.0,0.0,0.0,1.0,3.0,shortcut,"(2, 3)",,5
57,balanced_s0,1.0,1.0,13.16293830696572,44.0,0.0,0.0,0.0,1.0,0.0,0.0,1.0,3.0,shortcut,"(2, 3)",7,
58,balanced_s0,0.0,0.0,0.0,0.0,1.0,0.0,0.0,1.0,0.0,0.0,1.0,2.0,shortcut,"(2, 3)",,4
59,balanced_s0,1.0,1.0,13.16293830696572,44.0,0.0,0.0,0.0,1.0,0.0,0.0,1.0,3.0,shortcut,"(2, 3)",7,
60,balanced_s0,0.0,0.0,0.0,0.0,1.0,0.0,0.0,1.0,0.0,0.0,1.0,1.0,shortcut,"(2, 3)",,3
61,balanced_s0,1.0,1.0,13.16293830696572,44.0,0.0,0.0,0.0,1.0,0.0,0.0,1.0,3.0,shortcut,"(2, 3)",7,
62,balanced_s0,1.0,1.0,13.16293830696572,44.0,0.0,0.0,0.0,1.0,0.0,0.0,1.0,3.0,shortcut,"(2, 3)",7,
63,balanced_s0,1.0,1.0,12.42784641634072,43.0,0.0,0.0,0.0,1.0,0.0,0.0,1.0,5.0,shortcut,"(2, 3)",8,
64,balanced_s0,0.0,0.0,0.0,0.0,1.0,0.0,0.0,1.0,0.0,0.0,1.0,3.0,shortcut,"(2, 3)",,5
65,balanced_s0,1.0,1.0,13.16293830696572,44.0,0.0,0.0,0.0,1.0,0.0,0.0,1.0,3.0,shortcut,"(2, 3)",7,
66,balanced_s0,0.0,0.0,0.0,0.0,1.0,0.0,0.0,1.0,0.0,0.0,1.0,1.0,shortcut,"(2, 3)",,3
67,balanced_s0,1.0,1.0,12.42784641634072,43.0,0.0,0.0,0.0,1.0,0.0,0.0,1.0,5.0,shortcut,"(2, 3)",8,
68,balanced_s0,0.0,0.0,0.0,0.0,1.0,0.0,0.0,1.0,0.0,0.0,1.0,3.0,shortcut,"(2, 3)",,5
69,balanced_s0,0.0,0.0,0.0,0.0,1.0,0.0,0.0,1.0,0.0,0.0,1.0,2.0,shortcut,"(2, 3)",,4
70,balanced_s0,0.0,0.0,0.0,0.0,1.0,0.0,0.0,1.0,0.0,0.0,1.0,2.0,shortcut,"(2, 3)",,4
71,balanced_s0,0.0,0.0,0.0,0.0,1.0,0.0,0.0,1.0,0.0,0.0,1.0,1.0,shortcut,"(2, 3)",,4
72,balanced_s0,0.0,0.0,0.0,0.0,1.0,0.0,0.0,1.0,0.0,0.0,1.0,1.0,shortcut,"(2, 3)",,3
73,balanced_s0,0.0,0.0,0.0,0.0,1.0,0.0,0.0,1.0,0.0,0.0,1.0,1.0,shortcut,"(2, 3)",,3
74,balanced_s0,0.0,0.0,0.0,0.0,1.0,0.0,0.0,1.0,0.0,0.0,1.0,3.0,shortcut,"(2, 3)",,5
75,balanced_s0,0.0,0.0,0.0,0.0,1.0,0.0,0.0,1.0,0.0,0.0,1.0,1.0,shortcut,"(2, 3)",,3
76,balanced_s0,1.0,1.0,11.72950912024697,42.0,0.0,0.0,0.0,1.0,0.0,0.0,1.0,4.0,shortcut,"(2, 3)",9,
77,balanced_s0,1.0,1.0,13.16293830696572,44.0,0.0,0.0,0.0,1.0,0.0,0.0,1.0,3.0,shortcut,"(2, 3)",7,
78,balanced_s0,0.0,0.0,0.0,0.0,1.0,0.0,0.0,1.0,0.0,0.0,1.0,2.0,shortcut,"(2, 3)",,4
79,balanced_s0,0.0,0.0,0.0,0.0,1.0,0.0,0.0,1.0,0.0,0.0,1.0,2.0,shortcut,"(2, 3)",,4
80,balanced_s0,1.0,1.0,12.42784641634072,43.0,0.0,0.0,0.0,1.0,0.0,0.0,1.0,4.0,shortcut,"(2, 3)",8,
81,balanced_s0,0.0,0.0,0.0,0.0,1.0,0.0,0.0,1.0,0.0,0.0,1.0,1.0,shortcut,"(2, 3)",,3
82,balanced_s0,1.0,1.0,13.16293830696572,44.0,0.0,0.0,0.0,1.0,0.0,0.0,1.0,3.0,shortcut,"(2, 3)",7,
83,balanced_s0,0.0,0.0,0.0,0.0,1.0,0.0,0.0,1.0,0.0,0.0,1.0,3.0,shortcut,"(2, 3)",,5
84,balanced_s0,0.0,0.0,0.0,0.0,1.0,0.0,0.0,1.0,0.0,0.0,1.0,4.0,shortcut,"(2, 3)",,6
85,balanced_s0,1.0,1.0,13.16293830696572,44.0,0.0,0.0,0.0,1.0,0.0,0.0,1.0,3.0,shortcut,"(2, 3)",7,
86,balanced_s0,0.0,0.0,0.0,0.0,1.0,0.0,0.0,1.0,0.0,0.0,1.0,2.0,shortcut,"(2, 3)",,4
87,balanced_s0,1.0,1.0,13.16293830696572,44.0,0.0,0.0,0.0,1.0,0.0,0.0,1.0,3.0,shortcut,"(2, 3)",7,
88,balanced_s0,0.0,0.0,0.0,0.0,1.0,0.0,0.0,1.0,0.0,0.0,1.0,2.0,shortcut,"(2, 3)",,5
89,balanced_s0,1.0,1.0,13.16293830696572,44.0,0.0,0.0,0.0,1.0,0.0,0.0,1.0,3.0,shortcut,"(2, 3)",7,
90,balanced_s0,0.0,0.0,0.0,0.0,1.0,0.0,0.0,1.0,0.0,0.0,1.0,2.0,shortcut,"(2, 3)",,6
91,balanced_s0,0.0,0.0,0.0,0.0,1.0,0.0,0.0,1.0,0.0,0.0,1.0,3.0,shortcut,"(2, 3)",,6
92,balanced_s0,0.0,0.0,0.0,0.0,1.0,0.0,0.0,1.0,0.0,0.0,1.0,2.0,shortcut,"(2, 3)",,4
93,balanced_s0,0.0,0.0,0.0,0.0,1.0,0.0,0.0,1.0,0.0,0.0,1.0,3.0,shortcut,"(2, 3)",,5
94,balanced_s0,0.0,0.0,0.0,0.0,1.0,0.0,0.0,1.0,0.0,0.0,1.0,1.0,shortcut,"(2, 3)",,3
95,balanced_s0,1.0,1.0,13.16293830696572,44.0,0.0,0.0,0.0,1.0,0.0,0.0,1.0,4.0,shortcut,"(2, 3)",7,
96,balanced_s0,0.0,0.0,0.0,0.0,1.0,0.0,0.0,1.0,0.0,0.0,1.0,3.0,shortcut,"(2, 3)",,5
97,balanced_s0,0.0,0.0,0.0,0.0,1.0,0.0,0.0,1.0,0.0,0.0,1.0,5.0,shortcut,"(2, 3)",,7
98,balanced_s0,0.0,0.0,0.0,0.0,1.0,0.0,0.0,1.0,0.0,0.0,1.0,1.0,shortcut,"(2, 3)",,3
99,balanced_s0,0.0,0.0,0.0,0.0,1.0,0.0,0.0,1.0,0.0,0.0,1.0,2.0,shortcut,"(2, 3)",,5
100,balanced_s0,1.0,1.0,13.16293830696572,44.0,0.0,0.0,0.0,1.0,0.0,0.0,1.0,3.0,shortcut,"(2, 3)",7,
101,balanced_s0,1.0,1.0,12.42784641634072,43.0,0.0,0.0,0.0,1.0,0.0,0.0,1.0,4.0,shortcut,"(2, 3)",8,
102,balanced_s0,1.0,1.0,13.16293830696572,44.0,0.0,0.0,0.0,1.0,0.0,0.0,1.0,4.0,shortcut,"(2, 3)",7,
103,balanced_s0,0.0,0.0,0.0,0.0,1.0,0.0,0.0,1.0,0.0,0.0,1.0,1.0,shortcut,"(2, 3)",,3
104,balanced_s0,0.0,0.0,0.0,0.0,1.0,0.0,0.0,1.0,0.0,0.0,1.0,4.0,shortcut,"(2, 3)",,6
105,balanced_s0,0.0,0.0,0.0,0.0,1.0,0.0,0.0,1.0,0.0,0.0,1.0,2.0,shortcut,"(2, 3)",,5
106,balanced_s0,0.0,0.0,0.0,0.0,1.0,0.0,0.0,1.0,0.0,0.0,1.0,1.0,shortcut,"(2, 3)",,3
107,balanced_s0,0.0,0.0,0.0,0.0,1.0,0.0,0.0,1.0,0.0,0.0,1.0,3.0,shortcut,"(2, 3)",,5
108,balanced_s0,0.0,0.0,0.0,0.0,1.0,0.0,0.0,1.0,0.0,0.0,1.0,1.0,shortcut,"(2, 3)",,3
109,balanced_s0,0.0,0.0,0.0,0.0,1.0,0.0,0.0,1.0,0.0,0.0,1.0,2.0,shortcut,"(2, 3)",,4
110,balanced_s0,0.0,0.0,0.0,0.0,1.0,0.0,0.0,1.0,0.0,0.0,1.0,2.0,shortcut,"(2, 3)",,4
111,balanced_s0,0.0,0.0,0.0,0.0,1.0,0.0,0.0,1.0,0.0,0.0,1.0,1.0,shortcut,"(2, 3)",,4
112,balanced_s0,1.0,1.0,10.4358392792333,40.0,0.0,1.0,1.0,0.0,0.0,1.0,0.0,0.0,lower,"(1, 2)",11,
113,balanced_s0,1.0,1.0,12.42784641634072,43.0,0.0,0.0,0.0,1.0,0.0,0.0,1.0,4.0,shortcut,"(2, 3)",8,
114,balanced_s0,0.0,0.0,0.0,0.0,1.0,0.0,0.0,1.0,0.0,0.0,1.0,1.0,shortcut,"(2, 3)",,4
115,balanced_s0,0.0,0.0,0.0,0.0,1.0,0.0,0.0,1.0,0.0,0.0,1.0,1.0,shortcut,"(2, 3)",,3
116,balanced_s0,0.0,0.0,0.0,0.0,1.0,0.0,0.0,1.0,0.0,0.0,1.0,2.0,shortcut,"(2, 3)",,4
117,balanced_s0,0.0,0.0,0.0,0.0,1.0,0.0,0.0,1.0,0.0,0.0,1.0,1.0,shortcut,"(2, 3)",,3
118,balanced_s0,0.0,0.0,0.0,0.0,1.0,0.0,0.0,1.0,0.0,0.0,1.0,2.0,shortcut,"(2, 3)",,4
119,balanced_s0,0.0,0.0,0.0,0.0,1.0,0.0,0.0,1.0,0.0,0.0,1.0,2.0,shortcut,"(2, 3)",,4
120,balanced_s0,1.0,1.0,13.16293830696572,44.0,0.0,0.0,0.0,1.0,0.0,0.0,1.0,3.0,shortcut,"(2, 3)",7,
121,balanced_s0,0.0,0.0,0.0,0.0,1.0,0.0,0.0,1.0,0.0,0.0,1.0,4.0,shortcut,"(2, 3)",,6
122,balanced_s0,0.0,0.0,0.0,0.0,1.0,0.0,0.0,1.0,0.0,0.0,1.0,1.0,shortcut,"(2, 3)",,3
123,balanced_s0,0.0,0.0,0.0,0.0,1.0,0.0,0.0,1.0,0.0,0.0,1.0,1.0,shortcut,"(2, 3)",,3
124,balanced_s0,0.0,0.0,0.0,0.0,1.0,0.0,0.0,1.0,0.0,0.0,1.0,3.0,shortcut,"(2, 3)",,7
125,balanced_s0,0.0,0.0,0.0,0.0,1.0,0.0,0.0,1.0,0.0,0.0,1.0,1.0,shortcut,"(2, 3)",,4
126,balanced_s0,0.0,0.0,0.0,0.0,1.0,0.0,0.0,1.0,0.0,0.0,1.0,1.0,shortcut,"(2, 3)",,3
127,balanced_s0,0.0,0.0,0.0,0.0,1.0,0.0,0.0,1.0,0.0,0.0,1.0,2.0,shortcut,"(2, 3)",,4
128,balanced_s0,1.0,1.0,13.16293830696572,44.0,0.0,0.0,0.0,1.0,0.0,0.0,1.0,3.0,shortcut,"(2, 3)",7,
129,balanced_s0,0.0,0.0,0.0,0.0,1.0,0.0,0.0,1.0,0.0,0.0,1.0,2.0,shortcut,"(2, 3)",,4
130,balanced_s0,0.0,0.0,0.0,0.0,1.0,0.0,0.0,1.0,0.0,0.0,1.0,1.0,shortcut,"(2, 3)",,3
131,balanced_s0,1.0,1.0,13.16293830696572,44.0,0.0,0.0,0.0,1.0,0.0,0.0,1.0,3.0,shortcut,"(2, 3)",7,
132,balanced_s0,0.0,0.0,0.0,0.0,1.0,0.0,0.0,1.0,0.0,0.0,1.0,2.0,shortcut,"(2, 3)",,4
133,balanced_s0,1.0,1.0,13.16293830696572,44.0,0.0,0.0,0.0,1.0,0.0,0.0,1.0,3.0,shortcut,"(2, 3)",7,
134,balanced_s0,1.0,1.0,11.066088688957908,41.0,0.0,1.0,1.0,0.0,0.0,1.0,0.0,0.0,lower,"(1, 2)",10,
135,balanced_s0,0.0,0.0,0.0,0.0,1.0,0.0,0.0,1.0,0.0,0.0,1.0,3.0,shortcut,"(2, 3)",,5
136,balanced_s0,0.0,0.0,0.0,0.0,1.0,0.0,0.0,1.0,0.0,0.0,1.0,1.0,shortcut,"(2, 3)",,3
137,balanced_s0,0.0,0.0,0.0,0.0,1.0,0.0,0.0,1.0,0.0,0.0,1.0,2.0,shortcut,"(2, 3)",,4
138,balanced_s0,0.0,0.0,0.0,0.0,1.0,0.0,0.0,1.0,0.0,0.0,1.0,1.0,shortcut,"(2, 3)",,3
139,balanced_s0,0.0,0.0,0.0,0.0,1.0,0.0,0.0,1.0,0.0,0.0,1.0,1.0,shortcut,"(2, 3)",,3
140,balanced_s0,0.0,0.0,0.0,0.0,1.0,0.0,0.0,1.0,0.0,0.0,1.0,2.0,shortcut,"(2, 3)",,4
141,balanced_s0,0.0,0.0,0.0,0.0,1.0,0.0,0.0,1.0,0.0,0.0,1.0,2.0,shortcut,"(2, 3)",,4
142,balanced_s0,0.0,0.0,0.0,0.0,1.0,0.0,0.0,1.0,0.0,0.0,1.0,2.0,shortcut,"(2, 3)",,7
143,balanced_s0,1.0,1.0,13.16293830696572,44.0,0.0,0.0,0.0,1.0,0.0,0.0,1.0,3.0,shortcut,"(2, 3)",7,
144,balanced_s0,0.0,0.0,0.0,0.0,1.0,0.0,0.0,1.0,0.0,0.0,1.0,3.0,shortcut,"(2, 3)",,5
145,balanced_s0,1.0,1.0,13.16293830696572,44.0,0.0,0.0,0.0,1.0,0.0,0.0,1.0,3.0,shortcut,"(2, 3)",7,
146,balanced_s0,0.0,0.0,0.0,0.0,1.0,0.0,0.0,1.0,0.0,0.0,1.0,1.0,shortcut,"(2, 3)",,3
147,balanced_s0,0.0,0.0,0.0,0.0,1.0,0.0,0.0,1.0,0.0,0.0,1.0,3.0,shortcut,"(2, 3)",,5
148,balanced_s0,0.0,0.0,0.0,0.0,1.0,0.0,0.0,1.0,0.0,0.0,1.0,2.0,shortcut,"(2, 3)",,4
149,balanced_s0,0.0,0.0,0.0,0.0,1.0,0.0,0.0,1.0,0.0,0.0,1.0,3.0,shortcut,"(2, 3)",,5
150,balanced_s0,0.0,0.0,0.0,0.0,1.0,0.0,0.0,1.0,0.0,0.0,1.0,1.0,shortcut,"(2, 3)",,3
151,balanced_s0,0.0,0.0,0.0,0.0,1.0,0.0,0.0,1.0,0.0,0.0,1.0,1.0,shortcut,"(2, 3)",,5
152,balanced_s0,0.0,0.0,0.0,0.0,1.0,0.0,0.0,1.0,0.0,0.0,1.0,2.0,shortcut,"(2, 3)",,4
153,balanced_s0,0.0,0.0,0.0,0.0,1.0,0.0,0.0,1.0,0.0,0.0,1.0,2.0,shortcut,"(2, 3)",,4
154,balanced_s0,1.0,1.0,13.16293830696572,44.0,0.0,0.0,0.0,1.0,0.0,0.0,1.0,3.0,shortcut,"(2, 3)",7,
155,balanced_s0,1.0,1.0,13.16293830696572,44.0,0.0,0.0,0.0,1.0,0.0,0.0,1.0,3.0,shortcut,"(2, 3)",7,
156,balanced_s0,1.0,1.0,13.16293830696572,44.0,0.0,0.0,0.0,1.0,0.0,0.0,1.0,3.0,shortcut,"(2, 3)",7,
157,balanced_s0,0.0,0.0,0.0,0.0,1.0,0.0,0.0,1.0,0.0,0.0,1.0,2.0,shortcut,"(2, 3)",,4
158,balanced_s0,1.0,1.0,13.16293830696572,44.0,0.0,0.0,0.0,1.0,0.0,0.0,1.0,3.0,shortcut,"(2, 3)",7,
159,balanced_s0,0.0,0.0,0.0,0.0,1.0,0.0,0.0,1.0,0.0,0.0,1.0,1.0,shortcut,"(2, 3)",,3
160,balanced_s0,1.0,1.0,13.16293830696572,44.0,0.0,0.0,0.0,1.0,0.0,0.0,1.0,3.0,shortcut,"(2, 3)",7,
161,balanced_s0,1.0,1.0,11.066088688957908,41.0,0.0,0.0,0.0,1.0,0.0,0.0,1.0,4.0,shortcut,"(2, 3)",10,
162,balanced_s0,0.0,0.0,0.0,0.0,1.0,0.0,0.0,1.0,0.0,0.0,1.0,1.0,shortcut,"(2, 3)",,3
163,balanced_s0,1.0,1.0,11.72950912024697,42.0,0.0,1.0,1.0,0.0,0.0,1.0,0.0,0.0,lower,"(1, 2)",9,
164,balanced_s0,0.0,0.0,0.0,0.0,1.0,0.0,0.0,1.0,0.0,0.0,1.0,2.0,shortcut,"(2, 3)",,4
165,balanced_s0,1.0,1.0,11.72950912024697,42.0,0.0,1.0,1.0,0.0,0.0,1.0,0.0,0.0,lower,"(1, 2)",9,
166,balanced_s0,0.0,0.0,0.0,0.0,1.0,0.0,0.0,1.0,0.0,0.0,1.0,3.0,shortcut,"(2, 3)",,5
167,balanced_s0,1.0,1.0,13.16293830696572,44.0,0.0,0.0,0.0,1.0,0.0,0.0,1.0,3.0,shortcut,"(2, 3)",7,
168,balanced_s0,1.0,1.0,12.42784641634072,43.0,0.0,0.0,0.0,1.0,0.0,0.0,1.0,3.0,shortcut,"(2, 3)",8,
169,balanced_s0,1.0,1.0,13.16293830696572,44.0,0.0,0.0,0.0,1.0,0.0,0.0,1.0,3.0,shortcut,"(2, 3)",7,
170,balanced_s0,0.0,0.0,0.0,0.0,1.0,0.0,0.0,1.0,0.0,0.0,1.0,3.0,shortcut,"(2, 3)",,7
171,balanced_s0,1.0,1.0,13.16293830696572,44.0,0.0,0.0,0.0,1.0,0.0,0.0,1.0,3.0,shortcut,"(2, 3)",7,
172,balanced_s0,1.0,1.0,13.16293830696572,44.0,0.0,0.0,0.0,1.0,0.0,0.0,1.0,3.0,shortcut,"(2, 3)",7,
173,balanced_s0,0.0,0.0,0.0,0.0,1.0,0.0,0.0,1.0,0.0,0.0,1.0,4.0,shortcut,"(2, 3)",,6
174,balanced_s0,1.0,1.0,11.72950912024697,42.0,0.0,1.0,1.0,0.0,0.0,1.0,0.0,0.0,lower,"(1, 2)",9,
175,balanced_s0,1.0,1.0,13.16293830696572,44.0,0.0,0.0,0.0,1.0,0.0,0.0,1.0,3.0,shortcut,"(2, 3)",7,
176,balanced_s0,0.0,0.0,0.0,0.0,1.0,0.0,0.0,1.0,0.0,0.0,1.0,3.0,shortcut,"(2, 3)",,5
177,balanced_s0,0.0,0.0,0.0,0.0,1.0,0.0,0.0,1.0,0.0,0.0,1.0,2.0,shortcut,"(2, 3)",,4
178,balanced_s0,1.0,1.0,13.16293830696572,44.0,0.0,0.0,0.0,1.0,0.0,0.0,1.0,3.0,shortcut,"(2, 3)",7,
179,balanced_s0,0.0,0.0,0.0,0.0,1.0,0.0,0.0,1.0,0.0,0.0,1.0,2.0,shortcut,"(2, 3)",,4
180,balanced_s0,0.0,0.0,0.0,0.0,1.0,0.0,0.0,1.0,0.0,0.0,1.0,3.0,shortcut,"(2, 3)",,5
181,balanced_s0,1.0,1.0,13.16293830696572,44.0,0.0,0.0,0.0,1.0,0.0,0.0,1.0,3.0,shortcut,"(2, 3)",7,
182,balanced_s0,0.0,0.0,0.0,0.0,1.0,0.0,0.0,1.0,0.0,0.0,1.0,2.0,shortcut,"(2, 3)",,4
183,balanced_s0,0.0,0.0,0.0,0.0,1.0,0.0,0.0,1.0,0.0,0.0,1.0,3.0,shortcut,"(2, 3)",,5
184,balanced_s0,0.0,0.0,0.0,0.0,1.0,0.0,0.0,1.0,0.0,0.0,1.0,2.0,shortcut,"(2, 3)",,4
185,balanced_s0,1.0,1.0,13.16293830696572,44.0,0.0,0.0,0.0,1.0,0.0,0.0,1.0,3.0,shortcut,"(2, 3)",7,
186,balanced_s0,0.0,0.0,0.0,0.0,1.0,0.0,0.0,1.0,0.0,0.0,1.0,3.0,shortcut,"(2, 3)",,5
187,balanced_s0,0.0,0.0,0.0,0.0,1.0,0.0,0.0,1.0,0.0,0.0,1.0,2.0,shortcut,"(2, 3)",,4
188,balanced_s0,0.0,0.0,0.0,0.0,1.0,0.0,0.0,1.0,0.0,0.0,1.0,2.0,shortcut,"(2, 3)",,4
189,balanced_s0,0.0,0.0,0.0,0.0,1.0,0.0,0.0,1.0,0.0,0.0,1.0,1.0,shortcut,"(2, 3)",,3
190,balanced_s0,1.0,1.0,13.16293830696572,44.0,0.0,0.0,0.0,1.0,0.0,0.0,1.0,3.0,shortcut,"(2, 3)",7,
191,balanced_s0,1.0,1.0,13.16293830696572,44.0,0.0,0.0,0.0,1.0,0.0,0.0,1.0,4.0,shortcut,"(2, 3)",7,
192,balanced_s0,0.0,0.0,0.0,0.0,1.0,0.0,0.0,1.0,0.0,0.0,1.0,3.0,shortcut,"(2, 3)",,7
193,balanced_s0,0.0,0.0,0.0,0.0,1.0,0.0,0.0,1.0,0.0,0.0,1.0,1.0,shortcut,"(2, 3)",,3
194,balanced_s0,0.0,0.0,0.0,0.0,1.0,0.0,0.0,1.0,0.0,0.0,1.0,3.0,shortcut,"(2, 3)",,5
195,balanced_s0,1.0,1.0,13.16293830696572,44.0,0.0,0.0,0.0,1.0,0.0,0.0,1.0,3.0,shortcut,"(2, 3)",7,
196,balanced_s0,0.0,0.0,0.0,0.0,1.0,0.0,0.0,1.0,0.0,0.0,1.0,4.0,shortcut,"(2, 3)",,6
197,balanced_s0,0.0,0.0,0.0,0.0,1.0,0.0,0.0,1.0,0.0,0.0,1.0,1.0,shortcut,"(2, 3)",,3
198,balanced_s0,0.0,0.0,0.0,0.0,1.0,0.0,0.0,1.0,0.0,0.0,1.0,1.0,shortcut,"(2, 3)",,3
199,balanced_s0,0.0,0.0,0.0,0.0,1.0,0.0,0.0,1.0,0.0,0.0,1.0,2.0,shortcut,"(2, 3)",,4
200,balanced_s0,0.0,0.0,0.0,0.0,1.0,0.0,0.0,1.0,0.0,0.0,1.0,1.0,shortcut,"(2, 3)",,5
201,balanced_s0,0.0,0.0,0.0,0.0,1.0,0.0,0.0,1.0,0.0,0.0,1.0,2.0,shortcut,"(2, 3)",,5
202,balanced_s0,1.0,1.0,13.16293830696572,44.0,0.0,0.0,0.0,1.0,0.0,0.0,1.0,3.0,shortcut,"(2, 3)",7,
203,balanced_s0,0.0,0.0,0.0,0.0,1.0,0.0,0.0,1.0,0.0,0.0,1.0,3.0,shortcut,"(2, 3)",,7
204,balanced_s0,1.0,1.0,13.16293830696572,44.0,0.0,0.0,0.0,1.0,0.0,0.0,1.0,4.0,shortcut,"(2, 3)",7,
205,balanced_s0,0.0,0.0,0.0,0.0,1.0,0.0,0.0,1.0,0.0,0.0,1.0,2.0,shortcut,"(2, 3)",,4
206,balanced_s0,0.0,0.0,0.0,0.0,1.0,0.0,0.0,1.0,0.0,0.0,1.0,1.0,shortcut,"(2, 3)",,3
207,balanced_s0,0.0,0.0,0.0,0.0,1.0,0.0,0.0,1.0,0.0,0.0,1.0,1.0,shortcut,"(2, 3)",,3
208,balanced_s0,1.0,1.0,13.16293830696572,44.0,0.0,0.0,0.0,1.0,0.0,0.0,1.0,3.0,shortcut,"(2, 3)",7,
209,balanced_s0,0.0,0.0,0.0,0.0,1.0,0.0,0.0,1.0,0.0,0.0,1.0,2.0,shortcut,"(2, 3)",,4
210,balanced_s0,0.0,0.0,0.0,0.0,1.0,0.0,0.0,1.0,0.0,0.0,1.0,4.0,shortcut,"(2, 3)",,6
211,balanced_s0,1.0,1.0,13.16293830696572,44.0,0.0,0.0,0.0,1.0,0.0,0.0,1.0,3.0,shortcut,"(2, 3)",7,
212,balanced_s0,0.0,0.0,0.0,0.0,1.0,0.0,0.0,1.0,0.0,0.0,1.0,3.0,shortcut,"(2, 3)",,5
213,balanced_s0,0.0,0.0,0.0,0.0,1.0,0.0,0.0,1.0,0.0,0.0,1.0,3.0,shortcut,"(2, 3)",,5
214,balanced_s0,0.0,0.0,0.0,0.0,1.0,0.0,0.0,1.0,0.0,0.0,1.0,1.0,shortcut,"(2, 3)",,3
215,balanced_s0,1.0,1.0,13.16293830696572,44.0,0.0,0.0,0.0,1.0,0.0,0.0,1.0,3.0,shortcut,"(2, 3)",7,
216,balanced_s0,0.0,0.0,0.0,0.0,1.0,0.0,0.0,1.0,0.0,0.0,1.0,1.0,shortcut,"(2, 3)",,3
217,balanced_s0,0.0,0.0,0.0,0.0,1.0,0.0,0.0,1.0,0.0,0.0,1.0,2.0,shortcut,"(2, 3)",,4
218,balanced_s0,0.0,0.0,0.0,0.0,1.0,0.0,0.0,1.0,0.0,0.0,1.0,1.0,shortcut,"(2, 3)",,3
219,balanced_s0,1.0,1.0,11.72950912024697,42.0,0.0,0.0,0.0,1.0,0.0,0.0,1.0,4.0,shortcut,"(2, 3)",9,
220,balanced_s0,1.0,1.0,13.16293830696572,44.0,0.0,0.0,0.0,1.0,0.0,0.0,1.0,3.0,shortcut,"(2, 3)",7,
221,balanced_s0,0.0,0.0,0.0,0.0,1.0,0.0,0.0,1.0,0.0,0.0,1.0,2.0,shortcut,"(2, 3)",,4
222,balanced_s0,1.0,1.0,13.16293830696572,44.0,0.0,0.0,0.0,1.0,0.0,0.0,1.0,3.0,shortcut,"(2, 3)",7,
223,balanced_s0,0.0,0.0,0.0,0.0,1.0,0.0,0.0,1.0,0.0,0.0,1.0,2.0,shortcut,"(2, 3)",,4
224,balanced_s0,0.0,0.0,0.0,0.0,1.0,0.0,0.0,1.0,0.0,0.0,1.0,2.0,shortcut,"(2, 3)",,5
225,balanced_s0,0.0,0.0,0.0,0.0,1.0,0.0,0.0,1.0,0.0,0.0,1.0,1.0,shortcut,"(2, 3)",,3
226,balanced_s0,0.0,0.0,0.0,0.0,1.0,0.0,0.0,1.0,0.0,0.0,1.0,1.0,shortcut,"(2, 3)",,3
227,balanced_s0,0.0,0.0,0.0,0.0,1.0,0.0,0.0,1.0,0.0,0.0,1.0,4.0,shortcut,"(2, 3)",,6
228,balanced_s0,1.0,1.0,13.16293830696572,44.0,0.0,0.0,0.0,1.0,0.0,0.0,1.0,3.0,shortcut,"(2, 3)",7,
229,balanced_s0,1.0,1.0,13.16293830696572,44.0,0.0,0.0,0.0,1.0,0.0,0.0,1.0,3.0,shortcut,"(2, 3)",7,
230,balanced_s0,0.0,0.0,0.0,0.0,1.0,0.0,0.0,1.0,0.0,0.0,1.0,1.0,shortcut,"(2, 3)",,5
231,balanced_s0,0.0,0.0,0.0,0.0,1.0,0.0,0.0,1.0,0.0,0.0,1.0,3.0,shortcut,"(2, 3)",,5
232,balanced_s0,0.0,0.0,0.0,0.0,1.0,0.0,0.0,1.0,0.0,0.0,1.0,1.0,shortcut,"(2, 3)",,3
233,balanced_s0,0.0,0.0,0.0,0.0,1.0,0.0,0.0,1.0,0.0,0.0,1.0,1.0,shortcut,"(2, 3)",,3
234,balanced_s0,1.0,1.0,11.72950912024697,42.0,0.0,0.0,0.0,1.0,0.0,0.0,1.0,4.0,shortcut,"(2, 3)",9,
235,balanced_s0,1.0,1.0,13.16293830696572,44.0,0.0,0.0,0.0,1.0,0.0,0.0,1.0,3.0,shortcut,"(2, 3)",7,
236,balanced_s0,1.0,1.0,13.16293830696572,44.0,0.0,0.0,0.0,1.0,0.0,0.0,1.0,3.0,shortcut,"(2, 3)",7,
237,balanced_s0,0.0,0.0,0.0,0.0,1.0,0.0,0.0,1.0,0.0,0.0,1.0,3.0,shortcut,"(2, 3)",,5
238,balanced_s0,1.0,1.0,13.16293830696572,44.0,0.0,0.0,0.0,1.0,0.0,0.0,1.0,3.0,shortcut,"(2, 3)",7,
239,balanced_s0,0.0,0.0,0.0,0.0,1.0,0.0,0.0,1.0,0.0,0.0,1.0,3.0,shortcut,"(2, 3)",,5
240,balanced_s0,1.0,1.0,11.066088688957908,41.0,0.0,1.0,1.0,0.0,0.0,1.0,0.0,0.0,lower,"(1, 2)",10,
241,balanced_s0,0.0,0.0,0.0,0.0,1.0,0.0,0.0,1.0,0.0,0.0,1.0,4.0,shortcut,"(2, 3)",,6
242,balanced_s0,0.0,0.0,0.0,0.0,1.0,0.0,0.0,1.0,0.0,0.0,1.0,2.0,shortcut,"(2, 3)",,4
243,balanced_s0,0.0,0.0,0.0,0.0,1.0,0.0,0.0,1.0,0.0,0.0,1.0,3.0,shortcut,"(2, 3)",,5
244,balanced_s0,0.0,0.0,0.0,0.0,1.0,0.0,0.0,1.0,0.0,0.0,1.0,3.0,shortcut,"(2, 3)",,5
245,balanced_s0,0.0,0.0,0.0,0.0,1.0,0.0,0.0,1.0,0.0,0.0,1.0,1.0,shortcut,"(2, 3)",,3
246,balanced_s0,0.0,0.0,0.0,0.0,1.0,0.0,0.0,1.0,0.0,0.0,1.0,1.0,shortcut,"(2, 3)",,3
247,balanced_s0,0.0,0.0,0.0,0.0,1.0,0.0,0.0,1.0,0.0,0.0,1.0,2.0,shortcut,"(2, 3)",,6
248,balanced_s0,1.0,1.0,13.16293830696572,44.0,0.0,0.0,0.0,1.0,0.0,0.0,1.0,3.0,shortcut,"(2, 3)",7,
249,balanced_s0,1.0,1.0,13.16293830696572,44.0,0.0,0.0,0.0,1.0,0.0,0.0,1.0,3.0,shortcut,"(2, 3)",7,
250,balanced_s0,0.0,0.0,0.0,0.0,1.0,0.0,0.0,1.0,0.0,0.0,1.0,3.0,shortcut,"(2, 3)",,5
251,balanced_s0,0.0,0.0,0.0,0.0,1.0,0.0,0.0,1.0,0.0,0.0,1.0,1.0,shortcut,"(2, 3)",,3
252,balanced_s0,1.0,1.0,13.16293830696572,44.0,0.0,0.0,0.0,1.0,0.0,0.0,1.0,3.0,shortcut,"(2, 3)",7,
253,balanced_s0,0.0,0.0,0.0,0.0,1.0,0.0,0.0,1.0,0.0,0.0,1.0,2.0,shortcut,"(2, 3)",,4
254,balanced_s0,1.0,1.0,11.066088688957908,41.0,0.0,1.0,1.0,0.0,0.0,1.0,0.0,0.0,lower,"(1, 2)",10,
255,balanced_s0,1.0,1.0,13.16293830696572,44.0,0.0,0.0,0.0,1.0,0.0,0.0,1.0,3.0,shortcut,"(2, 3)",7,
256,balanced_s0,0.0,0.0,0.0,0.0,1.0,0.0,0.0,1.0,0.0,0.0,1.0,4.0,shortcut,"(2, 3)",,6
257,balanced_s0,0.0,0.0,0.0,0.0,1.0,0.0,0.0,1.0,0.0,0.0,1.0,1.0,shortcut,"(2, 3)",,3
258,balanced_s0,0.0,0.0,0.0,0.0,1.0,0.0,0.0,1.0,0.0,0.0,1.0,2.0,shortcut,"(2, 3)",,4
259,balanced_s0,0.0,0.0,0.0,0.0,1.0,0.0,0.0,1.0,0.0,0.0,1.0,2.0,shortcut,"(2, 3)",,4
260,balanced_s0,1.0,1.0,13.16293830696572,44.0,0.0,0.0,0.0,1.0,0.0,0.0,1.0,4.0,shortcut,"(2, 3)",7,
261,balanced_s0,0.0,0.0,0.0,0.0,1.0,0.0,0.0,1.0,0.0,0.0,1.0,1.0,shortcut,"(2, 3)",,3
262,balanced_s0,1.0,1.0,11.72950912024697,42.0,0.0,0.0,0.0,1.0,0.0,0.0,1.0,5.0,shortcut,"(2, 3)",9,
263,balanced_s0,0.0,0.0,0.0,0.0,1.0,0.0,0.0,1.0,0.0,0.0,1.0,3.0,shortcut,"(2, 3)",,5
264,balanced_s0,0.0,0.0,0.0,0.0,1.0,0.0,0.0,1.0,0.0,0.0,1.0,3.0,shortcut,"(2, 3)",,5
265,balanced_s0,0.0,0.0,0.0,0.0,1.0,0.0,0.0,1.0,0.0,0.0,1.0,1.0,shortcut,"(2, 3)",,3
266,balanced_s0,0.0,0.0,0.0,0.0,1.0,0.0,0.0,1.0,0.0,0.0,1.0,2.0,shortcut,"(2, 3)",,4
267,balanced_s0,0.0,0.0,0.0,0.0,1.0,0.0,0.0,1.0,0.0,0.0,1.0,3.0,shortcut,"(2, 3)",,5
268,balanced_s0,0.0,0.0,0.0,0.0,1.0,0.0,0.0,1.0,0.0,0.0,1.0,3.0,shortcut,"(2, 3)",,5
269,balanced_s0,0.0,0.0,0.0,0.0,1.0,0.0,0.0,1.0,0.0,0.0,1.0,1.0,shortcut,"(2, 3)",,3
270,balanced_s0,1.0,1.0,12.42784641634072,43.0,0.0,0.0,0.0,1.0,0.0,0.0,1.0,4.0,shortcut,"(2, 3)",8,
271,balanced_s0,1.0,1.0,13.16293830696572,44.0,0.0,0.0,0.0,1.0,0.0,0.0,1.0,3.0,shortcut,"(2, 3)",7,
272,balanced_s0,0.0,0.0,0.0,0.0,1.0,0.0,0.0,1.0,0.0,0.0,1.0,2.0,shortcut,"(2, 3)",,4
273,balanced_s0,1.0,1.0,12.42784641634072,43.0,0.0,0.0,0.0,1.0,0.0,0.0,1.0,4.0,shortcut,"(2, 3)",8,
274,balanced_s0,1.0,1.0,11.72950912024697,42.0,0.0,1.0,1.0,0.0,0.0,1.0,0.0,0.0,lower,"(1, 2)",9,
275,balanced_s0,0.0,0.0,0.0,0.0,1.0,0.0,0.0,1.0,0.0,0.0,1.0,2.0,shortcut,"(2, 3)",,4
276,balanced_s0,0.0,0.0,0.0,0.0,1.0,0.0,0.0,1.0,0.0,0.0,1.0,1.0,shortcut,"(2, 3)",,3
277,balanced_s0,0.0,0.0,0.0,0.0,1.0,0.0,0.0,1.0,0.0,0.0,1.0,1.0,shortcut,"(2, 3)",,3
278,balanced_s0,0.0,0.0,0.0,0.0,1.0,0.0,0.0,1.0,0.0,0.0,1.0,2.0,shortcut,"(2, 3)",,4
279,balanced_s0,1.0,1.0,13.16293830696572,44.0,0.0,0.0,0.0,1.0,0.0,0.0,1.0,3.0,shortcut,"(2, 3)",7,
280,balanced_s0,0.0,0.0,0.0,0.0,1.0,0.0,0.0,1.0,0.0,0.0,1.0,2.0,shortcut,"(2, 3)",,4
281,balanced_s0,0.0,0.0,0.0,0.0,1.0,0.0,0.0,1.0,0.0,0.0,1.0,3.0,shortcut,"(2, 3)",,7
282,balanced_s0,1.0,1.0,13.16293830696572,44.0,0.0,0.0,0.0,1.0,0.0,0.0,1.0,3.0,shortcut,"(2, 3)",7,
283,balanced_s0,1.0,1.0,12.42784641634072,43.0,0.0,0.0,0.0,1.0,0.0,0.0,1.0,4.0,shortcut,"(2, 3)",8,
284,balanced_s0,1.0,1.0,11.72950912024697,42.0,0.0,0.0,0.0,1.0,0.0,0.0,1.0,5.0,shortcut,"(2, 3)",9,
285,balanced_s0,0.0,0.0,0.0,0.0,1.0,0.0,0.0,1.0,0.0,0.0,1.0,3.0,shortcut,"(2, 3)",,5
286,balanced_s0,0.0,0.0,0.0,0.0,1.0,0.0,0.0,1.0,0.0,0.0,1.0,2.0,shortcut,"(2, 3)",,4
287,balanced_s0,0.0,0.0,0.0,0.0,1.0,0.0,0.0,1.0,0.0,0.0,1.0,3.0,shortcut,"(2, 3)",,5
288,balanced_s0,1.0,1.0,12.42784641634072,43.0,0.0,0.0,0.0,1.0,0.0,0.0,1.0,5.0,shortcut,"(2, 3)",8,
289,balanced_s0,0.0,0.0,0.0,0.0,1.0,0.0,0.0,1.0,0.0,0.0,1.0,2.0,shortcut,"(2, 3)",,4
290,balanced_s0,1.0,1.0,11.066088688957908,41.0,0.0,1.0,1.0,0.0,0.0,1.0,0.0,0.0,lower,"(1, 2)",10,
291,balanced_s0,0.0,0.0,0.0,0.0,1.0,0.0,0.0,1.0,0.0,0.0,1.0,2.0,shortcut,"(2, 3)",,4
292,balanced_s0,0.0,0.0,0.0,0.0,1.0,0.0,0.0,1.0,0.0,0.0,1.0,2.0,shortcut,"(2, 3)",,4
293,balanced_s0,1.0,1.0,13.16293830696572,44.0,0.0,0.0,0.0,1.0,0.0,0.0,1.0,4.0,shortcut,"(2, 3)",7,
294,balanced_s0,0.0,0.0,0.0,0.0,1.0,0.0,0.0,1.0,0.0,0.0,1.0,3.0,shortcut,"(2, 3)",,5
295,balanced_s0,0.0,0.0,0.0,0.0,1.0,0.0,0.0,1.0,0.0,0.0,1.0,3.0,shortcut,"(2, 3)",,7
296,balanced_s0,0.0,0.0,0.0,0.0,1.0,0.0,0.0,1.0,0.0,0.0,1.0,1.0,shortcut,"(2, 3)",,3
297,balanced_s0,1.0,1.0,13.16293830696572,44.0,0.0,0.0,0.0,1.0,0.0,0.0,1.0,3.0,shortcut,"(2, 3)",7,
298,balanced_s0,0.0,0.0,0.0,0.0,1.0,0.0,0.0,1.0,0.0,0.0,1.0,1.0,shortcut,"(2, 3)",,3
299,balanced_s0,0.0,0.0,0.0,0.0,1.0,0.0,0.0,1.0,0.0,0.0,1.0,1.0,shortcut,"(2, 3)",,3
0,shared_s1,1.0,1.0,13.16293830696572,44.0,0.0,0.0,0.0,1.0,0.0,0.0,1.0,3.0,shortcut,"(2, 3)",7,
1,shared_s1,0.0,0.0,0.0,0.0,1.0,0.0,0.0,1.0,0.0,0.0,1.0,1.0,shortcut,"(2, 3)",,3
2,shared_s1,0.0,0.0,0.0,0.0,1.0,0.0,0.0,1.0,0.0,0.0,1.0,1.0,shortcut,"(2, 3)",,3
3,shared_s1,0.0,0.0,0.0,0.0,1.0,0.0,0.0,1.0,0.0,0.0,1.0,3.0,shortcut,"(2, 3)",,5
4,shared_s1,0.0,0.0,0.0,0.0,1.0,0.0,0.0,1.0,0.0,0.0,1.0,2.0,shortcut,"(2, 3)",,4
5,shared_s1,0.0,0.0,0.0,0.0,1.0,0.0,0.0,1.0,0.0,0.0,1.0,3.0,shortcut,"(2, 3)",,6
6,shared_s1,1.0,1.0,13.16293830696572,44.0,0.0,0.0,0.0,1.0,0.0,0.0,1.0,3.0,shortcut,"(2, 3)",7,
7,shared_s1,0.0,0.0,0.0,0.0,1.0,0.0,0.0,1.0,0.0,0.0,1.0,1.0,shortcut,"(2, 3)",,3
8,shared_s1,1.0,1.0,13.16293830696572,44.0,0.0,0.0,0.0,1.0,0.0,0.0,1.0,3.0,shortcut,"(2, 3)",7,
9,shared_s1,0.0,0.0,0.0,0.0,1.0,0.0,0.0,1.0,0.0,0.0,1.0,2.0,shortcut,"(2, 3)",,4
10,shared_s1,1.0,1.0,13.16293830696572,44.0,0.0,0.0,0.0,1.0,0.0,0.0,1.0,3.0,shortcut,"(2, 3)",7,
11,shared_s1,0.0,0.0,0.0,0.0,1.0,0.0,0.0,1.0,0.0,0.0,1.0,1.0,shortcut,"(2, 3)",,3
12,shared_s1,0.0,0.0,0.0,0.0,1.0,0.0,0.0,1.0,0.0,0.0,1.0,3.0,shortcut,"(2, 3)",,5
13,shared_s1,0.0,0.0,0.0,0.0,1.0,0.0,0.0,1.0,0.0,0.0,1.0,1.0,shortcut,"(2, 3)",,6
14,shared_s1,0.0,0.0,0.0,0.0,1.0,0.0,0.0,1.0,0.0,0.0,1.0,4.0,shortcut,"(2, 3)",,6
15,shared_s1,0.0,0.0,0.0,0.0,1.0,0.0,0.0,1.0,0.0,0.0,1.0,1.0,shortcut,"(2, 3)",,3
16,shared_s1,0.0,0.0,0.0,0.0,1.0,0.0,0.0,1.0,0.0,0.0,1.0,3.0,shortcut,"(2, 3)",,5
17,shared_s1,1.0,1.0,13.16293830696572,44.0,0.0,0.0,0.0,1.0,0.0,0.0,1.0,3.0,shortcut,"(2, 3)",7,
18,shared_s1,1.0,1.0,13.16293830696572,44.0,0.0,0.0,0.0,1.0,0.0,0.0,1.0,3.0,shortcut,"(2, 3)",7,
19,shared_s1,0.0,0.0,0.0,0.0,1.0,0.0,0.0,1.0,0.0,0.0,1.0,2.0,shortcut,"(2, 3)",,4
20,shared_s1,0.0,0.0,0.0,0.0,1.0,0.0,0.0,1.0,0.0,0.0,1.0,3.0,shortcut,"(2, 3)",,5
21,shared_s1,0.0,0.0,0.0,0.0,1.0,0.0,0.0,1.0,0.0,0.0,1.0,1.0,shortcut,"(2, 3)",,3
22,shared_s1,0.0,0.0,0.0,0.0,1.0,0.0,0.0,1.0,0.0,0.0,1.0,3.0,shortcut,"(2, 3)",,5
23,shared_s1,0.0,0.0,0.0,0.0,1.0,0.0,0.0,1.0,0.0,0.0,1.0,3.0,shortcut,"(2, 3)",,5
24,shared_s1,0.0,0.0,0.0,0.0,1.0,0.0,0.0,1.0,0.0,0.0,1.0,3.0,shortcut,"(2, 3)",,6
25,shared_s1,1.0,1.0,13.16293830696572,44.0,0.0,0.0,0.0,1.0,0.0,0.0,1.0,3.0,shortcut,"(2, 3)",7,
26,shared_s1,0.0,0.0,0.0,0.0,1.0,0.0,0.0,1.0,0.0,0.0,1.0,1.0,shortcut,"(2, 3)",,3
27,shared_s1,0.0,0.0,0.0,0.0,1.0,0.0,0.0,1.0,0.0,0.0,1.0,3.0,shortcut,"(2, 3)",,6
28,shared_s1,0.0,0.0,0.0,0.0,1.0,0.0,0.0,1.0,0.0,0.0,1.0,3.0,shortcut,"(2, 3)",,5
29,shared_s1,1.0,1.0,13.16293830696572,44.0,0.0,0.0,0.0,1.0,0.0,0.0,1.0,3.0,shortcut,"(2, 3)",7,
30,shared_s1,0.0,0.0,0.0,0.0,1.0,0.0,0.0,1.0,0.0,0.0,1.0,2.0,shortcut,"(2, 3)",,4
31,shared_s1,1.0,1.0,13.16293830696572,44.0,0.0,0.0,0.0,1.0,0.0,0.0,1.0,3.0,shortcut,"(2, 3)",7,
32,shared_s1,1.0,1.0,11.066088688957908,41.0,0.0,1.0,1.0,0.0,0.0,1.0,0.0,0.0,lower,"(1, 2)",10,
33,shared_s1,0.0,0.0,0.0,0.0,1.0,0.0,0.0,1.0,0.0,0.0,1.0,2.0,shortcut,"(2, 3)",,5
34,shared_s1,1.0,1.0,13.16293830696572,44.0,0.0,0.0,0.0,1.0,0.0,0.0,1.0,3.0,shortcut,"(2, 3)",7,
35,shared_s1,0.0,0.0,0.0,0.0,1.0,0.0,0.0,1.0,0.0,0.0,1.0,1.0,shortcut,"(2, 3)",,3
36,shared_s1,0.0,0.0,0.0,0.0,1.0,0.0,0.0,1.0,0.0,0.0,1.0,4.0,shortcut,"(2, 3)",,6
37,shared_s1,1.0,1.0,11.066088688957908,41.0,0.0,1.0,1.0,0.0,0.0,1.0,0.0,0.0,lower,"(1, 2)",10,
38,shared_s1,1.0,1.0,13.16293830696572,44.0,0.0,0.0,0.0,1.0,0.0,0.0,1.0,3.0,shortcut,"(2, 3)",7,
39,shared_s1,1.0,1.0,13.16293830696572,44.0,0.0,0.0,0.0,1.0,0.0,0.0,1.0,3.0,shortcut,"(2, 3)",7,
40,shared_s1,0.0,0.0,0.0,0.0,1.0,0.0,0.0,1.0,0.0,0.0,1.0,1.0,shortcut,"(2, 3)",,3
41,shared_s1,0.0,0.0,0.0,0.0,1.0,0.0,0.0,1.0,0.0,0.0,1.0,1.0,shortcut,"(2, 3)",,3
42,shared_s1,0.0,0.0,0.0,0.0,1.0,0.0,0.0,1.0,0.0,0.0,1.0,2.0,shortcut,"(2, 3)",,4
43,shared_s1,1.0,1.0,13.16293830696572,44.0,0.0,0.0,0.0,1.0,0.0,0.0,1.0,3.0,shortcut,"(2, 3)",7,
44,shared_s1,1.0,1.0,13.16293830696572,44.0,0.0,0.0,0.0,1.0,0.0,0.0,1.0,3.0,shortcut,"(2, 3)",7,
45,shared_s1,1.0,1.0,13.16293830696572,44.0,0.0,0.0,0.0,1.0,0.0,0.0,1.0,3.0,shortcut,"(2, 3)",7,
46,shared_s1,1.0,1.0,13.16293830696572,44.0,0.0,0.0,0.0,1.0,0.0,0.0,1.0,3.0,shortcut,"(2, 3)",7,
47,shared_s1,1.0,1.0,13.16293830696572,44.0,0.0,0.0,0.0,1.0,0.0,0.0,1.0,3.0,shortcut,"(2, 3)",7,
48,shared_s1,0.0,0.0,0.0,0.0,1.0,0.0,0.0,1.0,0.0,0.0,1.0,2.0,shortcut,"(2, 3)",,4
49,shared_s1,0.0,0.0,0.0,0.0,1.0,0.0,0.0,1.0,0.0,0.0,1.0,3.0,shortcut,"(2, 3)",,5
50,shared_s1,1.0,1.0,13.16293830696572,44.0,0.0,0.0,0.0,1.0,0.0,0.0,1.0,4.0,shortcut,"(2, 3)",7,
51,shared_s1,0.0,0.0,0.0,0.0,1.0,0.0,0.0,1.0,0.0,0.0,1.0,1.0,shortcut,"(2, 3)",,3
52,shared_s1,1.0,1.0,13.16293830696572,44.0,0.0,0.0,0.0,1.0,0.0,0.0,1.0,3.0,shortcut,"(2, 3)",7,
53,shared_s1,0.0,0.0,0.0,0.0,1.0,0.0,0.0,1.0,0.0,0.0,1.0,1.0,shortcut,"(2, 3)",,3
54,shared_s1,1.0,1.0,13.16293830696572,44.0,0.0,0.0,0.0,1.0,0.0,0.0,1.0,3.0,shortcut,"(2, 3)",7,
55,shared_s1,0.0,0.0,0.0,0.0,1.0,0.0,0.0,1.0,0.0,0.0,1.0,2.0,shortcut,"(2, 3)",,4
56,shared_s1,0.0,0.0,0.0,0.0,1.0,0.0,0.0,1.0,0.0,0.0,1.0,3.0,shortcut,"(2, 3)",,5
57,shared_s1,1.0,1.0,13.16293830696572,44.0,0.0,0.0,0.0,1.0,0.0,0.0,1.0,3.0,shortcut,"(2, 3)",7,
58,shared_s1,0.0,0.0,0.0,0.0,1.0,0.0,0.0,1.0,0.0,0.0,1.0,2.0,shortcut,"(2, 3)",,4
59,shared_s1,1.0,1.0,13.16293830696572,44.0,0.0,0.0,0.0,1.0,0.0,0.0,1.0,3.0,shortcut,"(2, 3)",7,
60,shared_s1,0.0,0.0,0.0,0.0,1.0,0.0,0.0,1.0,0.0,0.0,1.0,1.0,shortcut,"(2, 3)",,3
61,shared_s1,1.0,1.0,13.16293830696572,44.0,0.0,0.0,0.0,1.0,0.0,0.0,1.0,3.0,shortcut,"(2, 3)",7,
62,shared_s1,1.0,1.0,13.16293830696572,44.0,0.0,0.0,0.0,1.0,0.0,0.0,1.0,3.0,shortcut,"(2, 3)",7,
63,shared_s1,0.0,0.0,0.0,0.0,1.0,0.0,0.0,1.0,0.0,0.0,1.0,4.0,shortcut,"(2, 3)",,6
64,shared_s1,0.0,0.0,0.0,0.0,1.0,0.0,0.0,1.0,0.0,0.0,1.0,3.0,shortcut,"(2, 3)",,5
65,shared_s1,1.0,1.0,13.16293830696572,44.0,0.0,0.0,0.0,1.0,0.0,0.0,1.0,3.0,shortcut,"(2, 3)",7,
66,shared_s1,0.0,0.0,0.0,0.0,1.0,0.0,0.0,1.0,0.0,0.0,1.0,1.0,shortcut,"(2, 3)",,3
67,shared_s1,0.0,0.0,0.0,0.0,1.0,0.0,0.0,1.0,0.0,0.0,1.0,3.0,shortcut,"(2, 3)",,5
68,shared_s1,0.0,0.0,0.0,0.0,1.0,0.0,0.0,1.0,0.0,0.0,1.0,3.0,shortcut,"(2, 3)",,5
69,shared_s1,0.0,0.0,0.0,0.0,1.0,0.0,0.0,1.0,0.0,0.0,1.0,2.0,shortcut,"(2, 3)",,4
70,shared_s1,0.0,0.0,0.0,0.0,1.0,0.0,0.0,1.0,0.0,0.0,1.0,2.0,shortcut,"(2, 3)",,4
71,shared_s1,0.0,0.0,0.0,0.0,1.0,0.0,0.0,1.0,0.0,0.0,1.0,1.0,shortcut,"(2, 3)",,3
72,shared_s1,0.0,0.0,0.0,0.0,1.0,0.0,0.0,1.0,0.0,0.0,1.0,1.0,shortcut,"(2, 3)",,3
73,shared_s1,0.0,0.0,0.0,0.0,1.0,0.0,0.0,1.0,0.0,0.0,1.0,1.0,shortcut,"(2, 3)",,3
74,shared_s1,0.0,0.0,0.0,0.0,1.0,0.0,0.0,1.0,0.0,0.0,1.0,3.0,shortcut,"(2, 3)",,5
75,shared_s1,0.0,0.0,0.0,0.0,1.0,0.0,0.0,1.0,0.0,0.0,1.0,1.0,shortcut,"(2, 3)",,3
76,shared_s1,0.0,0.0,0.0,0.0,1.0,0.0,0.0,1.0,0.0,0.0,1.0,2.0,shortcut,"(2, 3)",,4
77,shared_s1,1.0,1.0,13.16293830696572,44.0,0.0,0.0,0.0,1.0,0.0,0.0,1.0,3.0,shortcut,"(2, 3)",7,
78,shared_s1,0.0,0.0,0.0,0.0,1.0,0.0,0.0,1.0,0.0,0.0,1.0,2.0,shortcut,"(2, 3)",,4
79,shared_s1,0.0,0.0,0.0,0.0,1.0,0.0,0.0,1.0,0.0,0.0,1.0,2.0,shortcut,"(2, 3)",,4
80,shared_s1,0.0,0.0,0.0,0.0,1.0,0.0,0.0,1.0,0.0,0.0,1.0,2.0,shortcut,"(2, 3)",,4
81,shared_s1,0.0,0.0,0.0,0.0,1.0,0.0,0.0,1.0,0.0,0.0,1.0,1.0,shortcut,"(2, 3)",,3
82,shared_s1,1.0,1.0,13.16293830696572,44.0,0.0,0.0,0.0,1.0,0.0,0.0,1.0,3.0,shortcut,"(2, 3)",7,
83,shared_s1,0.0,0.0,0.0,0.0,1.0,0.0,0.0,1.0,0.0,0.0,1.0,3.0,shortcut,"(2, 3)",,5
84,shared_s1,1.0,1.0,13.16293830696572,44.0,0.0,0.0,0.0,1.0,0.0,0.0,1.0,3.0,shortcut,"(2, 3)",7,
85,shared_s1,1.0,1.0,13.16293830696572,44.0,0.0,0.0,0.0,1.0,0.0,0.0,1.0,3.0,shortcut,"(2, 3)",7,
86,shared_s1,0.0,0.0,0.0,0.0,1.0,0.0,0.0,1.0,0.0,0.0,1.0,2.0,shortcut,"(2, 3)",,4
87,shared_s1,1.0,1.0,13.16293830696572,44.0,0.0,0.0,0.0,1.0,0.0,0.0,1.0,3.0,shortcut,"(2, 3)",7,
88,shared_s1,1.0,1.0,13.16293830696572,44.0,0.0,0.0,0.0,1.0,0.0,0.0,1.0,3.0,shortcut,"(2, 3)",7,
89,shared_s1,1.0,1.0,13.16293830696572,44.0,0.0,0.0,0.0,1.0,0.0,0.0,1.0,3.0,shortcut,"(2, 3)",7,
90,shared_s1,0.0,0.0,0.0,0.0,1.0,0.0,0.0,1.0,0.0,0.0,1.0,2.0,shortcut,"(2, 3)",,6
91,shared_s1,0.0,0.0,0.0,0.0,1.0,0.0,0.0,1.0,0.0,0.0,1.0,3.0,shortcut,"(2, 3)",,5
92,shared_s1,0.0,0.0,0.0,0.0,1.0,0.0,0.0,1.0,0.0,0.0,1.0,2.0,shortcut,"(2, 3)",,4
93,shared_s1,0.0,0.0,0.0,0.0,1.0,0.0,0.0,1.0,0.0,0.0,1.0,3.0,shortcut,"(2, 3)",,5
94,shared_s1,0.0,0.0,0.0,0.0,1.0,0.0,0.0,1.0,0.0,0.0,1.0,1.0,shortcut,"(2, 3)",,3
95,shared_s1,0.0,0.0,0.0,0.0,1.0,0.0,0.0,1.0,0.0,0.0,1.0,3.0,shortcut,"(2, 3)",,5
96,shared_s1,0.0,0.0,0.0,0.0,1.0,0.0,0.0,1.0,0.0,0.0,1.0,3.0,shortcut,"(2, 3)",,5
97,shared_s1,1.0,1.0,13.16293830696572,44.0,0.0,0.0,0.0,1.0,0.0,0.0,1.0,3.0,shortcut,"(2, 3)",7,
98,shared_s1,0.0,0.0,0.0,0.0,1.0,0.0,0.0,1.0,0.0,0.0,1.0,1.0,shortcut,"(2, 3)",,3
99,shared_s1,0.0,0.0,0.0,0.0,1.0,0.0,0.0,1.0,0.0,0.0,1.0,3.0,shortcut,"(2, 3)",,5
100,shared_s1,1.0,1.0,13.16293830696572,44.0,0.0,0.0,0.0,1.0,0.0,0.0,1.0,3.0,shortcut,"(2, 3)",7,
101,shared_s1,0.0,0.0,0.0,0.0,1.0,0.0,0.0,1.0,0.0,0.0,1.0,4.0,shortcut,"(2, 3)",,6
102,shared_s1,1.0,1.0,13.16293830696572,44.0,0.0,0.0,0.0,1.0,0.0,0.0,1.0,3.0,shortcut,"(2, 3)",7,
103,shared_s1,0.0,0.0,0.0,0.0,1.0,0.0,0.0,1.0,0.0,0.0,1.0,1.0,shortcut,"(2, 3)",,3
104,shared_s1,1.0,1.0,13.16293830696572,44.0,0.0,0.0,0.0,1.0,0.0,0.0,1.0,4.0,shortcut,"(2, 3)",7,
105,shared_s1,0.0,0.0,0.0,0.0,1.0,0.0,0.0,1.0,0.0,0.0,1.0,3.0,shortcut,"(2, 3)",,5
106,shared_s1,0.0,0.0,0.0,0.0,1.0,0.0,0.0,1.0,0.0,0.0,1.0,1.0,shortcut,"(2, 3)",,3
107,shared_s1,1.0,1.0,13.16293830696572,44.0,0.0,0.0,0.0,1.0,0.0,0.0,1.0,3.0,shortcut,"(2, 3)",7,
108,shared_s1,0.0,0.0,0.0,0.0,1.0,0.0,0.0,1.0,0.0,0.0,1.0,1.0,shortcut,"(2, 3)",,3
109,shared_s1,0.0,0.0,0.0,0.0,1.0,0.0,0.0,1.0,0.0,0.0,1.0,2.0,shortcut,"(2, 3)",,4
110,shared_s1,0.0,0.0,0.0,0.0,1.0,0.0,0.0,1.0,0.0,0.0,1.0,2.0,shortcut,"(2, 3)",,4
111,shared_s1,0.0,0.0,0.0,0.0,1.0,0.0,0.0,1.0,0.0,0.0,1.0,1.0,shortcut,"(2, 3)",,4
112,shared_s1,1.0,1.0,10.4358392792333,40.0,0.0,1.0,1.0,0.0,0.0,1.0,0.0,0.0,lower,"(1, 2)",11,
113,shared_s1,1.0,1.0,13.16293830696572,44.0,0.0,0.0,0.0,1.0,0.0,0.0,1.0,4.0,shortcut,"(2, 3)",7,
114,shared_s1,0.0,0.0,0.0,0.0,1.0,0.0,0.0,1.0,0.0,0.0,1.0,2.0,shortcut,"(2, 3)",,4
115,shared_s1,0.0,0.0,0.0,0.0,1.0,0.0,0.0,1.0,0.0,0.0,1.0,1.0,shortcut,"(2, 3)",,3
116,shared_s1,0.0,0.0,0.0,0.0,1.0,0.0,0.0,1.0,0.0,0.0,1.0,2.0,shortcut,"(2, 3)",,4
117,shared_s1,0.0,0.0,0.0,0.0,1.0,0.0,0.0,1.0,0.0,0.0,1.0,1.0,shortcut,"(2, 3)",,3
118,shared_s1,0.0,0.0,0.0,0.0,1.0,0.0,0.0,1.0,0.0,0.0,1.0,2.0,shortcut,"(2, 3)",,4
119,shared_s1,0.0,0.0,0.0,0.0,1.0,0.0,0.0,1.0,0.0,0.0,1.0,2.0,shortcut,"(2, 3)",,4
120,shared_s1,1.0,1.0,13.16293830696572,44.0,0.0,0.0,0.0,1.0,0.0,0.0,1.0,3.0,shortcut,"(2, 3)",7,
121,shared_s1,1.0,1.0,13.16293830696572,44.0,0.0,0.0,0.0,1.0,0.0,0.0,1.0,3.0,shortcut,"(2, 3)",7,
122,shared_s1,0.0,0.0,0.0,0.0,1.0,0.0,0.0,1.0,0.0,0.0,1.0,1.0,shortcut,"(2, 3)",,3
123,shared_s1,0.0,0.0,0.0,0.0,1.0,0.0,0.0,1.0,0.0,0.0,1.0,1.0,shortcut,"(2, 3)",,3
124,shared_s1,0.0,0.0,0.0,0.0,1.0,0.0,0.0,1.0,0.0,0.0,1.0,2.0,shortcut,"(2, 3)",,5
125,shared_s1,0.0,0.0,0.0,0.0,1.0,0.0,0.0,1.0,0.0,0.0,1.0,1.0,shortcut,"(2, 3)",,4
126,shared_s1,0.0,0.0,0.0,0.0,1.0,0.0,0.0,1.0,0.0,0.0,1.0,1.0,shortcut,"(2, 3)",,3
127,shared_s1,0.0,0.0,0.0,0.0,1.0,0.0,0.0,1.0,0.0,0.0,1.0,2.0,shortcut,"(2, 3)",,4
128,shared_s1,1.0,1.0,13.16293830696572,44.0,0.0,0.0,0.0,1.0,0.0,0.0,1.0,3.0,shortcut,"(2, 3)",7,
129,shared_s1,0.0,0.0,0.0,0.0,1.0,0.0,0.0,1.0,0.0,0.0,1.0,2.0,shortcut,"(2, 3)",,4
130,shared_s1,0.0,0.0,0.0,0.0,1.0,0.0,0.0,1.0,0.0,0.0,1.0,1.0,shortcut,"(2, 3)",,3
131,shared_s1,1.0,1.0,13.16293830696572,44.0,0.0,0.0,0.0,1.0,0.0,0.0,1.0,3.0,shortcut,"(2, 3)",7,
132,shared_s1,1.0,1.0,13.16293830696572,44.0,0.0,0.0,0.0,1.0,0.0,0.0,1.0,3.0,shortcut,"(2, 3)",7,
133,shared_s1,1.0,1.0,13.16293830696572,44.0,0.0,0.0,0.0,1.0,0.0,0.0,1.0,3.0,shortcut,"(2, 3)",7,
134,shared_s1,0.0,0.0,0.0,0.0,1.0,0.0,0.0,1.0,0.0,0.0,1.0,2.0,shortcut,"(2, 3)",,4
135,shared_s1,0.0,0.0,0.0,0.0,1.0,0.0,0.0,1.0,0.0,0.0,1.0,3.0,shortcut,"(2, 3)",,5
136,shared_s1,0.0,0.0,0.0,0.0,1.0,0.0,0.0,1.0,0.0,0.0,1.0,1.0,shortcut,"(2, 3)",,3
137,shared_s1,0.0,0.0,0.0,0.0,1.0,0.0,0.0,1.0,0.0,0.0,1.0,2.0,shortcut,"(2, 3)",,4
138,shared_s1,0.0,0.0,0.0,0.0,1.0,0.0,0.0,1.0,0.0,0.0,1.0,1.0,shortcut,"(2, 3)",,3
139,shared_s1,0.0,0.0,0.0,0.0,1.0,0.0,0.0,1.0,0.0,0.0,1.0,1.0,shortcut,"(2, 3)",,3
140,shared_s1,0.0,0.0,0.0,0.0,1.0,0.0,0.0,1.0,0.0,0.0,1.0,2.0,shortcut,"(2, 3)",,4
141,shared_s1,0.0,0.0,0.0,0.0,1.0,0.0,0.0,1.0,0.0,0.0,1.0,2.0,shortcut,"(2, 3)",,4
142,shared_s1,0.0,0.0,0.0,0.0,1.0,0.0,0.0,1.0,0.0,0.0,1.0,1.0,shortcut,"(2, 3)",,5
143,shared_s1,1.0,1.0,13.16293830696572,44.0,0.0,0.0,0.0,1.0,0.0,0.0,1.0,3.0,shortcut,"(2, 3)",7,
144,shared_s1,0.0,0.0,0.0,0.0,1.0,0.0,0.0,1.0,0.0,0.0,1.0,3.0,shortcut,"(2, 3)",,5
145,shared_s1,1.0,1.0,13.16293830696572,44.0,0.0,0.0,0.0,1.0,0.0,0.0,1.0,3.0,shortcut,"(2, 3)",7,
146,shared_s1,0.0,0.0,0.0,0.0,1.0,0.0,0.0,1.0,0.0,0.0,1.0,1.0,shortcut,"(2, 3)",,3
147,shared_s1,1.0,1.0,13.16293830696572,44.0,0.0,0.0,0.0,1.0,0.0,0.0,1.0,3.0,shortcut,"(2, 3)",7,
148,shared_s1,0.0,0.0,0.0,0.0,1.0,0.0,0.0,1.0,0.0,0.0,1.0,3.0,shortcut,"(2, 3)",,5
149,shared_s1,1.0,1.0,13.16293830696572,44.0,0.0,0.0,0.0,1.0,0.0,0.0,1.0,4.0,shortcut,"(2, 3)",7,
150,shared_s1,0.0,0.0,0.0,0.0,1.0,0.0,0.0,1.0,0.0,0.0,1.0,1.0,shortcut,"(2, 3)",,3
151,shared_s1,0.0,0.0,0.0,0.0,1.0,0.0,0.0,1.0,0.0,0.0,1.0,2.0,shortcut,"(2, 3)",,4
152,shared_s1,0.0,0.0,0.0,0.0,1.0,0.0,0.0,1.0,0.0,0.0,1.0,2.0,shortcut,"(2, 3)",,4
153,shared_s1,0.0,0.0,0.0,0.0,1.0,0.0,0.0,1.0,0.0,0.0,1.0,2.0,shortcut,"(2, 3)",,4
154,shared_s1,1.0,1.0,13.16293830696572,44.0,0.0,0.0,0.0,1.0,0.0,0.0,1.0,3.0,shortcut,"(2, 3)",7,
155,shared_s1,1.0,1.0,13.16293830696572,44.0,0.0,0.0,0.0,1.0,0.0,0.0,1.0,3.0,shortcut,"(2, 3)",7,
156,shared_s1,1.0,1.0,13.16293830696572,44.0,0.0,0.0,0.0,1.0,0.0,0.0,1.0,3.0,shortcut,"(2, 3)",7,
157,shared_s1,0.0,0.0,0.0,0.0,1.0,0.0,0.0,1.0,0.0,0.0,1.0,2.0,shortcut,"(2, 3)",,4
158,shared_s1,1.0,1.0,13.16293830696572,44.0,0.0,0.0,0.0,1.0,0.0,0.0,1.0,3.0,shortcut,"(2, 3)",7,
159,shared_s1,0.0,0.0,0.0,0.0,1.0,0.0,0.0,1.0,0.0,0.0,1.0,1.0,shortcut,"(2, 3)",,3
160,shared_s1,1.0,1.0,13.16293830696572,44.0,0.0,0.0,0.0,1.0,0.0,0.0,1.0,3.0,shortcut,"(2, 3)",7,
161,shared_s1,0.0,0.0,0.0,0.0,1.0,0.0,0.0,1.0,0.0,0.0,1.0,2.0,shortcut,"(2, 3)",,6
162,shared_s1,0.0,0.0,0.0,0.0,1.0,0.0,0.0,1.0,0.0,0.0,1.0,1.0,shortcut,"(2, 3)",,3
163,shared_s1,0.0,0.0,0.0,0.0,1.0,0.0,0.0,1.0,0.0,0.0,1.0,2.0,shortcut,"(2, 3)",,4
164,shared_s1,0.0,0.0,0.0,0.0,1.0,0.0,0.0,1.0,0.0,0.0,1.0,2.0,shortcut,"(2, 3)",,4
165,shared_s1,0.0,0.0,0.0,0.0,1.0,0.0,0.0,1.0,0.0,0.0,1.0,1.0,shortcut,"(2, 3)",,3
166,shared_s1,0.0,0.0,0.0,0.0,1.0,0.0,0.0,1.0,0.0,0.0,1.0,3.0,shortcut,"(2, 3)",,5
167,shared_s1,1.0,1.0,13.16293830696572,44.0,0.0,0.0,0.0,1.0,0.0,0.0,1.0,3.0,shortcut,"(2, 3)",7,
168,shared_s1,1.0,1.0,12.42784641634072,43.0,0.0,0.0,0.0,1.0,0.0,0.0,1.0,4.0,shortcut,"(2, 3)",8,
169,shared_s1,1.0,1.0,13.16293830696572,44.0,0.0,0.0,0.0,1.0,0.0,0.0,1.0,3.0,shortcut,"(2, 3)",7,
170,shared_s1,0.0,0.0,0.0,0.0,1.0,0.0,0.0,1.0,0.0,0.0,1.0,1.0,shortcut,"(2, 3)",,4
171,shared_s1,1.0,1.0,13.16293830696572,44.0,0.0,0.0,0.0,1.0,0.0,0.0,1.0,3.0,shortcut,"(2, 3)",7,
172,shared_s1,1.0,1.0,13.16293830696572,44.0,0.0,0.0,0.0,1.0,0.0,0.0,1.0,3.0,shortcut,"(2, 3)",7,
173,shared_s1,0.0,0.0,0.0,0.0,1.0,0.0,0.0,1.0,0.0,0.0,1.0,2.0,shortcut,"(2, 3)",,4
174,shared_s1,1.0,1.0,11.72950912024697,42.0,0.0,1.0,1.0,0.0,0.0,1.0,0.0,0.0,lower,"(1, 2)",9,
175,shared_s1,1.0,1.0,13.16293830696572,44.0,0.0,0.0,0.0,1.0,0.0,0.0,1.0,3.0,shortcut,"(2, 3)",7,
176,shared_s1,0.0,0.0,0.0,0.0,1.0,0.0,0.0,1.0,0.0,0.0,1.0,3.0,shortcut,"(2, 3)",,5
177,shared_s1,0.0,0.0,0.0,0.0,1.0,0.0,0.0,1.0,0.0,0.0,1.0,2.0,shortcut,"(2, 3)",,4
178,shared_s1,1.0,1.0,13.16293830696572,44.0,0.0,0.0,0.0,1.0,0.0,0.0,1.0,3.0,shortcut,"(2, 3)",7,
179,shared_s1,0.0,0.0,0.0,0.0,1.0,0.0,0.0,1.0,0.0,0.0,1.0,2.0,shortcut,"(2, 3)",,4
180,shared_s1,0.0,0.0,0.0,0.0,1.0,0.0,0.0,1.0,0.0,0.0,1.0,3.0,shortcut,"(2, 3)",,5
181,shared_s1,1.0,1.0,13.16293830696572,44.0,0.0,0.0,0.0,1.0,0.0,0.0,1.0,3.0,shortcut,"(2, 3)",7,
182,shared_s1,0.0,0.0,0.0,0.0,1.0,0.0,0.0,1.0,0.0,0.0,1.0,2.0,shortcut,"(2, 3)",,4
183,shared_s1,0.0,0.0,0.0,0.0,1.0,0.0,0.0,1.0,0.0,0.0,1.0,3.0,shortcut,"(2, 3)",,5
184,shared_s1,0.0,0.0,0.0,0.0,1.0,0.0,0.0,1.0,0.0,0.0,1.0,2.0,shortcut,"(2, 3)",,4
185,shared_s1,1.0,1.0,13.16293830696572,44.0,0.0,0.0,0.0,1.0,0.0,0.0,1.0,3.0,shortcut,"(2, 3)",7,
186,shared_s1,0.0,0.0,0.0,0.0,1.0,0.0,0.0,1.0,0.0,0.0,1.0,3.0,shortcut,"(2, 3)",,5
187,shared_s1,0.0,0.0,0.0,0.0,1.0,0.0,0.0,1.0,0.0,0.0,1.0,2.0,shortcut,"(2, 3)",,4
188,shared_s1,0.0,0.0,0.0,0.0,1.0,0.0,0.0,1.0,0.0,0.0,1.0,2.0,shortcut,"(2, 3)",,4
189,shared_s1,0.0,0.0,0.0,0.0,1.0,0.0,0.0,1.0,0.0,0.0,1.0,1.0,shortcut,"(2, 3)",,3
190,shared_s1,1.0,1.0,13.16293830696572,44.0,0.0,0.0,0.0,1.0,0.0,0.0,1.0,3.0,shortcut,"(2, 3)",7,
191,shared_s1,1.0,1.0,13.16293830696572,44.0,0.0,0.0,0.0,1.0,0.0,0.0,1.0,3.0,shortcut,"(2, 3)",7,
192,shared_s1,0.0,0.0,0.0,0.0,1.0,0.0,0.0,1.0,0.0,0.0,1.0,3.0,shortcut,"(2, 3)",,7
193,shared_s1,0.0,0.0,0.0,0.0,1.0,0.0,0.0,1.0,0.0,0.0,1.0,1.0,shortcut,"(2, 3)",,3
194,shared_s1,0.0,0.0,0.0,0.0,1.0,0.0,0.0,1.0,0.0,0.0,1.0,3.0,shortcut,"(2, 3)",,5
195,shared_s1,1.0,1.0,13.16293830696572,44.0,0.0,0.0,0.0,1.0,0.0,0.0,1.0,3.0,shortcut,"(2, 3)",7,
196,shared_s1,1.0,1.0,13.16293830696572,44.0,0.0,0.0,0.0,1.0,0.0,0.0,1.0,3.0,shortcut,"(2, 3)",7,
197,shared_s1,0.0,0.0,0.0,0.0,1.0,0.0,0.0,1.0,0.0,0.0,1.0,1.0,shortcut,"(2, 3)",,3
198,shared_s1,0.0,0.0,0.0,0.0,1.0,0.0,0.0,1.0,0.0,0.0,1.0,1.0,shortcut,"(2, 3)",,3
199,shared_s1,0.0,0.0,0.0,0.0,1.0,0.0,0.0,1.0,0.0,0.0,1.0,2.0,shortcut,"(2, 3)",,4
200,shared_s1,1.0,1.0,13.16293830696572,44.0,0.0,0.0,0.0,1.0,0.0,0.0,1.0,3.0,shortcut,"(2, 3)",7,
201,shared_s1,0.0,0.0,0.0,0.0,1.0,0.0,0.0,1.0,0.0,0.0,1.0,2.0,shortcut,"(2, 3)",,5
202,shared_s1,1.0,1.0,13.16293830696572,44.0,0.0,0.0,0.0,1.0,0.0,0.0,1.0,3.0,shortcut,"(2, 3)",7,
203,shared_s1,0.0,0.0,0.0,0.0,1.0,0.0,0.0,1.0,0.0,0.0,1.0,1.0,shortcut,"(2, 3)",,4
204,shared_s1,0.0,0.0,0.0,0.0,1.0,0.0,0.0,1.0,0.0,0.0,1.0,2.0,shortcut,"(2, 3)",,4
205,shared_s1,0.0,0.0,0.0,0.0,1.0,0.0,0.0,1.0,0.0,0.0,1.0,2.0,shortcut,"(2, 3)",,4
206,shared_s1,0.0,0.0,0.0,0.0,1.0,0.0,0.0,1.0,0.0,0.0,1.0,1.0,shortcut,"(2, 3)",,3
207,shared_s1,0.0,0.0,0.0,0.0,1.0,0.0,0.0,1.0,0.0,0.0,1.0,1.0,shortcut,"(2, 3)",,3
208,shared_s1,1.0,1.0,13.16293830696572,44.0,0.0,0.0,0.0,1.0,0.0,0.0,1.0,3.0,shortcut,"(2, 3)",7,
209,shared_s1,0.0,0.0,0.0,0.0,1.0,0.0,0.0,1.0,0.0,0.0,1.0,2.0,shortcut,"(2, 3)",,4
210,shared_s1,0.0,0.0,0.0,0.0,1.0,0.0,0.0,1.0,0.0,0.0,1.0,2.0,shortcut,"(2, 3)",,4
211,shared_s1,1.0,1.0,13.16293830696572,44.0,0.0,0.0,0.0,1.0,0.0,0.0,1.0,3.0,shortcut,"(2, 3)",7,
212,shared_s1,1.0,1.0,13.16293830696572,44.0,0.0,0.0,0.0,1.0,0.0,0.0,1.0,3.0,shortcut,"(2, 3)",7,
213,shared_s1,0.0,0.0,0.0,0.0,1.0,0.0,0.0,1.0,0.0,0.0,1.0,3.0,shortcut,"(2, 3)",,5
214,shared_s1,0.0,0.0,0.0,0.0,1.0,0.0,0.0,1.0,0.0,0.0,1.0,1.0,shortcut,"(2, 3)",,3
215,shared_s1,0.0,0.0,0.0,0.0,1.0,0.0,0.0,1.0,0.0,0.0,1.0,2.0,shortcut,"(2, 3)",,4
216,shared_s1,0.0,0.0,0.0,0.0,1.0,0.0,0.0,1.0,0.0,0.0,1.0,1.0,shortcut,"(2, 3)",,3
217,shared_s1,0.0,0.0,0.0,0.0,1.0,0.0,0.0,1.0,0.0,0.0,1.0,2.0,shortcut,"(2, 3)",,4
218,shared_s1,0.0,0.0,0.0,0.0,1.0,0.0,0.0,1.0,0.0,0.0,1.0,1.0,shortcut,"(2, 3)",,3
219,shared_s1,0.0,0.0,0.0,0.0,1.0,0.0,0.0,1.0,0.0,0.0,1.0,4.0,shortcut,"(2, 3)",,7
220,shared_s1,1.0,1.0,13.16293830696572,44.0,0.0,0.0,0.0,1.0,0.0,0.0,1.0,3.0,shortcut,"(2, 3)",7,
221,shared_s1,0.0,0.0,0.0,0.0,1.0,0.0,0.0,1.0,0.0,0.0,1.0,2.0,shortcut,"(2, 3)",,4
222,shared_s1,1.0,1.0,13.16293830696572,44.0,0.0,0.0,0.0,1.0,0.0,0.0,1.0,3.0,shortcut,"(2, 3)",7,
223,shared_s1,0.0,0.0,0.0,0.0,1.0,0.0,0.0,1.0,0.0,0.0,1.0,2.0,shortcut,"(2, 3)",,4
224,shared_s1,0.0,0.0,0.0,0.0,1.0,0.0,0.0,1.0,0.0,0.0,1.0,2.0,shortcut,"(2, 3)",,5
225,shared_s1,0.0,0.0,0.0,0.0,1.0,0.0,0.0,1.0,0.0,0.0,1.0,1.0,shortcut,"(2, 3)",,3
226,shared_s1,0.0,0.0,0.0,0.0,1.0,0.0,0.0,1.0,0.0,0.0,1.0,1.0,shortcut,"(2, 3)",,3
227,shared_s1,0.0,0.0,0.0,0.0,1.0,0.0,0.0,1.0,0.0,0.0,1.0,3.0,shortcut,"(2, 3)",,5
228,shared_s1,1.0,1.0,13.16293830696572,44.0,0.0,0.0,0.0,1.0,0.0,0.0,1.0,3.0,shortcut,"(2, 3)",7,
229,shared_s1,1.0,1.0,13.16293830696572,44.0,0.0,0.0,0.0,1.0,0.0,0.0,1.0,3.0,shortcut,"(2, 3)",7,
230,shared_s1,0.0,0.0,0.0,0.0,1.0,0.0,0.0,1.0,0.0,0.0,1.0,2.0,shortcut,"(2, 3)",,5
231,shared_s1,0.0,0.0,0.0,0.0,1.0,0.0,0.0,1.0,0.0,0.0,1.0,2.0,shortcut,"(2, 3)",,4
232,shared_s1,0.0,0.0,0.0,0.0,1.0,0.0,0.0,1.0,0.0,0.0,1.0,1.0,shortcut,"(2, 3)",,3
233,shared_s1,0.0,0.0,0.0,0.0,1.0,0.0,0.0,1.0,0.0,0.0,1.0,1.0,shortcut,"(2, 3)",,3
234,shared_s1,1.0,1.0,13.16293830696572,44.0,0.0,0.0,0.0,1.0,0.0,0.0,1.0,4.0,shortcut,"(2, 3)",7,
235,shared_s1,1.0,1.0,13.16293830696572,44.0,0.0,0.0,0.0,1.0,0.0,0.0,1.0,3.0,shortcut,"(2, 3)",7,
236,shared_s1,1.0,1.0,13.16293830696572,44.0,0.0,0.0,0.0,1.0,0.0,0.0,1.0,3.0,shortcut,"(2, 3)",7,
237,shared_s1,0.0,0.0,0.0,0.0,1.0,0.0,0.0,1.0,0.0,0.0,1.0,3.0,shortcut,"(2, 3)",,5
238,shared_s1,1.0,1.0,13.16293830696572,44.0,0.0,0.0,0.0,1.0,0.0,0.0,1.0,3.0,shortcut,"(2, 3)",7,
239,shared_s1,0.0,0.0,0.0,0.0,1.0,0.0,0.0,1.0,0.0,0.0,1.0,3.0,shortcut,"(2, 3)",,5
240,shared_s1,1.0,1.0,11.066088688957908,41.0,0.0,1.0,1.0,0.0,0.0,1.0,0.0,0.0,lower,"(1, 2)",10,
241,shared_s1,0.0,0.0,0.0,0.0,1.0,0.0,0.0,1.0,0.0,0.0,1.0,3.0,shortcut,"(2, 3)",,5
242,shared_s1,0.0,0.0,0.0,0.0,1.0,0.0,0.0,1.0,0.0,0.0,1.0,2.0,shortcut,"(2, 3)",,4
243,shared_s1,1.0,1.0,13.16293830696572,44.0,0.0,0.0,0.0,1.0,0.0,0.0,1.0,3.0,shortcut,"(2, 3)",7,
244,shared_s1,0.0,0.0,0.0,0.0,1.0,0.0,0.0,1.0,0.0,0.0,1.0,3.0,shortcut,"(2, 3)",,5
245,shared_s1,0.0,0.0,0.0,0.0,1.0,0.0,0.0,1.0,0.0,0.0,1.0,1.0,shortcut,"(2, 3)",,3
246,shared_s1,0.0,0.0,0.0,0.0,1.0,0.0,0.0,1.0,0.0,0.0,1.0,1.0,shortcut,"(2, 3)",,3
247,shared_s1,0.0,0.0,0.0,0.0,1.0,0.0,0.0,1.0,0.0,0.0,1.0,2.0,shortcut,"(2, 3)",,5
248,shared_s1,1.0,1.0,13.16293830696572,44.0,0.0,0.0,0.0,1.0,0.0,0.0,1.0,3.0,shortcut,"(2, 3)",7,
249,shared_s1,1.0,1.0,13.16293830696572,44.0,0.0,0.0,0.0,1.0,0.0,0.0,1.0,3.0,shortcut,"(2, 3)",7,
250,shared_s1,1.0,1.0,13.16293830696572,44.0,0.0,0.0,0.0,1.0,0.0,0.0,1.0,4.0,shortcut,"(2, 3)",7,
251,shared_s1,0.0,0.0,0.0,0.0,1.0,0.0,0.0,1.0,0.0,0.0,1.0,1.0,shortcut,"(2, 3)",,3
252,shared_s1,1.0,1.0,13.16293830696572,44.0,0.0,0.0,0.0,1.0,0.0,0.0,1.0,3.0,shortcut,"(2, 3)",7,
253,shared_s1,0.0,0.0,0.0,0.0,1.0,0.0,0.0,1.0,0.0,0.0,1.0,2.0,shortcut,"(2, 3)",,4
254,shared_s1,1.0,1.0,11.066088688957908,41.0,0.0,1.0,1.0,0.0,0.0,1.0,0.0,0.0,lower,"(1, 2)",10,
255,shared_s1,1.0,1.0,13.16293830696572,44.0,0.0,0.0,0.0,1.0,0.0,0.0,1.0,3.0,shortcut,"(2, 3)",7,
256,shared_s1,1.0,1.0,13.16293830696572,44.0,0.0,0.0,0.0,1.0,0.0,0.0,1.0,3.0,shortcut,"(2, 3)",7,
257,shared_s1,0.0,0.0,0.0,0.0,1.0,0.0,0.0,1.0,0.0,0.0,1.0,1.0,shortcut,"(2, 3)",,3
258,shared_s1,0.0,0.0,0.0,0.0,1.0,0.0,0.0,1.0,0.0,0.0,1.0,2.0,shortcut,"(2, 3)",,4
259,shared_s1,0.0,0.0,0.0,0.0,1.0,0.0,0.0,1.0,0.0,0.0,1.0,2.0,shortcut,"(2, 3)",,4
260,shared_s1,1.0,1.0,13.16293830696572,44.0,0.0,0.0,0.0,1.0,0.0,0.0,1.0,3.0,shortcut,"(2, 3)",7,
261,shared_s1,0.0,0.0,0.0,0.0,1.0,0.0,0.0,1.0,0.0,0.0,1.0,1.0,shortcut,"(2, 3)",,3
262,shared_s1,1.0,1.0,13.16293830696572,44.0,0.0,0.0,0.0,1.0,0.0,0.0,1.0,4.0,shortcut,"(2, 3)",7,
263,shared_s1,0.0,0.0,0.0,0.0,1.0,0.0,0.0,1.0,0.0,0.0,1.0,3.0,shortcut,"(2, 3)",,5
264,shared_s1,0.0,0.0,0.0,0.0,1.0,0.0,0.0,1.0,0.0,0.0,1.0,3.0,shortcut,"(2, 3)",,5
265,shared_s1,0.0,0.0,0.0,0.0,1.0,0.0,0.0,1.0,0.0,0.0,1.0,1.0,shortcut,"(2, 3)",,3
266,shared_s1,0.0,0.0,0.0,0.0,1.0,0.0,0.0,1.0,0.0,0.0,1.0,2.0,shortcut,"(2, 3)",,4
267,shared_s1,0.0,0.0,0.0,0.0,1.0,0.0,0.0,1.0,0.0,0.0,1.0,3.0,shortcut,"(2, 3)",,5
268,shared_s1,0.0,0.0,0.0,0.0,1.0,0.0,0.0,1.0,0.0,0.0,1.0,3.0,shortcut,"(2, 3)",,5
269,shared_s1,0.0,0.0,0.0,0.0,1.0,0.0,0.0,1.0,0.0,0.0,1.0,1.0,shortcut,"(2, 3)",,3
270,shared_s1,1.0,1.0,13.16293830696572,44.0,0.0,0.0,0.0,1.0,0.0,0.0,1.0,3.0,shortcut,"(2, 3)",7,
271,shared_s1,1.0,1.0,13.16293830696572,44.0,0.0,0.0,0.0,1.0,0.0,0.0,1.0,3.0,shortcut,"(2, 3)",7,
272,shared_s1,0.0,0.0,0.0,0.0,1.0,0.0,0.0,1.0,0.0,0.0,1.0,2.0,shortcut,"(2, 3)",,4
273,shared_s1,0.0,0.0,0.0,0.0,1.0,0.0,0.0,1.0,0.0,0.0,1.0,2.0,shortcut,"(2, 3)",,4
274,shared_s1,1.0,1.0,11.72950912024697,42.0,0.0,1.0,1.0,0.0,0.0,1.0,0.0,0.0,lower,"(1, 2)",9,
275,shared_s1,0.0,0.0,0.0,0.0,1.0,0.0,0.0,1.0,0.0,0.0,1.0,2.0,shortcut,"(2, 3)",,4
276,shared_s1,0.0,0.0,0.0,0.0,1.0,0.0,0.0,1.0,0.0,0.0,1.0,1.0,shortcut,"(2, 3)",,3
277,shared_s1,0.0,0.0,0.0,0.0,1.0,0.0,0.0,1.0,0.0,0.0,1.0,1.0,shortcut,"(2, 3)",,3
278,shared_s1,0.0,0.0,0.0,0.0,1.0,0.0,0.0,1.0,0.0,0.0,1.0,2.0,shortcut,"(2, 3)",,4
279,shared_s1,1.0,1.0,13.16293830696572,44.0,0.0,0.0,0.0,1.0,0.0,0.0,1.0,3.0,shortcut,"(2, 3)",7,
280,shared_s1,0.0,0.0,0.0,0.0,1.0,0.0,0.0,1.0,0.0,0.0,1.0,2.0,shortcut,"(2, 3)",,4
281,shared_s1,1.0,1.0,12.42784641634072,43.0,0.0,0.0,0.0,1.0,0.0,0.0,1.0,3.0,shortcut,"(2, 3)",8,
282,shared_s1,1.0,1.0,13.16293830696572,44.0,0.0,0.0,0.0,1.0,0.0,0.0,1.0,3.0,shortcut,"(2, 3)",7,
283,shared_s1,1.0,1.0,13.16293830696572,44.0,0.0,0.0,0.0,1.0,0.0,0.0,1.0,3.0,shortcut,"(2, 3)",7,
284,shared_s1,1.0,1.0,13.16293830696572,44.0,0.0,0.0,0.0,1.0,0.0,0.0,1.0,4.0,shortcut,"(2, 3)",7,
285,shared_s1,0.0,0.0,0.0,0.0,1.0,0.0,0.0,1.0,0.0,0.0,1.0,3.0,shortcut,"(2, 3)",,5
286,shared_s1,0.0,0.0,0.0,0.0,1.0,0.0,0.0,1.0,0.0,0.0,1.0,2.0,shortcut,"(2, 3)",,4
287,shared_s1,1.0,1.0,13.16293830696572,44.0,0.0,0.0,0.0,1.0,0.0,0.0,1.0,3.0,shortcut,"(2, 3)",7,
288,shared_s1,0.0,0.0,0.0,0.0,1.0,0.0,0.0,1.0,0.0,0.0,1.0,3.0,shortcut,"(2, 3)",,5
289,shared_s1,0.0,0.0,0.0,0.0,1.0,0.0,0.0,1.0,0.0,0.0,1.0,2.0,shortcut,"(2, 3)",,4
290,shared_s1,1.0,1.0,11.72950912024697,42.0,0.0,1.0,1.0,0.0,0.0,1.0,0.0,0.0,lower,"(1, 2)",9,
291,shared_s1,0.0,0.0,0.0,0.0,1.0,0.0,0.0,1.0,0.0,0.0,1.0,2.0,shortcut,"(2, 3)",,4
292,shared_s1,0.0,0.0,0.0,0.0,1.0,0.0,0.0,1.0,0.0,0.0,1.0,2.0,shortcut,"(2, 3)",,4
293,shared_s1,0.0,0.0,0.0,0.0,1.0,0.0,0.0,1.0,0.0,0.0,1.0,3.0,shortcut,"(2, 3)",,5
294,shared_s1,1.0,1.0,13.16293830696572,44.0,0.0,0.0,0.0,1.0,0.0,0.0,1.0,3.0,shortcut,"(2, 3)",7,
295,shared_s1,0.0,0.0,0.0,0.0,1.0,0.0,0.0,1.0,0.0,0.0,1.0,1.0,shortcut,"(2, 3)",,3
296,shared_s1,0.0,0.0,0.0,0.0,1.0,0.0,0.0,1.0,0.0,0.0,1.0,1.0,shortcut,"(2, 3)",,3
297,shared_s1,1.0,1.0,13.16293830696572,44.0,0.0,0.0,0.0,1.0,0.0,0.0,1.0,3.0,shortcut,"(2, 3)",7,
298,shared_s1,0.0,0.0,0.0,0.0,1.0,0.0,0.0,1.0,0.0,0.0,1.0,1.0,shortcut,"(2, 3)",,3
299,shared_s1,0.0,0.0,0.0,0.0,1.0,0.0,0.0,1.0,0.0,0.0,1.0,1.0,shortcut,"(2, 3)",,3
0,balanced_s1,1.0,1.0,13.16293830696572,44.0,0.0,0.0,0.0,1.0,0.0,0.0,1.0,3.0,shortcut,"(2, 3)",7,
1,balanced_s1,1.0,1.0,11.72950912024697,42.0,0.0,1.0,1.0,0.0,0.0,1.0,0.0,0.0,lower,"(1, 2)",9,
2,balanced_s1,0.0,0.0,0.0,0.0,1.0,0.0,0.0,1.0,0.0,0.0,1.0,1.0,shortcut,"(2, 3)",,3
3,balanced_s1,0.0,0.0,0.0,0.0,1.0,0.0,0.0,1.0,0.0,0.0,1.0,2.0,shortcut,"(2, 3)",,5
4,balanced_s1,0.0,0.0,0.0,0.0,1.0,0.0,0.0,1.0,0.0,0.0,1.0,2.0,shortcut,"(2, 3)",,4
5,balanced_s1,0.0,0.0,0.0,0.0,1.0,0.0,0.0,1.0,0.0,0.0,1.0,2.0,shortcut,"(2, 3)",,6
6,balanced_s1,1.0,1.0,13.16293830696572,44.0,0.0,0.0,0.0,1.0,0.0,0.0,1.0,3.0,shortcut,"(2, 3)",7,
7,balanced_s1,0.0,0.0,0.0,0.0,1.0,0.0,0.0,1.0,0.0,0.0,1.0,1.0,shortcut,"(2, 3)",,3
8,balanced_s1,0.0,0.0,0.0,0.0,1.0,0.0,0.0,1.0,0.0,0.0,1.0,1.0,shortcut,"(2, 3)",,4
9,balanced_s1,0.0,0.0,0.0,0.0,1.0,0.0,0.0,1.0,0.0,0.0,1.0,2.0,shortcut,"(2, 3)",,4
10,balanced_s1,1.0,1.0,13.16293830696572,44.0,0.0,0.0,0.0,1.0,0.0,0.0,1.0,3.0,shortcut,"(2, 3)",7,
11,balanced_s1,0.0,0.0,0.0,0.0,1.0,0.0,0.0,1.0,0.0,0.0,1.0,1.0,shortcut,"(2, 3)",,3
12,balanced_s1,1.0,1.0,13.16293830696572,44.0,0.0,0.0,0.0,1.0,0.0,0.0,1.0,4.0,shortcut,"(2, 3)",7,
13,balanced_s1,0.0,0.0,0.0,0.0,1.0,0.0,0.0,1.0,0.0,0.0,1.0,1.0,shortcut,"(2, 3)",,6
14,balanced_s1,0.0,0.0,0.0,0.0,1.0,0.0,0.0,1.0,0.0,0.0,1.0,3.0,shortcut,"(2, 3)",,5
15,balanced_s1,1.0,1.0,11.72950912024697,42.0,0.0,1.0,1.0,0.0,0.0,1.0,0.0,0.0,lower,"(1, 2)",9,
16,balanced_s1,0.0,0.0,0.0,0.0,1.0,0.0,0.0,1.0,0.0,0.0,1.0,3.0,shortcut,"(2, 3)",,5
17,balanced_s1,1.0,1.0,13.16293830696572,44.0,0.0,0.0,0.0,1.0,0.0,0.0,1.0,3.0,shortcut,"(2, 3)",7,
18,balanced_s1,1.0,1.0,13.16293830696572,44.0,0.0,0.0,0.0,1.0,0.0,0.0,1.0,3.0,shortcut,"(2, 3)",7,
19,balanced_s1,0.0,0.0,0.0,0.0,1.0,0.0,0.0,1.0,0.0,0.0,1.0,2.0,shortcut,"(2, 3)",,4
20,balanced_s1,0.0,0.0,0.0,0.0,1.0,0.0,0.0,1.0,0.0,0.0,1.0,3.0,shortcut,"(2, 3)",,5
21,balanced_s1,0.0,0.0,0.0,0.0,1.0,0.0,0.0,1.0,0.0,0.0,1.0,1.0,shortcut,"(2, 3)",,3
22,balanced_s1,0.0,0.0,0.0,0.0,1.0,0.0,0.0,1.0,0.0,0.0,1.0,2.0,shortcut,"(2, 3)",,5
23,balanced_s1,0.0,0.0,0.0,0.0,1.0,0.0,0.0,1.0,0.0,0.0,1.0,3.0,shortcut,"(2, 3)",,5
24,balanced_s1,1.0,1.0,12.42784641634072,43.0,0.0,0.0,0.0,1.0,0.0,0.0,1.0,3.0,shortcut,"(2, 3)",8,
25,balanced_s1,1.0,1.0,13.16293830696572,44.0,0.0,0.0,0.0,1.0,0.0,0.0,1.0,3.0,shortcut,"(2, 3)",7,
26,balanced_s1,0.0,0.0,0.0,0.0,1.0,0.0,0.0,1.0,0.0,0.0,1.0,1.0,shortcut,"(2, 3)",,3
27,balanced_s1,1.0,1.0,11.72950912024697,42.0,0.0,0.0,0.0,1.0,0.0,0.0,1.0,3.0,shortcut,"(2, 3)",9,
28,balanced_s1,0.0,0.0,0.0,0.0,1.0,0.0,0.0,1.0,0.0,0.0,1.0,3.0,shortcut,"(2, 3)",,5
29,balanced_s1,1.0,1.0,13.16293830696572,44.0,0.0,0.0,0.0,1.0,0.0,0.0,1.0,3.0,shortcut,"(2, 3)",7,
30,balanced_s1,0.0,0.0,0.0,0.0,1.0,0.0,0.0,1.0,0.0,0.0,1.0,2.0,shortcut,"(2, 3)",,4
31,balanced_s1,1.0,1.0,13.16293830696572,44.0,0.0,0.0,0.0,1.0,0.0,0.0,1.0,3.0,shortcut,"(2, 3)",7,
32,balanced_s1,1.0,1.0,11.72950912024697,42.0,0.0,1.0,1.0,0.0,0.0,1.0,0.0,0.0,lower,"(1, 2)",9,
33,balanced_s1,0.0,0.0,0.0,0.0,1.0,0.0,0.0,1.0,0.0,0.0,1.0,1.0,shortcut,"(2, 3)",,5
34,balanced_s1,1.0,1.0,13.16293830696572,44.0,0.0,0.0,0.0,1.0,0.0,0.0,1.0,3.0,shortcut,"(2, 3)",7,
35,balanced_s1,0.0,0.0,0.0,0.0,1.0,0.0,0.0,1.0,0.0,0.0,1.0,1.0,shortcut,"(2, 3)",,3
36,balanced_s1,1.0,1.0,11.72950912024697,42.0,0.0,1.0,1.0,0.0,0.0,1.0,0.0,0.0,lower,"(1, 2)",9,
37,balanced_s1,0.0,0.0,0.0,0.0,1.0,0.0,0.0,1.0,0.0,0.0,1.0,2.0,shortcut,"(2, 3)",,5
38,balanced_s1,0.0,0.0,0.0,0.0,1.0,0.0,0.0,1.0,0.0,0.0,1.0,4.0,shortcut,"(2, 3)",,6
39,balanced_s1,1.0,1.0,13.16293830696572,44.0,0.0,0.0,0.0,1.0,0.0,0.0,1.0,4.0,shortcut,"(2, 3)",7,
40,balanced_s1,0.0,0.0,0.0,0.0,1.0,0.0,0.0,1.0,0.0,0.0,1.0,2.0,shortcut,"(2, 3)",,5
41,balanced_s1,0.0,0.0,0.0,0.0,1.0,0.0,0.0,1.0,0.0,0.0,1.0,1.0,shortcut,"(2, 3)",,3
42,balanced_s1,0.0,0.0,0.0,0.0,1.0,0.0,0.0,1.0,0.0,0.0,1.0,2.0,shortcut,"(2, 3)",,4
43,balanced_s1,0.0,0.0,0.0,0.0,1.0,0.0,0.0,1.0,0.0,0.0,1.0,1.0,shortcut,"(2, 3)",,4
44,balanced_s1,1.0,1.0,13.16293830696572,44.0,0.0,0.0,0.0,1.0,0.0,0.0,1.0,3.0,shortcut,"(2, 3)",7,
45,balanced_s1,1.0,1.0,13.16293830696572,44.0,0.0,0.0,0.0,1.0,0.0,0.0,1.0,3.0,shortcut,"(2, 3)",7,
46,balanced_s1,1.0,1.0,11.72950912024697,42.0,0.0,1.0,1.0,0.0,0.0,1.0,0.0,0.0,lower,"(1, 2)",9,
47,balanced_s1,1.0,1.0,13.16293830696572,44.0,0.0,0.0,0.0,1.0,0.0,0.0,1.0,3.0,shortcut,"(2, 3)",7,
48,balanced_s1,0.0,0.0,0.0,0.0,1.0,0.0,0.0,1.0,0.0,0.0,1.0,2.0,shortcut,"(2, 3)",,4
49,balanced_s1,0.0,0.0,0.0,0.0,1.0,0.0,0.0,1.0,0.0,0.0,1.0,3.0,shortcut,"(2, 3)",,5
50,balanced_s1,1.0,1.0,12.42784641634072,43.0,0.0,0.0,0.0,1.0,0.0,0.0,1.0,4.0,shortcut,"(2, 3)",8,
51,balanced_s1,1.0,1.0,11.72950912024697,42.0,0.0,1.0,1.0,0.0,0.0,1.0,0.0,0.0,lower,"(1, 2)",9,
52,balanced_s1,1.0,1.0,13.16293830696572,44.0,0.0,0.0,0.0,1.0,0.0,0.0,1.0,3.0,shortcut,"(2, 3)",7,
53,balanced_s1,0.0,0.0,0.0,0.0,1.0,0.0,0.0,1.0,0.0,0.0,1.0,1.0,shortcut,"(2, 3)",,3
54,balanced_s1,1.0,1.0,13.16293830696572,44.0,0.0,0.0,0.0,1.0,0.0,0.0,1.0,3.0,shortcut,"(2, 3)",7,
55,balanced_s1,0.0,0.0,0.0,0.0,1.0,0.0,0.0,1.0,0.0,0.0,1.0,2.0,shortcut,"(2, 3)",,4
56,balanced_s1,0.0,0.0,0.0,0.0,1.0,0.0,0.0,1.0,0.0,0.0,1.0,3.0,shortcut,"(2, 3)",,5
57,balanced_s1,1.0,1.0,13.16293830696572,44.0,0.0,0.0,0.0,1.0,0.0,0.0,1.0,3.0,shortcut,"(2, 3)",7,
58,balanced_s1,0.0,0.0,0.0,0.0,1.0,0.0,0.0,1.0,0.0,0.0,1.0,2.0,shortcut,"(2, 3)",,4
59,balanced_s1,1.0,1.0,13.16293830696572,44.0,0.0,0.0,0.0,1.0,0.0,0.0,1.0,3.0,shortcut,"(2, 3)",7,
60,balanced_s1,0.0,0.0,0.0,0.0,1.0,0.0,0.0,1.0,0.0,0.0,1.0,1.0,shortcut,"(2, 3)",,3
61,balanced_s1,1.0,1.0,13.16293830696572,44.0,0.0,0.0,0.0,1.0,0.0,0.0,1.0,3.0,shortcut,"(2, 3)",7,
62,balanced_s1,1.0,1.0,13.16293830696572,44.0,0.0,0.0,0.0,1.0,0.0,0.0,1.0,3.0,shortcut,"(2, 3)",7,
63,balanced_s1,1.0,1.0,12.42784641634072,43.0,0.0,0.0,0.0,1.0,0.0,0.0,1.0,5.0,shortcut,"(2, 3)",8,
64,balanced_s1,1.0,1.0,11.72950912024697,42.0,0.0,1.0,1.0,0.0,0.0,1.0,0.0,0.0,lower,"(1, 2)",9,
65,balanced_s1,1.0,1.0,13.16293830696572,44.0,0.0,0.0,0.0,1.0,0.0,0.0,1.0,3.0,shortcut,"(2, 3)",7,
66,balanced_s1,0.0,0.0,0.0,0.0,1.0,0.0,0.0,1.0,0.0,0.0,1.0,1.0,shortcut,"(2, 3)",,3
67,balanced_s1,0.0,0.0,0.0,0.0,1.0,0.0,0.0,1.0,0.0,0.0,1.0,3.0,shortcut,"(2, 3)",,5
68,balanced_s1,0.0,0.0,0.0,0.0,1.0,0.0,0.0,1.0,0.0,0.0,1.0,3.0,shortcut,"(2, 3)",,5
69,balanced_s1,1.0,1.0,13.16293830696572,44.0,0.0,0.0,0.0,1.0,0.0,0.0,1.0,4.0,shortcut,"(2, 3)",7,
70,balanced_s1,0.0,0.0,0.0,0.0,1.0,0.0,0.0,1.0,0.0,0.0,1.0,2.0,shortcut,"(2, 3)",,4
71,balanced_s1,0.0,0.0,0.0,0.0,1.0,0.0,0.0,1.0,0.0,0.0,1.0,1.0,shortcut,"(2, 3)",,4
72,balanced_s1,0.0,0.0,0.0,0.0,1.0,0.0,0.0,1.0,0.0,0.0,1.0,1.0,shortcut,"(2, 3)",,3
73,balanced_s1,1.0,1.0,13.16293830696572,44.0,0.0,0.0,0.0,1.0,0.0,0.0,1.0,3.0,shortcut,"(2, 3)",7,
74,balanced_s1,0.0,0.0,0.0,0.0,1.0,0.0,0.0,1.0,0.0,0.0,1.0,3.0,shortcut,"(2, 3)",,5
75,balanced_s1,0.0,0.0,0.0,0.0,1.0,0.0,0.0,1.0,0.0,0.0,1.0,2.0,shortcut,"(2, 3)",,5
76,balanced_s1,0.0,0.0,0.0,0.0,1.0,0.0,0.0,1.0,0.0,0.0,1.0,2.0,shortcut,"(2, 3)",,5
77,balanced_s1,1.0,1.0,13.16293830696572,44.0,0.0,0.0,0.0,1.0,0.0,0.0,1.0,3.0,shortcut,"(2, 3)",7,
78,balanced_s1,0.0,0.0,0.0,0.0,1.0,0.0,0.0,1.0,0.0,0.0,1.0,2.0,shortcut,"(2, 3)",,4
79,balanced_s1,0.0,0.0,0.0,0.0,1.0,0.0,0.0,1.0,0.0,0.0,1.0,2.0,shortcut,"(2, 3)",,4
80,balanced_s1,1.0,1.0,13.16293830696572,44.0,0.0,0.0,0.0,1.0,0.0,0.0,1.0,4.0,shortcut,"(2, 3)",7,
81,balanced_s1,0.0,0.0,0.0,0.0,1.0,0.0,0.0,1.0,0.0,0.0,1.0,1.0,shortcut,"(2, 3)",,3
82,balanced_s1,1.0,1.0,13.16293830696572,44.0,0.0,0.0,0.0,1.0,0.0,0.0,1.0,3.0,shortcut,"(2, 3)",7,
83,balanced_s1,0.0,0.0,0.0,0.0,1.0,0.0,0.0,1.0,0.0,0.0,1.0,3.0,shortcut,"(2, 3)",,5
84,balanced_s1,1.0,1.0,13.16293830696572,44.0,0.0,0.0,0.0,1.0,0.0,0.0,1.0,3.0,shortcut,"(2, 3)",7,
85,balanced_s1,1.0,1.0,13.16293830696572,44.0,0.0,0.0,0.0,1.0,0.0,0.0,1.0,3.0,shortcut,"(2, 3)",7,
86,balanced_s1,0.0,0.0,0.0,0.0,1.0,0.0,0.0,1.0,0.0,0.0,1.0,2.0,shortcut,"(2, 3)",,4
87,balanced_s1,0.0,0.0,0.0,0.0,1.0,0.0,0.0,1.0,0.0,0.0,1.0,2.0,shortcut,"(2, 3)",,5
88,balanced_s1,0.0,0.0,0.0,0.0,1.0,0.0,0.0,1.0,0.0,0.0,1.0,2.0,shortcut,"(2, 3)",,5
89,balanced_s1,1.0,1.0,13.16293830696572,44.0,0.0,0.0,0.0,1.0,0.0,0.0,1.0,3.0,shortcut,"(2, 3)",7,
90,balanced_s1,0.0,0.0,0.0,0.0,1.0,0.0,0.0,1.0,0.0,0.0,1.0,2.0,shortcut,"(2, 3)",,6
91,balanced_s1,0.0,0.0,0.0,0.0,1.0,0.0,0.0,1.0,0.0,0.0,1.0,3.0,shortcut,"(2, 3)",,6
92,balanced_s1,0.0,0.0,0.0,0.0,1.0,0.0,0.0,1.0,0.0,0.0,1.0,2.0,shortcut,"(2, 3)",,4
93,balanced_s1,0.0,0.0,0.0,0.0,1.0,0.0,0.0,1.0,0.0,0.0,1.0,3.0,shortcut,"(2, 3)",,5
94,balanced_s1,0.0,0.0,0.0,0.0,1.0,0.0,0.0,1.0,0.0,0.0,1.0,1.0,shortcut,"(2, 3)",,3
95,balanced_s1,0.0,0.0,0.0,0.0,1.0,0.0,0.0,1.0,0.0,0.0,1.0,3.0,shortcut,"(2, 3)",,5
96,balanced_s1,0.0,0.0,0.0,0.0,1.0,0.0,0.0,1.0,0.0,0.0,1.0,3.0,shortcut,"(2, 3)",,5
97,balanced_s1,0.0,0.0,0.0,0.0,1.0,0.0,0.0,1.0,0.0,0.0,1.0,4.0,shortcut,"(2, 3)",,7
98,balanced_s1,0.0,0.0,0.0,0.0,1.0,0.0,0.0,1.0,0.0,0.0,1.0,1.0,shortcut,"(2, 3)",,3
99,balanced_s1,0.0,0.0,0.0,0.0,1.0,0.0,0.0,1.0,0.0,0.0,1.0,2.0,shortcut,"(2, 3)",,5
100,balanced_s1,1.0,1.0,13.16293830696572,44.0,0.0,0.0,0.0,1.0,0.0,0.0,1.0,3.0,shortcut,"(2, 3)",7,
101,balanced_s1,1.0,1.0,12.42784641634072,43.0,0.0,0.0,0.0,1.0,0.0,0.0,1.0,4.0,shortcut,"(2, 3)",8,
102,balanced_s1,1.0,1.0,13.16293830696572,44.0,0.0,0.0,0.0,1.0,0.0,0.0,1.0,3.0,shortcut,"(2, 3)",7,
103,balanced_s1,0.0,0.0,0.0,0.0,1.0,0.0,0.0,1.0,0.0,0.0,1.0,1.0,shortcut,"(2, 3)",,3
104,balanced_s1,1.0,1.0,12.42784641634072,43.0,0.0,0.0,0.0,1.0,0.0,0.0,1.0,4.0,shortcut,"(2, 3)",8,
105,balanced_s1,0.0,0.0,0.0,0.0,1.0,0.0,0.0,1.0,0.0,0.0,1.0,2.0,shortcut,"(2, 3)",,5
106,balanced_s1,0.0,0.0,0.0,0.0,1.0,0.0,0.0,1.0,0.0,0.0,1.0,1.0,shortcut,"(2, 3)",,3
107,balanced_s1,0.0,0.0,0.0,0.0,1.0,0.0,0.0,1.0,0.0,0.0,1.0,3.0,shortcut,"(2, 3)",,5
108,balanced_s1,0.0,0.0,0.0,0.0,1.0,0.0,0.0,1.0,0.0,0.0,1.0,1.0,shortcut,"(2, 3)",,3
109,balanced_s1,0.0,0.0,0.0,0.0,1.0,0.0,0.0,1.0,0.0,0.0,1.0,2.0,shortcut,"(2, 3)",,4
110,balanced_s1,0.0,0.0,0.0,0.0,1.0,0.0,0.0,1.0,0.0,0.0,1.0,2.0,shortcut,"(2, 3)",,5
111,balanced_s1,0.0,0.0,0.0,0.0,1.0,0.0,0.0,1.0,0.0,0.0,1.0,1.0,shortcut,"(2, 3)",,4
112,balanced_s1,1.0,1.0,10.4358392792333,40.0,0.0,1.0,1.0,0.0,0.0,1.0,0.0,0.0,lower,"(1, 2)",11,
113,balanced_s1,1.0,1.0,12.42784641634072,43.0,0.0,0.0,0.0,1.0,0.0,0.0,1.0,4.0,shortcut,"(2, 3)",8,
114,balanced_s1,0.0,0.0,0.0,0.0,1.0,0.0,0.0,1.0,0.0,0.0,1.0,1.0,shortcut,"(2, 3)",,4
115,balanced_s1,0.0,0.0,0.0,0.0,1.0,0.0,0.0,1.0,0.0,0.0,1.0,2.0,shortcut,"(2, 3)",,5
116,balanced_s1,0.0,0.0,0.0,0.0,1.0,0.0,0.0,1.0,0.0,0.0,1.0,2.0,shortcut,"(2, 3)",,4
117,balanced_s1,1.0,1.0,12.42784641634072,43.0,0.0,0.0,0.0,1.0,0.0,0.0,1.0,3.0,shortcut,"(2, 3)",8,
118,balanced_s1,0.0,0.0,0.0,0.0,1.0,0.0,0.0,1.0,0.0,0.0,1.0,2.0,shortcut,"(2, 3)",,4
119,balanced_s1,0.0,0.0,0.0,0.0,1.0,0.0,0.0,1.0,0.0,0.0,1.0,2.0,shortcut,"(2, 3)",,4
120,balanced_s1,1.0,1.0,13.16293830696572,44.0,0.0,0.0,0.0,1.0,0.0,0.0,1.0,3.0,shortcut,"(2, 3)",7,
121,balanced_s1,1.0,1.0,13.16293830696572,44.0,0.0,0.0,0.0,1.0,0.0,0.0,1.0,3.0,shortcut,"(2, 3)",7,
122,balanced_s1,0.0,0.0,0.0,0.0,1.0,0.0,0.0,1.0,0.0,0.0,1.0,1.0,shortcut,"(2, 3)",,3
123,balanced_s1,0.0,0.0,0.0,0.0,1.0,0.0,0.0,1.0,0.0,0.0,1.0,1.0,shortcut,"(2, 3)",,3
124,balanced_s1,1.0,1.0,11.72950912024697,42.0,0.0,0.0,0.0,1.0,0.0,0.0,1.0,3.0,shortcut,"(2, 3)",9,
125,balanced_s1,1.0,1.0,12.42784641634072,43.0,0.0,0.0,0.0,1.0,0.0,0.0,1.0,3.0,shortcut,"(2, 3)",8,
126,balanced_s1,0.0,0.0,0.0,0.0,1.0,0.0,0.0,1.0,0.0,0.0,1.0,1.0,shortcut,"(2, 3)",,3
127,balanced_s1,0.0,0.0,0.0,0.0,1.0,0.0,0.0,1.0,0.0,0.0,1.0,2.0,shortcut,"(2, 3)",,4
128,balanced_s1,1.0,1.0,13.16293830696572,44.0,0.0,0.0,0.0,1.0,0.0,0.0,1.0,3.0,shortcut,"(2, 3)",7,
129,balanced_s1,0.0,0.0,0.0,0.0,1.0,0.0,0.0,1.0,0.0,0.0,1.0,2.0,shortcut,"(2, 3)",,4
130,balanced_s1,0.0,0.0,0.0,0.0,1.0,0.0,0.0,1.0,0.0,0.0,1.0,1.0,shortcut,"(2, 3)",,3
131,balanced_s1,1.0,1.0,13.16293830696572,44.0,0.0,0.0,0.0,1.0,0.0,0.0,1.0,3.0,shortcut,"(2, 3)",7,
132,balanced_s1,0.0,0.0,0.0,0.0,1.0,0.0,0.0,1.0,0.0,0.0,1.0,2.0,shortcut,"(2, 3)",,4
133,balanced_s1,1.0,1.0,13.16293830696572,44.0,0.0,0.0,0.0,1.0,0.0,0.0,1.0,3.0,shortcut,"(2, 3)",7,
134,balanced_s1,1.0,1.0,11.72950912024697,42.0,0.0,1.0,1.0,0.0,0.0,1.0,0.0,0.0,lower,"(1, 2)",9,
135,balanced_s1,0.0,0.0,0.0,0.0,1.0,0.0,0.0,1.0,0.0,0.0,1.0,3.0,shortcut,"(2, 3)",,5
136,balanced_s1,0.0,0.0,0.0,0.0,1.0,0.0,0.0,1.0,0.0,0.0,1.0,1.0,shortcut,"(2, 3)",,3
137,balanced_s1,0.0,0.0,0.0,0.0,1.0,0.0,0.0,1.0,0.0,0.0,1.0,2.0,shortcut,"(2, 3)",,4
138,balanced_s1,0.0,0.0,0.0,0.0,1.0,0.0,0.0,1.0,0.0,0.0,1.0,1.0,shortcut,"(2, 3)",,3
139,balanced_s1,0.0,0.0,0.0,0.0,1.0,0.0,0.0,1.0,0.0,0.0,1.0,1.0,shortcut,"(2, 3)",,3
140,balanced_s1,0.0,0.0,0.0,0.0,1.0,0.0,0.0,1.0,0.0,0.0,1.0,2.0,shortcut,"(2, 3)",,4
141,balanced_s1,0.0,0.0,0.0,0.0,1.0,0.0,0.0,1.0,0.0,0.0,1.0,2.0,shortcut,"(2, 3)",,4
142,balanced_s1,0.0,0.0,0.0,0.0,1.0,0.0,0.0,1.0,0.0,0.0,1.0,1.0,shortcut,"(2, 3)",,5
143,balanced_s1,1.0,1.0,13.16293830696572,44.0,0.0,0.0,0.0,1.0,0.0,0.0,1.0,3.0,shortcut,"(2, 3)",7,
144,balanced_s1,0.0,0.0,0.0,0.0,1.0,0.0,0.0,1.0,0.0,0.0,1.0,3.0,shortcut,"(2, 3)",,5
145,balanced_s1,1.0,1.0,13.16293830696572,44.0,0.0,0.0,0.0,1.0,0.0,0.0,1.0,3.0,shortcut,"(2, 3)",7,
146,balanced_s1,0.0,0.0,0.0,0.0,1.0,0.0,0.0,1.0,0.0,0.0,1.0,1.0,shortcut,"(2, 3)",,3
147,balanced_s1,1.0,1.0,13.16293830696572,44.0,0.0,0.0,0.0,1.0,0.0,0.0,1.0,3.0,shortcut,"(2, 3)",7,
148,balanced_s1,0.0,0.0,0.0,0.0,1.0,0.0,0.0,1.0,0.0,0.0,1.0,2.0,shortcut,"(2, 3)",,4
149,balanced_s1,0.0,0.0,0.0,0.0,1.0,0.0,0.0,1.0,0.0,0.0,1.0,3.0,shortcut,"(2, 3)",,5
150,balanced_s1,0.0,0.0,0.0,0.0,1.0,0.0,0.0,1.0,0.0,0.0,1.0,1.0,shortcut,"(2, 3)",,3
151,balanced_s1,0.0,0.0,0.0,0.0,1.0,0.0,0.0,1.0,0.0,0.0,1.0,1.0,shortcut,"(2, 3)",,5
152,balanced_s1,0.0,0.0,0.0,0.0,1.0,0.0,0.0,1.0,0.0,0.0,1.0,2.0,shortcut,"(2, 3)",,4
153,balanced_s1,0.0,0.0,0.0,0.0,1.0,0.0,0.0,1.0,0.0,0.0,1.0,2.0,shortcut,"(2, 3)",,4
154,balanced_s1,1.0,1.0,13.16293830696572,44.0,0.0,0.0,0.0,1.0,0.0,0.0,1.0,3.0,shortcut,"(2, 3)",7,
155,balanced_s1,1.0,1.0,13.16293830696572,44.0,0.0,0.0,0.0,1.0,0.0,0.0,1.0,3.0,shortcut,"(2, 3)",7,
156,balanced_s1,1.0,1.0,13.16293830696572,44.0,0.0,0.0,0.0,1.0,0.0,0.0,1.0,3.0,shortcut,"(2, 3)",7,
157,balanced_s1,0.0,0.0,0.0,0.0,1.0,0.0,0.0,1.0,0.0,0.0,1.0,2.0,shortcut,"(2, 3)",,4
158,balanced_s1,1.0,1.0,13.16293830696572,44.0,0.0,0.0,0.0,1.0,0.0,0.0,1.0,3.0,shortcut,"(2, 3)",7,
159,balanced_s1,0.0,0.0,0.0,0.0,1.0,0.0,0.0,1.0,0.0,0.0,1.0,1.0,shortcut,"(2, 3)",,3
160,balanced_s1,1.0,1.0,13.16293830696572,44.0,0.0,0.0,0.0,1.0,0.0,0.0,1.0,3.0,shortcut,"(2, 3)",7,
161,balanced_s1,1.0,1.0,11.72950912024697,42.0,0.0,0.0,0.0,1.0,0.0,0.0,1.0,4.0,shortcut,"(2, 3)",9,
162,balanced_s1,1.0,1.0,13.16293830696572,44.0,0.0,0.0,0.0,1.0,0.0,0.0,1.0,3.0,shortcut,"(2, 3)",7,
163,balanced_s1,1.0,1.0,11.72950912024697,42.0,0.0,1.0,1.0,0.0,0.0,1.0,0.0,0.0,lower,"(1, 2)",9,
164,balanced_s1,0.0,0.0,0.0,0.0,1.0,0.0,0.0,1.0,0.0,0.0,1.0,2.0,shortcut,"(2, 3)",,4
165,balanced_s1,1.0,1.0,11.72950912024697,42.0,0.0,1.0,1.0,0.0,0.0,1.0,0.0,0.0,lower,"(1, 2)",9,
166,balanced_s1,0.0,0.0,0.0,0.0,1.0,0.0,0.0,1.0,0.0,0.0,1.0,3.0,shortcut,"(2, 3)",,5
167,balanced_s1,1.0,1.0,13.16293830696572,44.0,0.0,0.0,0.0,1.0,0.0,0.0,1.0,3.0,shortcut,"(2, 3)",7,
168,balanced_s1,1.0,1.0,12.42784641634072,43.0,0.0,0.0,0.0,1.0,0.0,0.0,1.0,3.0,shortcut,"(2, 3)",8,
169,balanced_s1,1.0,1.0,13.16293830696572,44.0,0.0,0.0,0.0,1.0,0.0,0.0,1.0,3.0,shortcut,"(2, 3)",7,
170,balanced_s1,0.0,0.0,0.0,0.0,1.0,0.0,0.0,1.0,0.0,0.0,1.0,3.0,shortcut,"(2, 3)",,7
171,balanced_s1,1.0,1.0,11.72950912024697,42.0,0.0,1.0,1.0,0.0,0.0,1.0,0.0,0.0,lower,"(1, 2)",9,
172,balanced_s1,1.0,1.0,13.16293830696572,44.0,0.0,0.0,0.0,1.0,0.0,0.0,1.0,3.0,shortcut,"(2, 3)",7,
173,balanced_s1,0.0,0.0,0.0,0.0,1.0,0.0,0.0,1.0,0.0,0.0,1.0,4.0,shortcut,"(2, 3)",,6
174,balanced_s1,1.0,1.0,11.72950912024697,42.0,0.0,1.0,1.0,0.0,0.0,1.0,0.0,0.0,lower,"(1, 2)",9,
175,balanced_s1,1.0,1.0,13.16293830696572,44.0,0.0,0.0,0.0,1.0,0.0,0.0,1.0,3.0,shortcut,"(2, 3)",7,
176,balanced_s1,0.0,0.0,0.0,0.0,1.0,0.0,0.0,1.0,0.0,0.0,1.0,3.0,shortcut,"(2, 3)",,5
177,balanced_s1,0.0,0.0,0.0,0.0,1.0,0.0,0.0,1.0,0.0,0.0,1.0,2.0,shortcut,"(2, 3)",,4
178,balanced_s1,1.0,1.0,13.16293830696572,44.0,0.0,0.0,0.0,1.0,0.0,0.0,1.0,3.0,shortcut,"(2, 3)",7,
179,balanced_s1,0.0,0.0,0.0,0.0,1.0,0.0,0.0,1.0,0.0,0.0,1.0,2.0,shortcut,"(2, 3)",,4
180,balanced_s1,0.0,0.0,0.0,0.0,1.0,0.0,0.0,1.0,0.0,0.0,1.0,3.0,shortcut,"(2, 3)",,5
181,balanced_s1,1.0,1.0,13.16293830696572,44.0,0.0,0.0,0.0,1.0,0.0,0.0,1.0,3.0,shortcut,"(2, 3)",7,
182,balanced_s1,0.0,0.0,0.0,0.0,1.0,0.0,0.0,1.0,0.0,0.0,1.0,2.0,shortcut,"(2, 3)",,4
183,balanced_s1,0.0,0.0,0.0,0.0,1.0,0.0,0.0,1.0,0.0,0.0,1.0,3.0,shortcut,"(2, 3)",,5
184,balanced_s1,0.0,0.0,0.0,0.0,1.0,0.0,0.0,1.0,0.0,0.0,1.0,2.0,shortcut,"(2, 3)",,4
185,balanced_s1,0.0,0.0,0.0,0.0,1.0,0.0,0.0,1.0,0.0,0.0,1.0,2.0,shortcut,"(2, 3)",,4
186,balanced_s1,0.0,0.0,0.0,0.0,1.0,0.0,0.0,1.0,0.0,0.0,1.0,3.0,shortcut,"(2, 3)",,5
187,balanced_s1,0.0,0.0,0.0,0.0,1.0,0.0,0.0,1.0,0.0,0.0,1.0,2.0,shortcut,"(2, 3)",,4
188,balanced_s1,0.0,0.0,0.0,0.0,1.0,0.0,0.0,1.0,0.0,0.0,1.0,2.0,shortcut,"(2, 3)",,4
189,balanced_s1,0.0,0.0,0.0,0.0,1.0,0.0,0.0,1.0,0.0,0.0,1.0,2.0,shortcut,"(2, 3)",,5
190,balanced_s1,1.0,1.0,13.16293830696572,44.0,0.0,0.0,0.0,1.0,0.0,0.0,1.0,3.0,shortcut,"(2, 3)",7,
191,balanced_s1,1.0,1.0,13.16293830696572,44.0,0.0,0.0,0.0,1.0,0.0,0.0,1.0,3.0,shortcut,"(2, 3)",7,
192,balanced_s1,0.0,0.0,0.0,0.0,1.0,0.0,0.0,1.0,0.0,0.0,1.0,3.0,shortcut,"(2, 3)",,7
193,balanced_s1,0.0,0.0,0.0,0.0,1.0,0.0,0.0,1.0,0.0,0.0,1.0,1.0,shortcut,"(2, 3)",,3
194,balanced_s1,0.0,0.0,0.0,0.0,1.0,0.0,0.0,1.0,0.0,0.0,1.0,3.0,shortcut,"(2, 3)",,5
195,balanced_s1,1.0,1.0,13.16293830696572,44.0,0.0,0.0,0.0,1.0,0.0,0.0,1.0,3.0,shortcut,"(2, 3)",7,
196,balanced_s1,1.0,1.0,13.16293830696572,44.0,0.0,0.0,0.0,1.0,0.0,0.0,1.0,3.0,shortcut,"(2, 3)",7,
197,balanced_s1,0.0,0.0,0.0,0.0,1.0,0.0,0.0,1.0,0.0,0.0,1.0,1.0,shortcut,"(2, 3)",,3
198,balanced_s1,0.0,0.0,0.0,0.0,1.0,0.0,0.0,1.0,0.0,0.0,1.0,1.0,shortcut,"(2, 3)",,3
199,balanced_s1,0.0,0.0,0.0,0.0,1.0,0.0,0.0,1.0,0.0,0.0,1.0,2.0,shortcut,"(2, 3)",,4
200,balanced_s1,0.0,0.0,0.0,0.0,1.0,0.0,0.0,1.0,0.0,0.0,1.0,2.0,shortcut,"(2, 3)",,5
201,balanced_s1,0.0,0.0,0.0,0.0,1.0,0.0,0.0,1.0,0.0,0.0,1.0,2.0,shortcut,"(2, 3)",,5
202,balanced_s1,1.0,1.0,13.16293830696572,44.0,0.0,0.0,0.0,1.0,0.0,0.0,1.0,3.0,shortcut,"(2, 3)",7,
203,balanced_s1,0.0,0.0,0.0,0.0,1.0,0.0,0.0,1.0,0.0,0.0,1.0,1.0,shortcut,"(2, 3)",,4
204,balanced_s1,1.0,1.0,13.16293830696572,44.0,0.0,0.0,0.0,1.0,0.0,0.0,1.0,3.0,shortcut,"(2, 3)",7,
205,balanced_s1,0.0,0.0,0.0,0.0,1.0,0.0,0.0,1.0,0.0,0.0,1.0,2.0,shortcut,"(2, 3)",,5
206,balanced_s1,0.0,0.0,0.0,0.0,1.0,0.0,0.0,1.0,0.0,0.0,1.0,1.0,shortcut,"(2, 3)",,3
207,balanced_s1,0.0,0.0,0.0,0.0,1.0,0.0,0.0,1.0,0.0,0.0,1.0,1.0,shortcut,"(2, 3)",,3
208,balanced_s1,1.0,1.0,13.16293830696572,44.0,0.0,0.0,0.0,1.0,0.0,0.0,1.0,3.0,shortcut,"(2, 3)",7,
209,balanced_s1,0.0,0.0,0.0,0.0,1.0,0.0,0.0,1.0,0.0,0.0,1.0,2.0,shortcut,"(2, 3)",,4
210,balanced_s1,0.0,0.0,0.0,0.0,1.0,0.0,0.0,1.0,0.0,0.0,1.0,2.0,shortcut,"(2, 3)",,4
211,balanced_s1,1.0,1.0,13.16293830696572,44.0,0.0,0.0,0.0,1.0,0.0,0.0,1.0,3.0,shortcut,"(2, 3)",7,
212,balanced_s1,0.0,0.0,0.0,0.0,1.0,0.0,0.0,1.0,0.0,0.0,1.0,3.0,shortcut,"(2, 3)",,5
213,balanced_s1,0.0,0.0,0.0,0.0,1.0,0.0,0.0,1.0,0.0,0.0,1.0,3.0,shortcut,"(2, 3)",,5
214,balanced_s1,0.0,0.0,0.0,0.0,1.0,0.0,0.0,1.0,0.0,0.0,1.0,1.0,shortcut,"(2, 3)",,3
215,balanced_s1,0.0,0.0,0.0,0.0,1.0,0.0,0.0,1.0,0.0,0.0,1.0,2.0,shortcut,"(2, 3)",,4
216,balanced_s1,0.0,0.0,0.0,0.0,1.0,0.0,0.0,1.0,0.0,0.0,1.0,1.0,shortcut,"(2, 3)",,3
217,balanced_s1,0.0,0.0,0.0,0.0,1.0,0.0,0.0,1.0,0.0,0.0,1.0,2.0,shortcut,"(2, 3)",,4
218,balanced_s1,0.0,0.0,0.0,0.0,1.0,0.0,0.0,1.0,0.0,0.0,1.0,1.0,shortcut,"(2, 3)",,3
219,balanced_s1,1.0,1.0,11.066088688957908,41.0,0.0,0.0,0.0,1.0,0.0,0.0,1.0,3.0,shortcut,"(2, 3)",10,
220,balanced_s1,1.0,1.0,13.16293830696572,44.0,0.0,0.0,0.0,1.0,0.0,0.0,1.0,3.0,shortcut,"(2, 3)",7,
221,balanced_s1,0.0,0.0,0.0,0.0,1.0,0.0,0.0,1.0,0.0,0.0,1.0,2.0,shortcut,"(2, 3)",,4
222,balanced_s1,1.0,1.0,13.16293830696572,44.0,0.0,0.0,0.0,1.0,0.0,0.0,1.0,3.0,shortcut,"(2, 3)",7,
223,balanced_s1,0.0,0.0,0.0,0.0,1.0,0.0,0.0,1.0,0.0,0.0,1.0,1.0,shortcut,"(2, 3)",,4
224,balanced_s1,0.0,0.0,0.0,0.0,1.0,0.0,0.0,1.0,0.0,0.0,1.0,2.0,shortcut,"(2, 3)",,5
225,balanced_s1,0.0,0.0,0.0,0.0,1.0,0.0,0.0,1.0,0.0,0.0,1.0,1.0,shortcut,"(2, 3)",,3
226,balanced_s1,0.0,0.0,0.0,0.0,1.0,0.0,0.0,1.0,0.0,0.0,1.0,1.0,shortcut,"(2, 3)",,3
227,balanced_s1,0.0,0.0,0.0,0.0,1.0,0.0,0.0,1.0,0.0,0.0,1.0,4.0,shortcut,"(2, 3)",,6
228,balanced_s1,0.0,0.0,0.0,0.0,1.0,0.0,0.0,1.0,0.0,0.0,1.0,2.0,shortcut,"(2, 3)",,4
229,balanced_s1,1.0,1.0,13.16293830696572,44.0,0.0,0.0,0.0,1.0,0.0,0.0,1.0,3.0,shortcut,"(2, 3)",7,
230,balanced_s1,0.0,0.0,0.0,0.0,1.0,0.0,0.0,1.0,0.0,0.0,1.0,1.0,shortcut,"(2, 3)",,5
231,balanced_s1,0.0,0.0,0.0,0.0,1.0,0.0,0.0,1.0,0.0,0.0,1.0,2.0,shortcut,"(2, 3)",,5
232,balanced_s1,0.0,0.0,0.0,0.0,1.0,0.0,0.0,1.0,0.0,0.0,1.0,1.0,shortcut,"(2, 3)",,3
233,balanced_s1,0.0,0.0,0.0,0.0,1.0,0.0,0.0,1.0,0.0,0.0,1.0,1.0,shortcut,"(2, 3)",,3
234,balanced_s1,1.0,1.0,11.72950912024697,42.0,0.0,0.0,0.0,1.0,0.0,0.0,1.0,3.0,shortcut,"(2, 3)",9,
235,balanced_s1,1.0,1.0,13.16293830696572,44.0,0.0,0.0,0.0,1.0,0.0,0.0,1.0,3.0,shortcut,"(2, 3)",7,
236,balanced_s1,1.0,1.0,13.16293830696572,44.0,0.0,0.0,0.0,1.0,0.0,0.0,1.0,3.0,shortcut,"(2, 3)",7,
237,balanced_s1,0.0,0.0,0.0,0.0,1.0,0.0,0.0,1.0,0.0,0.0,1.0,3.0,shortcut,"(2, 3)",,5
238,balanced_s1,1.0,1.0,13.16293830696572,44.0,0.0,0.0,0.0,1.0,0.0,0.0,1.0,3.0,shortcut,"(2, 3)",7,
239,balanced_s1,0.0,0.0,0.0,0.0,1.0,0.0,0.0,1.0,0.0,0.0,1.0,3.0,shortcut,"(2, 3)",,5
240,balanced_s1,1.0,1.0,11.72950912024697,42.0,0.0,1.0,1.0,0.0,0.0,1.0,0.0,0.0,lower,"(1, 2)",9,
241,balanced_s1,0.0,0.0,0.0,0.0,1.0,0.0,0.0,1.0,0.0,0.0,1.0,4.0,shortcut,"(2, 3)",,6
242,balanced_s1,0.0,0.0,0.0,0.0,1.0,0.0,0.0,1.0,0.0,0.0,1.0,2.0,shortcut,"(2, 3)",,4
243,balanced_s1,1.0,1.0,13.16293830696572,44.0,0.0,0.0,0.0,1.0,0.0,0.0,1.0,3.0,shortcut,"(2, 3)",7,
244,balanced_s1,0.0,0.0,0.0,0.0,1.0,0.0,0.0,1.0,0.0,0.0,1.0,3.0,shortcut,"(2, 3)",,5
245,balanced_s1,0.0,0.0,0.0,0.0,1.0,0.0,0.0,1.0,0.0,0.0,1.0,1.0,shortcut,"(2, 3)",,3
246,balanced_s1,0.0,0.0,0.0,0.0,1.0,0.0,0.0,1.0,0.0,0.0,1.0,1.0,shortcut,"(2, 3)",,3
247,balanced_s1,0.0,0.0,0.0,0.0,1.0,0.0,0.0,1.0,0.0,0.0,1.0,2.0,shortcut,"(2, 3)",,6
248,balanced_s1,1.0,1.0,13.16293830696572,44.0,0.0,0.0,0.0,1.0,0.0,0.0,1.0,3.0,shortcut,"(2, 3)",7,
249,balanced_s1,1.0,1.0,13.16293830696572,44.0,0.0,0.0,0.0,1.0,0.0,0.0,1.0,3.0,shortcut,"(2, 3)",7,
250,balanced_s1,1.0,1.0,12.42784641634072,43.0,0.0,0.0,0.0,1.0,0.0,0.0,1.0,4.0,shortcut,"(2, 3)",8,
251,balanced_s1,0.0,0.0,0.0,0.0,1.0,0.0,0.0,1.0,0.0,0.0,1.0,1.0,shortcut,"(2, 3)",,3
252,balanced_s1,1.0,1.0,13.16293830696572,44.0,0.0,0.0,0.0,1.0,0.0,0.0,1.0,3.0,shortcut,"(2, 3)",7,
253,balanced_s1,0.0,0.0,0.0,0.0,1.0,0.0,0.0,1.0,0.0,0.0,1.0,2.0,shortcut,"(2, 3)",,4
254,balanced_s1,1.0,1.0,11.066088688957908,41.0,0.0,1.0,1.0,0.0,0.0,1.0,0.0,0.0,lower,"(1, 2)",10,
255,balanced_s1,1.0,1.0,13.16293830696572,44.0,0.0,0.0,0.0,1.0,0.0,0.0,1.0,3.0,shortcut,"(2, 3)",7,
256,balanced_s1,1.0,1.0,13.16293830696572,44.0,0.0,0.0,0.0,1.0,0.0,0.0,1.0,3.0,shortcut,"(2, 3)",7,
257,balanced_s1,0.0,0.0,0.0,0.0,1.0,0.0,0.0,1.0,0.0,0.0,1.0,1.0,shortcut,"(2, 3)",,3
258,balanced_s1,0.0,0.0,0.0,0.0,1.0,0.0,0.0,1.0,0.0,0.0,1.0,2.0,shortcut,"(2, 3)",,4
259,balanced_s1,0.0,0.0,0.0,0.0,1.0,0.0,0.0,1.0,0.0,0.0,1.0,2.0,shortcut,"(2, 3)",,4
260,balanced_s1,1.0,1.0,13.16293830696572,44.0,0.0,0.0,0.0,1.0,0.0,0.0,1.0,3.0,shortcut,"(2, 3)",7,
261,balanced_s1,0.0,0.0,0.0,0.0,1.0,0.0,0.0,1.0,0.0,0.0,1.0,1.0,shortcut,"(2, 3)",,3
262,balanced_s1,1.0,1.0,13.16293830696572,44.0,0.0,0.0,0.0,1.0,0.0,0.0,1.0,4.0,shortcut,"(2, 3)",7,
263,balanced_s1,0.0,0.0,0.0,0.0,1.0,0.0,0.0,1.0,0.0,0.0,1.0,3.0,shortcut,"(2, 3)",,5
264,balanced_s1,0.0,0.0,0.0,0.0,1.0,0.0,0.0,1.0,0.0,0.0,1.0,3.0,shortcut,"(2, 3)",,5
265,balanced_s1,0.0,0.0,0.0,0.0,1.0,0.0,0.0,1.0,0.0,0.0,1.0,1.0,shortcut,"(2, 3)",,3
266,balanced_s1,0.0,0.0,0.0,0.0,1.0,0.0,0.0,1.0,0.0,0.0,1.0,1.0,shortcut,"(2, 3)",,4
267,balanced_s1,0.0,0.0,0.0,0.0,1.0,0.0,0.0,1.0,0.0,0.0,1.0,3.0,shortcut,"(2, 3)",,5
268,balanced_s1,0.0,0.0,0.0,0.0,1.0,0.0,0.0,1.0,0.0,0.0,1.0,3.0,shortcut,"(2, 3)",,5
269,balanced_s1,0.0,0.0,0.0,0.0,1.0,0.0,0.0,1.0,0.0,0.0,1.0,1.0,shortcut,"(2, 3)",,3
270,balanced_s1,1.0,1.0,12.42784641634072,43.0,0.0,0.0,0.0,1.0,0.0,0.0,1.0,3.0,shortcut,"(2, 3)",8,
271,balanced_s1,1.0,1.0,13.16293830696572,44.0,0.0,0.0,0.0,1.0,0.0,0.0,1.0,3.0,shortcut,"(2, 3)",7,
272,balanced_s1,0.0,0.0,0.0,0.0,1.0,0.0,0.0,1.0,0.0,0.0,1.0,2.0,shortcut,"(2, 3)",,4
273,balanced_s1,1.0,1.0,12.42784641634072,43.0,0.0,0.0,0.0,1.0,0.0,0.0,1.0,4.0,shortcut,"(2, 3)",8,
274,balanced_s1,1.0,1.0,11.72950912024697,42.0,0.0,1.0,1.0,0.0,0.0,1.0,0.0,0.0,lower,"(1, 2)",9,
275,balanced_s1,0.0,0.0,0.0,0.0,1.0,0.0,0.0,1.0,0.0,0.0,1.0,2.0,shortcut,"(2, 3)",,5
276,balanced_s1,0.0,0.0,0.0,0.0,1.0,0.0,0.0,1.0,0.0,0.0,1.0,1.0,shortcut,"(2, 3)",,3
277,balanced_s1,0.0,0.0,0.0,0.0,1.0,0.0,0.0,1.0,0.0,0.0,1.0,1.0,shortcut,"(2, 3)",,3
278,balanced_s1,0.0,0.0,0.0,0.0,1.0,0.0,0.0,1.0,0.0,0.0,1.0,2.0,shortcut,"(2, 3)",,4
279,balanced_s1,1.0,1.0,13.16293830696572,44.0,0.0,0.0,0.0,1.0,0.0,0.0,1.0,3.0,shortcut,"(2, 3)",7,
280,balanced_s1,0.0,0.0,0.0,0.0,1.0,0.0,0.0,1.0,0.0,0.0,1.0,2.0,shortcut,"(2, 3)",,4
281,balanced_s1,0.0,0.0,0.0,0.0,1.0,0.0,0.0,1.0,0.0,0.0,1.0,3.0,shortcut,"(2, 3)",,7
282,balanced_s1,1.0,1.0,13.16293830696572,44.0,0.0,0.0,0.0,1.0,0.0,0.0,1.0,3.0,shortcut,"(2, 3)",7,
283,balanced_s1,1.0,1.0,13.16293830696572,44.0,0.0,0.0,0.0,1.0,0.0,0.0,1.0,3.0,shortcut,"(2, 3)",7,
284,balanced_s1,1.0,1.0,13.16293830696572,44.0,0.0,0.0,0.0,1.0,0.0,0.0,1.0,4.0,shortcut,"(2, 3)",7,
285,balanced_s1,0.0,0.0,0.0,0.0,1.0,0.0,0.0,1.0,0.0,0.0,1.0,3.0,shortcut,"(2, 3)",,5
286,balanced_s1,0.0,0.0,0.0,0.0,1.0,0.0,0.0,1.0,0.0,0.0,1.0,2.0,shortcut,"(2, 3)",,4
287,balanced_s1,1.0,1.0,13.16293830696572,44.0,0.0,0.0,0.0,1.0,0.0,0.0,1.0,3.0,shortcut,"(2, 3)",7,
288,balanced_s1,0.0,0.0,0.0,0.0,1.0,0.0,0.0,1.0,0.0,0.0,1.0,3.0,shortcut,"(2, 3)",,5
289,balanced_s1,0.0,0.0,0.0,0.0,1.0,0.0,0.0,1.0,0.0,0.0,1.0,2.0,shortcut,"(2, 3)",,4
290,balanced_s1,1.0,1.0,11.72950912024697,42.0,0.0,1.0,1.0,0.0,0.0,1.0,0.0,0.0,lower,"(1, 2)",9,
291,balanced_s1,0.0,0.0,0.0,0.0,1.0,0.0,0.0,1.0,0.0,0.0,1.0,2.0,shortcut,"(2, 3)",,4
292,balanced_s1,0.0,0.0,0.0,0.0,1.0,0.0,0.0,1.0,0.0,0.0,1.0,2.0,shortcut,"(2, 3)",,4
293,balanced_s1,0.0,0.0,0.0,0.0,1.0,0.0,0.0,1.0,0.0,0.0,1.0,3.0,shortcut,"(2, 3)",,5
294,balanced_s1,1.0,1.0,13.16293830696572,44.0,0.0,0.0,0.0,1.0,0.0,0.0,1.0,3.0,shortcut,"(2, 3)",7,
295,balanced_s1,0.0,0.0,0.0,0.0,1.0,0.0,0.0,1.0,0.0,0.0,1.0,2.0,shortcut,"(2, 3)",,5
296,balanced_s1,0.0,0.0,0.0,0.0,1.0,0.0,0.0,1.0,0.0,0.0,1.0,1.0,shortcut,"(2, 3)",,3
297,balanced_s1,1.0,1.0,13.16293830696572,44.0,0.0,0.0,0.0,1.0,0.0,0.0,1.0,3.0,shortcut,"(2, 3)",7,
298,balanced_s1,0.0,0.0,0.0,0.0,1.0,0.0,0.0,1.0,0.0,0.0,1.0,1.0,shortcut,"(2, 3)",,3
299,balanced_s1,0.0,0.0,0.0,0.0,1.0,0.0,0.0,1.0,0.0,0.0,1.0,1.0,shortcut,"(2, 3)",,3
0,shared_s2,1.0,1.0,13.16293830696572,44.0,0.0,0.0,0.0,1.0,0.0,0.0,1.0,3.0,shortcut,"(2, 3)",7,
1,shared_s2,1.0,1.0,11.066088688957908,41.0,0.0,1.0,1.0,0.0,0.0,1.0,0.0,0.0,lower,"(1, 2)",10,
2,shared_s2,0.0,0.0,0.0,0.0,1.0,0.0,0.0,1.0,0.0,0.0,1.0,1.0,shortcut,"(2, 3)",,3
3,shared_s2,0.0,0.0,0.0,0.0,1.0,0.0,0.0,1.0,0.0,0.0,1.0,3.0,shortcut,"(2, 3)",,5
4,shared_s2,0.0,0.0,0.0,0.0,1.0,0.0,0.0,1.0,0.0,0.0,1.0,2.0,shortcut,"(2, 3)",,4
5,shared_s2,1.0,1.0,11.72950912024697,42.0,0.0,1.0,1.0,0.0,0.0,1.0,0.0,0.0,lower,"(1, 2)",9,
6,shared_s2,1.0,1.0,13.16293830696572,44.0,0.0,0.0,0.0,1.0,0.0,0.0,1.0,3.0,shortcut,"(2, 3)",7,
7,shared_s2,0.0,0.0,0.0,0.0,1.0,0.0,0.0,1.0,0.0,0.0,1.0,1.0,shortcut,"(2, 3)",,3
8,shared_s2,1.0,1.0,11.066088688957908,41.0,0.0,1.0,1.0,0.0,0.0,1.0,0.0,0.0,lower,"(1, 2)",10,
9,shared_s2,0.0,0.0,0.0,0.0,1.0,0.0,0.0,1.0,0.0,0.0,1.0,2.0,shortcut,"(2, 3)",,4
10,shared_s2,1.0,1.0,13.16293830696572,44.0,0.0,0.0,0.0,1.0,0.0,0.0,1.0,3.0,shortcut,"(2, 3)",7,
11,shared_s2,0.0,0.0,0.0,0.0,1.0,0.0,0.0,1.0,0.0,0.0,1.0,1.0,shortcut,"(2, 3)",,3
12,shared_s2,1.0,1.0,12.42784641634072,43.0,0.0,0.0,0.0,1.0,0.0,0.0,1.0,3.0,shortcut,"(2, 3)",8,
13,shared_s2,0.0,0.0,0.0,0.0,1.0,0.0,0.0,1.0,0.0,0.0,1.0,2.0,shortcut,"(2, 3)",,6
14,shared_s2,0.0,0.0,0.0,0.0,1.0,0.0,0.0,1.0,0.0,0.0,1.0,3.0,shortcut,"(2, 3)",,5
15,shared_s2,1.0,1.0,11.72950912024697,42.0,0.0,1.0,1.0,0.0,0.0,1.0,0.0,0.0,lower,"(1, 2)",9,
16,shared_s2,0.0,0.0,0.0,0.0,1.0,0.0,0.0,1.0,0.0,0.0,1.0,3.0,shortcut,"(2, 3)",,5
17,shared_s2,1.0,1.0,13.16293830696572,44.0,0.0,0.0,0.0,1.0,0.0,0.0,1.0,3.0,shortcut,"(2, 3)",7,
18,shared_s2,1.0,1.0,13.16293830696572,44.0,0.0,0.0,0.0,1.0,0.0,0.0,1.0,3.0,shortcut,"(2, 3)",7,
19,shared_s2,0.0,0.0,0.0,0.0,1.0,0.0,0.0,1.0,0.0,0.0,1.0,2.0,shortcut,"(2, 3)",,4
20,shared_s2,0.0,0.0,0.0,0.0,1.0,0.0,0.0,1.0,0.0,0.0,1.0,3.0,shortcut,"(2, 3)",,5
21,shared_s2,0.0,0.0,0.0,0.0,1.0,0.0,0.0,1.0,0.0,0.0,1.0,1.0,shortcut,"(2, 3)",,3
22,shared_s2,0.0,0.0,0.0,0.0,1.0,0.0,0.0,1.0,0.0,0.0,1.0,3.0,shortcut,"(2, 3)",,5
23,shared_s2,0.0,0.0,0.0,0.0,1.0,0.0,0.0,1.0,0.0,0.0,1.0,3.0,shortcut,"(2, 3)",,5
24,shared_s2,1.0,1.0,11.066088688957908,41.0,0.0,1.0,1.0,0.0,0.0,1.0,0.0,0.0,lower,"(1, 2)",10,
25,shared_s2,1.0,1.0,13.16293830696572,44.0,0.0,0.0,0.0,1.0,0.0,0.0,1.0,3.0,shortcut,"(2, 3)",7,
26,shared_s2,0.0,0.0,0.0,0.0,1.0,0.0,0.0,1.0,0.0,0.0,1.0,1.0,shortcut,"(2, 3)",,3
27,shared_s2,0.0,0.0,0.0,0.0,1.0,0.0,0.0,1.0,0.0,0.0,1.0,3.0,shortcut,"(2, 3)",,6
28,shared_s2,0.0,0.0,0.0,0.0,1.0,0.0,0.0,1.0,0.0,0.0,1.0,3.0,shortcut,"(2, 3)",,5
29,shared_s2,1.0,1.0,13.16293830696572,44.0,0.0,0.0,0.0,1.0,0.0,0.0,1.0,3.0,shortcut,"(2, 3)",7,
30,shared_s2,0.0,0.0,0.0,0.0,1.0,0.0,0.0,1.0,0.0,0.0,1.0,2.0,shortcut,"(2, 3)",,4
31,shared_s2,1.0,1.0,13.16293830696572,44.0,0.0,0.0,0.0,1.0,0.0,0.0,1.0,3.0,shortcut,"(2, 3)",7,
32,shared_s2,1.0,1.0,11.066088688957908,41.0,0.0,1.0,1.0,0.0,0.0,1.0,0.0,0.0,lower,"(1, 2)",10,
33,shared_s2,0.0,0.0,0.0,0.0,1.0,0.0,0.0,1.0,0.0,0.0,1.0,1.0,shortcut,"(2, 3)",,5
34,shared_s2,1.0,1.0,13.16293830696572,44.0,0.0,0.0,0.0,1.0,0.0,0.0,1.0,3.0,shortcut,"(2, 3)",7,
35,shared_s2,0.0,0.0,0.0,0.0,1.0,0.0,0.0,1.0,0.0,0.0,1.0,1.0,shortcut,"(2, 3)",,3
36,shared_s2,1.0,1.0,11.72950912024697,42.0,0.0,1.0,1.0,0.0,0.0,1.0,0.0,0.0,lower,"(1, 2)",9,
37,shared_s2,1.0,1.0,11.066088688957908,41.0,0.0,1.0,1.0,0.0,0.0,1.0,0.0,0.0,lower,"(1, 2)",10,
38,shared_s2,1.0,1.0,13.16293830696572,44.0,0.0,0.0,0.0,1.0,0.0,0.0,1.0,3.0,shortcut,"(2, 3)",7,
39,shared_s2,1.0,1.0,13.16293830696572,44.0,0.0,0.0,0.0,1.0,0.0,0.0,1.0,3.0,shortcut,"(2, 3)",7,
40,shared_s2,0.0,0.0,0.0,0.0,1.0,0.0,0.0,1.0,0.0,0.0,1.0,2.0,shortcut,"(2, 3)",,5
41,shared_s2,0.0,0.0,0.0,0.0,1.0,0.0,0.0,1.0,0.0,0.0,1.0,1.0,shortcut,"(2, 3)",,3
42,shared_s2,0.0,0.0,0.0,0.0,1.0,0.0,0.0,1.0,0.0,0.0,1.0,2.0,shortcut,"(2, 3)",,4
43,shared_s2,1.0,1.0,13.16293830696572,44.0,0.0,0.0,0.0,1.0,0.0,0.0,1.0,3.0,shortcut,"(2, 3)",7,
44,shared_s2,1.0,1.0,13.16293830696572,44.0,0.0,0.0,0.0,1.0,0.0,0.0,1.0,3.0,shortcut,"(2, 3)",7,
45,shared_s2,1.0,1.0,13.16293830696572,44.0,0.0,0.0,0.0,1.0,0.0,0.0,1.0,3.0,shortcut,"(2, 3)",7,
46,shared_s2,1.0,1.0,11.72950912024697,42.0,0.0,1.0,1.0,0.0,0.0,1.0,0.0,0.0,lower,"(1, 2)",9,
47,shared_s2,1.0,1.0,13.16293830696572,44.0,0.0,0.0,0.0,1.0,0.0,0.0,1.0,3.0,shortcut,"(2, 3)",7,
48,shared_s2,0.0,0.0,0.0,0.0,1.0,0.0,0.0,1.0,0.0,0.0,1.0,2.0,shortcut,"(2, 3)",,4
49,shared_s2,0.0,0.0,0.0,0.0,1.0,0.0,0.0,1.0,0.0,0.0,1.0,3.0,shortcut,"(2, 3)",,5
50,shared_s2,1.0,1.0,13.16293830696572,44.0,0.0,0.0,0.0,1.0,0.0,0.0,1.0,4.0,shortcut,"(2, 3)",7,
51,shared_s2,1.0,1.0,11.066088688957908,41.0,0.0,1.0,1.0,0.0,0.0,1.0,0.0,0.0,lower,"(1, 2)",10,
52,shared_s2,1.0,1.0,12.42784641634072,43.0,0.0,0.0,0.0,1.0,0.0,0.0,1.0,3.0,shortcut,"(2, 3)",8,
53,shared_s2,0.0,0.0,0.0,0.0,1.0,0.0,0.0,1.0,0.0,0.0,1.0,1.0,shortcut,"(2, 3)",,3
54,shared_s2,1.0,1.0,13.16293830696572,44.0,0.0,0.0,0.0,1.0,0.0,0.0,1.0,3.0,shortcut,"(2, 3)",7,
55,shared_s2,0.0,0.0,0.0,0.0,1.0,0.0,0.0,1.0,0.0,0.0,1.0,2.0,shortcut,"(2, 3)",,4
56,shared_s2,0.0,0.0,0.0,0.0,1.0,0.0,0.0,1.0,0.0,0.0,1.0,3.0,shortcut,"(2, 3)",,5
57,shared_s2,1.0,1.0,13.16293830696572,44.0,0.0,0.0,0.0,1.0,0.0,0.0,1.0,3.0,shortcut,"(2, 3)",7,
58,shared_s2,0.0,0.0,0.0,0.0,1.0,0.0,0.0,1.0,0.0,0.0,1.0,2.0,shortcut,"(2, 3)",,4
59,shared_s2,1.0,1.0,13.16293830696572,44.0,0.0,0.0,0.0,1.0,0.0,0.0,1.0,3.0,shortcut,"(2, 3)",7,
60,shared_s2,0.0,0.0,0.0,0.0,1.0,0.0,0.0,1.0,0.0,0.0,1.0,1.0,shortcut,"(2, 3)",,3
61,shared_s2,1.0,1.0,13.16293830696572,44.0,0.0,0.0,0.0,1.0,0.0,0.0,1.0,3.0,shortcut,"(2, 3)",7,
62,shared_s2,1.0,1.0,13.16293830696572,44.0,0.0,0.0,0.0,1.0,0.0,0.0,1.0,3.0,shortcut,"(2, 3)",7,
63,shared_s2,0.0,0.0,0.0,0.0,1.0,0.0,0.0,1.0,0.0,0.0,1.0,4.0,shortcut,"(2, 3)",,6
64,shared_s2,1.0,1.0,11.72950912024697,42.0,0.0,1.0,1.0,0.0,0.0,1.0,0.0,0.0,lower,"(1, 2)",9,
65,shared_s2,1.0,1.0,13.16293830696572,44.0,0.0,0.0,0.0,1.0,0.0,0.0,1.0,3.0,shortcut,"(2, 3)",7,
66,shared_s2,0.0,0.0,0.0,0.0,1.0,0.0,0.0,1.0,0.0,0.0,1.0,1.0,shortcut,"(2, 3)",,3
67,shared_s2,0.0,0.0,0.0,0.0,1.0,0.0,0.0,1.0,0.0,0.0,1.0,3.0,shortcut,"(2, 3)",,5
68,shared_s2,0.0,0.0,0.0,0.0,1.0,0.0,0.0,1.0,0.0,0.0,1.0,3.0,shortcut,"(2, 3)",,5
69,shared_s2,0.0,0.0,0.0,0.0,1.0,0.0,0.0,1.0,0.0,0.0,1.0,2.0,shortcut,"(2, 3)",,4
70,shared_s2,0.0,0.0,0.0,0.0,1.0,0.0,0.0,1.0,0.0,0.0,1.0,2.0,shortcut,"(2, 3)",,4
71,shared_s2,0.0,0.0,0.0,0.0,1.0,0.0,0.0,1.0,0.0,0.0,1.0,1.0,shortcut,"(2, 3)",,4
72,shared_s2,0.0,0.0,0.0,0.0,1.0,0.0,0.0,1.0,0.0,0.0,1.0,1.0,shortcut,"(2, 3)",,3
73,shared_s2,1.0,1.0,11.066088688957908,41.0,0.0,1.0,1.0,0.0,0.0,1.0,0.0,0.0,lower,"(1, 2)",10,
74,shared_s2,1.0,1.0,11.72950912024697,42.0,0.0,1.0,1.0,0.0,0.0,1.0,0.0,0.0,lower,"(1, 2)",9,
75,shared_s2,0.0,0.0,0.0,0.0,1.0,0.0,0.0,1.0,0.0,0.0,1.0,1.0,shortcut,"(2, 3)",,3
76,shared_s2,0.0,0.0,0.0,0.0,1.0,0.0,0.0,1.0,0.0,0.0,1.0,2.0,shortcut,"(2, 3)",,5
77,shared_s2,1.0,1.0,13.16293830696572,44.0,0.0,0.0,0.0,1.0,0.0,0.0,1.0,3.0,shortcut,"(2, 3)",7,
78,shared_s2,0.0,0.0,0.0,0.0,1.0,0.0,0.0,1.0,0.0,0.0,1.0,2.0,shortcut,"(2, 3)",,4
79,shared_s2,0.0,0.0,0.0,0.0,1.0,0.0,0.0,1.0,0.0,0.0,1.0,2.0,shortcut,"(2, 3)",,4
80,shared_s2,0.0,0.0,0.0,0.0,1.0,0.0,0.0,1.0,0.0,0.0,1.0,2.0,shortcut,"(2, 3)",,4
81,shared_s2,0.0,0.0,0.0,0.0,1.0,0.0,0.0,1.0,0.0,0.0,1.0,1.0,shortcut,"(2, 3)",,3
82,shared_s2,1.0,1.0,13.16293830696572,44.0,0.0,0.0,0.0,1.0,0.0,0.0,1.0,3.0,shortcut,"(2, 3)",7,
83,shared_s2,0.0,0.0,0.0,0.0,1.0,0.0,0.0,1.0,0.0,0.0,1.0,3.0,shortcut,"(2, 3)",,5
84,shared_s2,1.0,1.0,13.16293830696572,44.0,0.0,0.0,0.0,1.0,0.0,0.0,1.0,3.0,shortcut,"(2, 3)",7,
85,shared_s2,1.0,1.0,13.16293830696572,44.0,0.0,0.0,0.0,1.0,0.0,0.0,1.0,3.0,shortcut,"(2, 3)",7,
86,shared_s2,0.0,0.0,0.0,0.0,1.0,0.0,0.0,1.0,0.0,0.0,1.0,2.0,shortcut,"(2, 3)",,4
87,shared_s2,1.0,1.0,13.16293830696572,44.0,0.0,0.0,0.0,1.0,0.0,0.0,1.0,3.0,shortcut,"(2, 3)",7,
88,shared_s2,0.0,0.0,0.0,0.0,1.0,0.0,0.0,1.0,0.0,0.0,1.0,2.0,shortcut,"(2, 3)",,5
89,shared_s2,1.0,1.0,13.16293830696572,44.0,0.0,0.0,0.0,1.0,0.0,0.0,1.0,3.0,shortcut,"(2, 3)",7,
90,shared_s2,0.0,0.0,0.0,0.0,1.0,0.0,0.0,1.0,0.0,0.0,1.0,2.0,shortcut,"(2, 3)",,6
91,shared_s2,0.0,0.0,0.0,0.0,1.0,0.0,0.0,1.0,0.0,0.0,1.0,3.0,shortcut,"(2, 3)",,6
92,shared_s2,0.0,0.0,0.0,0.0,1.0,0.0,0.0,1.0,0.0,0.0,1.0,2.0,shortcut,"(2, 3)",,4
93,shared_s2,0.0,0.0,0.0,0.0,1.0,0.0,0.0,1.0,0.0,0.0,1.0,3.0,shortcut,"(2, 3)",,5
94,shared_s2,0.0,0.0,0.0,0.0,1.0,0.0,0.0,1.0,0.0,0.0,1.0,1.0,shortcut,"(2, 3)",,3
95,shared_s2,0.0,0.0,0.0,0.0,1.0,0.0,0.0,1.0,0.0,0.0,1.0,3.0,shortcut,"(2, 3)",,5
96,shared_s2,0.0,0.0,0.0,0.0,1.0,0.0,0.0,1.0,0.0,0.0,1.0,3.0,shortcut,"(2, 3)",,5
97,shared_s2,1.0,1.0,13.16293830696572,44.0,0.0,0.0,0.0,1.0,0.0,0.0,1.0,3.0,shortcut,"(2, 3)",7,
98,shared_s2,0.0,0.0,0.0,0.0,1.0,0.0,0.0,1.0,0.0,0.0,1.0,1.0,shortcut,"(2, 3)",,3
99,shared_s2,0.0,0.0,0.0,0.0,1.0,0.0,0.0,1.0,0.0,0.0,1.0,2.0,shortcut,"(2, 3)",,5
100,shared_s2,1.0,1.0,13.16293830696572,44.0,0.0,0.0,0.0,1.0,0.0,0.0,1.0,3.0,shortcut,"(2, 3)",7,
101,shared_s2,0.0,0.0,0.0,0.0,1.0,0.0,0.0,1.0,0.0,0.0,1.0,4.0,shortcut,"(2, 3)",,6
102,shared_s2,1.0,1.0,13.16293830696572,44.0,0.0,0.0,0.0,1.0,0.0,0.0,1.0,3.0,shortcut,"(2, 3)",7,
103,shared_s2,0.0,0.0,0.0,0.0,1.0,0.0,0.0,1.0,0.0,0.0,1.0,1.0,shortcut,"(2, 3)",,3
104,shared_s2,1.0,1.0,12.42784641634072,43.0,0.0,0.0,0.0,1.0,0.0,0.0,1.0,4.0,shortcut,"(2, 3)",8,
105,shared_s2,0.0,0.0,0.0,0.0,1.0,0.0,0.0,1.0,0.0,0.0,1.0,2.0,shortcut,"(2, 3)",,5
106,shared_s2,0.0,0.0,0.0,0.0,1.0,0.0,0.0,1.0,0.0,0.0,1.0,1.0,shortcut,"(2, 3)",,3
107,shared_s2,1.0,1.0,13.16293830696572,44.0,0.0,0.0,0.0,1.0,0.0,0.0,1.0,3.0,shortcut,"(2, 3)",7,
108,shared_s2,0.0,0.0,0.0,0.0,1.0,0.0,0.0,1.0,0.0,0.0,1.0,1.0,shortcut,"(2, 3)",,3
109,shared_s2,1.0,1.0,11.72950912024697,42.0,0.0,1.0,1.0,0.0,0.0,1.0,0.0,0.0,lower,"(1, 2)",9,
110,shared_s2,0.0,0.0,0.0,0.0,1.0,0.0,0.0,1.0,0.0,0.0,1.0,3.0,shortcut,"(2, 3)",,5
111,shared_s2,0.0,0.0,0.0,0.0,1.0,0.0,0.0,1.0,0.0,0.0,1.0,1.0,shortcut,"(2, 3)",,4
112,shared_s2,1.0,1.0,10.4358392792333,40.0,0.0,1.0,1.0,0.0,0.0,1.0,0.0,0.0,lower,"(1, 2)",11,
113,shared_s2,1.0,1.0,13.16293830696572,44.0,0.0,0.0,0.0,1.0,0.0,0.0,1.0,4.0,shortcut,"(2, 3)",7,
114,shared_s2,0.0,0.0,0.0,0.0,1.0,0.0,0.0,1.0,0.0,0.0,1.0,1.0,shortcut,"(2, 3)",,4
115,shared_s2,1.0,1.0,11.066088688957908,41.0,0.0,1.0,1.0,0.0,0.0,1.0,0.0,0.0,lower,"(1, 2)",10,
116,shared_s2,0.0,0.0,0.0,0.0,1.0,0.0,0.0,1.0,0.0,0.0,1.0,2.0,shortcut,"(2, 3)",,4
117,shared_s2,0.0,0.0,0.0,0.0,1.0,0.0,0.0,1.0,0.0,0.0,1.0,1.0,shortcut,"(2, 3)",,3
118,shared_s2,0.0,0.0,0.0,0.0,1.0,0.0,0.0,1.0,0.0,0.0,1.0,2.0,shortcut,"(2, 3)",,4
119,shared_s2,0.0,0.0,0.0,0.0,1.0,0.0,0.0,1.0,0.0,0.0,1.0,2.0,shortcut,"(2, 3)",,4
120,shared_s2,1.0,1.0,13.16293830696572,44.0,0.0,0.0,0.0,1.0,0.0,0.0,1.0,3.0,shortcut,"(2, 3)",7,
121,shared_s2,1.0,1.0,13.16293830696572,44.0,0.0,0.0,0.0,1.0,0.0,0.0,1.0,3.0,shortcut,"(2, 3)",7,
122,shared_s2,0.0,0.0,0.0,0.0,1.0,0.0,0.0,1.0,0.0,0.0,1.0,1.0,shortcut,"(2, 3)",,3
123,shared_s2,0.0,0.0,0.0,0.0,1.0,0.0,0.0,1.0,0.0,0.0,1.0,1.0,shortcut,"(2, 3)",,3
124,shared_s2,1.0,1.0,12.42784641634072,43.0,0.0,0.0,0.0,1.0,0.0,0.0,1.0,3.0,shortcut,"(2, 3)",8,
125,shared_s2,0.0,0.0,0.0,0.0,1.0,0.0,0.0,1.0,0.0,0.0,1.0,1.0,shortcut,"(2, 3)",,4
126,shared_s2,0.0,0.0,0.0,0.0,1.0,0.0,0.0,1.0,0.0,0.0,1.0,1.0,shortcut,"(2, 3)",,3
127,shared_s2,0.0,0.0,0.0,0.0,1.0,0.0,0.0,1.0,0.0,0.0,1.0,2.0,shortcut,"(2, 3)",,4
128,shared_s2,1.0,1.0,13.16293830696572,44.0,0.0,0.0,0.0,1.0,0.0,0.0,1.0,3.0,shortcut,"(2, 3)",7,
129,shared_s2,0.0,0.0,0.0,0.0,1.0,0.0,0.0,1.0,0.0,0.0,1.0,2.0,shortcut,"(2, 3)",,4
130,shared_s2,0.0,0.0,0.0,0.0,1.0,0.0,0.0,1.0,0.0,0.0,1.0,1.0,shortcut,"(2, 3)",,3
131,shared_s2,1.0,1.0,13.16293830696572,44.0,0.0,0.0,0.0,1.0,0.0,0.0,1.0,3.0,shortcut,"(2, 3)",7,
132,shared_s2,0.0,0.0,0.0,0.0,1.0,0.0,0.0,1.0,0.0,0.0,1.0,2.0,shortcut,"(2, 3)",,4
133,shared_s2,1.0,1.0,13.16293830696572,44.0,0.0,0.0,0.0,1.0,0.0,0.0,1.0,3.0,shortcut,"(2, 3)",7,
134,shared_s2,1.0,1.0,11.066088688957908,41.0,0.0,1.0,1.0,0.0,0.0,1.0,0.0,0.0,lower,"(1, 2)",10,
135,shared_s2,0.0,0.0,0.0,0.0,1.0,0.0,0.0,1.0,0.0,0.0,1.0,3.0,shortcut,"(2, 3)",,5
136,shared_s2,0.0,0.0,0.0,0.0,1.0,0.0,0.0,1.0,0.0,0.0,1.0,1.0,shortcut,"(2, 3)",,3
137,shared_s2,0.0,0.0,0.0,0.0,1.0,0.0,0.0,1.0,0.0,0.0,1.0,2.0,shortcut,"(2, 3)",,4
138,shared_s2,0.0,0.0,0.0,0.0,1.0,0.0,0.0,1.0,0.0,0.0,1.0,1.0,shortcut,"(2, 3)",,3
139,shared_s2,1.0,1.0,11.72950912024697,42.0,0.0,1.0,1.0,0.0,0.0,1.0,0.0,0.0,lower,"(1, 2)",9,
140,shared_s2,0.0,0.0,0.0,0.0,1.0,0.0,0.0,1.0,0.0,0.0,1.0,2.0,shortcut,"(2, 3)",,4
141,shared_s2,0.0,0.0,0.0,0.0,1.0,0.0,0.0,1.0,0.0,0.0,1.0,2.0,shortcut,"(2, 3)",,4
142,shared_s2,0.0,0.0,0.0,0.0,1.0,0.0,0.0,1.0,0.0,0.0,1.0,1.0,shortcut,"(2, 3)",,5
143,shared_s2,1.0,1.0,13.16293830696572,44.0,0.0,0.0,0.0,1.0,0.0,0.0,1.0,3.0,shortcut,"(2, 3)",7,
144,shared_s2,0.0,0.0,0.0,0.0,1.0,0.0,0.0,1.0,0.0,0.0,1.0,3.0,shortcut,"(2, 3)",,5
145,shared_s2,1.0,1.0,13.16293830696572,44.0,0.0,0.0,0.0,1.0,0.0,0.0,1.0,3.0,shortcut,"(2, 3)",7,
146,shared_s2,0.0,0.0,0.0,0.0,1.0,0.0,0.0,1.0,0.0,0.0,1.0,1.0,shortcut,"(2, 3)",,3
147,shared_s2,1.0,1.0,13.16293830696572,44.0,0.0,0.0,0.0,1.0,0.0,0.0,1.0,3.0,shortcut,"(2, 3)",7,
148,shared_s2,0.0,0.0,0.0,0.0,1.0,0.0,0.0,1.0,0.0,0.0,1.0,2.0,shortcut,"(2, 3)",,4
149,shared_s2,0.0,0.0,0.0,0.0,1.0,0.0,0.0,1.0,0.0,0.0,1.0,3.0,shortcut,"(2, 3)",,5
150,shared_s2,0.0,0.0,0.0,0.0,1.0,0.0,0.0,1.0,0.0,0.0,1.0,1.0,shortcut,"(2, 3)",,3
151,shared_s2,0.0,0.0,0.0,0.0,1.0,0.0,0.0,1.0,0.0,0.0,1.0,1.0,shortcut,"(2, 3)",,5
152,shared_s2,0.0,0.0,0.0,0.0,1.0,0.0,0.0,1.0,0.0,0.0,1.0,2.0,shortcut,"(2, 3)",,4
153,shared_s2,0.0,0.0,0.0,0.0,1.0,0.0,0.0,1.0,0.0,0.0,1.0,2.0,shortcut,"(2, 3)",,4
154,shared_s2,1.0,1.0,13.16293830696572,44.0,0.0,0.0,0.0,1.0,0.0,0.0,1.0,3.0,shortcut,"(2, 3)",7,
155,shared_s2,1.0,1.0,13.16293830696572,44.0,0.0,0.0,0.0,1.0,0.0,0.0,1.0,3.0,shortcut,"(2, 3)",7,
156,shared_s2,1.0,1.0,13.16293830696572,44.0,0.0,0.0,0.0,1.0,0.0,0.0,1.0,3.0,shortcut,"(2, 3)",7,
157,shared_s2,0.0,0.0,0.0,0.0,1.0,0.0,0.0,1.0,0.0,0.0,1.0,2.0,shortcut,"(2, 3)",,4
158,shared_s2,1.0,1.0,13.16293830696572,44.0,0.0,0.0,0.0,1.0,0.0,0.0,1.0,3.0,shortcut,"(2, 3)",7,
159,shared_s2,0.0,0.0,0.0,0.0,1.0,0.0,0.0,1.0,0.0,0.0,1.0,1.0,shortcut,"(2, 3)",,3
160,shared_s2,1.0,1.0,13.16293830696572,44.0,0.0,0.0,0.0,1.0,0.0,0.0,1.0,3.0,shortcut,"(2, 3)",7,
161,shared_s2,0.0,0.0,0.0,0.0,1.0,0.0,0.0,1.0,0.0,0.0,1.0,2.0,shortcut,"(2, 3)",,6
162,shared_s2,0.0,0.0,0.0,0.0,1.0,0.0,0.0,1.0,0.0,0.0,1.0,1.0,shortcut,"(2, 3)",,3
163,shared_s2,1.0,1.0,11.72950912024697,42.0,0.0,1.0,1.0,0.0,0.0,1.0,0.0,0.0,lower,"(1, 2)",9,
164,shared_s2,0.0,0.0,0.0,0.0,1.0,0.0,0.0,1.0,0.0,0.0,1.0,2.0,shortcut,"(2, 3)",,4
165,shared_s2,1.0,1.0,11.72950912024697,42.0,0.0,1.0,1.0,0.0,0.0,1.0,0.0,0.0,lower,"(1, 2)",9,
166,shared_s2,0.0,0.0,0.0,0.0,1.0,0.0,0.0,1.0,0.0,0.0,1.0,3.0,shortcut,"(2, 3)",,5
167,shared_s2,1.0,1.0,13.16293830696572,44.0,0.0,0.0,0.0,1.0,0.0,0.0,1.0,3.0,shortcut,"(2, 3)",7,
168,shared_s2,1.0,1.0,12.42784641634072,43.0,0.0,0.0,0.0,1.0,0.0,0.0,1.0,4.0,shortcut,"(2, 3)",8,
169,shared_s2,1.0,1.0,13.16293830696572,44.0,0.0,0.0,0.0,1.0,0.0,0.0,1.0,3.0,shortcut,"(2, 3)",7,
170,shared_s2,0.0,0.0,0.0,0.0,1.0,0.0,0.0,1.0,0.0,0.0,1.0,1.0,shortcut,"(2, 3)",,4
171,shared_s2,1.0,1.0,11.066088688957908,41.0,0.0,1.0,1.0,0.0,0.0,1.0,0.0,0.0,lower,"(1, 2)",10,
172,shared_s2,1.0,1.0,13.16293830696572,44.0,0.0,0.0,0.0,1.0,0.0,0.0,1.0,3.0,shortcut,"(2, 3)",7,
173,shared_s2,0.0,0.0,0.0,0.0,1.0,0.0,0.0,1.0,0.0,0.0,1.0,2.0,shortcut,"(2, 3)",,4
174,shared_s2,1.0,1.0,11.72950912024697,42.0,0.0,1.0,1.0,0.0,0.0,1.0,0.0,0.0,lower,"(1, 2)",9,
175,shared_s2,1.0,1.0,13.16293830696572,44.0,0.0,0.0,0.0,1.0,0.0,0.0,1.0,3.0,shortcut,"(2, 3)",7,
176,shared_s2,0.0,0.0,0.0,0.0,1.0,0.0,0.0,1.0,0.0,0.0,1.0,3.0,shortcut,"(2, 3)",,5
177,shared_s2,0.0,0.0,0.0,0.0,1.0,0.0,0.0,1.0,0.0,0.0,1.0,2.0,shortcut,"(2, 3)",,4
178,shared_s2,1.0,1.0,13.16293830696572,44.0,0.0,0.0,0.0,1.0,0.0,0.0,1.0,3.0,shortcut,"(2, 3)",7,
179,shared_s2,0.0,0.0,0.0,0.0,1.0,0.0,0.0,1.0,0.0,0.0,1.0,2.0,shortcut,"(2, 3)",,4
180,shared_s2,0.0,0.0,0.0,0.0,1.0,0.0,0.0,1.0,0.0,0.0,1.0,3.0,shortcut,"(2, 3)",,5
181,shared_s2,1.0,1.0,13.16293830696572,44.0,0.0,0.0,0.0,1.0,0.0,0.0,1.0,3.0,shortcut,"(2, 3)",7,
182,shared_s2,0.0,0.0,0.0,0.0,1.0,0.0,0.0,1.0,0.0,0.0,1.0,2.0,shortcut,"(2, 3)",,4
183,shared_s2,0.0,0.0,0.0,0.0,1.0,0.0,0.0,1.0,0.0,0.0,1.0,3.0,shortcut,"(2, 3)",,5
184,shared_s2,0.0,0.0,0.0,0.0,1.0,0.0,0.0,1.0,0.0,0.0,1.0,2.0,shortcut,"(2, 3)",,4
185,shared_s2,1.0,1.0,11.066088688957908,41.0,0.0,1.0,1.0,0.0,0.0,1.0,0.0,0.0,lower,"(1, 2)",10,
186,shared_s2,0.0,0.0,0.0,0.0,1.0,0.0,0.0,1.0,0.0,0.0,1.0,3.0,shortcut,"(2, 3)",,5
187,shared_s2,0.0,0.0,0.0,0.0,1.0,0.0,0.0,1.0,0.0,0.0,1.0,2.0,shortcut,"(2, 3)",,4
188,shared_s2,0.0,0.0,0.0,0.0,1.0,0.0,0.0,1.0,0.0,0.0,1.0,2.0,shortcut,"(2, 3)",,4
189,shared_s2,1.0,1.0,11.066088688957908,41.0,0.0,1.0,1.0,0.0,0.0,1.0,0.0,0.0,lower,"(1, 2)",10,
190,shared_s2,1.0,1.0,13.16293830696572,44.0,0.0,0.0,0.0,1.0,0.0,0.0,1.0,3.0,shortcut,"(2, 3)",7,
191,shared_s2,1.0,1.0,11.72950912024697,42.0,0.0,1.0,1.0,0.0,0.0,1.0,0.0,0.0,lower,"(1, 2)",9,
192,shared_s2,0.0,0.0,0.0,0.0,1.0,0.0,0.0,1.0,0.0,0.0,1.0,3.0,shortcut,"(2, 3)",,7
193,shared_s2,0.0,0.0,0.0,0.0,1.0,0.0,0.0,1.0,0.0,0.0,1.0,1.0,shortcut,"(2, 3)",,3
194,shared_s2,0.0,0.0,0.0,0.0,1.0,0.0,0.0,1.0,0.0,0.0,1.0,3.0,shortcut,"(2, 3)",,5
195,shared_s2,1.0,1.0,13.16293830696572,44.0,0.0,0.0,0.0,1.0,0.0,0.0,1.0,3.0,shortcut,"(2, 3)",7,
196,shared_s2,1.0,1.0,13.16293830696572,44.0,0.0,0.0,0.0,1.0,0.0,0.0,1.0,3.0,shortcut,"(2, 3)",7,
197,shared_s2,0.0,0.0,0.0,0.0,1.0,0.0,0.0,1.0,0.0,0.0,1.0,1.0,shortcut,"(2, 3)",,3
198,shared_s2,0.0,0.0,0.0,0.0,1.0,0.0,0.0,1.0,0.0,0.0,1.0,1.0,shortcut,"(2, 3)",,3
199,shared_s2,0.0,0.0,0.0,0.0,1.0,0.0,0.0,1.0,0.0,0.0,1.0,2.0,shortcut,"(2, 3)",,4
200,shared_s2,0.0,0.0,0.0,0.0,1.0,0.0,0.0,1.0,0.0,0.0,1.0,1.0,shortcut,"(2, 3)",,5
201,shared_s2,0.0,0.0,0.0,0.0,1.0,0.0,0.0,1.0,0.0,0.0,1.0,1.0,shortcut,"(2, 3)",,3
202,shared_s2,1.0,1.0,13.16293830696572,44.0,0.0,0.0,0.0,1.0,0.0,0.0,1.0,3.0,shortcut,"(2, 3)",7,
203,shared_s2,0.0,0.0,0.0,0.0,1.0,0.0,0.0,1.0,0.0,0.0,1.0,3.0,shortcut,"(2, 3)",,7
204,shared_s2,0.0,0.0,0.0,0.0,1.0,0.0,0.0,1.0,0.0,0.0,1.0,2.0,shortcut,"(2, 3)",,4
205,shared_s2,0.0,0.0,0.0,0.0,1.0,0.0,0.0,1.0,0.0,0.0,1.0,2.0,shortcut,"(2, 3)",,4
206,shared_s2,0.0,0.0,0.0,0.0,1.0,0.0,0.0,1.0,0.0,0.0,1.0,1.0,shortcut,"(2, 3)",,3
207,shared_s2,0.0,0.0,0.0,0.0,1.0,0.0,0.0,1.0,0.0,0.0,1.0,1.0,shortcut,"(2, 3)",,3
208,shared_s2,1.0,1.0,13.16293830696572,44.0,0.0,0.0,0.0,1.0,0.0,0.0,1.0,3.0,shortcut,"(2, 3)",7,
209,shared_s2,0.0,0.0,0.0,0.0,1.0,0.0,0.0,1.0,0.0,0.0,1.0,2.0,shortcut,"(2, 3)",,4
210,shared_s2,0.0,0.0,0.0,0.0,1.0,0.0,0.0,1.0,0.0,0.0,1.0,2.0,shortcut,"(2, 3)",,4
211,shared_s2,1.0,1.0,13.16293830696572,44.0,0.0,0.0,0.0,1.0,0.0,0.0,1.0,3.0,shortcut,"(2, 3)",7,
212,shared_s2,1.0,1.0,13.16293830696572,44.0,0.0,0.0,0.0,1.0,0.0,0.0,1.0,3.0,shortcut,"(2, 3)",7,
213,shared_s2,0.0,0.0,0.0,0.0,1.0,0.0,0.0,1.0,0.0,0.0,1.0,3.0,shortcut,"(2, 3)",,5
214,shared_s2,0.0,0.0,0.0,0.0,1.0,0.0,0.0,1.0,0.0,0.0,1.0,1.0,shortcut,"(2, 3)",,3
215,shared_s2,1.0,1.0,13.16293830696572,44.0,0.0,0.0,0.0,1.0,0.0,0.0,1.0,3.0,shortcut,"(2, 3)",7,
216,shared_s2,0.0,0.0,0.0,0.0,1.0,0.0,0.0,1.0,0.0,0.0,1.0,1.0,shortcut,"(2, 3)",,3
217,shared_s2,0.0,0.0,0.0,0.0,1.0,0.0,0.0,1.0,0.0,0.0,1.0,2.0,shortcut,"(2, 3)",,4
218,shared_s2,0.0,0.0,0.0,0.0,1.0,0.0,0.0,1.0,0.0,0.0,1.0,1.0,shortcut,"(2, 3)",,3
219,shared_s2,0.0,0.0,0.0,0.0,1.0,0.0,0.0,1.0,0.0,0.0,1.0,4.0,shortcut,"(2, 3)",,7
220,shared_s2,1.0,1.0,13.16293830696572,44.0,0.0,0.0,0.0,1.0,0.0,0.0,1.0,3.0,shortcut,"(2, 3)",7,
221,shared_s2,0.0,0.0,0.0,0.0,1.0,0.0,0.0,1.0,0.0,0.0,1.0,2.0,shortcut,"(2, 3)",,4
222,shared_s2,1.0,1.0,13.16293830696572,44.0,0.0,0.0,0.0,1.0,0.0,0.0,1.0,3.0,shortcut,"(2, 3)",7,
223,shared_s2,0.0,0.0,0.0,0.0,1.0,0.0,0.0,1.0,0.0,0.0,1.0,2.0,shortcut,"(2, 3)",,4
224,shared_s2,0.0,0.0,0.0,0.0,1.0,0.0,0.0,1.0,0.0,0.0,1.0,2.0,shortcut,"(2, 3)",,5
225,shared_s2,0.0,0.0,0.0,0.0,1.0,0.0,0.0,1.0,0.0,0.0,1.0,1.0,shortcut,"(2, 3)",,3
226,shared_s2,0.0,0.0,0.0,0.0,1.0,0.0,0.0,1.0,0.0,0.0,1.0,1.0,shortcut,"(2, 3)",,3
227,shared_s2,0.0,0.0,0.0,0.0,1.0,0.0,0.0,1.0,0.0,0.0,1.0,3.0,shortcut,"(2, 3)",,5
228,shared_s2,1.0,1.0,13.16293830696572,44.0,0.0,0.0,0.0,1.0,0.0,0.0,1.0,3.0,shortcut,"(2, 3)",7,
229,shared_s2,1.0,1.0,13.16293830696572,44.0,0.0,0.0,0.0,1.0,0.0,0.0,1.0,3.0,shortcut,"(2, 3)",7,
230,shared_s2,0.0,0.0,0.0,0.0,1.0,0.0,0.0,1.0,0.0,0.0,1.0,1.0,shortcut,"(2, 3)",,5
231,shared_s2,0.0,0.0,0.0,0.0,1.0,0.0,0.0,1.0,0.0,0.0,1.0,2.0,shortcut,"(2, 3)",,4
232,shared_s2,0.0,0.0,0.0,0.0,1.0,0.0,0.0,1.0,0.0,0.0,1.0,1.0,shortcut,"(2, 3)",,3
233,shared_s2,1.0,1.0,11.72950912024697,42.0,0.0,1.0,1.0,0.0,0.0,1.0,0.0,0.0,lower,"(1, 2)",9,
234,shared_s2,1.0,1.0,13.16293830696572,44.0,0.0,0.0,0.0,1.0,0.0,0.0,1.0,4.0,shortcut,"(2, 3)",7,
235,shared_s2,1.0,1.0,13.16293830696572,44.0,0.0,0.0,0.0,1.0,0.0,0.0,1.0,3.0,shortcut,"(2, 3)",7,
236,shared_s2,1.0,1.0,13.16293830696572,44.0,0.0,0.0,0.0,1.0,0.0,0.0,1.0,3.0,shortcut,"(2, 3)",7,
237,shared_s2,0.0,0.0,0.0,0.0,1.0,0.0,0.0,1.0,0.0,0.0,1.0,3.0,shortcut,"(2, 3)",,5
238,shared_s2,1.0,1.0,13.16293830696572,44.0,0.0,0.0,0.0,1.0,0.0,0.0,1.0,3.0,shortcut,"(2, 3)",7,
239,shared_s2,0.0,0.0,0.0,0.0,1.0,0.0,0.0,1.0,0.0,0.0,1.0,3.0,shortcut,"(2, 3)",,5
240,shared_s2,1.0,1.0,11.066088688957908,41.0,0.0,1.0,1.0,0.0,0.0,1.0,0.0,0.0,lower,"(1, 2)",10,
241,shared_s2,0.0,0.0,0.0,0.0,1.0,0.0,0.0,1.0,0.0,0.0,1.0,3.0,shortcut,"(2, 3)",,5
242,shared_s2,0.0,0.0,0.0,0.0,1.0,0.0,0.0,1.0,0.0,0.0,1.0,2.0,shortcut,"(2, 3)",,4
243,shared_s2,1.0,1.0,13.16293830696572,44.0,0.0,0.0,0.0,1.0,0.0,0.0,1.0,3.0,shortcut,"(2, 3)",7,
244,shared_s2,0.0,0.0,0.0,0.0,1.0,0.0,0.0,1.0,0.0,0.0,1.0,3.0,shortcut,"(2, 3)",,5
245,shared_s2,0.0,0.0,0.0,0.0,1.0,0.0,0.0,1.0,0.0,0.0,1.0,1.0,shortcut,"(2, 3)",,3
246,shared_s2,0.0,0.0,0.0,0.0,1.0,0.0,0.0,1.0,0.0,0.0,1.0,1.0,shortcut,"(2, 3)",,3
247,shared_s2,0.0,0.0,0.0,0.0,1.0,0.0,0.0,1.0,0.0,0.0,1.0,2.0,shortcut,"(2, 3)",,6
248,shared_s2,1.0,1.0,13.16293830696572,44.0,0.0,0.0,0.0,1.0,0.0,0.0,1.0,3.0,shortcut,"(2, 3)",7,
249,shared_s2,1.0,1.0,13.16293830696572,44.0,0.0,0.0,0.0,1.0,0.0,0.0,1.0,3.0,shortcut,"(2, 3)",7,
250,shared_s2,1.0,1.0,12.42784641634072,43.0,0.0,0.0,0.0,1.0,0.0,0.0,1.0,4.0,shortcut,"(2, 3)",8,
251,shared_s2,0.0,0.0,0.0,0.0,1.0,0.0,0.0,1.0,0.0,0.0,1.0,1.0,shortcut,"(2, 3)",,3
252,shared_s2,1.0,1.0,13.16293830696572,44.0,0.0,0.0,0.0,1.0,0.0,0.0,1.0,3.0,shortcut,"(2, 3)",7,
253,shared_s2,0.0,0.0,0.0,0.0,1.0,0.0,0.0,1.0,0.0,0.0,1.0,2.0,shortcut,"(2, 3)",,4
254,shared_s2,1.0,1.0,11.066088688957908,41.0,0.0,1.0,1.0,0.0,0.0,1.0,0.0,0.0,lower,"(1, 2)",10,
255,shared_s2,1.0,1.0,13.16293830696572,44.0,0.0,0.0,0.0,1.0,0.0,0.0,1.0,3.0,shortcut,"(2, 3)",7,
256,shared_s2,1.0,1.0,13.16293830696572,44.0,0.0,0.0,0.0,1.0,0.0,0.0,1.0,3.0,shortcut,"(2, 3)",7,
257,shared_s2,0.0,0.0,0.0,0.0,1.0,0.0,0.0,1.0,0.0,0.0,1.0,1.0,shortcut,"(2, 3)",,3
258,shared_s2,0.0,0.0,0.0,0.0,1.0,0.0,0.0,1.0,0.0,0.0,1.0,2.0,shortcut,"(2, 3)",,4
259,shared_s2,0.0,0.0,0.0,0.0,1.0,0.0,0.0,1.0,0.0,0.0,1.0,2.0,shortcut,"(2, 3)",,4
260,shared_s2,1.0,1.0,13.16293830696572,44.0,0.0,0.0,0.0,1.0,0.0,0.0,1.0,3.0,shortcut,"(2, 3)",7,
261,shared_s2,0.0,0.0,0.0,0.0,1.0,0.0,0.0,1.0,0.0,0.0,1.0,1.0,shortcut,"(2, 3)",,3
262,shared_s2,0.0,0.0,0.0,0.0,1.0,0.0,0.0,1.0,0.0,0.0,1.0,3.0,shortcut,"(2, 3)",,5
263,shared_s2,0.0,0.0,0.0,0.0,1.0,0.0,0.0,1.0,0.0,0.0,1.0,3.0,shortcut,"(2, 3)",,5
264,shared_s2,0.0,0.0,0.0,0.0,1.0,0.0,0.0,1.0,0.0,0.0,1.0,3.0,shortcut,"(2, 3)",,5
265,shared_s2,0.0,0.0,0.0,0.0,1.0,0.0,0.0,1.0,0.0,0.0,1.0,1.0,shortcut,"(2, 3)",,3
266,shared_s2,0.0,0.0,0.0,0.0,1.0,0.0,0.0,1.0,0.0,0.0,1.0,2.0,shortcut,"(2, 3)",,4
267,shared_s2,0.0,0.0,0.0,0.0,1.0,0.0,0.0,1.0,0.0,0.0,1.0,3.0,shortcut,"(2, 3)",,5
268,shared_s2,1.0,1.0,13.16293830696572,44.0,0.0,0.0,0.0,1.0,0.0,0.0,1.0,3.0,shortcut,"(2, 3)",7,
269,shared_s2,0.0,0.0,0.0,0.0,1.0,0.0,0.0,1.0,0.0,0.0,1.0,1.0,shortcut,"(2, 3)",,3
270,shared_s2,1.0,1.0,13.16293830696572,44.0,0.0,0.0,0.0,1.0,0.0,0.0,1.0,3.0,shortcut,"(2, 3)",7,
271,shared_s2,1.0,1.0,13.16293830696572,44.0,0.0,0.0,0.0,1.0,0.0,0.0,1.0,3.0,shortcut,"(2, 3)",7,
272,shared_s2,0.0,0.0,0.0,0.0,1.0,0.0,0.0,1.0,0.0,0.0,1.0,2.0,shortcut,"(2, 3)",,4
273,shared_s2,0.0,0.0,0.0,0.0,1.0,0.0,0.0,1.0,0.0,0.0,1.0,2.0,shortcut,"(2, 3)",,4
274,shared_s2,1.0,1.0,11.72950912024697,42.0,0.0,1.0,1.0,0.0,0.0,1.0,0.0,0.0,lower,"(1, 2)",9,
275,shared_s2,0.0,0.0,0.0,0.0,1.0,0.0,0.0,1.0,0.0,0.0,1.0,2.0,shortcut,"(2, 3)",,4
276,shared_s2,0.0,0.0,0.0,0.0,1.0,0.0,0.0,1.0,0.0,0.0,1.0,1.0,shortcut,"(2, 3)",,3
277,shared_s2,0.0,0.0,0.0,0.0,1.0,0.0,0.0,1.0,0.0,0.0,1.0,1.0,shortcut,"(2, 3)",,3
278,shared_s2,0.0,0.0,0.0,0.0,1.0,0.0,0.0,1.0,0.0,0.0,1.0,2.0,shortcut,"(2, 3)",,4
279,shared_s2,1.0,1.0,13.16293830696572,44.0,0.0,0.0,0.0,1.0,0.0,0.0,1.0,3.0,shortcut,"(2, 3)",7,
280,shared_s2,0.0,0.0,0.0,0.0,1.0,0.0,0.0,1.0,0.0,0.0,1.0,2.0,shortcut,"(2, 3)",,4
281,shared_s2,1.0,1.0,12.42784641634072,43.0,0.0,0.0,0.0,1.0,0.0,0.0,1.0,3.0,shortcut,"(2, 3)",8,
282,shared_s2,1.0,1.0,13.16293830696572,44.0,0.0,0.0,0.0,1.0,0.0,0.0,1.0,3.0,shortcut,"(2, 3)",7,
283,shared_s2,1.0,1.0,13.16293830696572,44.0,0.0,0.0,0.0,1.0,0.0,0.0,1.0,3.0,shortcut,"(2, 3)",7,
284,shared_s2,1.0,1.0,13.16293830696572,44.0,0.0,0.0,0.0,1.0,0.0,0.0,1.0,4.0,shortcut,"(2, 3)",7,
285,shared_s2,0.0,0.0,0.0,0.0,1.0,0.0,0.0,1.0,0.0,0.0,1.0,3.0,shortcut,"(2, 3)",,5
286,shared_s2,0.0,0.0,0.0,0.0,1.0,0.0,0.0,1.0,0.0,0.0,1.0,2.0,shortcut,"(2, 3)",,4
287,shared_s2,1.0,1.0,13.16293830696572,44.0,0.0,0.0,0.0,1.0,0.0,0.0,1.0,3.0,shortcut,"(2, 3)",7,
288,shared_s2,0.0,0.0,0.0,0.0,1.0,0.0,0.0,1.0,0.0,0.0,1.0,3.0,shortcut,"(2, 3)",,5
289,shared_s2,0.0,0.0,0.0,0.0,1.0,0.0,0.0,1.0,0.0,0.0,1.0,2.0,shortcut,"(2, 3)",,4
290,shared_s2,1.0,1.0,11.72950912024697,42.0,0.0,1.0,1.0,0.0,0.0,1.0,0.0,0.0,lower,"(1, 2)",9,
291,shared_s2,0.0,0.0,0.0,0.0,1.0,0.0,0.0,1.0,0.0,0.0,1.0,2.0,shortcut,"(2, 3)",,4
292,shared_s2,0.0,0.0,0.0,0.0,1.0,0.0,0.0,1.0,0.0,0.0,1.0,2.0,shortcut,"(2, 3)",,4
293,shared_s2,0.0,0.0,0.0,0.0,1.0,0.0,0.0,1.0,0.0,0.0,1.0,3.0,shortcut,"(2, 3)",,5
294,shared_s2,1.0,1.0,13.16293830696572,44.0,0.0,0.0,0.0,1.0,0.0,0.0,1.0,3.0,shortcut,"(2, 3)",7,
295,shared_s2,0.0,0.0,0.0,0.0,1.0,0.0,0.0,1.0,0.0,0.0,1.0,2.0,shortcut,"(2, 3)",,5
296,shared_s2,0.0,0.0,0.0,0.0,1.0,0.0,0.0,1.0,0.0,0.0,1.0,1.0,shortcut,"(2, 3)",,3
297,shared_s2,1.0,1.0,13.16293830696572,44.0,0.0,0.0,0.0,1.0,0.0,0.0,1.0,3.0,shortcut,"(2, 3)",7,
298,shared_s2,0.0,0.0,0.0,0.0,1.0,0.0,0.0,1.0,0.0,0.0,1.0,1.0,shortcut,"(2, 3)",,3
299,shared_s2,0.0,0.0,0.0,0.0,1.0,0.0,0.0,1.0,0.0,0.0,1.0,1.0,shortcut,"(2, 3)",,3
0,balanced_s2,1.0,1.0,13.16293830696572,44.0,0.0,0.0,0.0,1.0,0.0,0.0,1.0,3.0,shortcut,"(2, 3)",7,
1,balanced_s2,1.0,1.0,11.72950912024697,42.0,0.0,1.0,1.0,0.0,0.0,1.0,0.0,0.0,lower,"(1, 2)",9,
2,balanced_s2,0.0,0.0,0.0,0.0,1.0,0.0,0.0,1.0,0.0,0.0,1.0,1.0,shortcut,"(2, 3)",,3
3,balanced_s2,0.0,0.0,0.0,0.0,1.0,0.0,0.0,1.0,0.0,0.0,1.0,3.0,shortcut,"(2, 3)",,5
4,balanced_s2,0.0,0.0,0.0,0.0,1.0,0.0,0.0,1.0,0.0,0.0,1.0,2.0,shortcut,"(2, 3)",,4
5,balanced_s2,1.0,1.0,11.066088688957908,41.0,0.0,1.0,1.0,0.0,0.0,1.0,0.0,0.0,lower,"(1, 2)",10,
6,balanced_s2,1.0,1.0,13.16293830696572,44.0,0.0,0.0,0.0,1.0,0.0,0.0,1.0,3.0,shortcut,"(2, 3)",7,
7,balanced_s2,0.0,0.0,0.0,0.0,1.0,0.0,0.0,1.0,0.0,0.0,1.0,1.0,shortcut,"(2, 3)",,3
8,balanced_s2,1.0,1.0,13.16293830696572,44.0,0.0,0.0,0.0,1.0,0.0,0.0,1.0,3.0,shortcut,"(2, 3)",7,
9,balanced_s2,0.0,0.0,0.0,0.0,1.0,0.0,0.0,1.0,0.0,0.0,1.0,2.0,shortcut,"(2, 3)",,4
10,balanced_s2,1.0,1.0,13.16293830696572,44.0,0.0,0.0,0.0,1.0,0.0,0.0,1.0,3.0,shortcut,"(2, 3)",7,
11,balanced_s2,0.0,0.0,0.0,0.0,1.0,0.0,0.0,1.0,0.0,0.0,1.0,1.0,shortcut,"(2, 3)",,3
12,balanced_s2,1.0,1.0,12.42784641634072,43.0,0.0,0.0,0.0,1.0,0.0,0.0,1.0,3.0,shortcut,"(2, 3)",8,
13,balanced_s2,0.0,0.0,0.0,0.0,1.0,0.0,0.0,1.0,0.0,0.0,1.0,1.0,shortcut,"(2, 3)",,6
14,balanced_s2,0.0,0.0,0.0,0.0,1.0,0.0,0.0,1.0,0.0,0.0,1.0,3.0,shortcut,"(2, 3)",,5
15,balanced_s2,1.0,1.0,11.72950912024697,42.0,0.0,1.0,1.0,0.0,0.0,1.0,0.0,0.0,lower,"(1, 2)",9,
16,balanced_s2,0.0,0.0,0.0,0.0,1.0,0.0,0.0,1.0,0.0,0.0,1.0,3.0,shortcut,"(2, 3)",,5
17,balanced_s2,1.0,1.0,13.16293830696572,44.0,0.0,0.0,0.0,1.0,0.0,0.0,1.0,3.0,shortcut,"(2, 3)",7,
18,balanced_s2,1.0,1.0,13.16293830696572,44.0,0.0,0.0,0.0,1.0,0.0,0.0,1.0,3.0,shortcut,"(2, 3)",7,
19,balanced_s2,0.0,0.0,0.0,0.0,1.0,0.0,0.0,1.0,0.0,0.0,1.0,2.0,shortcut,"(2, 3)",,4
20,balanced_s2,0.0,0.0,0.0,0.0,1.0,0.0,0.0,1.0,0.0,0.0,1.0,3.0,shortcut,"(2, 3)",,5
21,balanced_s2,0.0,0.0,0.0,0.0,1.0,0.0,0.0,1.0,0.0,0.0,1.0,1.0,shortcut,"(2, 3)",,3
22,balanced_s2,0.0,0.0,0.0,0.0,1.0,0.0,0.0,1.0,0.0,0.0,1.0,2.0,shortcut,"(2, 3)",,5
23,balanced_s2,0.0,0.0,0.0,0.0,1.0,0.0,0.0,1.0,0.0,0.0,1.0,3.0,shortcut,"(2, 3)",,5
24,balanced_s2,0.0,0.0,0.0,0.0,1.0,0.0,0.0,1.0,0.0,0.0,1.0,3.0,shortcut,"(2, 3)",,6
25,balanced_s2,1.0,1.0,13.16293830696572,44.0,0.0,0.0,0.0,1.0,0.0,0.0,1.0,3.0,shortcut,"(2, 3)",7,
26,balanced_s2,0.0,0.0,0.0,0.0,1.0,0.0,0.0,1.0,0.0,0.0,1.0,1.0,shortcut,"(2, 3)",,3
27,balanced_s2,0.0,0.0,0.0,0.0,1.0,0.0,0.0,1.0,0.0,0.0,1.0,3.0,shortcut,"(2, 3)",,6
28,balanced_s2,0.0,0.0,0.0,0.0,1.0,0.0,0.0,1.0,0.0,0.0,1.0,3.0,shortcut,"(2, 3)",,5
29,balanced_s2,1.0,1.0,13.16293830696572,44.0,0.0,0.0,0.0,1.0,0.0,0.0,1.0,3.0,shortcut,"(2, 3)",7,
30,balanced_s2,0.0,0.0,0.0,0.0,1.0,0.0,0.0,1.0,0.0,0.0,1.0,2.0,shortcut,"(2, 3)",,4
31,balanced_s2,1.0,1.0,13.16293830696572,44.0,0.0,0.0,0.0,1.0,0.0,0.0,1.0,3.0,shortcut,"(2, 3)",7,
32,balanced_s2,1.0,1.0,11.066088688957908,41.0,0.0,1.0,1.0,0.0,0.0,1.0,0.0,0.0,lower,"(1, 2)",10,
33,balanced_s2,0.0,0.0,0.0,0.0,1.0,0.0,0.0,1.0,0.0,0.0,1.0,1.0,shortcut,"(2, 3)",,5
34,balanced_s2,1.0,1.0,13.16293830696572,44.0,0.0,0.0,0.0,1.0,0.0,0.0,1.0,3.0,shortcut,"(2, 3)",7,
35,balanced_s2,0.0,0.0,0.0,0.0,1.0,0.0,0.0,1.0,0.0,0.0,1.0,1.0,shortcut,"(2, 3)",,3
36,balanced_s2,1.0,1.0,11.72950912024697,42.0,0.0,1.0,1.0,0.0,0.0,1.0,0.0,0.0,lower,"(1, 2)",9,
37,balanced_s2,1.0,1.0,10.4358392792333,40.0,0.0,1.0,1.0,0.0,0.0,1.0,0.0,0.0,lower,"(1, 2)",11,
38,balanced_s2,0.0,0.0,0.0,0.0,1.0,0.0,0.0,1.0,0.0,0.0,1.0,4.0,shortcut,"(2, 3)",,6
39,balanced_s2,1.0,1.0,13.16293830696572,44.0,0.0,0.0,0.0,1.0,0.0,0.0,1.0,3.0,shortcut,"(2, 3)",7,
40,balanced_s2,0.0,0.0,0.0,0.0,1.0,0.0,0.0,1.0,0.0,0.0,1.0,2.0,shortcut,"(2, 3)",,5
41,balanced_s2,0.0,0.0,0.0,0.0,1.0,0.0,0.0,1.0,0.0,0.0,1.0,1.0,shortcut,"(2, 3)",,3
42,balanced_s2,0.0,0.0,0.0,0.0,1.0,0.0,0.0,1.0,0.0,0.0,1.0,2.0,shortcut,"(2, 3)",,4
43,balanced_s2,1.0,1.0,13.16293830696572,44.0,0.0,0.0,0.0,1.0,0.0,0.0,1.0,3.0,shortcut,"(2, 3)",7,
44,balanced_s2,1.0,1.0,13.16293830696572,44.0,0.0,0.0,0.0,1.0,0.0,0.0,1.0,3.0,shortcut,"(2, 3)",7,
45,balanced_s2,1.0,1.0,13.16293830696572,44.0,0.0,0.0,0.0,1.0,0.0,0.0,1.0,3.0,shortcut,"(2, 3)",7,
46,balanced_s2,1.0,1.0,11.72950912024697,42.0,0.0,1.0,1.0,0.0,0.0,1.0,0.0,0.0,lower,"(1, 2)",9,
47,balanced_s2,1.0,1.0,13.16293830696572,44.0,0.0,0.0,0.0,1.0,0.0,0.0,1.0,3.0,shortcut,"(2, 3)",7,
48,balanced_s2,0.0,0.0,0.0,0.0,1.0,0.0,0.0,1.0,0.0,0.0,1.0,2.0,shortcut,"(2, 3)",,4
49,balanced_s2,0.0,0.0,0.0,0.0,1.0,0.0,0.0,1.0,0.0,0.0,1.0,3.0,shortcut,"(2, 3)",,5
50,balanced_s2,0.0,0.0,0.0,0.0,1.0,0.0,0.0,1.0,0.0,0.0,1.0,3.0,shortcut,"(2, 3)",,5
51,balanced_s2,1.0,1.0,11.72950912024697,42.0,0.0,1.0,1.0,0.0,0.0,1.0,0.0,0.0,lower,"(1, 2)",9,
52,balanced_s2,1.0,1.0,13.16293830696572,44.0,0.0,0.0,0.0,1.0,0.0,0.0,1.0,3.0,shortcut,"(2, 3)",7,
53,balanced_s2,0.0,0.0,0.0,0.0,1.0,0.0,0.0,1.0,0.0,0.0,1.0,1.0,shortcut,"(2, 3)",,3
54,balanced_s2,1.0,1.0,13.16293830696572,44.0,0.0,0.0,0.0,1.0,0.0,0.0,1.0,3.0,shortcut,"(2, 3)",7,
55,balanced_s2,0.0,0.0,0.0,0.0,1.0,0.0,0.0,1.0,0.0,0.0,1.0,2.0,shortcut,"(2, 3)",,4
56,balanced_s2,0.0,0.0,0.0,0.0,1.0,0.0,0.0,1.0,0.0,0.0,1.0,3.0,shortcut,"(2, 3)",,5
57,balanced_s2,1.0,1.0,13.16293830696572,44.0,0.0,0.0,0.0,1.0,0.0,0.0,1.0,3.0,shortcut,"(2, 3)",7,
58,balanced_s2,0.0,0.0,0.0,0.0,1.0,0.0,0.0,1.0,0.0,0.0,1.0,2.0,shortcut,"(2, 3)",,4
59,balanced_s2,1.0,1.0,13.16293830696572,44.0,0.0,0.0,0.0,1.0,0.0,0.0,1.0,3.0,shortcut,"(2, 3)",7,
60,balanced_s2,0.0,0.0,0.0,0.0,1.0,0.0,0.0,1.0,0.0,0.0,1.0,1.0,shortcut,"(2, 3)",,3
61,balanced_s2,1.0,1.0,13.16293830696572,44.0,0.0,0.0,0.0,1.0,0.0,0.0,1.0,3.0,shortcut,"(2, 3)",7,
62,balanced_s2,1.0,1.0,13.16293830696572,44.0,0.0,0.0,0.0,1.0,0.0,0.0,1.0,3.0,shortcut,"(2, 3)",7,
63,balanced_s2,1.0,1.0,12.42784641634072,43.0,0.0,0.0,0.0,1.0,0.0,0.0,1.0,5.0,shortcut,"(2, 3)",8,
64,balanced_s2,1.0,1.0,11.72950912024697,42.0,0.0,1.0,1.0,0.0,0.0,1.0,0.0,0.0,lower,"(1, 2)",9,
65,balanced_s2,1.0,1.0,13.16293830696572,44.0,0.0,0.0,0.0,1.0,0.0,0.0,1.0,3.0,shortcut,"(2, 3)",7,
66,balanced_s2,0.0,0.0,0.0,0.0,1.0,0.0,0.0,1.0,0.0,0.0,1.0,1.0,shortcut,"(2, 3)",,3
67,balanced_s2,0.0,0.0,0.0,0.0,1.0,0.0,0.0,1.0,0.0,0.0,1.0,3.0,shortcut,"(2, 3)",,5
68,balanced_s2,0.0,0.0,0.0,0.0,1.0,0.0,0.0,1.0,0.0,0.0,1.0,3.0,shortcut,"(2, 3)",,5
69,balanced_s2,0.0,0.0,0.0,0.0,1.0,0.0,0.0,1.0,0.0,0.0,1.0,2.0,shortcut,"(2, 3)",,4
70,balanced_s2,0.0,0.0,0.0,0.0,1.0,0.0,0.0,1.0,0.0,0.0,1.0,2.0,shortcut,"(2, 3)",,4
71,balanced_s2,0.0,0.0,0.0,0.0,1.0,0.0,0.0,1.0,0.0,0.0,1.0,1.0,shortcut,"(2, 3)",,4
72,balanced_s2,0.0,0.0,0.0,0.0,1.0,0.0,0.0,1.0,0.0,0.0,1.0,1.0,shortcut,"(2, 3)",,3
73,balanced_s2,0.0,0.0,0.0,0.0,1.0,0.0,0.0,1.0,0.0,0.0,1.0,1.0,shortcut,"(2, 3)",,3
74,balanced_s2,0.0,0.0,0.0,0.0,1.0,0.0,0.0,1.0,0.0,0.0,1.0,3.0,shortcut,"(2, 3)",,5
75,balanced_s2,0.0,0.0,0.0,0.0,1.0,0.0,0.0,1.0,0.0,0.0,1.0,1.0,shortcut,"(2, 3)",,3
76,balanced_s2,1.0,1.0,11.72950912024697,42.0,0.0,0.0,0.0,1.0,0.0,0.0,1.0,4.0,shortcut,"(2, 3)",9,
77,balanced_s2,1.0,1.0,13.16293830696572,44.0,0.0,0.0,0.0,1.0,0.0,0.0,1.0,3.0,shortcut,"(2, 3)",7,
78,balanced_s2,0.0,0.0,0.0,0.0,1.0,0.0,0.0,1.0,0.0,0.0,1.0,2.0,shortcut,"(2, 3)",,4
79,balanced_s2,0.0,0.0,0.0,0.0,1.0,0.0,0.0,1.0,0.0,0.0,1.0,2.0,shortcut,"(2, 3)",,4
80,balanced_s2,1.0,1.0,12.42784641634072,43.0,0.0,0.0,0.0,1.0,0.0,0.0,1.0,4.0,shortcut,"(2, 3)",8,
81,balanced_s2,0.0,0.0,0.0,0.0,1.0,0.0,0.0,1.0,0.0,0.0,1.0,1.0,shortcut,"(2, 3)",,3
82,balanced_s2,0.0,0.0,0.0,0.0,1.0,0.0,0.0,1.0,0.0,0.0,1.0,3.0,shortcut,"(2, 3)",,5
83,balanced_s2,0.0,0.0,0.0,0.0,1.0,0.0,0.0,1.0,0.0,0.0,1.0,3.0,shortcut,"(2, 3)",,5
84,balanced_s2,1.0,1.0,13.16293830696572,44.0,0.0,0.0,0.0,1.0,0.0,0.0,1.0,3.0,shortcut,"(2, 3)",7,
85,balanced_s2,1.0,1.0,13.16293830696572,44.0,0.0,0.0,0.0,1.0,0.0,0.0,1.0,3.0,shortcut,"(2, 3)",7,
86,balanced_s2,0.0,0.0,0.0,0.0,1.0,0.0,0.0,1.0,0.0,0.0,1.0,2.0,shortcut,"(2, 3)",,4
87,balanced_s2,1.0,1.0,13.16293830696572,44.0,0.0,0.0,0.0,1.0,0.0,0.0,1.0,3.0,shortcut,"(2, 3)",7,
88,balanced_s2,1.0,1.0,13.16293830696572,44.0,0.0,0.0,0.0,1.0,0.0,0.0,1.0,3.0,shortcut,"(2, 3)",7,
89,balanced_s2,1.0,1.0,13.16293830696572,44.0,0.0,0.0,0.0,1.0,0.0,0.0,1.0,3.0,shortcut,"(2, 3)",7,
90,balanced_s2,0.0,0.0,0.0,0.0,1.0,0.0,0.0,1.0,0.0,0.0,1.0,2.0,shortcut,"(2, 3)",,6
91,balanced_s2,0.0,0.0,0.0,0.0,1.0,0.0,0.0,1.0,0.0,0.0,1.0,3.0,shortcut,"(2, 3)",,6
92,balanced_s2,0.0,0.0,0.0,0.0,1.0,0.0,0.0,1.0,0.0,0.0,1.0,2.0,shortcut,"(2, 3)",,4
93,balanced_s2,0.0,0.0,0.0,0.0,1.0,0.0,0.0,1.0,0.0,0.0,1.0,3.0,shortcut,"(2, 3)",,5
94,balanced_s2,0.0,0.0,0.0,0.0,1.0,0.0,0.0,1.0,0.0,0.0,1.0,1.0,shortcut,"(2, 3)",,3
95,balanced_s2,1.0,1.0,13.16293830696572,44.0,0.0,0.0,0.0,1.0,0.0,0.0,1.0,4.0,shortcut,"(2, 3)",7,
96,balanced_s2,0.0,0.0,0.0,0.0,1.0,0.0,0.0,1.0,0.0,0.0,1.0,3.0,shortcut,"(2, 3)",,5
97,balanced_s2,0.0,0.0,0.0,0.0,1.0,0.0,0.0,1.0,0.0,0.0,1.0,4.0,shortcut,"(2, 3)",,7
98,balanced_s2,0.0,0.0,0.0,0.0,1.0,0.0,0.0,1.0,0.0,0.0,1.0,1.0,shortcut,"(2, 3)",,3
99,balanced_s2,0.0,0.0,0.0,0.0,1.0,0.0,0.0,1.0,0.0,0.0,1.0,2.0,shortcut,"(2, 3)",,5
100,balanced_s2,1.0,1.0,13.16293830696572,44.0,0.0,0.0,0.0,1.0,0.0,0.0,1.0,3.0,shortcut,"(2, 3)",7,
101,balanced_s2,1.0,1.0,12.42784641634072,43.0,0.0,0.0,0.0,1.0,0.0,0.0,1.0,4.0,shortcut,"(2, 3)",8,
102,balanced_s2,1.0,1.0,13.16293830696572,44.0,0.0,0.0,0.0,1.0,0.0,0.0,1.0,3.0,shortcut,"(2, 3)",7,
103,balanced_s2,0.0,0.0,0.0,0.0,1.0,0.0,0.0,1.0,0.0,0.0,1.0,1.0,shortcut,"(2, 3)",,3
104,balanced_s2,0.0,0.0,0.0,0.0,1.0,0.0,0.0,1.0,0.0,0.0,1.0,4.0,shortcut,"(2, 3)",,6
105,balanced_s2,0.0,0.0,0.0,0.0,1.0,0.0,0.0,1.0,0.0,0.0,1.0,3.0,shortcut,"(2, 3)",,5
106,balanced_s2,0.0,0.0,0.0,0.0,1.0,0.0,0.0,1.0,0.0,0.0,1.0,1.0,shortcut,"(2, 3)",,3
107,balanced_s2,0.0,0.0,0.0,0.0,1.0,0.0,0.0,1.0,0.0,0.0,1.0,3.0,shortcut,"(2, 3)",,5
108,balanced_s2,0.0,0.0,0.0,0.0,1.0,0.0,0.0,1.0,0.0,0.0,1.0,1.0,shortcut,"(2, 3)",,3
109,balanced_s2,0.0,0.0,0.0,0.0,1.0,0.0,0.0,1.0,0.0,0.0,1.0,2.0,shortcut,"(2, 3)",,4
110,balanced_s2,0.0,0.0,0.0,0.0,1.0,0.0,0.0,1.0,0.0,0.0,1.0,2.0,shortcut,"(2, 3)",,4
111,balanced_s2,0.0,0.0,0.0,0.0,1.0,0.0,0.0,1.0,0.0,0.0,1.0,1.0,shortcut,"(2, 3)",,4
112,balanced_s2,1.0,1.0,10.4358392792333,40.0,0.0,1.0,1.0,0.0,0.0,1.0,0.0,0.0,lower,"(1, 2)",11,
113,balanced_s2,1.0,1.0,12.42784641634072,43.0,0.0,0.0,0.0,1.0,0.0,0.0,1.0,4.0,shortcut,"(2, 3)",8,
114,balanced_s2,0.0,0.0,0.0,0.0,1.0,0.0,0.0,1.0,0.0,0.0,1.0,1.0,shortcut,"(2, 3)",,4
115,balanced_s2,0.0,0.0,0.0,0.0,1.0,0.0,0.0,1.0,0.0,0.0,1.0,1.0,shortcut,"(2, 3)",,3
116,balanced_s2,0.0,0.0,0.0,0.0,1.0,0.0,0.0,1.0,0.0,0.0,1.0,2.0,shortcut,"(2, 3)",,4
117,balanced_s2,0.0,0.0,0.0,0.0,1.0,0.0,0.0,1.0,0.0,0.0,1.0,1.0,shortcut,"(2, 3)",,3
118,balanced_s2,0.0,0.0,0.0,0.0,1.0,0.0,0.0,1.0,0.0,0.0,1.0,2.0,shortcut,"(2, 3)",,4
119,balanced_s2,0.0,0.0,0.0,0.0,1.0,0.0,0.0,1.0,0.0,0.0,1.0,2.0,shortcut,"(2, 3)",,4
120,balanced_s2,1.0,1.0,13.16293830696572,44.0,0.0,0.0,0.0,1.0,0.0,0.0,1.0,3.0,shortcut,"(2, 3)",7,
121,balanced_s2,1.0,1.0,13.16293830696572,44.0,0.0,0.0,0.0,1.0,0.0,0.0,1.0,3.0,shortcut,"(2, 3)",7,
122,balanced_s2,0.0,0.0,0.0,0.0,1.0,0.0,0.0,1.0,0.0,0.0,1.0,1.0,shortcut,"(2, 3)",,3
123,balanced_s2,0.0,0.0,0.0,0.0,1.0,0.0,0.0,1.0,0.0,0.0,1.0,1.0,shortcut,"(2, 3)",,3
124,balanced_s2,1.0,1.0,11.72950912024697,42.0,0.0,0.0,0.0,1.0,0.0,0.0,1.0,3.0,shortcut,"(2, 3)",9,
125,balanced_s2,0.0,0.0,0.0,0.0,1.0,0.0,0.0,1.0,0.0,0.0,1.0,1.0,shortcut,"(2, 3)",,4
126,balanced_s2,0.0,0.0,0.0,0.0,1.0,0.0,0.0,1.0,0.0,0.0,1.0,1.0,shortcut,"(2, 3)",,3
127,balanced_s2,0.0,0.0,0.0,0.0,1.0,0.0,0.0,1.0,0.0,0.0,1.0,2.0,shortcut,"(2, 3)",,4
128,balanced_s2,1.0,1.0,13.16293830696572,44.0,0.0,0.0,0.0,1.0,0.0,0.0,1.0,3.0,shortcut,"(2, 3)",7,
129,balanced_s2,0.0,0.0,0.0,0.0,1.0,0.0,0.0,1.0,0.0,0.0,1.0,2.0,shortcut,"(2, 3)",,4
130,balanced_s2,0.0,0.0,0.0,0.0,1.0,0.0,0.0,1.0,0.0,0.0,1.0,1.0,shortcut,"(2, 3)",,3
131,balanced_s2,1.0,1.0,13.16293830696572,44.0,0.0,0.0,0.0,1.0,0.0,0.0,1.0,3.0,shortcut,"(2, 3)",7,
132,balanced_s2,0.0,0.0,0.0,0.0,1.0,0.0,0.0,1.0,0.0,0.0,1.0,2.0,shortcut,"(2, 3)",,4
133,balanced_s2,1.0,1.0,13.16293830696572,44.0,0.0,0.0,0.0,1.0,0.0,0.0,1.0,3.0,shortcut,"(2, 3)",7,
134,balanced_s2,1.0,1.0,11.066088688957908,41.0,0.0,1.0,1.0,0.0,0.0,1.0,0.0,0.0,lower,"(1, 2)",10,
135,balanced_s2,0.0,0.0,0.0,0.0,1.0,0.0,0.0,1.0,0.0,0.0,1.0,3.0,shortcut,"(2, 3)",,5
136,balanced_s2,0.0,0.0,0.0,0.0,1.0,0.0,0.0,1.0,0.0,0.0,1.0,1.0,shortcut,"(2, 3)",,3
137,balanced_s2,0.0,0.0,0.0,0.0,1.0,0.0,0.0,1.0,0.0,0.0,1.0,2.0,shortcut,"(2, 3)",,4
138,balanced_s2,0.0,0.0,0.0,0.0,1.0,0.0,0.0,1.0,0.0,0.0,1.0,1.0,shortcut,"(2, 3)",,3
139,balanced_s2,0.0,0.0,0.0,0.0,1.0,0.0,0.0,1.0,0.0,0.0,1.0,1.0,shortcut,"(2, 3)",,3
140,balanced_s2,0.0,0.0,0.0,0.0,1.0,0.0,0.0,1.0,0.0,0.0,1.0,2.0,shortcut,"(2, 3)",,4
141,balanced_s2,0.0,0.0,0.0,0.0,1.0,0.0,0.0,1.0,0.0,0.0,1.0,2.0,shortcut,"(2, 3)",,4
142,balanced_s2,0.0,0.0,0.0,0.0,1.0,0.0,0.0,1.0,0.0,0.0,1.0,1.0,shortcut,"(2, 3)",,5
143,balanced_s2,1.0,1.0,13.16293830696572,44.0,0.0,0.0,0.0,1.0,0.0,0.0,1.0,3.0,shortcut,"(2, 3)",7,
144,balanced_s2,0.0,0.0,0.0,0.0,1.0,0.0,0.0,1.0,0.0,0.0,1.0,3.0,shortcut,"(2, 3)",,5
145,balanced_s2,1.0,1.0,13.16293830696572,44.0,0.0,0.0,0.0,1.0,0.0,0.0,1.0,3.0,shortcut,"(2, 3)",7,
146,balanced_s2,0.0,0.0,0.0,0.0,1.0,0.0,0.0,1.0,0.0,0.0,1.0,1.0,shortcut,"(2, 3)",,3
147,balanced_s2,0.0,0.0,0.0,0.0,1.0,0.0,0.0,1.0,0.0,0.0,1.0,3.0,shortcut,"(2, 3)",,5
148,balanced_s2,0.0,0.0,0.0,0.0,1.0,0.0,0.0,1.0,0.0,0.0,1.0,2.0,shortcut,"(2, 3)",,4
149,balanced_s2,0.0,0.0,0.0,0.0,1.0,0.0,0.0,1.0,0.0,0.0,1.0,3.0,shortcut,"(2, 3)",,5
150,balanced_s2,0.0,0.0,0.0,0.0,1.0,0.0,0.0,1.0,0.0,0.0,1.0,1.0,shortcut,"(2, 3)",,3
151,balanced_s2,0.0,0.0,0.0,0.0,1.0,0.0,0.0,1.0,0.0,0.0,1.0,1.0,shortcut,"(2, 3)",,6
152,balanced_s2,0.0,0.0,0.0,0.0,1.0,0.0,0.0,1.0,0.0,0.0,1.0,2.0,shortcut,"(2, 3)",,4
153,balanced_s2,0.0,0.0,0.0,0.0,1.0,0.0,0.0,1.0,0.0,0.0,1.0,2.0,shortcut,"(2, 3)",,4
154,balanced_s2,1.0,1.0,13.16293830696572,44.0,0.0,0.0,0.0,1.0,0.0,0.0,1.0,3.0,shortcut,"(2, 3)",7,
155,balanced_s2,1.0,1.0,13.16293830696572,44.0,0.0,0.0,0.0,1.0,0.0,0.0,1.0,3.0,shortcut,"(2, 3)",7,
156,balanced_s2,1.0,1.0,13.16293830696572,44.0,0.0,0.0,0.0,1.0,0.0,0.0,1.0,3.0,shortcut,"(2, 3)",7,
157,balanced_s2,0.0,0.0,0.0,0.0,1.0,0.0,0.0,1.0,0.0,0.0,1.0,2.0,shortcut,"(2, 3)",,4
158,balanced_s2,1.0,1.0,13.16293830696572,44.0,0.0,0.0,0.0,1.0,0.0,0.0,1.0,3.0,shortcut,"(2, 3)",7,
159,balanced_s2,0.0,0.0,0.0,0.0,1.0,0.0,0.0,1.0,0.0,0.0,1.0,1.0,shortcut,"(2, 3)",,3
160,balanced_s2,1.0,1.0,13.16293830696572,44.0,0.0,0.0,0.0,1.0,0.0,0.0,1.0,3.0,shortcut,"(2, 3)",7,
161,balanced_s2,1.0,1.0,11.72950912024697,42.0,0.0,0.0,0.0,1.0,0.0,0.0,1.0,4.0,shortcut,"(2, 3)",9,
162,balanced_s2,0.0,0.0,0.0,0.0,1.0,0.0,0.0,1.0,0.0,0.0,1.0,1.0,shortcut,"(2, 3)",,3
163,balanced_s2,1.0,1.0,11.72950912024697,42.0,0.0,1.0,1.0,0.0,0.0,1.0,0.0,0.0,lower,"(1, 2)",9,
164,balanced_s2,0.0,0.0,0.0,0.0,1.0,0.0,0.0,1.0,0.0,0.0,1.0,2.0,shortcut,"(2, 3)",,4
165,balanced_s2,1.0,1.0,11.72950912024697,42.0,0.0,1.0,1.0,0.0,0.0,1.0,0.0,0.0,lower,"(1, 2)",9,
166,balanced_s2,0.0,0.0,0.0,0.0,1.0,0.0,0.0,1.0,0.0,0.0,1.0,3.0,shortcut,"(2, 3)",,5
167,balanced_s2,1.0,1.0,13.16293830696572,44.0,0.0,0.0,0.0,1.0,0.0,0.0,1.0,3.0,shortcut,"(2, 3)",7,
168,balanced_s2,1.0,1.0,12.42784641634072,43.0,0.0,0.0,0.0,1.0,0.0,0.0,1.0,4.0,shortcut,"(2, 3)",8,
169,balanced_s2,1.0,1.0,13.16293830696572,44.0,0.0,0.0,0.0,1.0,0.0,0.0,1.0,3.0,shortcut,"(2, 3)",7,
170,balanced_s2,0.0,0.0,0.0,0.0,1.0,0.0,0.0,1.0,0.0,0.0,1.0,3.0,shortcut,"(2, 3)",,7
171,balanced_s2,1.0,1.0,11.72950912024697,42.0,0.0,1.0,1.0,0.0,0.0,1.0,0.0,0.0,lower,"(1, 2)",9,
172,balanced_s2,1.0,1.0,13.16293830696572,44.0,0.0,0.0,0.0,1.0,0.0,0.0,1.0,3.0,shortcut,"(2, 3)",7,
173,balanced_s2,0.0,0.0,0.0,0.0,1.0,0.0,0.0,1.0,0.0,0.0,1.0,4.0,shortcut,"(2, 3)",,6
174,balanced_s2,1.0,1.0,11.72950912024697,42.0,0.0,1.0,1.0,0.0,0.0,1.0,0.0,0.0,lower,"(1, 2)",9,
175,balanced_s2,1.0,1.0,13.16293830696572,44.0,0.0,0.0,0.0,1.0,0.0,0.0,1.0,3.0,shortcut,"(2, 3)",7,
176,balanced_s2,0.0,0.0,0.0,0.0,1.0,0.0,0.0,1.0,0.0,0.0,1.0,3.0,shortcut,"(2, 3)",,5
177,balanced_s2,0.0,0.0,0.0,0.0,1.0,0.0,0.0,1.0,0.0,0.0,1.0,2.0,shortcut,"(2, 3)",,4
178,balanced_s2,1.0,1.0,13.16293830696572,44.0,0.0,0.0,0.0,1.0,0.0,0.0,1.0,3.0,shortcut,"(2, 3)",7,
179,balanced_s2,0.0,0.0,0.0,0.0,1.0,0.0,0.0,1.0,0.0,0.0,1.0,2.0,shortcut,"(2, 3)",,4
180,balanced_s2,0.0,0.0,0.0,0.0,1.0,0.0,0.0,1.0,0.0,0.0,1.0,3.0,shortcut,"(2, 3)",,5
181,balanced_s2,1.0,1.0,13.16293830696572,44.0,0.0,0.0,0.0,1.0,0.0,0.0,1.0,3.0,shortcut,"(2, 3)",7,
182,balanced_s2,0.0,0.0,0.0,0.0,1.0,0.0,0.0,1.0,0.0,0.0,1.0,2.0,shortcut,"(2, 3)",,4
183,balanced_s2,0.0,0.0,0.0,0.0,1.0,0.0,0.0,1.0,0.0,0.0,1.0,3.0,shortcut,"(2, 3)",,5
184,balanced_s2,0.0,0.0,0.0,0.0,1.0,0.0,0.0,1.0,0.0,0.0,1.0,2.0,shortcut,"(2, 3)",,4
185,balanced_s2,1.0,1.0,13.16293830696572,44.0,0.0,0.0,0.0,1.0,0.0,0.0,1.0,3.0,shortcut,"(2, 3)",7,
186,balanced_s2,0.0,0.0,0.0,0.0,1.0,0.0,0.0,1.0,0.0,0.0,1.0,3.0,shortcut,"(2, 3)",,5
187,balanced_s2,0.0,0.0,0.0,0.0,1.0,0.0,0.0,1.0,0.0,0.0,1.0,2.0,shortcut,"(2, 3)",,4
188,balanced_s2,0.0,0.0,0.0,0.0,1.0,0.0,0.0,1.0,0.0,0.0,1.0,2.0,shortcut,"(2, 3)",,4
189,balanced_s2,1.0,1.0,11.066088688957908,41.0,0.0,1.0,1.0,0.0,0.0,1.0,0.0,0.0,lower,"(1, 2)",10,
190,balanced_s2,1.0,1.0,13.16293830696572,44.0,0.0,0.0,0.0,1.0,0.0,0.0,1.0,3.0,shortcut,"(2, 3)",7,
191,balanced_s2,1.0,1.0,13.16293830696572,44.0,0.0,0.0,0.0,1.0,0.0,0.0,1.0,3.0,shortcut,"(2, 3)",7,
192,balanced_s2,0.0,0.0,0.0,0.0,1.0,0.0,0.0,1.0,0.0,0.0,1.0,3.0,shortcut,"(2, 3)",,7
193,balanced_s2,0.0,0.0,0.0,0.0,1.0,0.0,0.0,1.0,0.0,0.0,1.0,1.0,shortcut,"(2, 3)",,3
194,balanced_s2,0.0,0.0,0.0,0.0,1.0,0.0,0.0,1.0,0.0,0.0,1.0,3.0,shortcut,"(2, 3)",,5
195,balanced_s2,1.0,1.0,13.16293830696572,44.0,0.0,0.0,0.0,1.0,0.0,0.0,1.0,3.0,shortcut,"(2, 3)",7,
196,balanced_s2,1.0,1.0,13.16293830696572,44.0,0.0,0.0,0.0,1.0,0.0,0.0,1.0,3.0,shortcut,"(2, 3)",7,
197,balanced_s2,0.0,0.0,0.0,0.0,1.0,0.0,0.0,1.0,0.0,0.0,1.0,1.0,shortcut,"(2, 3)",,3
198,balanced_s2,0.0,0.0,0.0,0.0,1.0,0.0,0.0,1.0,0.0,0.0,1.0,1.0,shortcut,"(2, 3)",,3
199,balanced_s2,0.0,0.0,0.0,0.0,1.0,0.0,0.0,1.0,0.0,0.0,1.0,2.0,shortcut,"(2, 3)",,4
200,balanced_s2,0.0,0.0,0.0,0.0,1.0,0.0,0.0,1.0,0.0,0.0,1.0,1.0,shortcut,"(2, 3)",,5
201,balanced_s2,0.0,0.0,0.0,0.0,1.0,0.0,0.0,1.0,0.0,0.0,1.0,2.0,shortcut,"(2, 3)",,5
202,balanced_s2,1.0,1.0,13.16293830696572,44.0,0.0,0.0,0.0,1.0,0.0,0.0,1.0,3.0,shortcut,"(2, 3)",7,
203,balanced_s2,0.0,0.0,0.0,0.0,1.0,0.0,0.0,1.0,0.0,0.0,1.0,3.0,shortcut,"(2, 3)",,7
204,balanced_s2,1.0,1.0,13.16293830696572,44.0,0.0,0.0,0.0,1.0,0.0,0.0,1.0,3.0,shortcut,"(2, 3)",7,
205,balanced_s2,0.0,0.0,0.0,0.0,1.0,0.0,0.0,1.0,0.0,0.0,1.0,2.0,shortcut,"(2, 3)",,4
206,balanced_s2,0.0,0.0,0.0,0.0,1.0,0.0,0.0,1.0,0.0,0.0,1.0,1.0,shortcut,"(2, 3)",,3
207,balanced_s2,0.0,0.0,0.0,0.0,1.0,0.0,0.0,1.0,0.0,0.0,1.0,1.0,shortcut,"(2, 3)",,3
208,balanced_s2,1.0,1.0,13.16293830696572,44.0,0.0,0.0,0.0,1.0,0.0,0.0,1.0,3.0,shortcut,"(2, 3)",7,
209,balanced_s2,0.0,0.0,0.0,0.0,1.0,0.0,0.0,1.0,0.0,0.0,1.0,2.0,shortcut,"(2, 3)",,4
210,balanced_s2,0.0,0.0,0.0,0.0,1.0,0.0,0.0,1.0,0.0,0.0,1.0,4.0,shortcut,"(2, 3)",,6
211,balanced_s2,1.0,1.0,13.16293830696572,44.0,0.0,0.0,0.0,1.0,0.0,0.0,1.0,3.0,shortcut,"(2, 3)",7,
212,balanced_s2,0.0,0.0,0.0,0.0,1.0,0.0,0.0,1.0,0.0,0.0,1.0,3.0,shortcut,"(2, 3)",,5
213,balanced_s2,0.0,0.0,0.0,0.0,1.0,0.0,0.0,1.0,0.0,0.0,1.0,3.0,shortcut,"(2, 3)",,5
214,balanced_s2,0.0,0.0,0.0,0.0,1.0,0.0,0.0,1.0,0.0,0.0,1.0,1.0,shortcut,"(2, 3)",,3
215,balanced_s2,1.0,1.0,12.42784641634072,43.0,0.0,0.0,0.0,1.0,0.0,0.0,1.0,3.0,shortcut,"(2, 3)",8,
216,balanced_s2,0.0,0.0,0.0,0.0,1.0,0.0,0.0,1.0,0.0,0.0,1.0,1.0,shortcut,"(2, 3)",,3
217,balanced_s2,0.0,0.0,0.0,0.0,1.0,0.0,0.0,1.0,0.0,0.0,1.0,2.0,shortcut,"(2, 3)",,4
218,balanced_s2,0.0,0.0,0.0,0.0,1.0,0.0,0.0,1.0,0.0,0.0,1.0,1.0,shortcut,"(2, 3)",,3
219,balanced_s2,1.0,1.0,11.72950912024697,42.0,0.0,0.0,0.0,1.0,0.0,0.0,1.0,3.0,shortcut,"(2, 3)",9,
220,balanced_s2,0.0,0.0,0.0,0.0,1.0,0.0,0.0,1.0,0.0,0.0,1.0,3.0,shortcut,"(2, 3)",,5
221,balanced_s2,0.0,0.0,0.0,0.0,1.0,0.0,0.0,1.0,0.0,0.0,1.0,2.0,shortcut,"(2, 3)",,4
222,balanced_s2,1.0,1.0,13.16293830696572,44.0,0.0,0.0,0.0,1.0,0.0,0.0,1.0,3.0,shortcut,"(2, 3)",7,
223,balanced_s2,0.0,0.0,0.0,0.0,1.0,0.0,0.0,1.0,0.0,0.0,1.0,1.0,shortcut,"(2, 3)",,4
224,balanced_s2,0.0,0.0,0.0,0.0,1.0,0.0,0.0,1.0,0.0,0.0,1.0,2.0,shortcut,"(2, 3)",,5
225,balanced_s2,0.0,0.0,0.0,0.0,1.0,0.0,0.0,1.0,0.0,0.0,1.0,1.0,shortcut,"(2, 3)",,3
226,balanced_s2,0.0,0.0,0.0,0.0,1.0,0.0,0.0,1.0,0.0,0.0,1.0,1.0,shortcut,"(2, 3)",,3
227,balanced_s2,0.0,0.0,0.0,0.0,1.0,0.0,0.0,1.0,0.0,0.0,1.0,4.0,shortcut,"(2, 3)",,6
228,balanced_s2,1.0,1.0,13.16293830696572,44.0,0.0,0.0,0.0,1.0,0.0,0.0,1.0,3.0,shortcut,"(2, 3)",7,
229,balanced_s2,1.0,1.0,13.16293830696572,44.0,0.0,0.0,0.0,1.0,0.0,0.0,1.0,3.0,shortcut,"(2, 3)",7,
230,balanced_s2,0.0,0.0,0.0,0.0,1.0,0.0,0.0,1.0,0.0,0.0,1.0,1.0,shortcut,"(2, 3)",,5
231,balanced_s2,0.0,0.0,0.0,0.0,1.0,0.0,0.0,1.0,0.0,0.0,1.0,2.0,shortcut,"(2, 3)",,5
232,balanced_s2,0.0,0.0,0.0,0.0,1.0,0.0,0.0,1.0,0.0,0.0,1.0,1.0,shortcut,"(2, 3)",,3
233,balanced_s2,0.0,0.0,0.0,0.0,1.0,0.0,0.0,1.0,0.0,0.0,1.0,1.0,shortcut,"(2, 3)",,3
234,balanced_s2,1.0,1.0,11.72950912024697,42.0,0.0,0.0,0.0,1.0,0.0,0.0,1.0,5.0,shortcut,"(2, 3)",9,
235,balanced_s2,1.0,1.0,13.16293830696572,44.0,0.0,0.0,0.0,1.0,0.0,0.0,1.0,3.0,shortcut,"(2, 3)",7,
236,balanced_s2,1.0,1.0,13.16293830696572,44.0,0.0,0.0,0.0,1.0,0.0,0.0,1.0,3.0,shortcut,"(2, 3)",7,
237,balanced_s2,0.0,0.0,0.0,0.0,1.0,0.0,0.0,1.0,0.0,0.0,1.0,3.0,shortcut,"(2, 3)",,5
238,balanced_s2,1.0,1.0,13.16293830696572,44.0,0.0,0.0,0.0,1.0,0.0,0.0,1.0,3.0,shortcut,"(2, 3)",7,
239,balanced_s2,0.0,0.0,0.0,0.0,1.0,0.0,0.0,1.0,0.0,0.0,1.0,3.0,shortcut,"(2, 3)",,5
240,balanced_s2,1.0,1.0,11.72950912024697,42.0,0.0,1.0,1.0,0.0,0.0,1.0,0.0,0.0,lower,"(1, 2)",9,
241,balanced_s2,0.0,0.0,0.0,0.0,1.0,0.0,0.0,1.0,0.0,0.0,1.0,3.0,shortcut,"(2, 3)",,5
242,balanced_s2,0.0,0.0,0.0,0.0,1.0,0.0,0.0,1.0,0.0,0.0,1.0,2.0,shortcut,"(2, 3)",,4
243,balanced_s2,1.0,1.0,13.16293830696572,44.0,0.0,0.0,0.0,1.0,0.0,0.0,1.0,4.0,shortcut,"(2, 3)",7,
244,balanced_s2,0.0,0.0,0.0,0.0,1.0,0.0,0.0,1.0,0.0,0.0,1.0,3.0,shortcut,"(2, 3)",,5
245,balanced_s2,0.0,0.0,0.0,0.0,1.0,0.0,0.0,1.0,0.0,0.0,1.0,1.0,shortcut,"(2, 3)",,3
246,balanced_s2,0.0,0.0,0.0,0.0,1.0,0.0,0.0,1.0,0.0,0.0,1.0,1.0,shortcut,"(2, 3)",,3
247,balanced_s2,0.0,0.0,0.0,0.0,1.0,0.0,0.0,1.0,0.0,0.0,1.0,2.0,shortcut,"(2, 3)",,6
248,balanced_s2,1.0,1.0,13.16293830696572,44.0,0.0,0.0,0.0,1.0,0.0,0.0,1.0,3.0,shortcut,"(2, 3)",7,
249,balanced_s2,1.0,1.0,13.16293830696572,44.0,0.0,0.0,0.0,1.0,0.0,0.0,1.0,3.0,shortcut,"(2, 3)",7,
250,balanced_s2,1.0,1.0,12.42784641634072,43.0,0.0,0.0,0.0,1.0,0.0,0.0,1.0,5.0,shortcut,"(2, 3)",8,
251,balanced_s2,0.0,0.0,0.0,0.0,1.0,0.0,0.0,1.0,0.0,0.0,1.0,1.0,shortcut,"(2, 3)",,3
252,balanced_s2,1.0,1.0,13.16293830696572,44.0,0.0,0.0,0.0,1.0,0.0,0.0,1.0,3.0,shortcut,"(2, 3)",7,
253,balanced_s2,0.0,0.0,0.0,0.0,1.0,0.0,0.0,1.0,0.0,0.0,1.0,2.0,shortcut,"(2, 3)",,4
254,balanced_s2,1.0,1.0,11.066088688957908,41.0,0.0,1.0,1.0,0.0,0.0,1.0,0.0,0.0,lower,"(1, 2)",10,
255,balanced_s2,1.0,1.0,13.16293830696572,44.0,0.0,0.0,0.0,1.0,0.0,0.0,1.0,3.0,shortcut,"(2, 3)",7,
256,balanced_s2,0.0,0.0,0.0,0.0,1.0,0.0,0.0,1.0,0.0,0.0,1.0,4.0,shortcut,"(2, 3)",,6
257,balanced_s2,0.0,0.0,0.0,0.0,1.0,0.0,0.0,1.0,0.0,0.0,1.0,1.0,shortcut,"(2, 3)",,3
258,balanced_s2,0.0,0.0,0.0,0.0,1.0,0.0,0.0,1.0,0.0,0.0,1.0,2.0,shortcut,"(2, 3)",,4
259,balanced_s2,0.0,0.0,0.0,0.0,1.0,0.0,0.0,1.0,0.0,0.0,1.0,2.0,shortcut,"(2, 3)",,4
260,balanced_s2,0.0,0.0,0.0,0.0,1.0,0.0,0.0,1.0,0.0,0.0,1.0,2.0,shortcut,"(2, 3)",,4
261,balanced_s2,0.0,0.0,0.0,0.0,1.0,0.0,0.0,1.0,0.0,0.0,1.0,1.0,shortcut,"(2, 3)",,3
262,balanced_s2,1.0,1.0,12.42784641634072,43.0,0.0,0.0,0.0,1.0,0.0,0.0,1.0,4.0,shortcut,"(2, 3)",8,
263,balanced_s2,0.0,0.0,0.0,0.0,1.0,0.0,0.0,1.0,0.0,0.0,1.0,3.0,shortcut,"(2, 3)",,5
264,balanced_s2,0.0,0.0,0.0,0.0,1.0,0.0,0.0,1.0,0.0,0.0,1.0,3.0,shortcut,"(2, 3)",,5
265,balanced_s2,0.0,0.0,0.0,0.0,1.0,0.0,0.0,1.0,0.0,0.0,1.0,1.0,shortcut,"(2, 3)",,3
266,balanced_s2,0.0,0.0,0.0,0.0,1.0,0.0,0.0,1.0,0.0,0.0,1.0,2.0,shortcut,"(2, 3)",,4
267,balanced_s2,0.0,0.0,0.0,0.0,1.0,0.0,0.0,1.0,0.0,0.0,1.0,3.0,shortcut,"(2, 3)",,5
268,balanced_s2,0.0,0.0,0.0,0.0,1.0,0.0,0.0,1.0,0.0,0.0,1.0,3.0,shortcut,"(2, 3)",,5
269,balanced_s2,0.0,0.0,0.0,0.0,1.0,0.0,0.0,1.0,0.0,0.0,1.0,1.0,shortcut,"(2, 3)",,3
270,balanced_s2,1.0,1.0,13.16293830696572,44.0,0.0,0.0,0.0,1.0,0.0,0.0,1.0,4.0,shortcut,"(2, 3)",7,
271,balanced_s2,1.0,1.0,13.16293830696572,44.0,0.0,0.0,0.0,1.0,0.0,0.0,1.0,3.0,shortcut,"(2, 3)",7,
272,balanced_s2,0.0,0.0,0.0,0.0,1.0,0.0,0.0,1.0,0.0,0.0,1.0,2.0,shortcut,"(2, 3)",,4
273,balanced_s2,1.0,1.0,13.16293830696572,44.0,0.0,0.0,0.0,1.0,0.0,0.0,1.0,4.0,shortcut,"(2, 3)",7,
274,balanced_s2,1.0,1.0,11.72950912024697,42.0,0.0,1.0,1.0,0.0,0.0,1.0,0.0,0.0,lower,"(1, 2)",9,
275,balanced_s2,0.0,0.0,0.0,0.0,1.0,0.0,0.0,1.0,0.0,0.0,1.0,2.0,shortcut,"(2, 3)",,4
276,balanced_s2,0.0,0.0,0.0,0.0,1.0,0.0,0.0,1.0,0.0,0.0,1.0,1.0,shortcut,"(2, 3)",,3
277,balanced_s2,0.0,0.0,0.0,0.0,1.0,0.0,0.0,1.0,0.0,0.0,1.0,1.0,shortcut,"(2, 3)",,3
278,balanced_s2,0.0,0.0,0.0,0.0,1.0,0.0,0.0,1.0,0.0,0.0,1.0,2.0,shortcut,"(2, 3)",,4
279,balanced_s2,1.0,1.0,13.16293830696572,44.0,0.0,0.0,0.0,1.0,0.0,0.0,1.0,3.0,shortcut,"(2, 3)",7,
280,balanced_s2,0.0,0.0,0.0,0.0,1.0,0.0,0.0,1.0,0.0,0.0,1.0,4.0,shortcut,"(2, 3)",,6
281,balanced_s2,0.0,0.0,0.0,0.0,1.0,0.0,0.0,1.0,0.0,0.0,1.0,3.0,shortcut,"(2, 3)",,7
282,balanced_s2,1.0,1.0,13.16293830696572,44.0,0.0,0.0,0.0,1.0,0.0,0.0,1.0,3.0,shortcut,"(2, 3)",7,
283,balanced_s2,1.0,1.0,13.16293830696572,44.0,0.0,0.0,0.0,1.0,0.0,0.0,1.0,3.0,shortcut,"(2, 3)",7,
284,balanced_s2,1.0,1.0,12.42784641634072,43.0,0.0,0.0,0.0,1.0,0.0,0.0,1.0,4.0,shortcut,"(2, 3)",8,
285,balanced_s2,0.0,0.0,0.0,0.0,1.0,0.0,0.0,1.0,0.0,0.0,1.0,3.0,shortcut,"(2, 3)",,5
286,balanced_s2,0.0,0.0,0.0,0.0,1.0,0.0,0.0,1.0,0.0,0.0,1.0,2.0,shortcut,"(2, 3)",,4
287,balanced_s2,0.0,0.0,0.0,0.0,1.0,0.0,0.0,1.0,0.0,0.0,1.0,3.0,shortcut,"(2, 3)",,5
288,balanced_s2,0.0,0.0,0.0,0.0,1.0,0.0,0.0,1.0,0.0,0.0,1.0,3.0,shortcut,"(2, 3)",,5
289,balanced_s2,0.0,0.0,0.0,0.0,1.0,0.0,0.0,1.0,0.0,0.0,1.0,2.0,shortcut,"(2, 3)",,4
290,balanced_s2,1.0,1.0,11.72950912024697,42.0,0.0,1.0,1.0,0.0,0.0,1.0,0.0,0.0,lower,"(1, 2)",9,
291,balanced_s2,0.0,0.0,0.0,0.0,1.0,0.0,0.0,1.0,0.0,0.0,1.0,2.0,shortcut,"(2, 3)",,4
292,balanced_s2,0.0,0.0,0.0,0.0,1.0,0.0,0.0,1.0,0.0,0.0,1.0,2.0,shortcut,"(2, 3)",,4
293,balanced_s2,1.0,1.0,13.16293830696572,44.0,0.0,0.0,0.0,1.0,0.0,0.0,1.0,4.0,shortcut,"(2, 3)",7,
294,balanced_s2,1.0,1.0,13.16293830696572,44.0,0.0,0.0,0.0,1.0,0.0,0.0,1.0,3.0,shortcut,"(2, 3)",7,
295,balanced_s2,0.0,0.0,0.0,0.0,1.0,0.0,0.0,1.0,0.0,0.0,1.0,2.0,shortcut,"(2, 3)",,5
296,balanced_s2,0.0,0.0,0.0,0.0,1.0,0.0,0.0,1.0,0.0,0.0,1.0,1.0,shortcut,"(2, 3)",,3
297,balanced_s2,1.0,1.0,13.16293830696572,44.0,0.0,0.0,0.0,1.0,0.0,0.0,1.0,3.0,shortcut,"(2, 3)",7,
298,balanced_s2,0.0,0.0,0.0,0.0,1.0,0.0,0.0,1.0,0.0,0.0,1.0,1.0,shortcut,"(2, 3)",,3
299,balanced_s2,0.0,0.0,0.0,0.0,1.0,0.0,0.0,1.0,0.0,0.0,1.0,1.0,shortcut,"(2, 3)",,3
