episode,policy,reach,strict_success,discounted_return,undiscounted_return,absorbed,lower_route,entered_1_2,reached_y_below_2,shortcut,stuck_other,first_departure_1_2,first_departure_2_3,hazard_landings,route_class,first_departure_cell,time_to_goal,death_time
0,vanilla_bc0.5,0.0,0.0,0.0,0.0,1.0,0.0,0.0,0.0,1.0,0.0,0.0,1.0,3.0,shortcut,"(2,3)",,5
1,vanilla_bc0.5,0.0,0.0,0.0,0.0,1.0,0.0,0.0,0.0,1.0,0.0,0.0,1.0,3.0,shortcut,"(2,3)",,5
2,vanilla_bc0.5,0.0,0.0,0.0,0.0,1.0,0.0,0.0,0.0,1.0,0.0,0.0,1.0,1.0,shortcut,"(2,3)",,3
3,vanilla_bc0.5,1.0,1.0,13.16293830696572,44.0,0.0,0.0,0.0,0.0,1.0,0.0,0.0,1.0,3.0,shortcut,"(2,3)",7,
4,vanilla_bc0.5,0.0,0.0,0.0,0.0,1.0,0.0,0.0,0.0,1.0,0.0,0.0,1.0,3.0,shortcut,"(2,3)",,5
5,vanilla_bc0.5,1.0,1.0,13.16293830696572,44.0,0.0,0.0,0.0,0.0,1.0,0.0,0.0,1.0,3.0,shortcut,"(2,3)",7,
6,vanilla_bc0.5,1.0,1.0,13.16293830696572,44.0,0.0,0.0,0.0,0.0,1.0,0.0,0.0,1.0,3.0,shortcut,"(2,3)",7,
7,vanilla_bc0.5,0.0,0.0,0.0,0.0,1.0,0.0,0.0,0.0,1.0,0.0,0.0,1.0,3.0,shortcut,"(2,3)",,5
8,vanilla_bc0.5,1.0,1.0,13.16293830696572,44.0,0.0,0.0,0.0,0.0,1.0,0.0,0.0,1.0,3.0,shortcut,"(2,3)",7,
9,vanilla_bc0.5,1.0,1.0,13.16293830696572,44.0,0.0,0.0,0.0,0.0,1.0,0.0,0.0,1.0,3.0,shortcut,"(2,3)",7,
10,vanilla_bc0.5,0.0,0.0,0.0,0.0,1.0,0.0,0.0,0.0,1.0,0.0,0.0,1.0,1.0,shortcut,"(2,3)",,3
11,vanilla_bc0.5,0.0,0.0,0.0,0.0,1.0,0.0,0.0,0.0,1.0,0.0,0.0,1.0,2.0,shortcut,"(2,3)",,4
12,vanilla_bc0.5,0.0,0.0,0.0,0.0,1.0,0.0,0.0,0.0,1.0,0.0,0.0,1.0,3.0,shortcut,"(2,3)",,5
13,vanilla_bc0.5,1.0,1.0,13.16293830696572,44.0,0.0,0.0,0.0,0.0,1.0,0.0,0.0,1.0,3.0,shortcut,"(2,3)",7,
14,vanilla_bc0.5,0.0,0.0,0.0,0.0,1.0,0.0,0.0,0.0,1.0,0.0,0.0,1.0,2.0,shortcut,"(2,3)",,4
15,vanilla_bc0.5,1.0,1.0,13.16293830696572,44.0,0.0,0.0,0.0,0.0,1.0,0.0,0.0,1.0,3.0,shortcut,"(2,3)",7,
16,vanilla_bc0.5,0.0,0.0,0.0,0.0,1.0,0.0,0.0,0.0,1.0,0.0,0.0,1.0,1.0,shortcut,"(2,3)",,3
17,vanilla_bc0.5,0.0,0.0,0.0,0.0,1.0,0.0,0.0,0.0,1.0,0.0,0.0,1.0,2.0,shortcut,"(2,3)",,4
18,vanilla_bc0.5,0.0,0.0,0.0,0.0,1.0,0.0,0.0,0.0,1.0,0.0,0.0,1.0,1.0,shortcut,"(2,3)",,3
19,vanilla_bc0.5,0.0,0.0,0.0,0.0,1.0,0.0,0.0,0.0,1.0,0.0,0.0,1.0,1.0,shortcut,"(2,3)",,3
20,vanilla_bc0.5,1.0,1.0,13.16293830696572,44.0,0.0,0.0,0.0,0.0,1.0,0.0,0.0,1.0,3.0,shortcut,"(2,3)",7,
21,vanilla_bc0.5,0.0,0.0,0.0,0.0,1.0,0.0,0.0,0.0,1.0,0.0,0.0,1.0,3.0,shortcut,"(2,3)",,5
22,vanilla_bc0.5,0.0,0.0,0.0,0.0,1.0,0.0,0.0,0.0,1.0,0.0,0.0,1.0,1.0,shortcut,"(2,3)",,3
23,vanilla_bc0.5,1.0,1.0,13.16293830696572,44.0,0.0,0.0,0.0,0.0,1.0,0.0,0.0,1.0,3.0,shortcut,"(2,3)",7,
24,vanilla_bc0.5,1.0,1.0,13.16293830696572,44.0,0.0,0.0,0.0,0.0,1.0,0.0,0.0,1.0,3.0,shortcut,"(2,3)",7,
25,vanilla_bc0.5,0.0,0.0,0.0,0.0,1.0,0.0,0.0,0.0,1.0,0.0,0.0,1.0,3.0,shortcut,"(2,3)",,5
26,vanilla_bc0.5,1.0,1.0,13.16293830696572,44.0,0.0,0.0,0.0,0.0,1.0,0.0,0.0,1.0,3.0,shortcut,"(2,3)",7,
27,vanilla_bc0.5,1.0,1.0,13.16293830696572,44.0,0.0,0.0,0.0,0.0,1.0,0.0,0.0,1.0,3.0,shortcut,"(2,3)",7,
28,vanilla_bc0.5,1.0,1.0,13.16293830696572,44.0,0.0,0.0,0.0,0.0,1.0,0.0,0.0,1.0,3.0,shortcut,"(2,3)",7,
29,vanilla_bc0.5,0.0,0.0,0.0,0.0,1.0,0.0,0.0,0.0,1.0,0.0,0.0,1.0,1.0,shortcut,"(2,3)",,3
30,vanilla_bc0.5,0.0,0.0,0.0,0.0,1.0,0.0,0.0,0.0,1.0,0.0,0.0,1.0,1.0,shortcut,"(2,3)",,3
31,vanilla_bc0.5,0.0,0.0,0.0,0.0,1.0,0.0,0.0,0.0,1.0,0.0,0.0,1.0,1.0,shortcut,"(2,3)",,3
32,vanilla_bc0.5,0.0,0.0,0.0,0.0,1.0,0.0,0.0,0.0,1.0,0.0,0.0,1.0,2.0,shortcut,"(2,3)",,4
33,vanilla_bc0.5,1.0,1.0,13.16293830696572,44.0,0.0,0.0,0.0,0.0,1.0,0.0,0.0,1.0,3.0,shortcut,"(2,3)",7,
34,vanilla_bc0.5,1.0,1.0,13.16293830696572,44.0,0.0,0.0,0.0,0.0,1.0,0.0,0.0,1.0,3.0,shortcut,"(2,3)",7,
35,vanilla_bc0.5,0.0,0.0,0.0,0.0,1.0,0.0,0.0,0.0,1.0,0.0,0.0,1.0,3.0,shortcut,"(2,3)",,5
36,vanilla_bc0.5,0.0,0.0,0.0,0.0,1.0,0.0,0.0,0.0,1.0,0.0,0.0,1.0,2.0,shortcut,"(2,3)",,4
37,vanilla_bc0.5,1.0,1.0,13.16293830696572,44.0,0.0,0.0,0.0,0.0,1.0,0.0,0.0,1.0,3.0,shortcut,"(2,3)",7,
38,vanilla_bc0.5,0.0,0.0,0.0,0.0,1.0,0.0,0.0,0.0,1.0,0.0,0.0,1.0,3.0,shortcut,"(2,3)",,5
39,vanilla_bc0.5,1.0,1.0,13.16293830696572,44.0,0.0,0.0,0.0,0.0,1.0,0.0,0.0,1.0,3.0,shortcut,"(2,3)",7,
40,vanilla_bc0.5,1.0,1.0,13.16293830696572,44.0,0.0,0.0,0.0,0.0,1.0,0.0,0.0,1.0,3.0,shortcut,"(2,3)",7,
41,vanilla_bc0.5,1.0,1.0,13.16293830696572,44.0,0.0,0.0,0.0,0.0,1.0,0.0,0.0,1.0,3.0,shortcut,"(2,3)",7,
42,vanilla_bc0.5,0.0,0.0,0.0,0.0,1.0,0.0,0.0,0.0,1.0,0.0,0.0,1.0,2.0,shortcut,"(2,3)",,4
43,vanilla_bc0.5,1.0,1.0,13.16293830696572,44.0,0.0,0.0,0.0,0.0,1.0,0.0,0.0,1.0,3.0,shortcut,"(2,3)",7,
44,vanilla_bc0.5,1.0,1.0,13.16293830696572,44.0,0.0,0.0,0.0,0.0,1.0,0.0,0.0,1.0,3.0,shortcut,"(2,3)",7,
45,vanilla_bc0.5,0.0,0.0,0.0,0.0,1.0,0.0,0.0,0.0,1.0,0.0,0.0,1.0,1.0,shortcut,"(2,3)",,3
46,vanilla_bc0.5,0.0,0.0,0.0,0.0,1.0,0.0,0.0,0.0,1.0,0.0,0.0,1.0,3.0,shortcut,"(2,3)",,5
47,vanilla_bc0.5,0.0,0.0,0.0,0.0,1.0,0.0,0.0,0.0,1.0,0.0,0.0,1.0,1.0,shortcut,"(2,3)",,3
48,vanilla_bc0.5,0.0,0.0,0.0,0.0,1.0,0.0,0.0,0.0,1.0,0.0,0.0,1.0,1.0,shortcut,"(2,3)",,3
49,vanilla_bc0.5,1.0,1.0,13.16293830696572,44.0,0.0,0.0,0.0,0.0,1.0,0.0,0.0,1.0,3.0,shortcut,"(2,3)",7,
50,vanilla_bc0.5,1.0,1.0,13.16293830696572,44.0,0.0,0.0,0.0,0.0,1.0,0.0,0.0,1.0,3.0,shortcut,"(2,3)",7,
51,vanilla_bc0.5,1.0,1.0,13.16293830696572,44.0,0.0,0.0,0.0,0.0,1.0,0.0,0.0,1.0,3.0,shortcut,"(2,3)",7,
52,vanilla_bc0.5,0.0,0.0,0.0,0.0,1.0,0.0,0.0,0.0,1.0,0.0,0.0,1.0,2.0,shortcut,"(2,3)",,4
53,vanilla_bc0.5,0.0,0.0,0.0,0.0,1.0,0.0,0.0,0.0,1.0,0.0,0.0,1.0,1.0,shortcut,"(2,3)",,3
54,vanilla_bc0.5,0.0,0.0,0.0,0.0,1.0,0.0,0.0,0.0,1.0,0.0,0.0,1.0,1.0,shortcut,"(2,3)",,3
55,vanilla_bc0.5,0.0,0.0,0.0,0.0,1.0,0.0,0.0,0.0,1.0,0.0,0.0,1.0,2.0,shortcut,"(2,3)",,4
56,vanilla_bc0.5,0.0,0.0,0.0,0.0,1.0,0.0,0.0,0.0,1.0,0.0,0.0,1.0,2.0,shortcut,"(2,3)",,4
57,vanilla_bc0.5,0.0,0.0,0.0,0.0,1.0,0.0,0.0,0.0,1.0,0.0,0.0,1.0,1.0,shortcut,"(2,3)",,3
58,vanilla_bc0.5,0.0,0.0,0.0,0.0,1.0,0.0,0.0,0.0,1.0,0.0,0.0,1.0,3.0,shortcut,"(2,3)",,5
59,vanilla_bc0.5,0.0,0.0,0.0,0.0,1.0,0.0,0.0,0.0,1.0,0.0,0.0,1.0,2.0,shortcut,"(2,3)",,4
60,vanilla_bc0.5,0.0,0.0,0.0,0.0,1.0,0.0,0.0,0.0,1.0,0.0,0.0,1.0,1.0,shortcut,"(2,3)",,3
61,vanilla_bc0.5,0.0,0.0,0.0,0.0,1.0,0.0,0.0,0.0,1.0,0.0,0.0,1.0,3.0,shortcut,"(2,3)",,5
62,vanilla_bc0.5,1.0,1.0,13.16293830696572,44.0,0.0,0.0,0.0,0.0,1.0,0.0,0.0,1.0,3.0,shortcut,"(2,3)",7,
63,vanilla_bc0.5,0.0,0.0,0.0,0.0,1.0,0.0,0.0,0.0,1.0,0.0,0.0,1.0,1.0,shortcut,"(2,3)",,3
64,vanilla_bc0.5,0.0,0.0,0.0,0.0,1.0,0.0,0.0,0.0,1.0,0.0,0.0,1.0,3.0,shortcut,"(2,3)",,5
65,vanilla_bc0.5,0.0,0.0,0.0,0.0,1.0,0.0,0.0,0.0,1.0,0.0,0.0,1.0,2.0,shortcut,"(2,3)",,4
66,vanilla_bc0.5,0.0,0.0,0.0,0.0,1.0,0.0,0.0,0.0,1.0,0.0,0.0,1.0,3.0,shortcut,"(2,3)",,5
67,vanilla_bc0.5,0.0,0.0,0.0,0.0,1.0,0.0,0.0,0.0,1.0,0.0,0.0,1.0,1.0,shortcut,"(2,3)",,3
68,vanilla_bc0.5,1.0,1.0,13.16293830696572,44.0,0.0,0.0,0.0,0.0,1.0,0.0,0.0,1.0,3.0,shortcut,"(2,3)",7,
69,vanilla_bc0.5,1.0,1.0,13.16293830696572,44.0,0.0,0.0,0.0,0.0,1.0,0.0,0.0,1.0,3.0,shortcut,"(2,3)",7,
70,vanilla_bc0.5,1.0,1.0,13.16293830696572,44.0,0.0,0.0,0.0,0.0,1.0,0.0,0.0,1.0,3.0,shortcut,"(2,3)",7,
71,vanilla_bc0.5,0.0,0.0,0.0,0.0,1.0,0.0,0.0,0.0,1.0,0.0,0.0,1.0,3.0,shortcut,"(2,3)",,5
72,vanilla_bc0.5,0.0,0.0,0.0,0.0,1.0,0.0,0.0,0.0,1.0,0.0,0.0,1.0,3.0,shortcut,"(2,3)",,5
73,vanilla_bc0.5,1.0,1.0,13.16293830696572,44.0,0.0,0.0,0.0,0.0,1.0,0.0,0.0,1.0,3.0,shortcut,"(2,3)",7,
74,vanilla_bc0.5,1.0,1.0,13.16293830696572,44.0,0.0,0.0,0.0,0.0,1.0,0.0,0.0,1.0,3.0,shortcut,"(2,3)",7,
75,vanilla_bc0.5,0.0,0.0,0.0,0.0,1.0,0.0,0.0,0.0,1.0,0.0,0.0,1.0,2.0,shortcut,"(2,3)",,4
76,vanilla_bc0.5,0.0,0.0,0.0,0.0,1.0,0.0,0.0,0.0,1.0,0.0,0.0,1.0,1.0,shortcut,"(2,3)",,3
77,vanilla_bc0.5,0.0,0.0,0.0,0.0,1.0,0.0,0.0,0.0,1.0,0.0,0.0,1.0,1.0,shortcut,"(2,3)",,3
78,vanilla_bc0.5,0.0,0.0,0.0,0.0,1.0,0.0,0.0,0.0,1.0,0.0,0.0,1.0,2.0,shortcut,"(2,3)",,4
79,vanilla_bc0.5,0.0,0.0,0.0,0.0,1.0,0.0,0.0,0.0,1.0,0.0,0.0,1.0,2.0,shortcut,"(2,3)",,4
80,vanilla_bc0.5,0.0,0.0,0.0,0.0,1.0,0.0,0.0,0.0,1.0,0.0,0.0,1.0,2.0,shortcut,"(2,3)",,4
81,vanilla_bc0.5,1.0,1.0,13.16293830696572,44.0,0.0,0.0,0.0,0.0,1.0,0.0,0.0,1.0,3.0,shortcut,"(2,3)",7,
82,vanilla_bc0.5,1.0,1.0,13.16293830696572,44.0,0.0,0.0,0.0,0.0,1.0,0.0,0.0,1.0,3.0,shortcut,"(2,3)",7,
83,vanilla_bc0.5,1.0,1.0,13.16293830696572,44.0,0.0,0.0,0.0,0.0,1.0,0.0,0.0,1.0,3.0,shortcut,"(2,3)",7,
84,vanilla_bc0.5,0.0,0.0,0.0,0.0,1.0,0.0,0.0,0.0,1.0,0.0,0.0,1.0,3.0,shortcut,"(2,3)",,5
85,vanilla_bc0.5,1.0,1.0,13.16293830696572,44.0,0.0,0.0,0.0,0.0,1.0,0.0,0.0,1.0,3.0,shortcut,"(2,3)",7,
86,vanilla_bc0.5,0.0,0.0,0.0,0.0,1.0,0.0,0.0,0.0,1.0,0.0,0.0,1.0,2.0,shortcut,"(2,3)",,4
87,vanilla_bc0.5,0.0,0.0,0.0,0.0,1.0,0.0,0.0,0.0,1.0,0.0,0.0,1.0,2.0,shortcut,"(2,3)",,4
88,vanilla_bc0.5,1.0,1.0,13.16293830696572,44.0,0.0,0.0,0.0,0.0,1.0,0.0,0.0,1.0,3.0,shortcut,"(2,3)",7,
89,vanilla_bc0.5,1.0,1.0,13.16293830696572,44.0,0.0,0.0,0.0,0.0,1.0,0.0,0.0,1.0,3.0,shortcut,"(2,3)",7,
90,vanilla_bc0.5,1.0,1.0,13.16293830696572,44.0,0.0,0.0,0.0,0.0,1.0,0.0,0.0,1.0,3.0,shortcut,"(2,3)",7,
91,vanilla_bc0.5,1.0,1.0,13.16293830696572,44.0,0.0,0.0,0.0,0.0,1.0,0.0,0.0,1.0,3.0,shortcut,"(2,3)",7,
92,vanilla_bc0.5,0.0,0.0,0.0,0.0,1.0,0.0,0.0,0.0,1.0,0.0,0.0,1.0,1.0,shortcut,"(2,3)",,3
93,vanilla_bc0.5,0.0,0.0,0.0,0.0,1.0,0.0,0.0,0.0,1.0,0.0,0.0,1.0,1.0,shortcut,"(2,3)",,3
94,vanilla_bc0.5,0.0,0.0,0.0,0.0,1.0,0.0,0.0,0.0,1.0,0.0,0.0,1.0,1.0,shortcut,"(2,3)",,3
95,vanilla_bc0.5,1.0,1.0,13.16293830696572,44.0,0.0,0.0,0.0,0.0,1.0,0.0,0.0,1.0,3.0,shortcut,"(2,3)",7,
96,vanilla_bc0.5,0.0,0.0,0.0,0.0,1.0,0.0,0.0,0.0,1.0,0.0,0.0,1.0,1.0,shortcut,"(2,3)",,3
97,vanilla_bc0.5,0.0,0.0,0.0,0.0,1.0,0.0,0.0,0.0,1.0,0.0,0.0,1.0,3.0,shortcut,"(2,3)",,5
98,vanilla_bc0.5,1.0,1.0,13.16293830696572,44.0,0.0,0.0,0.0,0.0,1.0,0.0,0.0,1.0,3.0,shortcut,"(2,3)",7,
99,vanilla_bc0.5,0.0,0.0,0.0,0.0,1.0,0.0,0.0,0.0,1.0,0.0,0.0,1.0,1.0,shortcut,"(2,3)",,3
100,vanilla_bc0.5,0.0,0.0,0.0,0.0,1.0,0.0,0.0,0.0,1.0,0.0,0.0,1.0,2.0,shortcut,"(2,3)",,4
101,vanilla_bc0.5,0.0,0.0,0.0,0.0,1.0,0.0,0.0,0.0,1.0,0.0,0.0,1.0,1.0,shortcut,"(2,3)",,3
102,vanilla_bc0.5,1.0,1.0,13.16293830696572,44.0,0.0,0.0,0.0,0.0,1.0,0.0,0.0,1.0,3.0,shortcut,"(2,3)",7,
103,vanilla_bc0.5,1.0,1.0,13.16293830696572,44.0,0.0,0.0,0.0,0.0,1.0,0.0,0.0,1.0,3.0,shortcut,"(2,3)",7,
104,vanilla_bc0.5,0.0,0.0,0.0,0.0,1.0,0.0,0.0,0.0,1.0,0.0,0.0,1.0,2.0,shortcut,"(2,3)",,4
105,vanilla_bc0.5,1.0,1.0,13.16293830696572,44.0,0.0,0.0,0.0,0.0,1.0,0.0,0.0,1.0,3.0,shortcut,"(2,3)",7,
106,vanilla_bc0.5,0.0,0.0,0.0,0.0,1.0,0.0,0.0,0.0,1.0,0.0,0.0,1.0,2.0,shortcut,"(2,3)",,4
107,vanilla_bc0.5,1.0,1.0,13.16293830696572,44.0,0.0,0.0,0.0,0.0,1.0,0.0,0.0,1.0,3.0,shortcut,"(2,3)",7,
108,vanilla_bc0.5,1.0,1.0,13.16293830696572,44.0,0.0,0.0,0.0,0.0,1.0,0.0,0.0,1.0,3.0,shortcut,"(2,3)",7,
109,vanilla_bc0.5,1.0,1.0,13.16293830696572,44.0,0.0,0.0,0.0,0.0,1.0,0.0,0.0,1.0,3.0,shortcut,"(2,3)",7,
110,vanilla_bc0.5,1.0,1.0,13.16293830696572,44.0,0.0,0.0,0.0,0.0,1.0,0.0,0.0,1.0,3.0,shortcut,"(2,3)",7,
111,vanilla_bc0.5,0.0,0.0,0.0,0.0,1.0,0.0,0.0,0.0,1.0,0.0,0.0,1.0,1.0,shortcut,"(2,3)",,3
112,vanilla_bc0.5,0.0,0.0,0.0,0.0,1.0,0.0,0.0,0.0,1.0,0.0,0.0,1.0,3.0,shortcut,"(2,3)",,5
113,vanilla_bc0.5,0.0,0.0,0.0,0.0,1.0,0.0,0.0,0.0,1.0,0.0,0.0,1.0,2.0,shortcut,"(2,3)",,4
114,vanilla_bc0.5,0.0,0.0,0.0,0.0,1.0,0.0,0.0,0.0,1.0,0.0,0.0,1.0,2.0,shortcut,"(2,3)",,4
115,vanilla_bc0.5,0.0,0.0,0.0,0.0,1.0,0.0,0.0,0.0,1.0,0.0,0.0,1.0,1.0,shortcut,"(2,3)",,3
116,vanilla_bc0.5,1.0,1.0,13.16293830696572,44.0,0.0,0.0,0.0,0.0,1.0,0.0,0.0,1.0,3.0,shortcut,"(2,3)",7,
117,vanilla_bc0.5,0.0,0.0,0.0,0.0,1.0,0.0,0.0,0.0,1.0,0.0,0.0,1.0,2.0,shortcut,"(2,3)",,4
118,vanilla_bc0.5,1.0,1.0,13.16293830696572,44.0,0.0,0.0,0.0,0.0,1.0,0.0,0.0,1.0,3.0,shortcut,"(2,3)",7,
119,vanilla_bc0.5,0.0,0.0,0.0,0.0,1.0,0.0,0.0,0.0,1.0,0.0,0.0,1.0,1.0,shortcut,"(2,3)",,3
120,vanilla_bc0.5,0.0,0.0,0.0,0.0,1.0,0.0,0.0,0.0,1.0,0.0,0.0,1.0,3.0,shortcut,"(2,3)",,5
121,vanilla_bc0.5,1.0,1.0,13.16293830696572,44.0,0.0,0.0,0.0,0.0,1.0,0.0,0.0,1.0,3.0,shortcut,"(2,3)",7,
122,vanilla_bc0.5,0.0,0.0,0.0,0.0,1.0,0.0,0.0,0.0,1.0,0.0,0.0,1.0,1.0,shortcut,"(2,3)",,3
123,vanilla_bc0.5,0.0,0.0,0.0,0.0,1.0,0.0,0.0,0.0,1.0,0.0,0.0,1.0,3.0,shortcut,"(2,3)",,5
124,vanilla_bc0.5,0.0,0.0,0.0,0.0,1.0,0.0,0.0,0.0,1.0,0.0,0.0,1.0,2.0,shortcut,"(2,3)",,4
125,vanilla_bc0.5,1.0,1.0,13.16293830696572,44.0,0.0,0.0,0.0,0.0,1.0,0.0,0.0,1.0,3.0,shortcut,"(2,3)",7,
126,vanilla_bc0.5,0.0,0.0,0.0,0.0,1.0,0.0,0.0,0.0,1.0,0.0,0.0,1.0,2.0,shortcut,"(2,3)",,4
127,vanilla_bc0.5,1.0,1.0,13.16293830696572,44.0,0.0,0.0,0.0,0.0,1.0,0.0,0.0,1.0,3.0,shortcut,"(2,3)",7,
128,vanilla_bc0.5,1.0,1.0,13.16293830696572,44.0,0.0,0.0,0.0,0.0,1.0,0.0,0.0,1.0,3.0,shortcut,"(2,3)",7,
129,vanilla_bc0.5,1.0,1.0,13.16293830696572,44.0,0.0,0.0,0.0,0.0,1.0,0.0,0.0,1.0,3.0,shortcut,"(2,3)",7,
130,vanilla_bc0.5,0.0,0.0,0.0,0.0,1.0,0.0,0.0,0.0,1.0,0.0,0.0,1.0,1.0,shortcut,"(2,3)",,3
131,vanilla_bc0.5,0.0,0.0,0.0,0.0,1.0,0.0,0.0,0.0,1.0,0.0,0.0,1.0,2.0,shortcut,"(2,3)",,4
132,vanilla_bc0.5,1.0,1.0,13.16293830696572,44.0,0.0,0.0,0.0,0.0,1.0,0.0,0.0,1.0,3.0,shortcut,"(2,3)",7,
133,vanilla_bc0.5,0.0,0.0,0.0,0.0,1.0,0.0,0.0,0.0,1.0,0.0,0.0,1.0,3.0,shortcut,"(2,3)",,5
134,vanilla_bc0.5,0.0,0.0,0.0,0.0,1.0,0.0,0.0,0.0,1.0,0.0,0.0,1.0,2.0,shortcut,"(2,3)",,4
135,vanilla_bc0.5,1.0,1.0,13.16293830696572,44.0,0.0,0.0,0.0,0.0,1.0,0.0,0.0,1.0,3.0,shortcut,"(2,3)",7,
136,vanilla_bc0.5,0.0,0.0,0.0,0.0,1.0,0.0,0.0,0.0,1.0,0.0,0.0,1.0,1.0,shortcut,"(2,3)",,3
137,vanilla_bc0.5,0.0,0.0,0.0,0.0,1.0,0.0,0.0,0.0,1.0,0.0,0.0,1.0,3.0,shortcut,"(2,3)",,5
138,vanilla_bc0.5,0.0,0.0,0.0,0.0,1.0,0.0,0.0,0.0,1.0,0.0,0.0,1.0,3.0,shortcut,"(2,3)",,5
139,vanilla_bc0.5,0.0,0.0,0.0,0.0,1.0,0.0,0.0,0.0,1.0,0.0,0.0,1.0,3.0,shortcut,"(2,3)",,5
140,vanilla_bc0.5,0.0,0.0,0.0,0.0,1.0,0.0,0.0,0.0,1.0,0.0,0.0,1.0,1.0,shortcut,"(2,3)",,3
141,vanilla_bc0.5,0.0,0.0,0.0,0.0,1.0,0.0,0.0,0.0,1.0,0.0,0.0,1.0,2.0,shortcut,"(2,3)",,4
142,vanilla_bc0.5,0.0,0.0,0.0,0.0,1.0,0.0,0.0,0.0,1.0,0.0,0.0,1.0,2.0,shortcut,"(2,3)",,4
143,vanilla_bc0.5,1.0,1.0,13.16293830696572,44.0,0.0,0.0,0.0,0.0,1.0,0.0,0.0,1.0,3.0,shortcut,"(2,3)",7,
144,vanilla_bc0.5,0.0,0.0,0.0,0.0,1.0,0.0,0.0,0.0,1.0,0.0,0.0,1.0,1.0,shortcut,"(2,3)",,3
145,vanilla_bc0.5,1.0,1.0,13.16293830696572,44.0,0.0,0.0,0.0,0.0,1.0,0.0,0.0,1.0,3.0,shortcut,"(2,3)",7,
146,vanilla_bc0.5,1.0,1.0,13.16293830696572,44.0,0.0,0.0,0.0,0.0,1.0,0.0,0.0,1.0,3.0,shortcut,"(2,3)",7,
147,vanilla_bc0.5,0.0,0.0,0.0,0.0,1.0,0.0,0.0,0.0,1.0,0.0,0.0,1.0,2.0,shortcut,"(2,3)",,4
148,vanilla_bc0.5,1.0,1.0,13.16293830696572,44.0,0.0,0.0,0.0,0.0,1.0,0.0,0.0,1.0,3.0,shortcut,"(2,3)",7,
149,vanilla_bc0.5,0.0,0.0,0.0,0.0,1.0,0.0,0.0,0.0,1.0,0.0,0.0,1.0,1.0,shortcut,"(2,3)",,3
150,vanilla_bc0.5,0.0,0.0,0.0,0.0,1.0,0.0,0.0,0.0,1.0,0.0,0.0,1.0,1.0,shortcut,"(2,3)",,3
151,vanilla_bc0.5,0.0,0.0,0.0,0.0,1.0,0.0,0.0,0.0,1.0,0.0,0.0,1.0,2.0,shortcut,"(2,3)",,4
152,vanilla_bc0.5,0.0,0.0,0.0,0.0,1.0,0.0,0.0,0.0,1.0,0.0,0.0,1.0,2.0,shortcut,"(2,3)",,4
153,vanilla_bc0.5,0.0,0.0,0.0,0.0,1.0,0.0,0.0,0.0,1.0,0.0,0.0,1.0,3.0,shortcut,"(2,3)",,5
154,vanilla_bc0.5,0.0,0.0,0.0,0.0,1.0,0.0,0.0,0.0,1.0,0.0,0.0,1.0,1.0,shortcut,"(2,3)",,3
155,vanilla_bc0.5,0.0,0.0,0.0,0.0,1.0,0.0,0.0,0.0,1.0,0.0,0.0,1.0,1.0,shortcut,"(2,3)",,3
156,vanilla_bc0.5,0.0,0.0,0.0,0.0,1.0,0.0,0.0,0.0,1.0,0.0,0.0,1.0,2.0,shortcut,"(2,3)",,4
157,vanilla_bc0.5,0.0,0.0,0.0,0.0,1.0,0.0,0.0,0.0,1.0,0.0,0.0,1.0,2.0,shortcut,"(2,3)",,4
158,vanilla_bc0.5,0.0,0.0,0.0,0.0,1.0,0.0,0.0,0.0,1.0,0.0,0.0,1.0,2.0,shortcut,"(2,3)",,4
159,vanilla_bc0.5,1.0,1.0,13.16293830696572,44.0,0.0,0.0,0.0,0.0,1.0,0.0,0.0,1.0,3.0,shortcut,"(2,3)",7,
160,vanilla_bc0.5,0.0,0.0,0.0,0.0,1.0,0.0,0.0,0.0,1.0,0.0,0.0,1.0,1.0,shortcut,"(2,3)",,3
161,vanilla_bc0.5,0.0,0.0,0.0,0.0,1.0,0.0,0.0,0.0,1.0,0.0,0.0,1.0,2.0,shortcut,"(2,3)",,4
162,vanilla_bc0.5,0.0,0.0,0.0,0.0,1.0,0.0,0.0,0.0,1.0,0.0,0.0,1.0,1.0,shortcut,"(2,3)",,3
163,vanilla_bc0.5,1.0,1.0,13.16293830696572,44.0,0.0,0.0,0.0,0.0,1.0,0.0,0.0,1.0,3.0,shortcut,"(2,3)",7,
164,vanilla_bc0.5,0.0,0.0,0.0,0.0,1.0,0.0,0.0,0.0,1.0,0.0,0.0,1.0,2.0,shortcut,"(2,3)",,4
165,vanilla_bc0.5,0.0,0.0,0.0,0.0,1.0,0.0,0.0,0.0,1.0,0.0,0.0,1.0,1.0,shortcut,"(2,3)",,3
166,vanilla_bc0.5,0.0,0.0,0.0,0.0,1.0,0.0,0.0,0.0,1.0,0.0,0.0,1.0,1.0,shortcut,"(2,3)",,3
167,vanilla_bc0.5,0.0,0.0,0.0,0.0,1.0,0.0,0.0,0.0,1.0,0.0,0.0,1.0,1.0,shortcut,"(2,3)",,3
168,vanilla_bc0.5,0.0,0.0,0.0,0.0,1.0,0.0,0.0,0.0,1.0,0.0,0.0,1.0,1.0,shortcut,"(2,3)",,3
169,vanilla_bc0.5,0.0,0.0,0.0,0.0,1.0,0.0,0.0,0.0,1.0,0.0,0.0,1.0,2.0,shortcut,"(2,3)",,4
170,vanilla_bc0.5,1.0,1.0,13.16293830696572,44.0,0.0,0.0,0.0,0.0,1.0,0.0,0.0,1.0,3.0,shortcut,"(2,3)",7,
171,vanilla_bc0.5,1.0,1.0,13.16293830696572,44.0,0.0,0.0,0.0,0.0,1.0,0.0,0.0,1.0,3.0,shortcut,"(2,3)",7,
172,vanilla_bc0.5,0.0,0.0,0.0,0.0,1.0,0.0,0.0,0.0,1.0,0.0,0.0,1.0,2.0,shortcut,"(2,3)",,4
173,vanilla_bc0.5,0.0,0.0,0.0,0.0,1.0,0.0,0.0,0.0,1.0,0.0,0.0,1.0,1.0,shortcut,"(2,3)",,3
174,vanilla_bc0.5,1.0,1.0,13.16293830696572,44.0,0.0,0.0,0.0,0.0,1.0,0.0,0.0,1.0,3.0,shortcut,"(2,3)",7,
175,vanilla_bc0.5,0.0,0.0,0.0,0.0,1.0,0.0,0.0,0.0,1.0,0.0,0.0,1.0,1.0,shortcut,"(2,3)",,3
176,vanilla_bc0.5,1.0,1.0,13.16293830696572,44.0,0.0,0.0,0.0,0.0,1.0,0.0,0.0,1.0,3.0,shortcut,"(2,3)",7,
177,vanilla_bc0.5,0.0,0.0,0.0,0.0,1.0,0.0,0.0,0.0,1.0,0.0,0.0,1.0,2.0,shortcut,"(2,3)",,4
178,vanilla_bc0.5,1.0,1.0,13.16293830696572,44.0,0.0,0.0,0.0,0.0,1.0,0.0,0.0,1.0,3.0,shortcut,"(2,3)",7,
179,vanilla_bc0.5,0.0,0.0,0.0,0.0,1.0,0.0,0.0,0.0,1.0,0.0,0.0,1.0,2.0,shortcut,"(2,3)",,4
180,vanilla_bc0.5,0.0,0.0,0.0,0.0,1.0,0.0,0.0,0.0,1.0,0.0,0.0,1.0,1.0,shortcut,"(2,3)",,3
181,vanilla_bc0.5,1.0,1.0,13.16293830696572,44.0,0.0,0.0,0.0,0.0,1.0,0.0,0.0,1.0,3.0,shortcut,"(2,3)",7,
182,vanilla_bc0.5,0.0,0.0,0.0,0.0,1.0,0.0,0.0,0.0,1.0,0.0,0.0,1.0,3.0,shortcut,"(2,3)",,5
183,vanilla_bc0.5,0.0,0.0,0.0,0.0,1.0,0.0,0.0,0.0,1.0,0.0,0.0,1.0,2.0,shortcut,"(2,3)",,4
184,vanilla_bc0.5,1.0,1.0,13.16293830696572,44.0,0.0,0.0,0.0,0.0,1.0,0.0,0.0,1.0,3.0,shortcut,"(2,3)",7,
185,vanilla_bc0.5,0.0,0.0,0.0,0.0,1.0,0.0,0.0,0.0,1.0,0.0,0.0,1.0,1.0,shortcut,"(2,3)",,3
186,vanilla_bc0.5,1.0,1.0,13.16293830696572,44.0,0.0,0.0,0.0,0.0,1.0,0.0,0.0,1.0,3.0,shortcut,"(2,3)",7,
187,vanilla_bc0.5,1.0,1.0,13.16293830696572,44.0,0.0,0.0,0.0,0.0,1.0,0.0,0.0,1.0,3.0,shortcut,"(2,3)",7,
188,vanilla_bc0.5,1.0,1.0,13.16293830696572,44.0,0.0,0.0,0.0,0.0,1.0,0.0,0.0,1.0,3.0,shortcut,"(2,3)",7,
189,vanilla_bc0.5,0.0,0.0,0.0,0.0,1.0,0.0,0.0,0.0,1.0,0.0,0.0,1.0,1.0,shortcut,"(2,3)",,3
190,vanilla_bc0.5,0.0,0.0,0.0,0.0,1.0,0.0,0.0,0.0,1.0,0.0,0.0,1.0,2.0,shortcut,"(2,3)",,4
191,vanilla_bc0.5,1.0,1.0,13.16293830696572,44.0,0.0,0.0,0.0,0.0,1.0,0.0,0.0,1.0,3.0,shortcut,"(2,3)",7,
192,vanilla_bc0.5,1.0,1.0,13.16293830696572,44.0,0.0,0.0,0.0,0.0,1.0,0.0,0.0,1.0,3.0,shortcut,"(2,3)",7,
193,vanilla_bc0.5,0.0,0.0,0.0,0.0,1.0,0.0,0.0,0.0,1.0,0.0,0.0,1.0,2.0,shortcut,"(2,3)",,4
194,vanilla_bc0.5,0.0,0.0,0.0,0.0,1.0,0.0,0.0,0.0,1.0,0.0,0.0,1.0,2.0,shortcut,"(2,3)",,4
195,vanilla_bc0.5,1.0,1.0,13.16293830696572,44.0,0.0,0.0,0.0,0.0,1.0,0.0,0.0,1.0,3.0,shortcut,"(2,3)",7,
196,vanilla_bc0.5,0.0,0.0,0.0,0.0,1.0,0.0,0.0,0.0,1.0,0.0,0.0,1.0,1.0,shortcut,"(2,3)",,3
197,vanilla_bc0.5,0.0,0.0,0.0,0.0,1.0,0.0,0.0,0.0,1.0,0.0,0.0,1.0,1.0,shortcut,"(2,3)",,3
198,vanilla_bc0.5,0.0,0.0,0.0,0.0,1.0,0.0,0.0,0.0,1.0,0.0,0.0,1.0,3.0,shortcut,"(2,3)",,5
199,vanilla_bc0.5,0.0,0.0,0.0,0.0,1.0,0.0,0.0,0.0,1.0,0.0,0.0,1.0,1.0,shortcut,"(2,3)",,3
0,vanilla_critic_bc0.2,0.0,0.0,0.0,0.0,1.0,0.0,0.0,0.0,1.0,0.0,0.0,1.0,3.0,shortcut,"(2,3)",,5
1,vanilla_critic_bc0.2,0.0,0.0,0.0,0.0,1.0,0.0,0.0,0.0,1.0,0.0,0.0,1.0,3.0,shortcut,"(2,3)",,5
2,vanilla_critic_bc0.2,0.0,0.0,0.0,0.0,1.0,0.0,0.0,0.0,1.0,0.0,0.0,1.0,1.0,shortcut,"(2,3)",,3
3,vanilla_critic_bc0.2,1.0,1.0,13.16293830696572,44.0,0.0,0.0,0.0,0.0,1.0,0.0,0.0,1.0,3.0,shortcut,"(2,3)",7,
4,vanilla_critic_bc0.2,0.0,0.0,0.0,0.0,1.0,0.0,0.0,0.0,1.0,0.0,0.0,1.0,3.0,shortcut,"(2,3)",,5
5,vanilla_critic_bc0.2,1.0,1.0,13.16293830696572,44.0,0.0,0.0,0.0,0.0,1.0,0.0,0.0,1.0,3.0,shortcut,"(2,3)",7,
6,vanilla_critic_bc0.2,1.0,1.0,13.16293830696572,44.0,0.0,0.0,0.0,0.0,1.0,0.0,0.0,1.0,3.0,shortcut,"(2,3)",7,
7,vanilla_critic_bc0.2,0.0,0.0,0.0,0.0,1.0,0.0,0.0,0.0,1.0,0.0,0.0,1.0,3.0,shortcut,"(2,3)",,5
8,vanilla_critic_bc0.2,1.0,1.0,13.16293830696572,44.0,0.0,0.0,0.0,0.0,1.0,0.0,0.0,1.0,3.0,shortcut,"(2,3)",7,
9,vanilla_critic_bc0.2,1.0,1.0,13.16293830696572,44.0,0.0,0.0,0.0,0.0,1.0,0.0,0.0,1.0,3.0,shortcut,"(2,3)",7,
10,vanilla_critic_bc0.2,0.0,0.0,0.0,0.0,1.0,0.0,0.0,0.0,1.0,0.0,0.0,1.0,1.0,shortcut,"(2,3)",,3
11,vanilla_critic_bc0.2,0.0,0.0,0.0,0.0,1.0,0.0,0.0,0.0,1.0,0.0,0.0,1.0,2.0,shortcut,"(2,3)",,4
12,vanilla_critic_bc0.2,0.0,0.0,0.0,0.0,1.0,0.0,0.0,0.0,1.0,0.0,0.0,1.0,3.0,shortcut,"(2,3)",,5
13,vanilla_critic_bc0.2,1.0,1.0,13.16293830696572,44.0,0.0,0.0,0.0,0.0,1.0,0.0,0.0,1.0,3.0,shortcut,"(2,3)",7,
14,vanilla_critic_bc0.2,0.0,0.0,0.0,0.0,1.0,0.0,0.0,0.0,1.0,0.0,0.0,1.0,2.0,shortcut,"(2,3)",,4
15,vanilla_critic_bc0.2,1.0,1.0,13.16293830696572,44.0,0.0,0.0,0.0,0.0,1.0,0.0,0.0,1.0,3.0,shortcut,"(2,3)",7,
16,vanilla_critic_bc0.2,0.0,0.0,0.0,0.0,1.0,0.0,0.0,0.0,1.0,0.0,0.0,1.0,1.0,shortcut,"(2,3)",,3
17,vanilla_critic_bc0.2,0.0,0.0,0.0,0.0,1.0,0.0,0.0,0.0,1.0,0.0,0.0,1.0,2.0,shortcut,"(2,3)",,4
18,vanilla_critic_bc0.2,0.0,0.0,0.0,0.0,1.0,0.0,0.0,0.0,1.0,0.0,0.0,1.0,1.0,shortcut,"(2,3)",,3
19,vanilla_critic_bc0.2,0.0,0.0,0.0,0.0,1.0,0.0,0.0,0.0,1.0,0.0,0.0,1.0,1.0,shortcut,"(2,3)",,3
20,vanilla_critic_bc0.2,1.0,1.0,13.16293830696572,44.0,0.0,0.0,0.0,0.0,1.0,0.0,0.0,1.0,3.0,shortcut,"(2,3)",7,
21,vanilla_critic_bc0.2,0.0,0.0,0.0,0.0,1.0,0.0,0.0,0.0,1.0,0.0,0.0,1.0,3.0,shortcut,"(2,3)",,5
22,vanilla_critic_bc0.2,0.0,0.0,0.0,0.0,1.0,0.0,0.0,0.0,1.0,0.0,0.0,1.0,1.0,shortcut,"(2,3)",,3
23,vanilla_critic_bc0.2,1.0,1.0,13.16293830696572,44.0,0.0,0.0,0.0,0.0,1.0,0.0,0.0,1.0,3.0,shortcut,"(2,3)",7,
24,vanilla_critic_bc0.2,1.0,1.0,13.16293830696572,44.0,0.0,0.0,0.0,0.0,1.0,0.0,0.0,1.0,3.0,shortcut,"(2,3)",7,
25,vanilla_critic_bc0.2,0.0,0.0,0.0,0.0,1.0,0.0,0.0,0.0,1.0,0.0,0.0,1.0,3.0,shortcut,"(2,3)",,5
26,vanilla_critic_bc0.2,1.0,1.0,13.16293830696572,44.0,0.0,0.0,0.0,0.0,1.0,0.0,0.0,1.0,3.0,shortcut,"(2,3)",7,
27,vanilla_critic_bc0.2,1.0,1.0,13.16293830696572,44.0,0.0,0.0,0.0,0.0,1.0,0.0,0.0,1.0,3.0,shortcut,"(2,3)",7,
28,vanilla_critic_bc0.2,1.0,1.0,13.16293830696572,44.0,0.0,0.0,0.0,0.0,1.0,0.0,0.0,1.0,3.0,shortcut,"(2,3)",7,
29,vanilla_critic_bc0.2,0.0,0.0,0.0,0.0,1.0,0.0,0.0,0.0,1.0,0.0,0.0,1.0,1.0,shortcut,"(2,3)",,3
30,vanilla_critic_bc0.2,0.0,0.0,0.0,0.0,1.0,0.0,0.0,0.0,1.0,0.0,0.0,1.0,1.0,shortcut,"(2,3)",,3
31,vanilla_critic_bc0.2,0.0,0.0,0.0,0.0,1.0,0.0,0.0,0.0,1.0,0.0,0.0,1.0,1.0,shortcut,"(2,3)",,3
32,vanilla_critic_bc0.2,0.0,0.0,0.0,0.0,1.0,0.0,0.0,0.0,1.0,0.0,0.0,1.0,2.0,shortcut,"(2,3)",,4
33,vanilla_critic_bc0.2,1.0,1.0,13.16293830696572,44.0,0.0,0.0,0.0,0.0,1.0,0.0,0.0,1.0,3.0,shortcut,"(2,3)",7,
34,vanilla_critic_bc0.2,1.0,1.0,13.16293830696572,44.0,0.0,0.0,0.0,0.0,1.0,0.0,0.0,1.0,3.0,shortcut,"(2,3)",7,
35,vanilla_critic_bc0.2,0.0,0.0,0.0,0.0,1.0,0.0,0.0,0.0,1.0,0.0,0.0,1.0,3.0,shortcut,"(2,3)",,5
36,vanilla_critic_bc0.2,0.0,0.0,0.0,0.0,1.0,0.0,0.0,0.0,1.0,0.0,0.0,1.0,2.0,shortcut,"(2,3)",,4
37,vanilla_critic_bc0.2,1.0,1.0,13.16293830696572,44.0,0.0,0.0,0.0,0.0,1.0,0.0,0.0,1.0,3.0,shortcut,"(2,3)",7,
38,vanilla_critic_bc0.2,0.0,0.0,0.0,0.0,1.0,0.0,0.0,0.0,1.0,0.0,0.0,1.0,3.0,shortcut,"(2,3)",,5
39,vanilla_critic_bc0.2,1.0,1.0,13.16293830696572,44.0,0.0,0.0,0.0,0.0,1.0,0.0,0.0,1.0,3.0,shortcut,"(2,3)",7,
40,vanilla_critic_bc0.2,1.0,1.0,13.16293830696572,44.0,0.0,0.0,0.0,0.0,1.0,0.0,0.0,1.0,3.0,shortcut,"(2,3)",7,
41,vanilla_critic_bc0.2,1.0,1.0,13.16293830696572,44.0,0.0,0.0,0.0,0.0,1.0,0.0,0.0,1.0,3.0,shortcut,"(2,3)",7,
42,vanilla_critic_bc0.2,0.0,0.0,0.0,0.0,1.0,0.0,0.0,0.0,1.0,0.0,0.0,1.0,2.0,shortcut,"(2,3)",,4
43,vanilla_critic_bc0.2,1.0,1.0,13.16293830696572,44.0,0.0,0.0,0.0,0.0,1.0,0.0,0.0,1.0,3.0,shortcut,"(2,3)",7,
44,vanilla_critic_bc0.2,1.0,1.0,13.16293830696572,44.0,0.0,0.0,0.0,0.0,1.0,0.0,0.0,1.0,3.0,shortcut,"(2,3)",7,
45,vanilla_critic_bc0.2,0.0,0.0,0.0,0.0,1.0,0.0,0.0,0.0,1.0,0.0,0.0,1.0,1.0,shortcut,"(2,3)",,3
46,vanilla_critic_bc0.2,0.0,0.0,0.0,0.0,1.0,0.0,0.0,0.0,1.0,0.0,0.0,1.0,3.0,shortcut,"(2,3)",,5
47,vanilla_critic_bc0.2,0.0,0.0,0.0,0.0,1.0,0.0,0.0,0.0,1.0,0.0,0.0,1.0,1.0,shortcut,"(2,3)",,3
48,vanilla_critic_bc0.2,0.0,0.0,0.0,0.0,1.0,0.0,0.0,0.0,1.0,0.0,0.0,1.0,1.0,shortcut,"(2,3)",,3
49,vanilla_critic_bc0.2,1.0,1.0,13.16293830696572,44.0,0.0,0.0,0.0,0.0,1.0,0.0,0.0,1.0,3.0,shortcut,"(2,3)",7,
50,vanilla_critic_bc0.2,1.0,1.0,13.16293830696572,44.0,0.0,0.0,0.0,0.0,1.0,0.0,0.0,1.0,3.0,shortcut,"(2,3)",7,
51,vanilla_critic_bc0.2,1.0,1.0,13.16293830696572,44.0,0.0,0.0,0.0,0.0,1.0,0.0,0.0,1.0,3.0,shortcut,"(2,3)",7,
52,vanilla_critic_bc0.2,0.0,0.0,0.0,0.0,1.0,0.0,0.0,0.0,1.0,0.0,0.0,1.0,2.0,shortcut,"(2,3)",,4
53,vanilla_critic_bc0.2,0.0,0.0,0.0,0.0,1.0,0.0,0.0,0.0,1.0,0.0,0.0,1.0,1.0,shortcut,"(2,3)",,3
54,vanilla_critic_bc0.2,0.0,0.0,0.0,0.0,1.0,0.0,0.0,0.0,1.0,0.0,0.0,1.0,1.0,shortcut,"(2,3)",,3
55,vanilla_critic_bc0.2,0.0,0.0,0.0,0.0,1.0,0.0,0.0,0.0,1.0,0.0,0.0,1.0,2.0,shortcut,"(2,3)",,4
56,vanilla_critic_bc0.2,0.0,0.0,0.0,0.0,1.0,0.0,0.0,0.0,1.0,0.0,0.0,1.0,2.0,shortcut,"(2,3)",,4
57,vanilla_critic_bc0.2,0.0,0.0,0.0,0.0,1.0,0.0,0.0,0.0,1.0,0.0,0.0,1.0,1.0,shortcut,"(2,3)",,3
58,vanilla_critic_bc0.2,0.0,0.0,0.0,0.0,1.0,0.0,0.0,0.0,1.0,0.0,0.0,1.0,3.0,shortcut,"(2,3)",,5
59,vanilla_critic_bc0.2,0.0,0.0,0.0,0.0,1.0,0.0,0.0,0.0,1.0,0.0,0.0,1.0,2.0,shortcut,"(2,3)",,4
60,vanilla_critic_bc0.2,0.0,0.0,0.0,0.0,1.0,0.0,0.0,0.0,1.0,0.0,0.0,1.0,1.0,shortcut,"(2,3)",,3
61,vanilla_critic_bc0.2,0.0,0.0,0.0,0.0,1.0,0.0,0.0,0.0,1.0,0.0,0.0,1.0,3.0,shortcut,"(2,3)",,5
62,vanilla_critic_bc0.2,1.0,1.0,13.16293830696572,44.0,0.0,0.0,0.0,0.0,1.0,0.0,0.0,1.0,3.0,shortcut,"(2,3)",7,
63,vanilla_critic_bc0.2,0.0,0.0,0.0,0.0,1.0,0.0,0.0,0.0,1.0,0.0,0.0,1.0,1.0,shortcut,"(2,3)",,3
64,vanilla_critic_bc0.2,0.0,0.0,0.0,0.0,1.0,0.0,0.0,0.0,1.0,0.0,0.0,1.0,3.0,shortcut,"(2,3)",,5
65,vanilla_critic_bc0.2,0.0,0.0,0.0,0.0,1.0,0.0,0.0,0.0,1.0,0.0,0.0,1.0,2.0,shortcut,"(2,3)",,4
66,vanilla_critic_bc0.2,0.0,0.0,0.0,0.0,1.0,0.0,0.0,0.0,1.0,0.0,0.0,1.0,3.0,shortcut,"(2,3)",,5
67,vanilla_critic_bc0.2,0.0,0.0,0.0,0.0,1.0,0.0,0.0,0.0,1.0,0.0,0.0,1.0,1.0,shortcut,"(2,3)",,3
68,vanilla_critic_bc0.2,1.0,1.0,13.16293830696572,44.0,0.0,0.0,0.0,0.0,1.0,0.0,0.0,1.0,3.0,shortcut,"(2,3)",7,
69,vanilla_critic_bc0.2,1.0,1.0,13.16293830696572,44.0,0.0,0.0,0.0,0.0,1.0,0.0,0.0,1.0,3.0,shortcut,"(2,3)",7,
70,vanilla_critic_bc0.2,1.0,1.0,13.16293830696572,44.0,0.0,0.0,0.0,0.0,1.0,0.0,0.0,1.0,3.0,shortcut,"(2,3)",7,
71,vanilla_critic_bc0.2,0.0,0.0,0.0,0.0,1.0,0.0,0.0,0.0,1.0,0.0,0.0,1.0,3.0,shortcut,"(2,3)",,5
72,vanilla_critic_bc0.2,0.0,0.0,0.0,0.0,1.0,0.0,0.0,0.0,1.0,0.0,0.0,1.0,3.0,shortcut,"(2,3)",,5
73,vanilla_critic_bc0.2,1.0,1.0,13.16293830696572,44.0,0.0,0.0,0.0,0.0,1.0,0.0,0.0,1.0,3.0,shortcut,"(2,3)",7,
74,vanilla_critic_bc0.2,1.0,1.0,13.16293830696572,44.0,0.0,0.0,0.0,0.0,1.0,0.0,0.0,1.0,3.0,shortcut,"(2,3)",7,
75,vanilla_critic_bc0.2,0.0,0.0,0.0,0.0,1.0,0.0,0.0,0.0,1.0,0.0,0.0,1.0,2.0,shortcut,"(2,3)",,4
76,vanilla_critic_bc0.2,0.0,0.0,0.0,0.0,1.0,0.0,0.0,0.0,1.0,0.0,0.0,1.0,1.0,shortcut,"(2,3)",,3
77,vanilla_critic_bc0.2,0.0,0.0,0.0,0.0,1.0,0.0,0.0,0.0,1.0,0.0,0.0,1.0,1.0,shortcut,"(2,3)",,3
78,vanilla_critic_bc0.2,0.0,0.0,0.0,0.0,1.0,0.0,0.0,0.0,1.0,0.0,0.0,1.0,2.0,shortcut,"(2,3)",,4
79,vanilla_critic_bc0.2,0.0,0.0,0.0,0.0,1.0,0.0,0.0,0.0,1.0,0.0,0.0,1.0,2.0,shortcut,"(2,3)",,4
80,vanilla_critic_bc0.2,0.0,0.0,0.0,0.0,1.0,0.0,0.0,0.0,1.0,0.0,0.0,1.0,2.0,shortcut,"(2,3)",,4
81,vanilla_critic_bc0.2,1.0,1.0,13.16293830696572,44.0,0.0,0.0,0.0,0.0,1.0,0.0,0.0,1.0,3.0,shortcut,"(2,3)",7,
82,vanilla_critic_bc0.2,1.0,1.0,13.16293830696572,44.0,0.0,0.0,0.0,0.0,1.0,0.0,0.0,1.0,3.0,shortcut,"(2,3)",7,
83,vanilla_critic_bc0.2,1.0,1.0,13.16293830696572,44.0,0.0,0.0,0.0,0.0,1.0,0.0,0.0,1.0,3.0,shortcut,"(2,3)",7,
84,vanilla_critic_bc0.2,0.0,0.0,0.0,0.0,1.0,0.0,0.0,0.0,1.0,0.0,0.0,1.0,3.0,shortcut,"(2,3)",,5
85,vanilla_critic_bc0.2,1.0,1.0,13.16293830696572,44.0,0.0,0.0,0.0,0.0,1.0,0.0,0.0,1.0,3.0,shortcut,"(2,3)",7,
86,vanilla_critic_bc0.2,0.0,0.0,0.0,0.0,1.0,0.0,0.0,0.0,1.0,0.0,0.0,1.0,2.0,shortcut,"(2,3)",,4
87,vanilla_critic_bc0.2,0.0,0.0,0.0,0.0,1.0,0.0,0.0,0.0,1.0,0.0,0.0,1.0,2.0,shortcut,"(2,3)",,4
88,vanilla_critic_bc0.2,1.0,1.0,13.16293830696572,44.0,0.0,0.0,0.0,0.0,1.0,0.0,0.0,1.0,3.0,shortcut,"(2,3)",7,
89,vanilla_critic_bc0.2,1.0,1.0,13.16293830696572,44.0,0.0,0.0,0.0,0.0,1.0,0.0,0.0,1.0,3.0,shortcut,"(2,3)",7,
90,vanilla_critic_bc0.2,1.0,1.0,13.16293830696572,44.0,0.0,0.0,0.0,0.0,1.0,0.0,0.0,1.0,3.0,shortcut,"(2,3)",7,
91,vanilla_critic_bc0.2,1.0,1.0,13.16293830696572,44.0,0.0,0.0,0.0,0.0,1.0,0.0,0.0,1.0,3.0,shortcut,"(2,3)",7,
92,vanilla_critic_bc0.2,0.0,0.0,0.0,0.0,1.0,0.0,0.0,0.0,1.0,0.0,0.0,1.0,1.0,shortcut,"(2,3)",,3
93,vanilla_critic_bc0.2,0.0,0.0,0.0,0.0,1.0,0.0,0.0,0.0,1.0,0.0,0.0,1.0,1.0,shortcut,"(2,3)",,3
94,vanilla_critic_bc0.2,0.0,0.0,0.0,0.0,1.0,0.0,0.0,0.0,1.0,0.0,0.0,1.0,1.0,shortcut,"(2,3)",,3
95,vanilla_critic_bc0.2,1.0,1.0,13.16293830696572,44.0,0.0,0.0,0.0,0.0,1.0,0.0,0.0,1.0,3.0,shortcut,"(2,3)",7,
96,vanilla_critic_bc0.2,0.0,0.0,0.0,0.0,1.0,0.0,0.0,0.0,1.0,0.0,0.0,1.0,1.0,shortcut,"(2,3)",,3
97,vanilla_critic_bc0.2,0.0,0.0,0.0,0.0,1.0,0.0,0.0,0.0,1.0,0.0,0.0,1.0,3.0,shortcut,"(2,3)",,5
98,vanilla_critic_bc0.2,1.0,1.0,13.16293830696572,44.0,0.0,0.0,0.0,0.0,1.0,0.0,0.0,1.0,3.0,shortcut,"(2,3)",7,
99,vanilla_critic_bc0.2,0.0,0.0,0.0,0.0,1.0,0.0,0.0,0.0,1.0,0.0,0.0,1.0,1.0,shortcut,"(2,3)",,3
100,vanilla_critic_bc0.2,0.0,0.0,0.0,0.0,1.0,0.0,0.0,0.0,1.0,0.0,0.0,1.0,2.0,shortcut,"(2,3)",,4
101,vanilla_critic_bc0.2,0.0,0.0,0.0,0.0,1.0,0.0,0.0,0.0,1.0,0.0,0.0,1.0,1.0,shortcut,"(2,3)",,3
102,vanilla_critic_bc0.2,1.0,1.0,13.16293830696572,44.0,0.0,0.0,0.0,0.0,1.0,0.0,0.0,1.0,3.0,shortcut,"(2,3)",7,
103,vanilla_critic_bc0.2,1.0,1.0,13.16293830696572,44.0,0.0,0.0,0.0,0.0,1.0,0.0,0.0,1.0,3.0,shortcut,"(2,3)",7,
104,vanilla_critic_bc0.2,0.0,0.0,0.0,0.0,1.0,0.0,0.0,0.0,1.0,0.0,0.0,1.0,2.0,shortcut,"(2,3)",,4
105,vanilla_critic_bc0.2,1.0,1.0,13.16293830696572,44.0,0.0,0.0,0.0,0.0,1.0,0.0,0.0,1.0,3.0,shortcut,"(2,3)",7,
106,vanilla_critic_bc0.2,0.0,0.0,0.0,0.0,1.0,0.0,0.0,0.0,1.0,0.0,0.0,1.0,2.0,shortcut,"(2,3)",,4
107,vanilla_critic_bc0.2,1.0,1.0,13.16293830696572,44.0,0.0,0.0,0.0,0.0,1.0,0.0,0.0,1.0,3.0,shortcut,"(2,3)",7,
108,vanilla_critic_bc0.2,1.0,1.0,13.16293830696572,44.0,0.0,0.0,0.0,0.0,1.0,0.0,0.0,1.0,3.0,shortcut,"(2,3)",7,
109,vanilla_critic_bc0.2,1.0,1.0,13.16293830696572,44.0,0.0,0.0,0.0,0.0,1.0,0.0,0.0,1.0,3.0,shortcut,"(2,3)",7,
110,vanilla_critic_bc0.2,1.0,1.0,13.16293830696572,44.0,0.0,0.0,0.0,0.0,1.0,0.0,0.0,1.0,3.0,shortcut,"(2,3)",7,
111,vanilla_critic_bc0.2,0.0,0.0,0.0,0.0,1.0,0.0,0.0,0.0,1.0,0.0,0.0,1.0,1.0,shortcut,"(2,3)",,3
112,vanilla_critic_bc0.2,0.0,0.0,0.0,0.0,1.0,0.0,0.0,0.0,1.0,0.0,0.0,1.0,3.0,shortcut,"(2,3)",,5
113,vanilla_critic_bc0.2,0.0,0.0,0.0,0.0,1.0,0.0,0.0,0.0,1.0,0.0,0.0,1.0,2.0,shortcut,"(2,3)",,4
114,vanilla_critic_bc0.2,0.0,0.0,0.0,0.0,1.0,0.0,0.0,0.0,1.0,0.0,0.0,1.0,2.0,shortcut,"(2,3)",,4
115,vanilla_critic_bc0.2,0.0,0.0,0.0,0.0,1.0,0.0,0.0,0.0,1.0,0.0,0.0,1.0,1.0,shortcut,"(2,3)",,3
116,vanilla_critic_bc0.2,1.0,1.0,13.16293830696572,44.0,0.0,0.0,0.0,0.0,1.0,0.0,0.0,1.0,3.0,shortcut,"(2,3)",7,
117,vanilla_critic_bc0.2,0.0,0.0,0.0,0.0,1.0,0.0,0.0,0.0,1.0,0.0,0.0,1.0,2.0,shortcut,"(2,3)",,4
118,vanilla_critic_bc0.2,1.0,1.0,13.16293830696572,44.0,0.0,0.0,0.0,0.0,1.0,0.0,0.0,1.0,3.0,shortcut,"(2,3)",7,
119,vanilla_critic_bc0.2,0.0,0.0,0.0,0.0,1.0,0.0,0.0,0.0,1.0,0.0,0.0,1.0,1.0,shortcut,"(2,3)",,3
120,vanilla_critic_bc0.2,0.0,0.0,0.0,0.0,1.0,0.0,0.0,0.0,1.0,0.0,0.0,1.0,3.0,shortcut,"(2,3)",,5
121,vanilla_critic_bc0.2,1.0,1.0,13.16293830696572,44.0,0.0,0.0,0.0,0.0,1.0,0.0,0.0,1.0,3.0,shortcut,"(2,3)",7,
122,vanilla_critic_bc0.2,0.0,0.0,0.0,0.0,1.0,0.0,0.0,0.0,1.0,0.0,0.0,1.0,1.0,shortcut,"(2,3)",,3
123,vanilla_critic_bc0.2,0.0,0.0,0.0,0.0,1.0,0.0,0.0,0.0,1.0,0.0,0.0,1.0,3.0,shortcut,"(2,3)",,5
124,vanilla_critic_bc0.2,0.0,0.0,0.0,0.0,1.0,0.0,0.0,0.0,1.0,0.0,0.0,1.0,2.0,shortcut,"(2,3)",,4
125,vanilla_critic_bc0.2,1.0,1.0,13.16293830696572,44.0,0.0,0.0,0.0,0.0,1.0,0.0,0.0,1.0,3.0,shortcut,"(2,3)",7,
126,vanilla_critic_bc0.2,0.0,0.0,0.0,0.0,1.0,0.0,0.0,0.0,1.0,0.0,0.0,1.0,2.0,shortcut,"(2,3)",,4
127,vanilla_critic_bc0.2,1.0,1.0,13.16293830696572,44.0,0.0,0.0,0.0,0.0,1.0,0.0,0.0,1.0,3.0,shortcut,"(2,3)",7,
128,vanilla_critic_bc0.2,1.0,1.0,13.16293830696572,44.0,0.0,0.0,0.0,0.0,1.0,0.0,0.0,1.0,3.0,shortcut,"(2,3)",7,
129,vanilla_critic_bc0.2,1.0,1.0,13.16293830696572,44.0,0.0,0.0,0.0,0.0,1.0,0.0,0.0,1.0,3.0,shortcut,"(2,3)",7,
130,vanilla_critic_bc0.2,0.0,0.0,0.0,0.0,1.0,0.0,0.0,0.0,1.0,0.0,0.0,1.0,1.0,shortcut,"(2,3)",,3
131,vanilla_critic_bc0.2,0.0,0.0,0.0,0.0,1.0,0.0,0.0,0.0,1.0,0.0,0.0,1.0,2.0,shortcut,"(2,3)",,4
132,vanilla_critic_bc0.2,1.0,1.0,13.16293830696572,44.0,0.0,0.0,0.0,0.0,1.0,0.0,0.0,1.0,3.0,shortcut,"(2,3)",7,
133,vanilla_critic_bc0.2,0.0,0.0,0.0,0.0,1.0,0.0,0.0,0.0,1.0,0.0,0.0,1.0,3.0,shortcut,"(2,3)",,5
134,vanilla_critic_bc0.2,0.0,0.0,0.0,0.0,1.0,0.0,0.0,0.0,1.0,0.0,0.0,1.0,2.0,shortcut,"(2,3)",,4
135,vanilla_critic_bc0.2,1.0,1.0,13.16293830696572,44.0,0.0,0.0,0.0,0.0,1.0,0.0,0.0,1.0,3.0,shortcut,"(2,3)",7,
136,vanilla_critic_bc0.2,0.0,0.0,0.0,0.0,1.0,0.0,0.0,0.0,1.0,0.0,0.0,1.0,1.0,shortcut,"(2,3)",,3
137,vanilla_critic_bc0.2,0.0,0.0,0.0,0.0,1.0,0.0,0.0,0.0,1.0,0.0,0.0,1.0,3.0,shortcut,"(2,3)",,5
138,vanilla_critic_bc0.2,0.0,0.0,0.0,0.0,1.0,0.0,0.0,0.0,1.0,0.0,0.0,1.0,3.0,shortcut,"(2,3)",,5
139,vanilla_critic_bc0.2,0.0,0.0,0.0,0.0,1.0,0.0,0.0,0.0,1.0,0.0,0.0,1.0,3.0,shortcut,"(2,3)",,5
140,vanilla_critic_bc0.2,0.0,0.0,0.0,0.0,1.0,0.0,0.0,0.0,1.0,0.0,0.0,1.0,1.0,shortcut,"(2,3)",,3
141,vanilla_critic_bc0.2,0.0,0.0,0.0,0.0,1.0,0.0,0.0,0.0,1.0,0.0,0.0,1.0,2.0,shortcut,"(2,3)",,4
142,vanilla_critic_bc0.2,0.0,0.0,0.0,0.0,1.0,0.0,0.0,0.0,1.0,0.0,0.0,1.0,2.0,shortcut,"(2,3)",,4
143,vanilla_critic_bc0.2,1.0,1.0,13.16293830696572,44.0,0.0,0.0,0.0,0.0,1.0,0.0,0.0,1.0,3.0,shortcut,"(2,3)",7,
144,vanilla_critic_bc0.2,0.0,0.0,0.0,0.0,1.0,0.0,0.0,0.0,1.0,0.0,0.0,1.0,1.0,shortcut,"(2,3)",,3
145,vanilla_critic_bc0.2,1.0,1.0,13.16293830696572,44.0,0.0,0.0,0.0,0.0,1.0,0.0,0.0,1.0,3.0,shortcut,"(2,3)",7,
146,vanilla_critic_bc0.2,1.0,1.0,13.16293830696572,44.0,0.0,0.0,0.0,0.0,1.0,0.0,0.0,1.0,3.0,shortcut,"(2,3)",7,
147,vanilla_critic_bc0.2,0.0,0.0,0.0,0.0,1.0,0.0,0.0,0.0,1.0,0.0,0.0,1.0,2.0,shortcut,"(2,3)",,4
148,vanilla_critic_bc0.2,1.0,1.0,13.16293830696572,44.0,0.0,0.0,0.0,0.0,1.0,0.0,0.0,1.0,3.0,shortcut,"(2,3)",7,
149,vanilla_critic_bc0.2,0.0,0.0,0.0,0.0,1.0,0.0,0.0,0.0,1.0,0.0,0.0,1.0,1.0,shortcut,"(2,3)",,3
150,vanilla_critic_bc0.2,0.0,0.0,0.0,0.0,1.0,0.0,0.0,0.0,1.0,0.0,0.0,1.0,1.0,shortcut,"(2,3)",,3
151,vanilla_critic_bc0.2,0.0,0.0,0.0,0.0,1.0,0.0,0.0,0.0,1.0,0.0,0.0,1.0,2.0,shortcut,"(2,3)",,4
152,vanilla_critic_bc0.2,0.0,0.0,0.0,0.0,1.0,0.0,0.0,0.0,1.0,0.0,0.0,1.0,2.0,shortcut,"(2,3)",,4
153,vanilla_critic_bc0.2,0.0,0.0,0.0,0.0,1.0,0.0,0.0,0.0,1.0,0.0,0.0,1.0,3.0,shortcut,"(2,3)",,5
154,vanilla_critic_bc0.2,0.0,0.0,0.0,0.0,1.0,0.0,0.0,0.0,1.0,0.0,0.0,1.0,1.0,shortcut,"(2,3)",,3
155,vanilla_critic_bc0.2,0.0,0.0,0.0,0.0,1.0,0.0,0.0,0.0,1.0,0.0,0.0,1.0,1.0,shortcut,"(2,3)",,3
156,vanilla_critic_bc0.2,0.0,0.0,0.0,0.0,1.0,0.0,0.0,0.0,1.0,0.0,0.0,1.0,2.0,shortcut,"(2,3)",,4
157,vanilla_critic_bc0.2,0.0,0.0,0.0,0.0,1.0,0.0,0.0,0.0,1.0,0.0,0.0,1.0,2.0,shortcut,"(2,3)",,4
158,vanilla_critic_bc0.2,0.0,0.0,0.0,0.0,1.0,0.0,0.0,0.0,1.0,0.0,0.0,1.0,2.0,shortcut,"(2,3)",,4
159,vanilla_critic_bc0.2,1.0,1.0,13.16293830696572,44.0,0.0,0.0,0.0,0.0,1.0,0.0,0.0,1.0,3.0,shortcut,"(2,3)",7,
160,vanilla_critic_bc0.2,0.0,0.0,0.0,0.0,1.0,0.0,0.0,0.0,1.0,0.0,0.0,1.0,1.0,shortcut,"(2,3)",,3
161,vanilla_critic_bc0.2,0.0,0.0,0.0,0.0,1.0,0.0,0.0,0.0,1.0,0.0,0.0,1.0,2.0,shortcut,"(2,3)",,4
162,vanilla_critic_bc0.2,0.0,0.0,0.0,0.0,1.0,0.0,0.0,0.0,1.0,0.0,0.0,1.0,1.0,shortcut,"(2,3)",,3
163,vanilla_critic_bc0.2,1.0,1.0,13.16293830696572,44.0,0.0,0.0,0.0,0.0,1.0,0.0,0.0,1.0,3.0,shortcut,"(2,3)",7,
164,vanilla_critic_bc0.2,0.0,0.0,0.0,0.0,1.0,0.0,0.0,0.0,1.0,0.0,0.0,1.0,2.0,shortcut,"(2,3)",,4
165,vanilla_critic_bc0.2,0.0,0.0,0.0,0.0,1.0,0.0,0.0,0.0,1.0,0.0,0.0,1.0,1.0,shortcut,"(2,3)",,3
166,vanilla_critic_bc0.2,0.0,0.0,0.0,0.0,1.0,0.0,0.0,0.0,1.0,0.0,0.0,1.0,1.0,shortcut,"(2,3)",,3
167,vanilla_critic_bc0.2,0.0,0.0,0.0,0.0,1.0,0.0,0.0,0.0,1.0,0.0,0.0,1.0,1.0,shortcut,"(2,3)",,3
168,vanilla_critic_bc0.2,0.0,0.0,0.0,0.0,1.0,0.0,0.0,0.0,1.0,0.0,0.0,1.0,1.0,shortcut,"(2,3)",,3
169,vanilla_critic_bc0.2,0.0,0.0,0.0,0.0,1.0,0.0,0.0,0.0,1.0,0.0,0.0,1.0,2.0,shortcut,"(2,3)",,4
170,vanilla_critic_bc0.2,1.0,1.0,13.16293830696572,44.0,0.0,0.0,0.0,0.0,1.0,0.0,0.0,1.0,3.0,shortcut,"(2,3)",7,
171,vanilla_critic_bc0.2,1.0,1.0,13.16293830696572,44.0,0.0,0.0,0.0,0.0,1.0,0.0,0.0,1.0,3.0,shortcut,"(2,3)",7,
172,vanilla_critic_bc0.2,0.0,0.0,0.0,0.0,1.0,0.0,0.0,0.0,1.0,0.0,0.0,1.0,2.0,shortcut,"(2,3)",,4
173,vanilla_critic_bc0.2,0.0,0.0,0.0,0.0,1.0,0.0,0.0,0.0,1.0,0.0,0.0,1.0,1.0,shortcut,"(2,3)",,3
174,vanilla_critic_bc0.2,1.0,1.0,13.16293830696572,44.0,0.0,0.0,0.0,0.0,1.0,0.0,0.0,1.0,3.0,shortcut,"(2,3)",7,
175,vanilla_critic_bc0.2,0.0,0.0,0.0,0.0,1.0,0.0,0.0,0.0,1.0,0.0,0.0,1.0,1.0,shortcut,"(2,3)",,3
176,vanilla_critic_bc0.2,1.0,1.0,13.16293830696572,44.0,0.0,0.0,0.0,0.0,1.0,0.0,0.0,1.0,3.0,shortcut,"(2,3)",7,
177,vanilla_critic_bc0.2,0.0,0.0,0.0,0.0,1.0,0.0,0.0,0.0,1.0,0.0,0.0,1.0,2.0,shortcut,"(2,3)",,4
178,vanilla_critic_bc0.2,1.0,1.0,13.16293830696572,44.0,0.0,0.0,0.0,0.0,1.0,0.0,0.0,1.0,3.0,shortcut,"(2,3)",7,
179,vanilla_critic_bc0.2,0.0,0.0,0.0,0.0,1.0,0.0,0.0,0.0,1.0,0.0,0.0,1.0,2.0,shortcut,"(2,3)",,4
180,vanilla_critic_bc0.2,0.0,0.0,0.0,0.0,1.0,0.0,0.0,0.0,1.0,0.0,0.0,1.0,1.0,shortcut,"(2,3)",,3
181,vanilla_critic_bc0.2,1.0,1.0,13.16293830696572,44.0,0.0,0.0,0.0,0.0,1.0,0.0,0.0,1.0,3.0,shortcut,"(2,3)",7,
182,vanilla_critic_bc0.2,0.0,0.0,0.0,0.0,1.0,0.0,0.0,0.0,1.0,0.0,0.0,1.0,3.0,shortcut,"(2,3)",,5
183,vanilla_critic_bc0.2,0.0,0.0,0.0,0.0,1.0,0.0,0.0,0.0,1.0,0.0,0.0,1.0,2.0,shortcut,"(2,3)",,4
184,vanilla_critic_bc0.2,1.0,1.0,13.16293830696572,44.0,0.0,0.0,0.0,0.0,1.0,0.0,0.0,1.0,3.0,shortcut,"(2,3)",7,
185,vanilla_critic_bc0.2,0.0,0.0,0.0,0.0,1.0,0.0,0.0,0.0,1.0,0.0,0.0,1.0,1.0,shortcut,"(2,3)",,3
186,vanilla_critic_bc0.2,1.0,1.0,13.16293830696572,44.0,0.0,0.0,0.0,0.0,1.0,0.0,0.0,1.0,3.0,shortcut,"(2,3)",7,
187,vanilla_critic_bc0.2,1.0,1.0,13.16293830696572,44.0,0.0,0.0,0.0,0.0,1.0,0.0,0.0,1.0,3.0,shortcut,"(2,3)",7,
188,vanilla_critic_bc0.2,1.0,1.0,13.16293830696572,44.0,0.0,0.0,0.0,0.0,1.0,0.0,0.0,1.0,3.0,shortcut,"(2,3)",7,
189,vanilla_critic_bc0.2,0.0,0.0,0.0,0.0,1.0,0.0,0.0,0.0,1.0,0.0,0.0,1.0,1.0,shortcut,"(2,3)",,3
190,vanilla_critic_bc0.2,0.0,0.0,0.0,0.0,1.0,0.0,0.0,0.0,1.0,0.0,0.0,1.0,2.0,shortcut,"(2,3)",,4
191,vanilla_critic_bc0.2,1.0,1.0,13.16293830696572,44.0,0.0,0.0,0.0,0.0,1.0,0.0,0.0,1.0,3.0,shortcut,"(2,3)",7,
192,vanilla_critic_bc0.2,1.0,1.0,13.16293830696572,44.0,0.0,0.0,0.0,0.0,1.0,0.0,0.0,1.0,3.0,shortcut,"(2,3)",7,
193,vanilla_critic_bc0.2,0.0,0.0,0.0,0.0,1.0,0.0,0.0,0.0,1.0,0.0,0.0,1.0,2.0,shortcut,"(2,3)",,4
194,vanilla_critic_bc0.2,0.0,0.0,0.0,0.0,1.0,0.0,0.0,0.0,1.0,0.0,0.0,1.0,2.0,shortcut,"(2,3)",,4
195,vanilla_critic_bc0.2,1.0,1.0,13.16293830696572,44.0,0.0,0.0,0.0,0.0,1.0,0.0,0.0,1.0,3.0,shortcut,"(2,3)",7,
196,vanilla_critic_bc0.2,0.0,0.0,0.0,0.0,1.0,0.0,0.0,0.0,1.0,0.0,0.0,1.0,1.0,shortcut,"(2,3)",,3
197,vanilla_critic_bc0.2,0.0,0.0,0.0,0.0,1.0,0.0,0.0,0.0,1.0,0.0,0.0,1.0,1.0,shortcut,"(2,3)",,3
198,vanilla_critic_bc0.2,0.0,0.0,0.0,0.0,1.0,0.0,0.0,0.0,1.0,0.0,0.0,1.0,3.0,shortcut,"(2,3)",,5
199,vanilla_critic_bc0.2,0.0,0.0,0.0,0.0,1.0,0.0,0.0,0.0,1.0,0.0,0.0,1.0,1.0,shortcut,"(2,3)",,3
0,O_bc0.5,0.0,0.0,0.0,0.0,1.0,0.0,0.0,0.0,1.0,0.0,0.0,1.0,3.0,shortcut,"(2,3)",,5
1,O_bc0.5,0.0,0.0,0.0,0.0,1.0,0.0,0.0,0.0,1.0,0.0,0.0,1.0,3.0,shortcut,"(2,3)",,5
2,O_bc0.5,0.0,0.0,0.0,0.0,1.0,0.0,0.0,0.0,1.0,0.0,0.0,1.0,1.0,shortcut,"(2,3)",,3
3,O_bc0.5,1.0,1.0,13.16293830696572,44.0,0.0,0.0,0.0,0.0,1.0,0.0,0.0,1.0,3.0,shortcut,"(2,3)",7,
4,O_bc0.5,0.0,0.0,0.0,0.0,1.0,0.0,0.0,0.0,1.0,0.0,0.0,1.0,3.0,shortcut,"(2,3)",,5
5,O_bc0.5,1.0,1.0,13.16293830696572,44.0,0.0,0.0,0.0,0.0,1.0,0.0,0.0,1.0,3.0,shortcut,"(2,3)",7,
6,O_bc0.5,1.0,1.0,13.16293830696572,44.0,0.0,0.0,0.0,0.0,1.0,0.0,0.0,1.0,3.0,shortcut,"(2,3)",7,
7,O_bc0.5,0.0,0.0,0.0,0.0,1.0,0.0,0.0,0.0,1.0,0.0,0.0,1.0,3.0,shortcut,"(2,3)",,5
8,O_bc0.5,1.0,1.0,13.16293830696572,44.0,0.0,0.0,0.0,0.0,1.0,0.0,0.0,1.0,3.0,shortcut,"(2,3)",7,
9,O_bc0.5,1.0,1.0,13.16293830696572,44.0,0.0,0.0,0.0,0.0,1.0,0.0,0.0,1.0,3.0,shortcut,"(2,3)",7,
10,O_bc0.5,0.0,0.0,0.0,0.0,1.0,0.0,0.0,0.0,1.0,0.0,0.0,1.0,1.0,shortcut,"(2,3)",,3
11,O_bc0.5,0.0,0.0,0.0,0.0,1.0,0.0,0.0,0.0,1.0,0.0,0.0,1.0,2.0,shortcut,"(2,3)",,4
12,O_bc0.5,0.0,0.0,0.0,0.0,1.0,0.0,0.0,0.0,1.0,0.0,0.0,1.0,3.0,shortcut,"(2,3)",,5
13,O_bc0.5,1.0,1.0,13.16293830696572,44.0,0.0,0.0,0.0,0.0,1.0,0.0,0.0,1.0,3.0,shortcut,"(2,3)",7,
14,O_bc0.5,0.0,0.0,0.0,0.0,1.0,0.0,0.0,0.0,1.0,0.0,0.0,1.0,2.0,shortcut,"(2,3)",,4
15,O_bc0.5,1.0,1.0,13.16293830696572,44.0,0.0,0.0,0.0,0.0,1.0,0.0,0.0,1.0,3.0,shortcut,"(2,3)",7,
16,O_bc0.5,0.0,0.0,0.0,0.0,1.0,0.0,0.0,0.0,1.0,0.0,0.0,1.0,1.0,shortcut,"(2,3)",,3
17,O_bc0.5,0.0,0.0,0.0,0.0,1.0,0.0,0.0,0.0,1.0,0.0,0.0,1.0,2.0,shortcut,"(2,3)",,4
18,O_bc0.5,0.0,0.0,0.0,0.0,1.0,0.0,0.0,0.0,1.0,0.0,0.0,1.0,1.0,shortcut,"(2,3)",,3
19,O_bc0.5,0.0,0.0,0.0,0.0,1.0,0.0,0.0,0.0,1.0,0.0,0.0,1.0,1.0,shortcut,"(2,3)",,3
20,O_bc0.5,1.0,1.0,13.16293830696572,44.0,0.0,0.0,0.0,0.0,1.0,0.0,0.0,1.0,3.0,shortcut,"(2,3)",7,
21,O_bc0.5,0.0,0.0,0.0,0.0,1.0,0.0,0.0,0.0,1.0,0.0,0.0,1.0,3.0,shortcut,"(2,3)",,5
22,O_bc0.5,0.0,0.0,0.0,0.0,1.0,0.0,0.0,0.0,1.0,0.0,0.0,1.0,1.0,shortcut,"(2,3)",,3
23,O_bc0.5,1.0,1.0,13.16293830696572,44.0,0.0,0.0,0.0,0.0,1.0,0.0,0.0,1.0,3.0,shortcut,"(2,3)",7,
24,O_bc0.5,1.0,1.0,13.16293830696572,44.0,0.0,0.0,0.0,0.0,1.0,0.0,0.0,1.0,3.0,shortcut,"(2,3)",7,
25,O_bc0.5,0.0,0.0,0.0,0.0,1.0,0.0,0.0,0.0,1.0,0.0,0.0,1.0,3.0,shortcut,"(2,3)",,5
26,O_bc0.5,1.0,1.0,13.16293830696572,44.0,0.0,0.0,0.0,0.0,1.0,0.0,0.0,1.0,3.0,shortcut,"(2,3)",7,
27,O_bc0.5,1.0,1.0,13.16293830696572,44.0,0.0,0.0,0.0,0.0,1.0,0.0,0.0,1.0,3.0,shortcut,"(2,3)",7,
28,O_bc0.5,1.0,1.0,13.16293830696572,44.0,0.0,0.0,0.0,0.0,1.0,0.0,0.0,1.0,3.0,shortcut,"(2,3)",7,
29,O_bc0.5,0.0,0.0,0.0,0.0,1.0,0.0,0.0,0.0,1.0,0.0,0.0,1.0,1.0,shortcut,"(2,3)",,3
30,O_bc0.5,0.0,0.0,0.0,0.0,1.0,0.0,0.0,0.0,1.0,0.0,0.0,1.0,1.0,shortcut,"(2,3)",,3
31,O_bc0.5,0.0,0.0,0.0,0.0,1.0,0.0,0.0,0.0,1.0,0.0,0.0,1.0,1.0,shortcut,"(2,3)",,3
32,O_bc0.5,0.0,0.0,0.0,0.0,1.0,0.0,0.0,0.0,1.0,0.0,0.0,1.0,2.0,shortcut,"(2,3)",,4
33,O_bc0.5,1.0,1.0,13.16293830696572,44.0,0.0,0.0,0.0,0.0,1.0,0.0,0.0,1.0,3.0,shortcut,"(2,3)",7,
34,O_bc0.5,1.0,1.0,13.16293830696572,44.0,0.0,0.0,0.0,0.0,1.0,0.0,0.0,1.0,3.0,shortcut,"(2,3)",7,
35,O_bc0.5,0.0,0.0,0.0,0.0,1.0,0.0,0.0,0.0,1.0,0.0,0.0,1.0,3.0,shortcut,"(2,3)",,5
36,O_bc0.5,0.0,0.0,0.0,0.0,1.0,0.0,0.0,0.0,1.0,0.0,0.0,1.0,2.0,shortcut,"(2,3)",,4
37,O_bc0.5,1.0,1.0,13.16293830696572,44.0,0.0,0.0,0.0,0.0,1.0,0.0,0.0,1.0,3.0,shortcut,"(2,3)",7,
38,O_bc0.5,0.0,0.0,0.0,0.0,1.0,0.0,0.0,0.0,1.0,0.0,0.0,1.0,3.0,shortcut,"(2,3)",,5
39,O_bc0.5,1.0,1.0,13.16293830696572,44.0,0.0,0.0,0.0,0.0,1.0,0.0,0.0,1.0,3.0,shortcut,"(2,3)",7,
40,O_bc0.5,1.0,1.0,13.16293830696572,44.0,0.0,0.0,0.0,0.0,1.0,0.0,0.0,1.0,3.0,shortcut,"(2,3)",7,
41,O_bc0.5,1.0,1.0,13.16293830696572,44.0,0.0,0.0,0.0,0.0,1.0,0.0,0.0,1.0,3.0,shortcut,"(2,3)",7,
42,O_bc0.5,0.0,0.0,0.0,0.0,1.0,0.0,0.0,0.0,1.0,0.0,0.0,1.0,2.0,shortcut,"(2,3)",,4
43,O_bc0.5,1.0,1.0,13.16293830696572,44.0,0.0,0.0,0.0,0.0,1.0,0.0,0.0,1.0,3.0,shortcut,"(2,3)",7,
44,O_bc0.5,1.0,1.0,13.16293830696572,44.0,0.0,0.0,0.0,0.0,1.0,0.0,0.0,1.0,3.0,shortcut,"(2,3)",7,
45,O_bc0.5,0.0,0.0,0.0,0.0,1.0,0.0,0.0,0.0,1.0,0.0,0.0,1.0,1.0,shortcut,"(2,3)",,3
46,O_bc0.5,0.0,0.0,0.0,0.0,1.0,0.0,0.0,0.0,1.0,0.0,0.0,1.0,3.0,shortcut,"(2,3)",,5
47,O_bc0.5,0.0,0.0,0.0,0.0,1.0,0.0,0.0,0.0,1.0,0.0,0.0,1.0,1.0,shortcut,"(2,3)",,3
48,O_bc0.5,0.0,0.0,0.0,0.0,1.0,0.0,0.0,0.0,1.0,0.0,0.0,1.0,1.0,shortcut,"(2,3)",,3
49,O_bc0.5,1.0,1.0,13.16293830696572,44.0,0.0,0.0,0.0,0.0,1.0,0.0,0.0,1.0,3.0,shortcut,"(2,3)",7,
50,O_bc0.5,1.0,1.0,13.16293830696572,44.0,0.0,0.0,0.0,0.0,1.0,0.0,0.0,1.0,3.0,shortcut,"(2,3)",7,
51,O_bc0.5,1.0,1.0,13.16293830696572,44.0,0.0,0.0,0.0,0.0,1.0,0.0,0.0,1.0,3.0,shortcut,"(2,3)",7,
52,O_bc0.5,0.0,0.0,0.0,0.0,1.0,0.0,0.0,0.0,1.0,0.0,0.0,1.0,2.0,shortcut,"(2,3)",,4
53,O_bc0.5,0.0,0.0,0.0,0.0,1.0,0.0,0.0,0.0,1.0,0.0,0.0,1.0,1.0,shortcut,"(2,3)",,3
54,O_bc0.5,0.0,0.0,0.0,0.0,1.0,0.0,0.0,0.0,1.0,0.0,0.0,1.0,1.0,shortcut,"(2,3)",,3
55,O_bc0.5,0.0,0.0,0.0,0.0,1.0,0.0,0.0,0.0,1.0,0.0,0.0,1.0,2.0,shortcut,"(2,3)",,4
56,O_bc0.5,0.0,0.0,0.0,0.0,1.0,0.0,0.0,0.0,1.0,0.0,0.0,1.0,2.0,shortcut,"(2,3)",,4
57,O_bc0.5,0.0,0.0,0.0,0.0,1.0,0.0,0.0,0.0,1.0,0.0,0.0,1.0,1.0,shortcut,"(2,3)",,3
58,O_bc0.5,0.0,0.0,0.0,0.0,1.0,0.0,0.0,0.0,1.0,0.0,0.0,1.0,3.0,shortcut,"(2,3)",,5
59,O_bc0.5,0.0,0.0,0.0,0.0,1.0,0.0,0.0,0.0,1.0,0.0,0.0,1.0,2.0,shortcut,"(2,3)",,4
60,O_bc0.5,0.0,0.0,0.0,0.0,1.0,0.0,0.0,0.0,1.0,0.0,0.0,1.0,1.0,shortcut,"(2,3)",,3
61,O_bc0.5,0.0,0.0,0.0,0.0,1.0,0.0,0.0,0.0,1.0,0.0,0.0,1.0,3.0,shortcut,"(2,3)",,5
62,O_bc0.5,1.0,1.0,13.16293830696572,44.0,0.0,0.0,0.0,0.0,1.0,0.0,0.0,1.0,3.0,shortcut,"(2,3)",7,
63,O_bc0.5,0.0,0.0,0.0,0.0,1.0,0.0,0.0,0.0,1.0,0.0,0.0,1.0,1.0,shortcut,"(2,3)",,3
64,O_bc0.5,0.0,0.0,0.0,0.0,1.0,0.0,0.0,0.0,1.0,0.0,0.0,1.0,3.0,shortcut,"(2,3)",,5
65,O_bc0.5,0.0,0.0,0.0,0.0,1.0,0.0,0.0,0.0,1.0,0.0,0.0,1.0,2.0,shortcut,"(2,3)",,4
66,O_bc0.5,0.0,0.0,0.0,0.0,1.0,0.0,0.0,0.0,1.0,0.0,0.0,1.0,3.0,shortcut,"(2,3)",,5
67,O_bc0.5,0.0,0.0,0.0,0.0,1.0,0.0,0.0,0.0,1.0,0.0,0.0,1.0,1.0,shortcut,"(2,3)",,3
68,O_bc0.5,1.0,1.0,13.16293830696572,44.0,0.0,0.0,0.0,0.0,1.0,0.0,0.0,1.0,3.0,shortcut,"(2,3)",7,
69,O_bc0.5,1.0,1.0,13.16293830696572,44.0,0.0,0.0,0.0,0.0,1.0,0.0,0.0,1.0,3.0,shortcut,"(2,3)",7,
70,O_bc0.5,1.0,1.0,13.16293830696572,44.0,0.0,0.0,0.0,0.0,1.0,0.0,0.0,1.0,3.0,shortcut,"(2,3)",7,
71,O_bc0.5,0.0,0.0,0.0,0.0,1.0,0.0,0.0,0.0,1.0,0.0,0.0,1.0,3.0,shortcut,"(2,3)",,5
72,O_bc0.5,0.0,0.0,0.0,0.0,1.0,0.0,0.0,0.0,1.0,0.0,0.0,1.0,3.0,shortcut,"(2,3)",,5
73,O_bc0.5,1.0,1.0,13.16293830696572,44.0,0.0,0.0,0.0,0.0,1.0,0.0,0.0,1.0,3.0,shortcut,"(2,3)",7,
74,O_bc0.5,1.0,1.0,13.16293830696572,44.0,0.0,0.0,0.0,0.0,1.0,0.0,0.0,1.0,3.0,shortcut,"(2,3)",7,
75,O_bc0.5,0.0,0.0,0.0,0.0,1.0,0.0,0.0,0.0,1.0,0.0,0.0,1.0,2.0,shortcut,"(2,3)",,4
76,O_bc0.5,0.0,0.0,0.0,0.0,1.0,0.0,0.0,0.0,1.0,0.0,0.0,1.0,1.0,shortcut,"(2,3)",,3
77,O_bc0.5,0.0,0.0,0.0,0.0,1.0,0.0,0.0,0.0,1.0,0.0,0.0,1.0,1.0,shortcut,"(2,3)",,3
78,O_bc0.5,0.0,0.0,0.0,0.0,1.0,0.0,0.0,0.0,1.0,0.0,0.0,1.0,2.0,shortcut,"(2,3)",,4
79,O_bc0.5,0.0,0.0,0.0,0.0,1.0,0.0,0.0,0.0,1.0,0.0,0.0,1.0,2.0,shortcut,"(2,3)",,4
80,O_bc0.5,0.0,0.0,0.0,0.0,1.0,0.0,0.0,0.0,1.0,0.0,0.0,1.0,2.0,shortcut,"(2,3)",,4
81,O_bc0.5,1.0,1.0,13.16293830696572,44.0,0.0,0.0,0.0,0.0,1.0,0.0,0.0,1.0,3.0,shortcut,"(2,3)",7,
82,O_bc0.5,1.0,1.0,13.16293830696572,44.0,0.0,0.0,0.0,0.0,1.0,0.0,0.0,1.0,3.0,shortcut,"(2,3)",7,
83,O_bc0.5,1.0,1.0,13.16293830696572,44.0,0.0,0.0,0.0,0.0,1.0,0.0,0.0,1.0,3.0,shortcut,"(2,3)",7,
84,O_bc0.5,0.0,0.0,0.0,0.0,1.0,0.0,0.0,0.0,1.0,0.0,0.0,1.0,3.0,shortcut,"(2,3)",,5
85,O_bc0.5,1.0,1.0,13.16293830696572,44.0,0.0,0.0,0.0,0.0,1.0,0.0,0.0,1.0,3.0,shortcut,"(2,3)",7,
86,O_bc0.5,0.0,0.0,0.0,0.0,1.0,0.0,0.0,0.0,1.0,0.0,0.0,1.0,2.0,shortcut,"(2,3)",,4
87,O_bc0.5,0.0,0.0,0.0,0.0,1.0,0.0,0.0,0.0,1.0,0.0,0.0,1.0,2.0,shortcut,"(2,3)",,4
88,O_bc0.5,1.0,1.0,13.16293830696572,44.0,0.0,0.0,0.0,0.0,1.0,0.0,0.0,1.0,3.0,shortcut,"(2,3)",7,
89,O_bc0.5,1.0,1.0,13.16293830696572,44.0,0.0,0.0,0.0,0.0,1.0,0.0,0.0,1.0,3.0,shortcut,"(2,3)",7,
90,O_bc0.5,1.0,1.0,13.16293830696572,44.0,0.0,0.0,0.0,0.0,1.0,0.0,0.0,1.0,3.0,shortcut,"(2,3)",7,
91,O_bc0.5,1.0,1.0,13.16293830696572,44.0,0.0,0.0,0.0,0.0,1.0,0.0,0.0,1.0,3.0,shortcut,"(2,3)",7,
92,O_bc0.5,0.0,0.0,0.0,0.0,1.0,0.0,0.0,0.0,1.0,0.0,0.0,1.0,1.0,shortcut,"(2,3)",,3
93,O_bc0.5,0.0,0.0,0.0,0.0,1.0,0.0,0.0,0.0,1.0,0.0,0.0,1.0,1.0,shortcut,"(2,3)",,3
94,O_bc0.5,0.0,0.0,0.0,0.0,1.0,0.0,0.0,0.0,1.0,0.0,0.0,1.0,1.0,shortcut,"(2,3)",,3
95,O_bc0.5,1.0,1.0,13.16293830696572,44.0,0.0,0.0,0.0,0.0,1.0,0.0,0.0,1.0,3.0,shortcut,"(2,3)",7,
96,O_bc0.5,0.0,0.0,0.0,0.0,1.0,0.0,0.0,0.0,1.0,0.0,0.0,1.0,1.0,shortcut,"(2,3)",,3
97,O_bc0.5,0.0,0.0,0.0,0.0,1.0,0.0,0.0,0.0,1.0,0.0,0.0,1.0,3.0,shortcut,"(2,3)",,5
98,O_bc0.5,1.0,1.0,13.16293830696572,44.0,0.0,0.0,0.0,0.0,1.0,0.0,0.0,1.0,3.0,shortcut,"(2,3)",7,
99,O_bc0.5,0.0,0.0,0.0,0.0,1.0,0.0,0.0,0.0,1.0,0.0,0.0,1.0,1.0,shortcut,"(2,3)",,3
100,O_bc0.5,0.0,0.0,0.0,0.0,1.0,0.0,0.0,0.0,1.0,0.0,0.0,1.0,2.0,shortcut,"(2,3)",,4
101,O_bc0.5,0.0,0.0,0.0,0.0,1.0,0.0,0.0,0.0,1.0,0.0,0.0,1.0,1.0,shortcut,"(2,3)",,3
102,O_bc0.5,1.0,1.0,13.16293830696572,44.0,0.0,0.0,0.0,0.0,1.0,0.0,0.0,1.0,3.0,shortcut,"(2,3)",7,
103,O_bc0.5,1.0,1.0,13.16293830696572,44.0,0.0,0.0,0.0,0.0,1.0,0.0,0.0,1.0,3.0,shortcut,"(2,3)",7,
104,O_bc0.5,0.0,0.0,0.0,0.0,1.0,0.0,0.0,0.0,1.0,0.0,0.0,1.0,2.0,shortcut,"(2,3)",,4
105,O_bc0.5,1.0,1.0,13.16293830696572,44.0,0.0,0.0,0.0,0.0,1.0,0.0,0.0,1.0,3.0,shortcut,"(2,3)",7,
106,O_bc0.5,0.0,0.0,0.0,0.0,1.0,0.0,0.0,0.0,1.0,0.0,0.0,1.0,2.0,shortcut,"(2,3)",,4
107,O_bc0.5,1.0,1.0,13.16293830696572,44.0,0.0,0.0,0.0,0.0,1.0,0.0,0.0,1.0,3.0,shortcut,"(2,3)",7,
108,O_bc0.5,1.0,1.0,13.16293830696572,44.0,0.0,0.0,0.0,0.0,1.0,0.0,0.0,1.0,3.0,shortcut,"(2,3)",7,
109,O_bc0.5,1.0,1.0,13.16293830696572,44.0,0.0,0.0,0.0,0.0,1.0,0.0,0.0,1.0,3.0,shortcut,"(2,3)",7,
110,O_bc0.5,1.0,1.0,13.16293830696572,44.0,0.0,0.0,0.0,0.0,1.0,0.0,0.0,1.0,3.0,shortcut,"(2,3)",7,
111,O_bc0.5,0.0,0.0,0.0,0.0,1.0,0.0,0.0,0.0,1.0,0.0,0.0,1.0,1.0,shortcut,"(2,3)",,3
112,O_bc0.5,0.0,0.0,0.0,0.0,1.0,0.0,0.0,0.0,1.0,0.0,0.0,1.0,3.0,shortcut,"(2,3)",,5
113,O_bc0.5,0.0,0.0,0.0,0.0,1.0,0.0,0.0,0.0,1.0,0.0,0.0,1.0,2.0,shortcut,"(2,3)",,4
114,O_bc0.5,0.0,0.0,0.0,0.0,1.0,0.0,0.0,0.0,1.0,0.0,0.0,1.0,2.0,shortcut,"(2,3)",,4
115,O_bc0.5,0.0,0.0,0.0,0.0,1.0,0.0,0.0,0.0,1.0,0.0,0.0,1.0,1.0,shortcut,"(2,3)",,3
116,O_bc0.5,1.0,1.0,13.16293830696572,44.0,0.0,0.0,0.0,0.0,1.0,0.0,0.0,1.0,3.0,shortcut,"(2,3)",7,
117,O_bc0.5,0.0,0.0,0.0,0.0,1.0,0.0,0.0,0.0,1.0,0.0,0.0,1.0,2.0,shortcut,"(2,3)",,4
118,O_bc0.5,1.0,1.0,13.16293830696572,44.0,0.0,0.0,0.0,0.0,1.0,0.0,0.0,1.0,3.0,shortcut,"(2,3)",7,
119,O_bc0.5,0.0,0.0,0.0,0.0,1.0,0.0,0.0,0.0,1.0,0.0,0.0,1.0,1.0,shortcut,"(2,3)",,3
120,O_bc0.5,0.0,0.0,0.0,0.0,1.0,0.0,0.0,0.0,1.0,0.0,0.0,1.0,3.0,shortcut,"(2,3)",,5
121,O_bc0.5,1.0,1.0,13.16293830696572,44.0,0.0,0.0,0.0,0.0,1.0,0.0,0.0,1.0,3.0,shortcut,"(2,3)",7,
122,O_bc0.5,0.0,0.0,0.0,0.0,1.0,0.0,0.0,0.0,1.0,0.0,0.0,1.0,1.0,shortcut,"(2,3)",,3
123,O_bc0.5,0.0,0.0,0.0,0.0,1.0,0.0,0.0,0.0,1.0,0.0,0.0,1.0,3.0,shortcut,"(2,3)",,5
124,O_bc0.5,0.0,0.0,0.0,0.0,1.0,0.0,0.0,0.0,1.0,0.0,0.0,1.0,2.0,shortcut,"(2,3)",,4
125,O_bc0.5,1.0,1.0,13.16293830696572,44.0,0.0,0.0,0.0,0.0,1.0,0.0,0.0,1.0,3.0,shortcut,"(2,3)",7,
126,O_bc0.5,0.0,0.0,0.0,0.0,1.0,0.0,0.0,0.0,1.0,0.0,0.0,1.0,2.0,shortcut,"(2,3)",,4
127,O_bc0.5,1.0,1.0,13.16293830696572,44.0,0.0,0.0,0.0,0.0,1.0,0.0,0.0,1.0,3.0,shortcut,"(2,3)",7,
128,O_bc0.5,1.0,1.0,13.16293830696572,44.0,0.0,0.0,0.0,0.0,1.0,0.0,0.0,1.0,3.0,shortcut,"(2,3)",7,
129,O_bc0.5,1.0,1.0,13.16293830696572,44.0,0.0,0.0,0.0,0.0,1.0,0.0,0.0,1.0,3.0,shortcut,"(2,3)",7,
130,O_bc0.5,0.0,0.0,0.0,0.0,1.0,0.0,0.0,0.0,1.0,0.0,0.0,1.0,1.0,shortcut,"(2,3)",,3
131,O_bc0.5,0.0,0.0,0.0,0.0,1.0,0.0,0.0,0.0,1.0,0.0,0.0,1.0,2.0,shortcut,"(2,3)",,4
132,O_bc0.5,1.0,1.0,13.16293830696572,44.0,0.0,0.0,0.0,0.0,1.0,0.0,0.0,1.0,3.0,shortcut,"(2,3)",7,
133,O_bc0.5,0.0,0.0,0.0,0.0,1.0,0.0,0.0,0.0,1.0,0.0,0.0,1.0,3.0,shortcut,"(2,3)",,5
134,O_bc0.5,0.0,0.0,0.0,0.0,1.0,0.0,0.0,0.0,1.0,0.0,0.0,1.0,2.0,shortcut,"(2,3)",,4
135,O_bc0.5,1.0,1.0,13.16293830696572,44.0,0.0,0.0,0.0,0.0,1.0,0.0,0.0,1.0,3.0,shortcut,"(2,3)",7,
136,O_bc0.5,0.0,0.0,0.0,0.0,1.0,0.0,0.0,0.0,1.0,0.0,0.0,1.0,1.0,shortcut,"(2,3)",,3
137,O_bc0.5,0.0,0.0,0.0,0.0,1.0,0.0,0.0,0.0,1.0,0.0,0.0,1.0,3.0,shortcut,"(2,3)",,5
138,O_bc0.5,0.0,0.0,0.0,0.0,1.0,0.0,0.0,0.0,1.0,0.0,0.0,1.0,3.0,shortcut,"(2,3)",,5
139,O_bc0.5,0.0,0.0,0.0,0.0,1.0,0.0,0.0,0.0,1.0,0.0,0.0,1.0,3.0,shortcut,"(2,3)",,5
140,O_bc0.5,0.0,0.0,0.0,0.0,1.0,0.0,0.0,0.0,1.0,0.0,0.0,1.0,1.0,shortcut,"(2,3)",,3
141,O_bc0.5,0.0,0.0,0.0,0.0,1.0,0.0,0.0,0.0,1.0,0.0,0.0,1.0,2.0,shortcut,"(2,3)",,4
142,O_bc0.5,0.0,0.0,0.0,0.0,1.0,0.0,0.0,0.0,1.0,0.0,0.0,1.0,2.0,shortcut,"(2,3)",,4
143,O_bc0.5,1.0,1.0,13.16293830696572,44.0,0.0,0.0,0.0,0.0,1.0,0.0,0.0,1.0,3.0,shortcut,"(2,3)",7,
144,O_bc0.5,0.0,0.0,0.0,0.0,1.0,0.0,0.0,0.0,1.0,0.0,0.0,1.0,1.0,shortcut,"(2,3)",,3
145,O_bc0.5,1.0,1.0,13.16293830696572,44.0,0.0,0.0,0.0,0.0,1.0,0.0,0.0,1.0,3.0,shortcut,"(2,3)",7,
146,O_bc0.5,1.0,1.0,13.16293830696572,44.0,0.0,0.0,0.0,0.0,1.0,0.0,0.0,1.0,3.0,shortcut,"(2,3)",7,
147,O_bc0.5,0.0,0.0,0.0,0.0,1.0,0.0,0.0,0.0,1.0,0.0,0.0,1.0,2.0,shortcut,"(2,3)",,4
148,O_bc0.5,1.0,1.0,13.16293830696572,44.0,0.0,0.0,0.0,0.0,1.0,0.0,0.0,1.0,3.0,shortcut,"(2,3)",7,
149,O_bc0.5,0.0,0.0,0.0,0.0,1.0,0.0,0.0,0.0,1.0,0.0,0.0,1.0,1.0,shortcut,"(2,3)",,3
150,O_bc0.5,0.0,0.0,0.0,0.0,1.0,0.0,0.0,0.0,1.0,0.0,0.0,1.0,1.0,shortcut,"(2,3)",,3
151,O_bc0.5,0.0,0.0,0.0,0.0,1.0,0.0,0.0,0.0,1.0,0.0,0.0,1.0,2.0,shortcut,"(2,3)",,4
152,O_bc0.5,0.0,0.0,0.0,0.0,1.0,0.0,0.0,0.0,1.0,0.0,0.0,1.0,2.0,shortcut,"(2,3)",,4
153,O_bc0.5,0.0,0.0,0.0,0.0,1.0,0.0,0.0,0.0,1.0,0.0,0.0,1.0,3.0,shortcut,"(2,3)",,5
154,O_bc0.5,0.0,0.0,0.0,0.0,1.0,0.0,0.0,0.0,1.0,0.0,0.0,1.0,1.0,shortcut,"(2,3)",,3
155,O_bc0.5,0.0,0.0,0.0,0.0,1.0,0.0,0.0,0.0,1.0,0.0,0.0,1.0,1.0,shortcut,"(2,3)",,3
156,O_bc0.5,0.0,0.0,0.0,0.0,1.0,0.0,0.0,0.0,1.0,0.0,0.0,1.0,2.0,shortcut,"(2,3)",,4
157,O_bc0.5,0.0,0.0,0.0,0.0,1.0,0.0,0.0,0.0,1.0,0.0,0.0,1.0,2.0,shortcut,"(2,3)",,4
158,O_bc0.5,0.0,0.0,0.0,0.0,1.0,0.0,0.0,0.0,1.0,0.0,0.0,1.0,2.0,shortcut,"(2,3)",,4
159,O_bc0.5,1.0,1.0,13.16293830696572,44.0,0.0,0.0,0.0,0.0,1.0,0.0,0.0,1.0,3.0,shortcut,"(2,3)",7,
160,O_bc0.5,0.0,0.0,0.0,0.0,1.0,0.0,0.0,0.0,1.0,0.0,0.0,1.0,1.0,shortcut,"(2,3)",,3
161,O_bc0.5,0.0,0.0,0.0,0.0,1.0,0.0,0.0,0.0,1.0,0.0,0.0,1.0,2.0,shortcut,"(2,3)",,4
162,O_bc0.5,0.0,0.0,0.0,0.0,1.0,0.0,0.0,0.0,1.0,0.0,0.0,1.0,1.0,shortcut,"(2,3)",,3
163,O_bc0.5,1.0,1.0,13.16293830696572,44.0,0.0,0.0,0.0,0.0,1.0,0.0,0.0,1.0,3.0,shortcut,"(2,3)",7,
164,O_bc0.5,0.0,0.0,0.0,0.0,1.0,0.0,0.0,0.0,1.0,0.0,0.0,1.0,2.0,shortcut,"(2,3)",,4
165,O_bc0.5,0.0,0.0,0.0,0.0,1.0,0.0,0.0,0.0,1.0,0.0,0.0,1.0,1.0,shortcut,"(2,3)",,3
166,O_bc0.5,0.0,0.0,0.0,0.0,1.0,0.0,0.0,0.0,1.0,0.0,0.0,1.0,1.0,shortcut,"(2,3)",,3
167,O_bc0.5,0.0,0.0,0.0,0.0,1.0,0.0,0.0,0.0,1.0,0.0,0.0,1.0,1.0,shortcut,"(2,3)",,3
168,O_bc0.5,0.0,0.0,0.0,0.0,1.0,0.0,0.0,0.0,1.0,0.0,0.0,1.0,1.0,shortcut,"(2,3)",,3
169,O_bc0.5,0.0,0.0,0.0,0.0,1.0,0.0,0.0,0.0,1.0,0.0,0.0,1.0,2.0,shortcut,"(2,3)",,4
170,O_bc0.5,1.0,1.0,13.16293830696572,44.0,0.0,0.0,0.0,0.0,1.0,0.0,0.0,1.0,3.0,shortcut,"(2,3)",7,
171,O_bc0.5,1.0,1.0,13.16293830696572,44.0,0.0,0.0,0.0,0.0,1.0,0.0,0.0,1.0,3.0,shortcut,"(2,3)",7,
172,O_bc0.5,0.0,0.0,0.0,0.0,1.0,0.0,0.0,0.0,1.0,0.0,0.0,1.0,2.0,shortcut,"(2,3)",,4
173,O_bc0.5,0.0,0.0,0.0,0.0,1.0,0.0,0.0,0.0,1.0,0.0,0.0,1.0,1.0,shortcut,"(2,3)",,3
174,O_bc0.5,1.0,1.0,13.16293830696572,44.0,0.0,0.0,0.0,0.0,1.0,0.0,0.0,1.0,3.0,shortcut,"(2,3)",7,
175,O_bc0.5,0.0,0.0,0.0,0.0,1.0,0.0,0.0,0.0,1.0,0.0,0.0,1.0,1.0,shortcut,"(2,3)",,3
176,O_bc0.5,1.0,1.0,13.16293830696572,44.0,0.0,0.0,0.0,0.0,1.0,0.0,0.0,1.0,3.0,shortcut,"(2,3)",7,
177,O_bc0.5,0.0,0.0,0.0,0.0,1.0,0.0,0.0,0.0,1.0,0.0,0.0,1.0,2.0,shortcut,"(2,3)",,4
178,O_bc0.5,1.0,1.0,13.16293830696572,44.0,0.0,0.0,0.0,0.0,1.0,0.0,0.0,1.0,3.0,shortcut,"(2,3)",7,
179,O_bc0.5,0.0,0.0,0.0,0.0,1.0,0.0,0.0,0.0,1.0,0.0,0.0,1.0,2.0,shortcut,"(2,3)",,4
180,O_bc0.5,0.0,0.0,0.0,0.0,1.0,0.0,0.0,0.0,1.0,0.0,0.0,1.0,1.0,shortcut,"(2,3)",,3
181,O_bc0.5,1.0,1.0,13.16293830696572,44.0,0.0,0.0,0.0,0.0,1.0,0.0,0.0,1.0,3.0,shortcut,"(2,3)",7,
182,O_bc0.5,0.0,0.0,0.0,0.0,1.0,0.0,0.0,0.0,1.0,0.0,0.0,1.0,3.0,shortcut,"(2,3)",,5
183,O_bc0.5,0.0,0.0,0.0,0.0,1.0,0.0,0.0,0.0,1.0,0.0,0.0,1.0,2.0,shortcut,"(2,3)",,4
184,O_bc0.5,1.0,1.0,13.16293830696572,44.0,0.0,0.0,0.0,0.0,1.0,0.0,0.0,1.0,3.0,shortcut,"(2,3)",7,
185,O_bc0.5,0.0,0.0,0.0,0.0,1.0,0.0,0.0,0.0,1.0,0.0,0.0,1.0,1.0,shortcut,"(2,3)",,3
186,O_bc0.5,1.0,1.0,13.16293830696572,44.0,0.0,0.0,0.0,0.0,1.0,0.0,0.0,1.0,3.0,shortcut,"(2,3)",7,
187,O_bc0.5,1.0,1.0,13.16293830696572,44.0,0.0,0.0,0.0,0.0,1.0,0.0,0.0,1.0,3.0,shortcut,"(2,3)",7,
188,O_bc0.5,1.0,1.0,13.16293830696572,44.0,0.0,0.0,0.0,0.0,1.0,0.0,0.0,1.0,3.0,shortcut,"(2,3)",7,
189,O_bc0.5,0.0,0.0,0.0,0.0,1.0,0.0,0.0,0.0,1.0,0.0,0.0,1.0,1.0,shortcut,"(2,3)",,3
190,O_bc0.5,0.0,0.0,0.0,0.0,1.0,0.0,0.0,0.0,1.0,0.0,0.0,1.0,2.0,shortcut,"(2,3)",,4
191,O_bc0.5,1.0,1.0,13.16293830696572,44.0,0.0,0.0,0.0,0.0,1.0,0.0,0.0,1.0,3.0,shortcut,"(2,3)",7,
192,O_bc0.5,1.0,1.0,13.16293830696572,44.0,0.0,0.0,0.0,0.0,1.0,0.0,0.0,1.0,3.0,shortcut,"(2,3)",7,
193,O_bc0.5,0.0,0.0,0.0,0.0,1.0,0.0,0.0,0.0,1.0,0.0,0.0,1.0,2.0,shortcut,"(2,3)",,4
194,O_bc0.5,0.0,0.0,0.0,0.0,1.0,0.0,0.0,0.0,1.0,0.0,0.0,1.0,2.0,shortcut,"(2,3)",,4
195,O_bc0.5,1.0,1.0,13.16293830696572,44.0,0.0,0.0,0.0,0.0,1.0,0.0,0.0,1.0,3.0,shortcut,"(2,3)",7,
196,O_bc0.5,0.0,0.0,0.0,0.0,1.0,0.0,0.0,0.0,1.0,0.0,0.0,1.0,1.0,shortcut,"(2,3)",,3
197,O_bc0.5,0.0,0.0,0.0,0.0,1.0,0.0,0.0,0.0,1.0,0.0,0.0,1.0,1.0,shortcut,"(2,3)",,3
198,O_bc0.5,0.0,0.0,0.0,0.0,1.0,0.0,0.0,0.0,1.0,0.0,0.0,1.0,3.0,shortcut,"(2,3)",,5
199,O_bc0.5,0.0,0.0,0.0,0.0,1.0,0.0,0.0,0.0,1.0,0.0,0.0,1.0,1.0,shortcut,"(2,3)",,3
0,O_bc0.2,0.0,0.0,0.0,0.0,1.0,0.0,0.0,0.0,1.0,0.0,0.0,1.0,3.0,shortcut,"(2,3)",,5
1,O_bc0.2,0.0,0.0,0.0,0.0,1.0,0.0,0.0,0.0,1.0,0.0,0.0,1.0,3.0,shortcut,"(2,3)",,5
2,O_bc0.2,0.0,0.0,0.0,0.0,1.0,0.0,0.0,0.0,1.0,0.0,0.0,1.0,1.0,shortcut,"(2,3)",,3
3,O_bc0.2,1.0,1.0,13.16293830696572,44.0,0.0,0.0,0.0,0.0,1.0,0.0,0.0,1.0,3.0,shortcut,"(2,3)",7,
4,O_bc0.2,0.0,0.0,0.0,0.0,1.0,0.0,0.0,0.0,1.0,0.0,0.0,1.0,3.0,shortcut,"(2,3)",,5
5,O_bc0.2,1.0,1.0,13.16293830696572,44.0,0.0,0.0,0.0,0.0,1.0,0.0,0.0,1.0,3.0,shortcut,"(2,3)",7,
6,O_bc0.2,1.0,1.0,13.16293830696572,44.0,0.0,0.0,0.0,0.0,1.0,0.0,0.0,1.0,3.0,shortcut,"(2,3)",7,
7,O_bc0.2,0.0,0.0,0.0,0.0,1.0,0.0,0.0,0.0,1.0,0.0,0.0,1.0,3.0,shortcut,"(2,3)",,5
8,O_bc0.2,1.0,1.0,13.16293830696572,44.0,0.0,0.0,0.0,0.0,1.0,0.0,0.0,1.0,3.0,shortcut,"(2,3)",7,
9,O_bc0.2,1.0,1.0,13.16293830696572,44.0,0.0,0.0,0.0,0.0,1.0,0.0,0.0,1.0,3.0,shortcut,"(2,3)",7,
10,O_bc0.2,0.0,0.0,0.0,0.0,1.0,0.0,0.0,0.0,1.0,0.0,0.0,1.0,1.0,shortcut,"(2,3)",,3
11,O_bc0.2,0.0,0.0,0.0,0.0,1.0,0.0,0.0,0.0,1.0,0.0,0.0,1.0,2.0,shortcut,"(2,3)",,4
12,O_bc0.2,0.0,0.0,0.0,0.0,1.0,0.0,0.0,0.0,1.0,0.0,0.0,1.0,3.0,shortcut,"(2,3)",,5
13,O_bc0.2,1.0,1.0,13.16293830696572,44.0,0.0,0.0,0.0,0.0,1.0,0.0,0.0,1.0,3.0,shortcut,"(2,3)",7,
14,O_bc0.2,0.0,0.0,0.0,0.0,1.0,0.0,0.0,0.0,1.0,0.0,0.0,1.0,2.0,shortcut,"(2,3)",,4
15,O_bc0.2,1.0,1.0,13.16293830696572,44.0,0.0,0.0,0.0,0.0,1.0,0.0,0.0,1.0,3.0,shortcut,"(2,3)",7,
16,O_bc0.2,0.0,0.0,0.0,0.0,1.0,0.0,0.0,0.0,1.0,0.0,0.0,1.0,1.0,shortcut,"(2,3)",,3
17,O_bc0.2,0.0,0.0,0.0,0.0,1.0,0.0,0.0,0.0,1.0,0.0,0.0,1.0,2.0,shortcut,"(2,3)",,4
18,O_bc0.2,0.0,0.0,0.0,0.0,1.0,0.0,0.0,0.0,1.0,0.0,0.0,1.0,1.0,shortcut,"(2,3)",,3
19,O_bc0.2,0.0,0.0,0.0,0.0,1.0,0.0,0.0,0.0,1.0,0.0,0.0,1.0,1.0,shortcut,"(2,3)",,3
20,O_bc0.2,1.0,1.0,13.16293830696572,44.0,0.0,0.0,0.0,0.0,1.0,0.0,0.0,1.0,3.0,shortcut,"(2,3)",7,
21,O_bc0.2,0.0,0.0,0.0,0.0,1.0,0.0,0.0,0.0,1.0,0.0,0.0,1.0,3.0,shortcut,"(2,3)",,5
22,O_bc0.2,0.0,0.0,0.0,0.0,1.0,0.0,0.0,0.0,1.0,0.0,0.0,1.0,1.0,shortcut,"(2,3)",,3
23,O_bc0.2,1.0,1.0,13.16293830696572,44.0,0.0,0.0,0.0,0.0,1.0,0.0,0.0,1.0,3.0,shortcut,"(2,3)",7,
24,O_bc0.2,1.0,1.0,13.16293830696572,44.0,0.0,0.0,0.0,0.0,1.0,0.0,0.0,1.0,3.0,shortcut,"(2,3)",7,
25,O_bc0.2,0.0,0.0,0.0,0.0,1.0,0.0,0.0,0.0,1.0,0.0,0.0,1.0,3.0,shortcut,"(2,3)",,5
26,O_bc0.2,1.0,1.0,13.16293830696572,44.0,0.0,0.0,0.0,0.0,1.0,0.0,0.0,1.0,3.0,shortcut,"(2,3)",7,
27,O_bc0.2,1.0,1.0,13.16293830696572,44.0,0.0,0.0,0.0,0.0,1.0,0.0,0.0,1.0,3.0,shortcut,"(2,3)",7,
28,O_bc0.2,1.0,1.0,13.16293830696572,44.0,0.0,0.0,0.0,0.0,1.0,0.0,0.0,1.0,3.0,shortcut,"(2,3)",7,
29,O_bc0.2,0.0,0.0,0.0,0.0,1.0,0.0,0.0,0.0,1.0,0.0,0.0,1.0,1.0,shortcut,"(2,3)",,3
30,O_bc0.2,0.0,0.0,0.0,0.0,1.0,0.0,0.0,0.0,1.0,0.0,0.0,1.0,1.0,shortcut,"(2,3)",,3
31,O_bc0.2,0.0,0.0,0.0,0.0,1.0,0.0,0.0,0.0,1.0,0.0,0.0,1.0,1.0,shortcut,"(2,3)",,3
32,O_bc0.2,0.0,0.0,0.0,0.0,1.0,0.0,0.0,0.0,1.0,0.0,0.0,1.0,2.0,shortcut,"(2,3)",,4
33,O_bc0.2,1.0,1.0,13.16293830696572,44.0,0.0,0.0,0.0,0.0,1.0,0.0,0.0,1.0,3.0,shortcut,"(2,3)",7,
34,O_bc0.2,1.0,1.0,13.16293830696572,44.0,0.0,0.0,0.0,0.0,1.0,0.0,0.0,1.0,3.0,shortcut,"(2,3)",7,
35,O_bc0.2,0.0,0.0,0.0,0.0,1.0,0.0,0.0,0.0,1.0,0.0,0.0,1.0,3.0,shortcut,"(2,3)",,5
36,O_bc0.2,0.0,0.0,0.0,0.0,1.0,0.0,0.0,0.0,1.0,0.0,0.0,1.0,2.0,shortcut,"(2,3)",,4
37,O_bc0.2,1.0,1.0,13.16293830696572,44.0,0.0,0.0,0.0,0.0,1.0,0.0,0.0,1.0,3.0,shortcut,"(2,3)",7,
38,O_bc0.2,0.0,0.0,0.0,0.0,1.0,0.0,0.0,0.0,1.0,0.0,0.0,1.0,3.0,shortcut,"(2,3)",,5
39,O_bc0.2,1.0,1.0,13.16293830696572,44.0,0.0,0.0,0.0,0.0,1.0,0.0,0.0,1.0,3.0,shortcut,"(2,3)",7,
40,O_bc0.2,1.0,1.0,13.16293830696572,44.0,0.0,0.0,0.0,0.0,1.0,0.0,0.0,1.0,3.0,shortcut,"(2,3)",7,
41,O_bc0.2,1.0,1.0,13.16293830696572,44.0,0.0,0.0,0.0,0.0,1.0,0.0,0.0,1.0,3.0,shortcut,"(2,3)",7,
42,O_bc0.2,0.0,0.0,0.0,0.0,1.0,0.0,0.0,0.0,1.0,0.0,0.0,1.0,2.0,shortcut,"(2,3)",,4
43,O_bc0.2,1.0,1.0,13.16293830696572,44.0,0.0,0.0,0.0,0.0,1.0,0.0,0.0,1.0,3.0,shortcut,"(2,3)",7,
44,O_bc0.2,1.0,1.0,13.16293830696572,44.0,0.0,0.0,0.0,0.0,1.0,0.0,0.0,1.0,3.0,shortcut,"(2,3)",7,
45,O_bc0.2,0.0,0.0,0.0,0.0,1.0,0.0,0.0,0.0,1.0,0.0,0.0,1.0,1.0,shortcut,"(2,3)",,3
46,O_bc0.2,0.0,0.0,0.0,0.0,1.0,0.0,0.0,0.0,1.0,0.0,0.0,1.0,3.0,shortcut,"(2,3)",,5
47,O_bc0.2,0.0,0.0,0.0,0.0,1.0,0.0,0.0,0.0,1.0,0.0,0.0,1.0,1.0,shortcut,"(2,3)",,3
48,O_bc0.2,0.0,0.0,0.0,0.0,1.0,0.0,0.0,0.0,1.0,0.0,0.0,1.0,1.0,shortcut,"(2,3)",,3
49,O_bc0.2,1.0,1.0,13.16293830696572,44.0,0.0,0.0,0.0,0.0,1.0,0.0,0.0,1.0,3.0,shortcut,"(2,3)",7,
50,O_bc0.2,1.0,1.0,13.16293830696572,44.0,0.0,0.0,0.0,0.0,1.0,0.0,0.0,1.0,3.0,shortcut,"(2,3)",7,
51,O_bc0.2,1.0,1.0,13.16293830696572,44.0,0.0,0.0,0.0,0.0,1.0,0.0,0.0,1.0,3.0,shortcut,"(2,3)",7,
52,O_bc0.2,0.0,0.0,0.0,0.0,1.0,0.0,0.0,0.0,1.0,0.0,0.0,1.0,2.0,shortcut,"(2,3)",,4
53,O_bc0.2,0.0,0.0,0.0,0.0,1.0,0.0,0.0,0.0,1.0,0.0,0.0,1.0,1.0,shortcut,"(2,3)",,3
54,O_bc0.2,0.0,0.0,0.0,0.0,1.0,0.0,0.0,0.0,1.0,0.0,0.0,1.0,1.0,shortcut,"(2,3)",,3
55,O_bc0.2,0.0,0.0,0.0,0.0,1.0,0.0,0.0,0.0,1.0,0.0,0.0,1.0,2.0,shortcut,"(2,3)",,4
56,O_bc0.2,0.0,0.0,0.0,0.0,1.0,0.0,0.0,0.0,1.0,0.0,0.0,1.0,2.0,shortcut,"(2,3)",,4
57,O_bc0.2,0.0,0.0,0.0,0.0,1.0,0.0,0.0,0.0,1.0,0.0,0.0,1.0,1.0,shortcut,"(2,3)",,3
58,O_bc0.2,0.0,0.0,0.0,0.0,1.0,0.0,0.0,0.0,1.0,0.0,0.0,1.0,3.0,shortcut,"(2,3)",,5
59,O_bc0.2,0.0,0.0,0.0,0.0,1.0,0.0,0.0,0.0,1.0,0.0,0.0,1.0,2.0,shortcut,"(2,3)",,4
60,O_bc0.2,0.0,0.0,0.0,0.0,1.0,0.0,0.0,0.0,1.0,0.0,0.0,1.0,1.0,shortcut,"(2,3)",,3
61,O_bc0.2,0.0,0.0,0.0,0.0,1.0,0.0,0.0,0.0,1.0,0.0,0.0,1.0,3.0,shortcut,"(2,3)",,5
62,O_bc0.2,1.0,1.0,13.16293830696572,44.0,0.0,0.0,0.0,0.0,1.0,0.0,0.0,1.0,3.0,shortcut,"(2,3)",7,
63,O_bc0.2,0.0,0.0,0.0,0.0,1.0,0.0,0.0,0.0,1.0,0.0,0.0,1.0,1.0,shortcut,"(2,3)",,3
64,O_bc0.2,0.0,0.0,0.0,0.0,1.0,0.0,0.0,0.0,1.0,0.0,0.0,1.0,3.0,shortcut,"(2,3)",,5
65,O_bc0.2,0.0,0.0,0.0,0.0,1.0,0.0,0.0,0.0,1.0,0.0,0.0,1.0,2.0,shortcut,"(2,3)",,4
66,O_bc0.2,0.0,0.0,0.0,0.0,1.0,0.0,0.0,0.0,1.0,0.0,0.0,1.0,3.0,shortcut,"(2,3)",,5
67,O_bc0.2,0.0,0.0,0.0,0.0,1.0,0.0,0.0,0.0,1.0,0.0,0.0,1.0,1.0,shortcut,"(2,3)",,3
68,O_bc0.2,1.0,1.0,13.16293830696572,44.0,0.0,0.0,0.0,0.0,1.0,0.0,0.0,1.0,3.0,shortcut,"(2,3)",7,
69,O_bc0.2,1.0,1.0,13.16293830696572,44.0,0.0,0.0,0.0,0.0,1.0,0.0,0.0,1.0,3.0,shortcut,"(2,3)",7,
70,O_bc0.2,1.0,1.0,13.16293830696572,44.0,0.0,0.0,0.0,0.0,1.0,0.0,0.0,1.0,3.0,shortcut,"(2,3)",7,
71,O_bc0.2,0.0,0.0,0.0,0.0,1.0,0.0,0.0,0.0,1.0,0.0,0.0,1.0,3.0,shortcut,"(2,3)",,5
72,O_bc0.2,0.0,0.0,0.0,0.0,1.0,0.0,0.0,0.0,1.0,0.0,0.0,1.0,3.0,shortcut,"(2,3)",,5
73,O_bc0.2,1.0,1.0,13.16293830696572,44.0,0.0,0.0,0.0,0.0,1.0,0.0,0.0,1.0,3.0,shortcut,"(2,3)",7,
74,O_bc0.2,1.0,1.0,13.16293830696572,44.0,0.0,0.0,0.0,0.0,1.0,0.0,0.0,1.0,3.0,shortcut,"(2,3)",7,
75,O_bc0.2,0.0,0.0,0.0,0.0,1.0,0.0,0.0,0.0,1.0,0.0,0.0,1.0,2.0,shortcut,"(2,3)",,4
76,O_bc0.2,0.0,0.0,0.0,0.0,1.0,0.0,0.0,0.0,1.0,0.0,0.0,1.0,1.0,shortcut,"(2,3)",,3
77,O_bc0.2,0.0,0.0,0.0,0.0,1.0,0.0,0.0,0.0,1.0,0.0,0.0,1.0,1.0,shortcut,"(2,3)",,3
78,O_bc0.2,0.0,0.0,0.0,0.0,1.0,0.0,0.0,0.0,1.0,0.0,0.0,1.0,2.0,shortcut,"(2,3)",,4
79,O_bc0.2,0.0,0.0,0.0,0.0,1.0,0.0,0.0,0.0,1.0,0.0,0.0,1.0,2.0,shortcut,"(2,3)",,4
80,O_bc0.2,0.0,0.0,0.0,0.0,1.0,0.0,0.0,0.0,1.0,0.0,0.0,1.0,2.0,shortcut,"(2,3)",,4
81,O_bc0.2,1.0,1.0,13.16293830696572,44.0,0.0,0.0,0.0,0.0,1.0,0.0,0.0,1.0,3.0,shortcut,"(2,3)",7,
82,O_bc0.2,1.0,1.0,13.16293830696572,44.0,0.0,0.0,0.0,0.0,1.0,0.0,0.0,1.0,3.0,shortcut,"(2,3)",7,
83,O_bc0.2,1.0,1.0,13.16293830696572,44.0,0.0,0.0,0.0,0.0,1.0,0.0,0.0,1.0,3.0,shortcut,"(2,3)",7,
84,O_bc0.2,0.0,0.0,0.0,0.0,1.0,0.0,0.0,0.0,1.0,0.0,0.0,1.0,3.0,shortcut,"(2,3)",,5
85,O_bc0.2,1.0,1.0,13.16293830696572,44.0,0.0,0.0,0.0,0.0,1.0,0.0,0.0,1.0,3.0,shortcut,"(2,3)",7,
86,O_bc0.2,0.0,0.0,0.0,0.0,1.0,0.0,0.0,0.0,1.0,0.0,0.0,1.0,2.0,shortcut,"(2,3)",,4
87,O_bc0.2,0.0,0.0,0.0,0.0,1.0,0.0,0.0,0.0,1.0,0.0,0.0,1.0,2.0,shortcut,"(2,3)",,4
88,O_bc0.2,1.0,1.0,13.16293830696572,44.0,0.0,0.0,0.0,0.0,1.0,0.0,0.0,1.0,3.0,shortcut,"(2,3)",7,
89,O_bc0.2,1.0,1.0,13.16293830696572,44.0,0.0,0.0,0.0,0.0,1.0,0.0,0.0,1.0,3.0,shortcut,"(2,3)",7,
90,O_bc0.2,1.0,1.0,13.16293830696572,44.0,0.0,0.0,0.0,0.0,1.0,0.0,0.0,1.0,3.0,shortcut,"(2,3)",7,
91,O_bc0.2,1.0,1.0,13.16293830696572,44.0,0.0,0.0,0.0,0.0,1.0,0.0,0.0,1.0,3.0,shortcut,"(2,3)",7,
92,O_bc0.2,0.0,0.0,0.0,0.0,1.0,0.0,0.0,0.0,1.0,0.0,0.0,1.0,1.0,shortcut,"(2,3)",,3
93,O_bc0.2,0.0,0.0,0.0,0.0,1.0,0.0,0.0,0.0,1.0,0.0,0.0,1.0,1.0,shortcut,"(2,3)",,3
94,O_bc0.2,0.0,0.0,0.0,0.0,1.0,0.0,0.0,0.0,1.0,0.0,0.0,1.0,1.0,shortcut,"(2,3)",,3
95,O_bc0.2,1.0,1.0,13.16293830696572,44.0,0.0,0.0,0.0,0.0,1.0,0.0,0.0,1.0,3.0,shortcut,"(2,3)",7,
96,O_bc0.2,0.0,0.0,0.0,0.0,1.0,0.0,0.0,0.0,1.0,0.0,0.0,1.0,1.0,shortcut,"(2,3)",,3
97,O_bc0.2,0.0,0.0,0.0,0.0,1.0,0.0,0.0,0.0,1.0,0.0,0.0,1.0,3.0,shortcut,"(2,3)",,5
98,O_bc0.2,1.0,1.0,13.16293830696572,44.0,0.0,0.0,0.0,0.0,1.0,0.0,0.0,1.0,3.0,shortcut,"(2,3)",7,
99,O_bc0.2,0.0,0.0,0.0,0.0,1.0,0.0,0.0,0.0,1.0,0.0,0.0,1.0,1.0,shortcut,"(2,3)",,3
100,O_bc0.2,0.0,0.0,0.0,0.0,1.0,0.0,0.0,0.0,1.0,0.0,0.0,1.0,2.0,shortcut,"(2,3)",,4
101,O_bc0.2,0.0,0.0,0.0,0.0,1.0,0.0,0.0,0.0,1.0,0.0,0.0,1.0,1.0,shortcut,"(2,3)",,3
102,O_bc0.2,1.0,1.0,13.16293830696572,44.0,0.0,0.0,0.0,0.0,1.0,0.0,0.0,1.0,3.0,shortcut,"(2,3)",7,
103,O_bc0.2,1.0,1.0,13.16293830696572,44.0,0.0,0.0,0.0,0.0,1.0,0.0,0.0,1.0,3.0,shortcut,"(2,3)",7,
104,O_bc0.2,0.0,0.0,0.0,0.0,1.0,0.0,0.0,0.0,1.0,0.0,0.0,1.0,2.0,shortcut,"(2,3)",,4
105,O_bc0.2,1.0,1.0,13.16293830696572,44.0,0.0,0.0,0.0,0.0,1.0,0.0,0.0,1.0,3.0,shortcut,"(2,3)",7,
106,O_bc0.2,0.0,0.0,0.0,0.0,1.0,0.0,0.0,0.0,1.0,0.0,0.0,1.0,2.0,shortcut,"(2,3)",,4
107,O_bc0.2,1.0,1.0,13.16293830696572,44.0,0.0,0.0,0.0,0.0,1.0,0.0,0.0,1.0,3.0,shortcut,"(2,3)",7,
108,O_bc0.2,1.0,1.0,13.16293830696572,44.0,0.0,0.0,0.0,0.0,1.0,0.0,0.0,1.0,3.0,shortcut,"(2,3)",7,
109,O_bc0.2,1.0,1.0,13.16293830696572,44.0,0.0,0.0,0.0,0.0,1.0,0.0,0.0,1.0,3.0,shortcut,"(2,3)",7,
110,O_bc0.2,1.0,1.0,13.16293830696572,44.0,0.0,0.0,0.0,0.0,1.0,0.0,0.0,1.0,3.0,shortcut,"(2,3)",7,
111,O_bc0.2,0.0,0.0,0.0,0.0,1.0,0.0,0.0,0.0,1.0,0.0,0.0,1.0,1.0,shortcut,"(2,3)",,3
112,O_bc0.2,0.0,0.0,0.0,0.0,1.0,0.0,0.0,0.0,1.0,0.0,0.0,1.0,3.0,shortcut,"(2,3)",,5
113,O_bc0.2,0.0,0.0,0.0,0.0,1.0,0.0,0.0,0.0,1.0,0.0,0.0,1.0,2.0,shortcut,"(2,3)",,4
114,O_bc0.2,0.0,0.0,0.0,0.0,1.0,0.0,0.0,0.0,1.0,0.0,0.0,1.0,2.0,shortcut,"(2,3)",,4
115,O_bc0.2,0.0,0.0,0.0,0.0,1.0,0.0,0.0,0.0,1.0,0.0,0.0,1.0,1.0,shortcut,"(2,3)",,3
116,O_bc0.2,1.0,1.0,13.16293830696572,44.0,0.0,0.0,0.0,0.0,1.0,0.0,0.0,1.0,3.0,shortcut,"(2,3)",7,
117,O_bc0.2,0.0,0.0,0.0,0.0,1.0,0.0,0.0,0.0,1.0,0.0,0.0,1.0,2.0,shortcut,"(2,3)",,4
118,O_bc0.2,1.0,1.0,13.16293830696572,44.0,0.0,0.0,0.0,0.0,1.0,0.0,0.0,1.0,3.0,shortcut,"(2,3)",7,
119,O_bc0.2,0.0,0.0,0.0,0.0,1.0,0.0,0.0,0.0,1.0,0.0,0.0,1.0,1.0,shortcut,"(2,3)",,3
120,O_bc0.2,0.0,0.0,0.0,0.0,1.0,0.0,0.0,0.0,1.0,0.0,0.0,1.0,3.0,shortcut,"(2,3)",,5
121,O_bc0.2,1.0,1.0,13.16293830696572,44.0,0.0,0.0,0.0,0.0,1.0,0.0,0.0,1.0,3.0,shortcut,"(2,3)",7,
122,O_bc0.2,0.0,0.0,0.0,0.0,1.0,0.0,0.0,0.0,1.0,0.0,0.0,1.0,1.0,shortcut,"(2,3)",,3
123,O_bc0.2,0.0,0.0,0.0,0.0,1.0,0.0,0.0,0.0,1.0,0.0,0.0,1.0,3.0,shortcut,"(2,3)",,5
124,O_bc0.2,0.0,0.0,0.0,0.0,1.0,0.0,0.0,0.0,1.0,0.0,0.0,1.0,2.0,shortcut,"(2,3)",,4
125,O_bc0.2,1.0,1.0,13.16293830696572,44.0,0.0,0.0,0.0,0.0,1.0,0.0,0.0,1.0,3.0,shortcut,"(2,3)",7,
126,O_bc0.2,0.0,0.0,0.0,0.0,1.0,0.0,0.0,0.0,1.0,0.0,0.0,1.0,2.0,shortcut,"(2,3)",,4
127,O_bc0.2,1.0,1.0,13.16293830696572,44.0,0.0,0.0,0.0,0.0,1.0,0.0,0.0,1.0,3.0,shortcut,"(2,3)",7,
128,O_bc0.2,1.0,1.0,13.16293830696572,44.0,0.0,0.0,0.0,0.0,1.0,0.0,0.0,1.0,3.0,shortcut,"(2,3)",7,
129,O_bc0.2,1.0,1.0,13.16293830696572,44.0,0.0,0.0,0.0,0.0,1.0,0.0,0.0,1.0,3.0,shortcut,"(2,3)",7,
130,O_bc0.2,0.0,0.0,0.0,0.0,1.0,0.0,0.0,0.0,1.0,0.0,0.0,1.0,1.0,shortcut,"(2,3)",,3
131,O_bc0.2,0.0,0.0,0.0,0.0,1.0,0.0,0.0,0.0,1.0,0.0,0.0,1.0,2.0,shortcut,"(2,3)",,4
132,O_bc0.2,1.0,1.0,13.16293830696572,44.0,0.0,0.0,0.0,0.0,1.0,0.0,0.0,1.0,3.0,shortcut,"(2,3)",7,
133,O_bc0.2,0.0,0.0,0.0,0.0,1.0,0.0,0.0,0.0,1.0,0.0,0.0,1.0,3.0,shortcut,"(2,3)",,5
134,O_bc0.2,0.0,0.0,0.0,0.0,1.0,0.0,0.0,0.0,1.0,0.0,0.0,1.0,2.0,shortcut,"(2,3)",,4
135,O_bc0.2,1.0,1.0,13.16293830696572,44.0,0.0,0.0,0.0,0.0,1.0,0.0,0.0,1.0,3.0,shortcut,"(2,3)",7,
136,O_bc0.2,0.0,0.0,0.0,0.0,1.0,0.0,0.0,0.0,1.0,0.0,0.0,1.0,1.0,shortcut,"(2,3)",,3
137,O_bc0.2,0.0,0.0,0.0,0.0,1.0,0.0,0.0,0.0,1.0,0.0,0.0,1.0,3.0,shortcut,"(2,3)",,5
138,O_bc0.2,0.0,0.0,0.0,0.0,1.0,0.0,0.0,0.0,1.0,0.0,0.0,1.0,3.0,shortcut,"(2,3)",,5
139,O_bc0.2,0.0,0.0,0.0,0.0,1.0,0.0,0.0,0.0,1.0,0.0,0.0,1.0,3.0,shortcut,"(2,3)",,5
140,O_bc0.2,0.0,0.0,0.0,0.0,1.0,0.0,0.0,0.0,1.0,0.0,0.0,1.0,1.0,shortcut,"(2,3)",,3
141,O_bc0.2,0.0,0.0,0.0,0.0,1.0,0.0,0.0,0.0,1.0,0.0,0.0,1.0,2.0,shortcut,"(2,3)",,4
142,O_bc0.2,0.0,0.0,0.0,0.0,1.0,0.0,0.0,0.0,1.0,0.0,0.0,1.0,2.0,shortcut,"(2,3)",,4
143,O_bc0.2,1.0,1.0,13.16293830696572,44.0,0.0,0.0,0.0,0.0,1.0,0.0,0.0,1.0,3.0,shortcut,"(2,3)",7,
144,O_bc0.2,0.0,0.0,0.0,0.0,1.0,0.0,0.0,0.0,1.0,0.0,0.0,1.0,1.0,shortcut,"(2,3)",,3
145,O_bc0.2,1.0,1.0,13.16293830696572,44.0,0.0,0.0,0.0,0.0,1.0,0.0,0.0,1.0,3.0,shortcut,"(2,3)",7,
146,O_bc0.2,1.0,1.0,13.16293830696572,44.0,0.0,0.0,0.0,0.0,1.0,0.0,0.0,1.0,3.0,shortcut,"(2,3)",7,
147,O_bc0.2,0.0,0.0,0.0,0.0,1.0,0.0,0.0,0.0,1.0,0.0,0.0,1.0,2.0,shortcut,"(2,3)",,4
148,O_bc0.2,1.0,1.0,13.16293830696572,44.0,0.0,0.0,0.0,0.0,1.0,0.0,0.0,1.0,3.0,shortcut,"(2,3)",7,
149,O_bc0.2,0.0,0.0,0.0,0.0,1.0,0.0,0.0,0.0,1.0,0.0,0.0,1.0,1.0,shortcut,"(2,3)",,3
150,O_bc0.2,0.0,0.0,0.0,0.0,1.0,0.0,0.0,0.0,1.0,0.0,0.0,1.0,1.0,shortcut,"(2,3)",,3
151,O_bc0.2,0.0,0.0,0.0,0.0,1.0,0.0,0.0,0.0,1.0,0.0,0.0,1.0,2.0,shortcut,"(2,3)",,4
152,O_bc0.2,0.0,0.0,0.0,0.0,1.0,0.0,0.0,0.0,1.0,0.0,0.0,1.0,2.0,shortcut,"(2,3)",,4
153,O_bc0.2,0.0,0.0,0.0,0.0,1.0,0.0,0.0,0.0,1.0,0.0,0.0,1.0,3.0,shortcut,"(2,3)",,5
154,O_bc0.2,0.0,0.0,0.0,0.0,1.0,0.0,0.0,0.0,1.0,0.0,0.0,1.0,1.0,shortcut,"(2,3)",,3
155,O_bc0.2,0.0,0.0,0.0,0.0,1.0,0.0,0.0,0.0,1.0,0.0,0.0,1.0,1.0,shortcut,"(2,3)",,3
156,O_bc0.2,0.0,0.0,0.0,0.0,1.0,0.0,0.0,0.0,1.0,0.0,0.0,1.0,2.0,shortcut,"(2,3)",,4
157,O_bc0.2,0.0,0.0,0.0,0.0,1.0,0.0,0.0,0.0,1.0,0.0,0.0,1.0,2.0,shortcut,"(2,3)",,4
158,O_bc0.2,0.0,0.0,0.0,0.0,1.0,0.0,0.0,0.0,1.0,0.0,0.0,1.0,2.0,shortcut,"(2,3)",,4
159,O_bc0.2,1.0,1.0,13.16293830696572,44.0,0.0,0.0,0.0,0.0,1.0,0.0,0.0,1.0,3.0,shortcut,"(2,3)",7,
160,O_bc0.2,0.0,0.0,0.0,0.0,1.0,0.0,0.0,0.0,1.0,0.0,0.0,1.0,1.0,shortcut,"(2,3)",,3
161,O_bc0.2,0.0,0.0,0.0,0.0,1.0,0.0,0.0,0.0,1.0,0.0,0.0,1.0,2.0,shortcut,"(2,3)",,4
162,O_bc0.2,0.0,0.0,0.0,0.0,1.0,0.0,0.0,0.0,1.0,0.0,0.0,1.0,1.0,shortcut,"(2,3)",,3
163,O_bc0.2,1.0,1.0,13.16293830696572,44.0,0.0,0.0,0.0,0.0,1.0,0.0,0.0,1.0,3.0,shortcut,"(2,3)",7,
164,O_bc0.2,0.0,0.0,0.0,0.0,1.0,0.0,0.0,0.0,1.0,0.0,0.0,1.0,2.0,shortcut,"(2,3)",,4
165,O_bc0.2,0.0,0.0,0.0,0.0,1.0,0.0,0.0,0.0,1.0,0.0,0.0,1.0,1.0,shortcut,"(2,3)",,3
166,O_bc0.2,0.0,0.0,0.0,0.0,1.0,0.0,0.0,0.0,1.0,0.0,0.0,1.0,1.0,shortcut,"(2,3)",,3
167,O_bc0.2,0.0,0.0,0.0,0.0,1.0,0.0,0.0,0.0,1.0,0.0,0.0,1.0,1.0,shortcut,"(2,3)",,3
168,O_bc0.2,0.0,0.0,0.0,0.0,1.0,0.0,0.0,0.0,1.0,0.0,0.0,1.0,1.0,shortcut,"(2,3)",,3
169,O_bc0.2,0.0,0.0,0.0,0.0,1.0,0.0,0.0,0.0,1.0,0.0,0.0,1.0,2.0,shortcut,"(2,3)",,4
170,O_bc0.2,1.0,1.0,13.16293830696572,44.0,0.0,0.0,0.0,0.0,1.0,0.0,0.0,1.0,3.0,shortcut,"(2,3)",7,
171,O_bc0.2,1.0,1.0,13.16293830696572,44.0,0.0,0.0,0.0,0.0,1.0,0.0,0.0,1.0,3.0,shortcut,"(2,3)",7,
172,O_bc0.2,0.0,0.0,0.0,0.0,1.0,0.0,0.0,0.0,1.0,0.0,0.0,1.0,2.0,shortcut,"(2,3)",,4
173,O_bc0.2,0.0,0.0,0.0,0.0,1.0,0.0,0.0,0.0,1.0,0.0,0.0,1.0,1.0,shortcut,"(2,3)",,3
174,O_bc0.2,1.0,1.0,13.16293830696572,44.0,0.0,0.0,0.0,0.0,1.0,0.0,0.0,1.0,3.0,shortcut,"(2,3)",7,
175,O_bc0.2,0.0,0.0,0.0,0.0,1.0,0.0,0.0,0.0,1.0,0.0,0.0,1.0,1.0,shortcut,"(2,3)",,3
176,O_bc0.2,1.0,1.0,13.16293830696572,44.0,0.0,0.0,0.0,0.0,1.0,0.0,0.0,1.0,3.0,shortcut,"(2,3)",7,
177,O_bc0.2,0.0,0.0,0.0,0.0,1.0,0.0,0.0,0.0,1.0,0.0,0.0,1.0,2.0,shortcut,"(2,3)",,4
178,O_bc0.2,1.0,1.0,13.16293830696572,44.0,0.0,0.0,0.0,0.0,1.0,0.0,0.0,1.0,3.0,shortcut,"(2,3)",7,
179,O_bc0.2,0.0,0.0,0.0,0.0,1.0,0.0,0.0,0.0,1.0,0.0,0.0,1.0,2.0,shortcut,"(2,3)",,4
180,O_bc0.2,0.0,0.0,0.0,0.0,1.0,0.0,0.0,0.0,1.0,0.0,0.0,1.0,1.0,shortcut,"(2,3)",,3
181,O_bc0.2,1.0,1.0,13.16293830696572,44.0,0.0,0.0,0.0,0.0,1.0,0.0,0.0,1.0,3.0,shortcut,"(2,3)",7,
182,O_bc0.2,0.0,0.0,0.0,0.0,1.0,0.0,0.0,0.0,1.0,0.0,0.0,1.0,3.0,shortcut,"(2,3)",,5
183,O_bc0.2,0.0,0.0,0.0,0.0,1.0,0.0,0.0,0.0,1.0,0.0,0.0,1.0,2.0,shortcut,"(2,3)",,4
184,O_bc0.2,1.0,1.0,13.16293830696572,44.0,0.0,0.0,0.0,0.0,1.0,0.0,0.0,1.0,3.0,shortcut,"(2,3)",7,
185,O_bc0.2,0.0,0.0,0.0,0.0,1.0,0.0,0.0,0.0,1.0,0.0,0.0,1.0,1.0,shortcut,"(2,3)",,3
186,O_bc0.2,1.0,1.0,13.16293830696572,44.0,0.0,0.0,0.0,0.0,1.0,0.0,0.0,1.0,3.0,shortcut,"(2,3)",7,
187,O_bc0.2,1.0,1.0,13.16293830696572,44.0,0.0,0.0,0.0,0.0,1.0,0.0,0.0,1.0,3.0,shortcut,"(2,3)",7,
188,O_bc0.2,1.0,1.0,13.16293830696572,44.0,0.0,0.0,0.0,0.0,1.0,0.0,0.0,1.0,3.0,shortcut,"(2,3)",7,
189,O_bc0.2,0.0,0.0,0.0,0.0,1.0,0.0,0.0,0.0,1.0,0.0,0.0,1.0,1.0,shortcut,"(2,3)",,3
190,O_bc0.2,0.0,0.0,0.0,0.0,1.0,0.0,0.0,0.0,1.0,0.0,0.0,1.0,2.0,shortcut,"(2,3)",,4
191,O_bc0.2,1.0,1.0,13.16293830696572,44.0,0.0,0.0,0.0,0.0,1.0,0.0,0.0,1.0,3.0,shortcut,"(2,3)",7,
192,O_bc0.2,1.0,1.0,13.16293830696572,44.0,0.0,0.0,0.0,0.0,1.0,0.0,0.0,1.0,3.0,shortcut,"(2,3)",7,
193,O_bc0.2,0.0,0.0,0.0,0.0,1.0,0.0,0.0,0.0,1.0,0.0,0.0,1.0,2.0,shortcut,"(2,3)",,4
194,O_bc0.2,0.0,0.0,0.0,0.0,1.0,0.0,0.0,0.0,1.0,0.0,0.0,1.0,2.0,shortcut,"(2,3)",,4
195,O_bc0.2,1.0,1.0,13.16293830696572,44.0,0.0,0.0,0.0,0.0,1.0,0.0,0.0,1.0,3.0,shortcut,"(2,3)",7,
196,O_bc0.2,0.0,0.0,0.0,0.0,1.0,0.0,0.0,0.0,1.0,0.0,0.0,1.0,1.0,shortcut,"(2,3)",,3
197,O_bc0.2,0.0,0.0,0.0,0.0,1.0,0.0,0.0,0.0,1.0,0.0,0.0,1.0,1.0,shortcut,"(2,3)",,3
198,O_bc0.2,0.0,0.0,0.0,0.0,1.0,0.0,0.0,0.0,1.0,0.0,0.0,1.0,3.0,shortcut,"(2,3)",,5
199,O_bc0.2,0.0,0.0,0.0,0.0,1.0,0.0,0.0,0.0,1.0,0.0,0.0,1.0,1.0,shortcut,"(2,3)",,3
0,P_bc0.5,0.0,0.0,0.0,0.0,1.0,0.0,0.0,0.0,1.0,0.0,0.0,1.0,3.0,shortcut,"(2,3)",,5
1,P_bc0.5,0.0,0.0,0.0,0.0,1.0,0.0,0.0,0.0,1.0,0.0,0.0,1.0,3.0,shortcut,"(2,3)",,5
2,P_bc0.5,0.0,0.0,0.0,0.0,1.0,0.0,0.0,0.0,1.0,0.0,0.0,1.0,1.0,shortcut,"(2,3)",,3
3,P_bc0.5,1.0,1.0,13.16293830696572,44.0,0.0,0.0,0.0,0.0,1.0,0.0,0.0,1.0,3.0,shortcut,"(2,3)",7,
4,P_bc0.5,0.0,0.0,0.0,0.0,1.0,0.0,0.0,0.0,1.0,0.0,0.0,1.0,3.0,shortcut,"(2,3)",,5
5,P_bc0.5,1.0,1.0,13.16293830696572,44.0,0.0,0.0,0.0,0.0,1.0,0.0,0.0,1.0,3.0,shortcut,"(2,3)",7,
6,P_bc0.5,1.0,1.0,13.16293830696572,44.0,0.0,0.0,0.0,0.0,1.0,0.0,0.0,1.0,3.0,shortcut,"(2,3)",7,
7,P_bc0.5,0.0,0.0,0.0,0.0,1.0,0.0,0.0,0.0,1.0,0.0,0.0,1.0,3.0,shortcut,"(2,3)",,5
8,P_bc0.5,1.0,1.0,13.16293830696572,44.0,0.0,0.0,0.0,0.0,1.0,0.0,0.0,1.0,3.0,shortcut,"(2,3)",7,
9,P_bc0.5,1.0,1.0,13.16293830696572,44.0,0.0,0.0,0.0,0.0,1.0,0.0,0.0,1.0,3.0,shortcut,"(2,3)",7,
10,P_bc0.5,0.0,0.0,0.0,0.0,1.0,0.0,0.0,0.0,1.0,0.0,0.0,1.0,1.0,shortcut,"(2,3)",,3
11,P_bc0.5,0.0,0.0,0.0,0.0,1.0,0.0,0.0,0.0,1.0,0.0,0.0,1.0,2.0,shortcut,"(2,3)",,4
12,P_bc0.5,0.0,0.0,0.0,0.0,1.0,0.0,0.0,0.0,1.0,0.0,0.0,1.0,3.0,shortcut,"(2,3)",,5
13,P_bc0.5,1.0,1.0,13.16293830696572,44.0,0.0,0.0,0.0,0.0,1.0,0.0,0.0,1.0,3.0,shortcut,"(2,3)",7,
14,P_bc0.5,0.0,0.0,0.0,0.0,1.0,0.0,0.0,0.0,1.0,0.0,0.0,1.0,2.0,shortcut,"(2,3)",,4
15,P_bc0.5,1.0,1.0,13.16293830696572,44.0,0.0,0.0,0.0,0.0,1.0,0.0,0.0,1.0,3.0,shortcut,"(2,3)",7,
16,P_bc0.5,0.0,0.0,0.0,0.0,1.0,0.0,0.0,0.0,1.0,0.0,0.0,1.0,1.0,shortcut,"(2,3)",,3
17,P_bc0.5,0.0,0.0,0.0,0.0,1.0,0.0,0.0,0.0,1.0,0.0,0.0,1.0,2.0,shortcut,"(2,3)",,4
18,P_bc0.5,0.0,0.0,0.0,0.0,1.0,0.0,0.0,0.0,1.0,0.0,0.0,1.0,1.0,shortcut,"(2,3)",,3
19,P_bc0.5,0.0,0.0,0.0,0.0,1.0,0.0,0.0,0.0,1.0,0.0,0.0,1.0,1.0,shortcut,"(2,3)",,3
20,P_bc0.5,1.0,1.0,13.16293830696572,44.0,0.0,0.0,0.0,0.0,1.0,0.0,0.0,1.0,3.0,shortcut,"(2,3)",7,
21,P_bc0.5,0.0,0.0,0.0,0.0,1.0,0.0,0.0,0.0,1.0,0.0,0.0,1.0,3.0,shortcut,"(2,3)",,5
22,P_bc0.5,0.0,0.0,0.0,0.0,1.0,0.0,0.0,0.0,1.0,0.0,0.0,1.0,1.0,shortcut,"(2,3)",,3
23,P_bc0.5,1.0,1.0,13.16293830696572,44.0,0.0,0.0,0.0,0.0,1.0,0.0,0.0,1.0,3.0,shortcut,"(2,3)",7,
24,P_bc0.5,1.0,1.0,13.16293830696572,44.0,0.0,0.0,0.0,0.0,1.0,0.0,0.0,1.0,3.0,shortcut,"(2,3)",7,
25,P_bc0.5,0.0,0.0,0.0,0.0,1.0,0.0,0.0,0.0,1.0,0.0,0.0,1.0,3.0,shortcut,"(2,3)",,5
26,P_bc0.5,1.0,1.0,13.16293830696572,44.0,0.0,0.0,0.0,0.0,1.0,0.0,0.0,1.0,3.0,shortcut,"(2,3)",7,
27,P_bc0.5,1.0,1.0,13.16293830696572,44.0,0.0,0.0,0.0,0.0,1.0,0.0,0.0,1.0,3.0,shortcut,"(2,3)",7,
28,P_bc0.5,1.0,1.0,13.16293830696572,44.0,0.0,0.0,0.0,0.0,1.0,0.0,0.0,1.0,3.0,shortcut,"(2,3)",7,
29,P_bc0.5,0.0,0.0,0.0,0.0,1.0,0.0,0.0,0.0,1.0,0.0,0.0,1.0,1.0,shortcut,"(2,3)",,3
30,P_bc0.5,0.0,0.0,0.0,0.0,1.0,0.0,0.0,0.0,1.0,0.0,0.0,1.0,1.0,shortcut,"(2,3)",,3
31,P_bc0.5,0.0,0.0,0.0,0.0,1.0,0.0,0.0,0.0,1.0,0.0,0.0,1.0,1.0,shortcut,"(2,3)",,3
32,P_bc0.5,0.0,0.0,0.0,0.0,1.0,0.0,0.0,0.0,1.0,0.0,0.0,1.0,2.0,shortcut,"(2,3)",,4
33,P_bc0.5,1.0,1.0,13.16293830696572,44.0,0.0,0.0,0.0,0.0,1.0,0.0,0.0,1.0,3.0,shortcut,"(2,3)",7,
34,P_bc0.5,1.0,1.0,13.16293830696572,44.0,0.0,0.0,0.0,0.0,1.0,0.0,0.0,1.0,3.0,shortcut,"(2,3)",7,
35,P_bc0.5,0.0,0.0,0.0,0.0,1.0,0.0,0.0,0.0,1.0,0.0,0.0,1.0,3.0,shortcut,"(2,3)",,5
36,P_bc0.5,0.0,0.0,0.0,0.0,1.0,0.0,0.0,0.0,1.0,0.0,0.0,1.0,2.0,shortcut,"(2,3)",,4
37,P_bc0.5,1.0,1.0,13.16293830696572,44.0,0.0,0.0,0.0,0.0,1.0,0.0,0.0,1.0,3.0,shortcut,"(2,3)",7,
38,P_bc0.5,0.0,0.0,0.0,0.0,1.0,0.0,0.0,0.0,1.0,0.0,0.0,1.0,3.0,shortcut,"(2,3)",,5
39,P_bc0.5,1.0,1.0,13.16293830696572,44.0,0.0,0.0,0.0,0.0,1.0,0.0,0.0,1.0,3.0,shortcut,"(2,3)",7,
40,P_bc0.5,1.0,1.0,13.16293830696572,44.0,0.0,0.0,0.0,0.0,1.0,0.0,0.0,1.0,3.0,shortcut,"(2,3)",7,
41,P_bc0.5,1.0,1.0,13.16293830696572,44.0,0.0,0.0,0.0,0.0,1.0,0.0,0.0,1.0,3.0,shortcut,"(2,3)",7,
42,P_bc0.5,0.0,0.0,0.0,0.0,1.0,0.0,0.0,0.0,1.0,0.0,0.0,1.0,2.0,shortcut,"(2,3)",,4
43,P_bc0.5,1.0,1.0,13.16293830696572,44.0,0.0,0.0,0.0,0.0,1.0,0.0,0.0,1.0,3.0,shortcut,"(2,3)",7,
44,P_bc0.5,1.0,1.0,13.16293830696572,44.0,0.0,0.0,0.0,0.0,1.0,0.0,0.0,1.0,3.0,shortcut,"(2,3)",7,
45,P_bc0.5,0.0,0.0,0.0,0.0,1.0,0.0,0.0,0.0,1.0,0.0,0.0,1.0,1.0,shortcut,"(2,3)",,3
46,P_bc0.5,0.0,0.0,0.0,0.0,1.0,0.0,0.0,0.0,1.0,0.0,0.0,1.0,3.0,shortcut,"(2,3)",,5
47,P_bc0.5,0.0,0.0,0.0,0.0,1.0,0.0,0.0,0.0,1.0,0.0,0.0,1.0,1.0,shortcut,"(2,3)",,3
48,P_bc0.5,0.0,0.0,0.0,0.0,1.0,0.0,0.0,0.0,1.0,0.0,0.0,1.0,1.0,shortcut,"(2,3)",,3
49,P_bc0.5,1.0,1.0,13.16293830696572,44.0,0.0,0.0,0.0,0.0,1.0,0.0,0.0,1.0,3.0,shortcut,"(2,3)",7,
50,P_bc0.5,1.0,1.0,13.16293830696572,44.0,0.0,0.0,0.0,0.0,1.0,0.0,0.0,1.0,3.0,shortcut,"(2,3)",7,
51,P_bc0.5,1.0,1.0,13.16293830696572,44.0,0.0,0.0,0.0,0.0,1.0,0.0,0.0,1.0,3.0,shortcut,"(2,3)",7,
52,P_bc0.5,0.0,0.0,0.0,0.0,1.0,0.0,0.0,0.0,1.0,0.0,0.0,1.0,2.0,shortcut,"(2,3)",,4
53,P_bc0.5,0.0,0.0,0.0,0.0,1.0,0.0,0.0,0.0,1.0,0.0,0.0,1.0,1.0,shortcut,"(2,3)",,3
54,P_bc0.5,0.0,0.0,0.0,0.0,1.0,0.0,0.0,0.0,1.0,0.0,0.0,1.0,1.0,shortcut,"(2,3)",,3
55,P_bc0.5,0.0,0.0,0.0,0.0,1.0,0.0,0.0,0.0,1.0,0.0,0.0,1.0,2.0,shortcut,"(2,3)",,4
56,P_bc0.5,0.0,0.0,0.0,0.0,1.0,0.0,0.0,0.0,1.0,0.0,0.0,1.0,2.0,shortcut,"(2,3)",,4
57,P_bc0.5,0.0,0.0,0.0,0.0,1.0,0.0,0.0,0.0,1.0,0.0,0.0,1.0,1.0,shortcut,"(2,3)",,3
58,P_bc0.5,0.0,0.0,0.0,0.0,1.0,0.0,0.0,0.0,1.0,0.0,0.0,1.0,3.0,shortcut,"(2,3)",,5
59,P_bc0.5,0.0,0.0,0.0,0.0,1.0,0.0,0.0,0.0,1.0,0.0,0.0,1.0,2.0,shortcut,"(2,3)",,4
60,P_bc0.5,0.0,0.0,0.0,0.0,1.0,0.0,0.0,0.0,1.0,0.0,0.0,1.0,1.0,shortcut,"(2,3)",,3
61,P_bc0.5,0.0,0.0,0.0,0.0,1.0,0.0,0.0,0.0,1.0,0.0,0.0,1.0,3.0,shortcut,"(2,3)",,5
62,P_bc0.5,1.0,1.0,13.16293830696572,44.0,0.0,0.0,0.0,0.0,1.0,0.0,0.0,1.0,3.0,shortcut,"(2,3)",7,
63,P_bc0.5,0.0,0.0,0.0,0.0,1.0,0.0,0.0,0.0,1.0,0.0,0.0,1.0,1.0,shortcut,"(2,3)",,3
64,P_bc0.5,0.0,0.0,0.0,0.0,1.0,0.0,0.0,0.0,1.0,0.0,0.0,1.0,3.0,shortcut,"(2,3)",,5
65,P_bc0.5,0.0,0.0,0.0,0.0,1.0,0.0,0.0,0.0,1.0,0.0,0.0,1.0,2.0,shortcut,"(2,3)",,4
66,P_bc0.5,0.0,0.0,0.0,0.0,1.0,0.0,0.0,0.0,1.0,0.0,0.0,1.0,3.0,shortcut,"(2,3)",,5
67,P_bc0.5,0.0,0.0,0.0,0.0,1.0,0.0,0.0,0.0,1.0,0.0,0.0,1.0,1.0,shortcut,"(2,3)",,3
68,P_bc0.5,1.0,1.0,13.16293830696572,44.0,0.0,0.0,0.0,0.0,1.0,0.0,0.0,1.0,3.0,shortcut,"(2,3)",7,
69,P_bc0.5,1.0,1.0,13.16293830696572,44.0,0.0,0.0,0.0,0.0,1.0,0.0,0.0,1.0,3.0,shortcut,"(2,3)",7,
70,P_bc0.5,1.0,1.0,13.16293830696572,44.0,0.0,0.0,0.0,0.0,1.0,0.0,0.0,1.0,3.0,shortcut,"(2,3)",7,
71,P_bc0.5,0.0,0.0,0.0,0.0,1.0,0.0,0.0,0.0,1.0,0.0,0.0,1.0,3.0,shortcut,"(2,3)",,5
72,P_bc0.5,0.0,0.0,0.0,0.0,1.0,0.0,0.0,0.0,1.0,0.0,0.0,1.0,3.0,shortcut,"(2,3)",,5
73,P_bc0.5,1.0,1.0,13.16293830696572,44.0,0.0,0.0,0.0,0.0,1.0,0.0,0.0,1.0,3.0,shortcut,"(2,3)",7,
74,P_bc0.5,1.0,1.0,13.16293830696572,44.0,0.0,0.0,0.0,0.0,1.0,0.0,0.0,1.0,3.0,shortcut,"(2,3)",7,
75,P_bc0.5,0.0,0.0,0.0,0.0,1.0,0.0,0.0,0.0,1.0,0.0,0.0,1.0,2.0,shortcut,"(2,3)",,4
76,P_bc0.5,0.0,0.0,0.0,0.0,1.0,0.0,0.0,0.0,1.0,0.0,0.0,1.0,1.0,shortcut,"(2,3)",,3
77,P_bc0.5,0.0,0.0,0.0,0.0,1.0,0.0,0.0,0.0,1.0,0.0,0.0,1.0,1.0,shortcut,"(2,3)",,3
78,P_bc0.5,0.0,0.0,0.0,0.0,1.0,0.0,0.0,0.0,1.0,0.0,0.0,1.0,2.0,shortcut,"(2,3)",,4
79,P_bc0.5,0.0,0.0,0.0,0.0,1.0,0.0,0.0,0.0,1.0,0.0,0.0,1.0,2.0,shortcut,"(2,3)",,4
80,P_bc0.5,0.0,0.0,0.0,0.0,1.0,0.0,0.0,0.0,1.0,0.0,0.0,1.0,2.0,shortcut,"(2,3)",,4
81,P_bc0.5,1.0,1.0,13.16293830696572,44.0,0.0,0.0,0.0,0.0,1.0,0.0,0.0,1.0,3.0,shortcut,"(2,3)",7,
82,P_bc0.5,1.0,1.0,13.16293830696572,44.0,0.0,0.0,0.0,0.0,1.0,0.0,0.0,1.0,3.0,shortcut,"(2,3)",7,
83,P_bc0.5,1.0,1.0,13.16293830696572,44.0,0.0,0.0,0.0,0.0,1.0,0.0,0.0,1.0,3.0,shortcut,"(2,3)",7,
84,P_bc0.5,0.0,0.0,0.0,0.0,1.0,0.0,0.0,0.0,1.0,0.0,0.0,1.0,3.0,shortcut,"(2,3)",,5
85,P_bc0.5,1.0,1.0,13.16293830696572,44.0,0.0,0.0,0.0,0.0,1.0,0.0,0.0,1.0,3.0,shortcut,"(2,3)",7,
86,P_bc0.5,0.0,0.0,0.0,0.0,1.0,0.0,0.0,0.0,1.0,0.0,0.0,1.0,2.0,shortcut,"(2,3)",,4
87,P_bc0.5,0.0,0.0,0.0,0.0,1.0,0.0,0.0,0.0,1.0,0.0,0.0,1.0,2.0,shortcut,"(2,3)",,4
88,P_bc0.5,1.0,1.0,13.16293830696572,44.0,0.0,0.0,0.0,0.0,1.0,0.0,0.0,1.0,3.0,shortcut,"(2,3)",7,
89,P_bc0.5,1.0,1.0,13.16293830696572,44.0,0.0,0.0,0.0,0.0,1.0,0.0,0.0,1.0,3.0,shortcut,"(2,3)",7,
90,P_bc0.5,1.0,1.0,13.16293830696572,44.0,0.0,0.0,0.0,0.0,1.0,0.0,0.0,1.0,3.0,shortcut,"(2,3)",7,
91,P_bc0.5,1.0,1.0,13.16293830696572,44.0,0.0,0.0,0.0,0.0,1.0,0.0,0.0,1.0,3.0,shortcut,"(2,3)",7,
92,P_bc0.5,0.0,0.0,0.0,0.0,1.0,0.0,0.0,0.0,1.0,0.0,0.0,1.0,1.0,shortcut,"(2,3)",,3
93,P_bc0.5,0.0,0.0,0.0,0.0,1.0,0.0,0.0,0.0,1.0,0.0,0.0,1.0,1.0,shortcut,"(2,3)",,3
94,P_bc0.5,0.0,0.0,0.0,0.0,1.0,0.0,0.0,0.0,1.0,0.0,0.0,1.0,1.0,shortcut,"(2,3)",,3
95,P_bc0.5,1.0,1.0,13.16293830696572,44.0,0.0,0.0,0.0,0.0,1.0,0.0,0.0,1.0,3.0,shortcut,"(2,3)",7,
96,P_bc0.5,0.0,0.0,0.0,0.0,1.0,0.0,0.0,0.0,1.0,0.0,0.0,1.0,1.0,shortcut,"(2,3)",,3
97,P_bc0.5,0.0,0.0,0.0,0.0,1.0,0.0,0.0,0.0,1.0,0.0,0.0,1.0,3.0,shortcut,"(2,3)",,5
98,P_bc0.5,1.0,1.0,13.16293830696572,44.0,0.0,0.0,0.0,0.0,1.0,0.0,0.0,1.0,3.0,shortcut,"(2,3)",7,
99,P_bc0.5,0.0,0.0,0.0,0.0,1.0,0.0,0.0,0.0,1.0,0.0,0.0,1.0,1.0,shortcut,"(2,3)",,3
100,P_bc0.5,0.0,0.0,0.0,0.0,1.0,0.0,0.0,0.0,1.0,0.0,0.0,1.0,2.0,shortcut,"(2,3)",,4
101,P_bc0.5,0.0,0.0,0.0,0.0,1.0,0.0,0.0,0.0,1.0,0.0,0.0,1.0,1.0,shortcut,"(2,3)",,3
102,P_bc0.5,1.0,1.0,13.16293830696572,44.0,0.0,0.0,0.0,0.0,1.0,0.0,0.0,1.0,3.0,shortcut,"(2,3)",7,
103,P_bc0.5,1.0,1.0,13.16293830696572,44.0,0.0,0.0,0.0,0.0,1.0,0.0,0.0,1.0,3.0,shortcut,"(2,3)",7,
104,P_bc0.5,0.0,0.0,0.0,0.0,1.0,0.0,0.0,0.0,1.0,0.0,0.0,1.0,2.0,shortcut,"(2,3)",,4
105,P_bc0.5,1.0,1.0,13.16293830696572,44.0,0.0,0.0,0.0,0.0,1.0,0.0,0.0,1.0,3.0,shortcut,"(2,3)",7,
106,P_bc0.5,0.0,0.0,0.0,0.0,1.0,0.0,0.0,0.0,1.0,0.0,0.0,1.0,2.0,shortcut,"(2,3)",,4
107,P_bc0.5,1.0,1.0,13.16293830696572,44.0,0.0,0.0,0.0,0.0,1.0,0.0,0.0,1.0,3.0,shortcut,"(2,3)",7,
108,P_bc0.5,1.0,1.0,13.16293830696572,44.0,0.0,0.0,0.0,0.0,1.0,0.0,0.0,1.0,3.0,shortcut,"(2,3)",7,
109,P_bc0.5,1.0,1.0,13.16293830696572,44.0,0.0,0.0,0.0,0.0,1.0,0.0,0.0,1.0,3.0,shortcut,"(2,3)",7,
110,P_bc0.5,1.0,1.0,13.16293830696572,44.0,0.0,0.0,0.0,0.0,1.0,0.0,0.0,1.0,3.0,shortcut,"(2,3)",7,
111,P_bc0.5,0.0,0.0,0.0,0.0,1.0,0.0,0.0,0.0,1.0,0.0,0.0,1.0,1.0,shortcut,"(2,3)",,3
112,P_bc0.5,0.0,0.0,0.0,0.0,1.0,0.0,0.0,0.0,1.0,0.0,0.0,1.0,3.0,shortcut,"(2,3)",,5
113,P_bc0.5,0.0,0.0,0.0,0.0,1.0,0.0,0.0,0.0,1.0,0.0,0.0,1.0,2.0,shortcut,"(2,3)",,4
114,P_bc0.5,0.0,0.0,0.0,0.0,1.0,0.0,0.0,0.0,1.0,0.0,0.0,1.0,2.0,shortcut,"(2,3)",,4
115,P_bc0.5,0.0,0.0,0.0,0.0,1.0,0.0,0.0,0.0,1.0,0.0,0.0,1.0,1.0,shortcut,"(2,3)",,3
116,P_bc0.5,1.0,1.0,13.16293830696572,44.0,0.0,0.0,0.0,0.0,1.0,0.0,0.0,1.0,3.0,shortcut,"(2,3)",7,
117,P_bc0.5,0.0,0.0,0.0,0.0,1.0,0.0,0.0,0.0,1.0,0.0,0.0,1.0,2.0,shortcut,"(2,3)",,4
118,P_bc0.5,1.0,1.0,13.16293830696572,44.0,0.0,0.0,0.0,0.0,1.0,0.0,0.0,1.0,3.0,shortcut,"(2,3)",7,
119,P_bc0.5,0.0,0.0,0.0,0.0,1.0,0.0,0.0,0.0,1.0,0.0,0.0,1.0,1.0,shortcut,"(2,3)",,3
120,P_bc0.5,0.0,0.0,0.0,0.0,1.0,0.0,0.0,0.0,1.0,0.0,0.0,1.0,3.0,shortcut,"(2,3)",,5
121,P_bc0.5,1.0,1.0,13.16293830696572,44.0,0.0,0.0,0.0,0.0,1.0,0.0,0.0,1.0,3.0,shortcut,"(2,3)",7,
122,P_bc0.5,0.0,0.0,0.0,0.0,1.0,0.0,0.0,0.0,1.0,0.0,0.0,1.0,1.0,shortcut,"(2,3)",,3
123,P_bc0.5,0.0,0.0,0.0,0.0,1.0,0.0,0.0,0.0,1.0,0.0,0.0,1.0,3.0,shortcut,"(2,3)",,5
124,P_bc0.5,0.0,0.0,0.0,0.0,1.0,0.0,0.0,0.0,1.0,0.0,0.0,1.0,2.0,shortcut,"(2,3)",,4
125,P_bc0.5,1.0,1.0,13.16293830696572,44.0,0.0,0.0,0.0,0.0,1.0,0.0,0.0,1.0,3.0,shortcut,"(2,3)",7,
126,P_bc0.5,0.0,0.0,0.0,0.0,1.0,0.0,0.0,0.0,1.0,0.0,0.0,1.0,2.0,shortcut,"(2,3)",,4
127,P_bc0.5,1.0,1.0,13.16293830696572,44.0,0.0,0.0,0.0,0.0,1.0,0.0,0.0,1.0,3.0,shortcut,"(2,3)",7,
128,P_bc0.5,1.0,1.0,13.16293830696572,44.0,0.0,0.0,0.0,0.0,1.0,0.0,0.0,1.0,3.0,shortcut,"(2,3)",7,
129,P_bc0.5,1.0,1.0,13.16293830696572,44.0,0.0,0.0,0.0,0.0,1.0,0.0,0.0,1.0,3.0,shortcut,"(2,3)",7,
130,P_bc0.5,0.0,0.0,0.0,0.0,1.0,0.0,0.0,0.0,1.0,0.0,0.0,1.0,1.0,shortcut,"(2,3)",,3
131,P_bc0.5,0.0,0.0,0.0,0.0,1.0,0.0,0.0,0.0,1.0,0.0,0.0,1.0,2.0,shortcut,"(2,3)",,4
132,P_bc0.5,1.0,1.0,13.16293830696572,44.0,0.0,0.0,0.0,0.0,1.0,0.0,0.0,1.0,3.0,shortcut,"(2,3)",7,
133,P_bc0.5,0.0,0.0,0.0,0.0,1.0,0.0,0.0,0.0,1.0,0.0,0.0,1.0,3.0,shortcut,"(2,3)",,5
134,P_bc0.5,0.0,0.0,0.0,0.0,1.0,0.0,0.0,0.0,1.0,0.0,0.0,1.0,2.0,shortcut,"(2,3)",,4
135,P_bc0.5,1.0,1.0,13.16293830696572,44.0,0.0,0.0,0.0,0.0,1.0,0.0,0.0,1.0,3.0,shortcut,"(2,3)",7,
136,P_bc0.5,0.0,0.0,0.0,0.0,1.0,0.0,0.0,0.0,1.0,0.0,0.0,1.0,1.0,shortcut,"(2,3)",,3
137,P_bc0.5,0.0,0.0,0.0,0.0,1.0,0.0,0.0,0.0,1.0,0.0,0.0,1.0,3.0,shortcut,"(2,3)",,5
138,P_bc0.5,0.0,0.0,0.0,0.0,1.0,0.0,0.0,0.0,1.0,0.0,0.0,1.0,3.0,shortcut,"(2,3)",,5
139,P_bc0.5,0.0,0.0,0.0,0.0,1.0,0.0,0.0,0.0,1.0,0.0,0.0,1.0,3.0,shortcut,"(2,3)",,5
140,P_bc0.5,0.0,0.0,0.0,0.0,1.0,0.0,0.0,0.0,1.0,0.0,0.0,1.0,1.0,shortcut,"(2,3)",,3
141,P_bc0.5,0.0,0.0,0.0,0.0,1.0,0.0,0.0,0.0,1.0,0.0,0.0,1.0,2.0,shortcut,"(2,3)",,4
142,P_bc0.5,0.0,0.0,0.0,0.0,1.0,0.0,0.0,0.0,1.0,0.0,0.0,1.0,2.0,shortcut,"(2,3)",,4
143,P_bc0.5,1.0,1.0,13.16293830696572,44.0,0.0,0.0,0.0,0.0,1.0,0.0,0.0,1.0,3.0,shortcut,"(2,3)",7,
144,P_bc0.5,0.0,0.0,0.0,0.0,1.0,0.0,0.0,0.0,1.0,0.0,0.0,1.0,1.0,shortcut,"(2,3)",,3
145,P_bc0.5,1.0,1.0,13.16293830696572,44.0,0.0,0.0,0.0,0.0,1.0,0.0,0.0,1.0,3.0,shortcut,"(2,3)",7,
146,P_bc0.5,1.0,1.0,13.16293830696572,44.0,0.0,0.0,0.0,0.0,1.0,0.0,0.0,1.0,3.0,shortcut,"(2,3)",7,
147,P_bc0.5,0.0,0.0,0.0,0.0,1.0,0.0,0.0,0.0,1.0,0.0,0.0,1.0,2.0,shortcut,"(2,3)",,4
148,P_bc0.5,1.0,1.0,13.16293830696572,44.0,0.0,0.0,0.0,0.0,1.0,0.0,0.0,1.0,3.0,shortcut,"(2,3)",7,
149,P_bc0.5,0.0,0.0,0.0,0.0,1.0,0.0,0.0,0.0,1.0,0.0,0.0,1.0,1.0,shortcut,"(2,3)",,3
150,P_bc0.5,0.0,0.0,0.0,0.0,1.0,0.0,0.0,0.0,1.0,0.0,0.0,1.0,1.0,shortcut,"(2,3)",,3
151,P_bc0.5,0.0,0.0,0.0,0.0,1.0,0.0,0.0,0.0,1.0,0.0,0.0,1.0,2.0,shortcut,"(2,3)",,4
152,P_bc0.5,0.0,0.0,0.0,0.0,1.0,0.0,0.0,0.0,1.0,0.0,0.0,1.0,2.0,shortcut,"(2,3)",,4
153,P_bc0.5,0.0,0.0,0.0,0.0,1.0,0.0,0.0,0.0,1.0,0.0,0.0,1.0,3.0,shortcut,"(2,3)",,5
154,P_bc0.5,0.0,0.0,0.0,0.0,1.0,0.0,0.0,0.0,1.0,0.0,0.0,1.0,1.0,shortcut,"(2,3)",,3
155,P_bc0.5,0.0,0.0,0.0,0.0,1.0,0.0,0.0,0.0,1.0,0.0,0.0,1.0,1.0,shortcut,"(2,3)",,3
156,P_bc0.5,0.0,0.0,0.0,0.0,1.0,0.0,0.0,0.0,1.0,0.0,0.0,1.0,2.0,shortcut,"(2,3)",,4
157,P_bc0.5,0.0,0.0,0.0,0.0,1.0,0.0,0.0,0.0,1.0,0.0,0.0,1.0,2.0,shortcut,"(2,3)",,4
158,P_bc0.5,0.0,0.0,0.0,0.0,1.0,0.0,0.0,0.0,1.0,0.0,0.0,1.0,2.0,shortcut,"(2,3)",,4
159,P_bc0.5,1.0,1.0,13.16293830696572,44.0,0.0,0.0,0.0,0.0,1.0,0.0,0.0,1.0,3.0,shortcut,"(2,3)",7,
160,P_bc0.5,0.0,0.0,0.0,0.0,1.0,0.0,0.0,0.0,1.0,0.0,0.0,1.0,1.0,shortcut,"(2,3)",,3
161,P_bc0.5,0.0,0.0,0.0,0.0,1.0,0.0,0.0,0.0,1.0,0.0,0.0,1.0,2.0,shortcut,"(2,3)",,4
162,P_bc0.5,0.0,0.0,0.0,0.0,1.0,0.0,0.0,0.0,1.0,0.0,0.0,1.0,1.0,shortcut,"(2,3)",,3
163,P_bc0.5,1.0,1.0,13.16293830696572,44.0,0.0,0.0,0.0,0.0,1.0,0.0,0.0,1.0,3.0,shortcut,"(2,3)",7,
164,P_bc0.5,0.0,0.0,0.0,0.0,1.0,0.0,0.0,0.0,1.0,0.0,0.0,1.0,2.0,shortcut,"(2,3)",,4
165,P_bc0.5,0.0,0.0,0.0,0.0,1.0,0.0,0.0,0.0,1.0,0.0,0.0,1.0,1.0,shortcut,"(2,3)",,3
166,P_bc0.5,0.0,0.0,0.0,0.0,1.0,0.0,0.0,0.0,1.0,0.0,0.0,1.0,1.0,shortcut,"(2,3)",,3
167,P_bc0.5,0.0,0.0,0.0,0.0,1.0,0.0,0.0,0.0,1.0,0.0,0.0,1.0,1.0,shortcut,"(2,3)",,3
168,P_bc0.5,0.0,0.0,0.0,0.0,1.0,0.0,0.0,0.0,1.0,0.0,0.0,1.0,1.0,shortcut,"(2,3)",,3
169,P_bc0.5,0.0,0.0,0.0,0.0,1.0,0.0,0.0,0.0,1.0,0.0,0.0,1.0,2.0,shortcut,"(2,3)",,4
170,P_bc0.5,1.0,1.0,13.16293830696572,44.0,0.0,0.0,0.0,0.0,1.0,0.0,0.0,1.0,3.0,shortcut,"(2,3)",7,
171,P_bc0.5,1.0,1.0,13.16293830696572,44.0,0.0,0.0,0.0,0.0,1.0,0.0,0.0,1.0,3.0,shortcut,"(2,3)",7,
172,P_bc0.5,0.0,0.0,0.0,0.0,1.0,0.0,0.0,0.0,1.0,0.0,0.0,1.0,2.0,shortcut,"(2,3)",,4
173,P_bc0.5,0.0,0.0,0.0,0.0,1.0,0.0,0.0,0.0,1.0,0.0,0.0,1.0,1.0,shortcut,"(2,3)",,3
174,P_bc0.5,1.0,1.0,13.16293830696572,44.0,0.0,0.0,0.0,0.0,1.0,0.0,0.0,1.0,3.0,shortcut,"(2,3)",7,
175,P_bc0.5,0.0,0.0,0.0,0.0,1.0,0.0,0.0,0.0,1.0,0.0,0.0,1.0,1.0,shortcut,"(2,3)",,3
176,P_bc0.5,1.0,1.0,13.16293830696572,44.0,0.0,0.0,0.0,0.0,1.0,0.0,0.0,1.0,3.0,shortcut,"(2,3)",7,
177,P_bc0.5,0.0,0.0,0.0,0.0,1.0,0.0,0.0,0.0,1.0,0.0,0.0,1.0,2.0,shortcut,"(2,3)",,4
178,P_bc0.5,1.0,1.0,13.16293830696572,44.0,0.0,0.0,0.0,0.0,1.0,0.0,0.0,1.0,3.0,shortcut,"(2,3)",7,
179,P_bc0.5,0.0,0.0,0.0,0.0,1.0,0.0,0.0,0.0,1.0,0.0,0.0,1.0,2.0,shortcut,"(2,3)",,4
180,P_bc0.5,0.0,0.0,0.0,0.0,1.0,0.0,0.0,0.0,1.0,0.0,0.0,1.0,1.0,shortcut,"(2,3)",,3
181,P_bc0.5,1.0,1.0,13.16293830696572,44.0,0.0,0.0,0.0,0.0,1.0,0.0,0.0,1.0,3.0,shortcut,"(2,3)",7,
182,P_bc0.5,0.0,0.0,0.0,0.0,1.0,0.0,0.0,0.0,1.0,0.0,0.0,1.0,3.0,shortcut,"(2,3)",,5
183,P_bc0.5,0.0,0.0,0.0,0.0,1.0,0.0,0.0,0.0,1.0,0.0,0.0,1.0,2.0,shortcut,"(2,3)",,4
184,P_bc0.5,1.0,1.0,13.16293830696572,44.0,0.0,0.0,0.0,0.0,1.0,0.0,0.0,1.0,3.0,shortcut,"(2,3)",7,
185,P_bc0.5,0.0,0.0,0.0,0.0,1.0,0.0,0.0,0.0,1.0,0.0,0.0,1.0,1.0,shortcut,"(2,3)",,3
186,P_bc0.5,1.0,1.0,13.16293830696572,44.0,0.0,0.0,0.0,0.0,1.0,0.0,0.0,1.0,3.0,shortcut,"(2,3)",7,
187,P_bc0.5,1.0,1.0,13.16293830696572,44.0,0.0,0.0,0.0,0.0,1.0,0.0,0.0,1.0,3.0,shortcut,"(2,3)",7,
188,P_bc0.5,1.0,1.0,13.16293830696572,44.0,0.0,0.0,0.0,0.0,1.0,0.0,0.0,1.0,3.0,shortcut,"(2,3)",7,
189,P_bc0.5,0.0,0.0,0.0,0.0,1.0,0.0,0.0,0.0,1.0,0.0,0.0,1.0,1.0,shortcut,"(2,3)",,3
190,P_bc0.5,0.0,0.0,0.0,0.0,1.0,0.0,0.0,0.0,1.0,0.0,0.0,1.0,2.0,shortcut,"(2,3)",,4
191,P_bc0.5,1.0,1.0,13.16293830696572,44.0,0.0,0.0,0.0,0.0,1.0,0.0,0.0,1.0,3.0,shortcut,"(2,3)",7,
192,P_bc0.5,1.0,1.0,13.16293830696572,44.0,0.0,0.0,0.0,0.0,1.0,0.0,0.0,1.0,3.0,shortcut,"(2,3)",7,
193,P_bc0.5,0.0,0.0,0.0,0.0,1.0,0.0,0.0,0.0,1.0,0.0,0.0,1.0,2.0,shortcut,"(2,3)",,4
194,P_bc0.5,0.0,0.0,0.0,0.0,1.0,0.0,0.0,0.0,1.0,0.0,0.0,1.0,2.0,shortcut,"(2,3)",,4
195,P_bc0.5,1.0,1.0,13.16293830696572,44.0,0.0,0.0,0.0,0.0,1.0,0.0,0.0,1.0,3.0,shortcut,"(2,3)",7,
196,P_bc0.5,0.0,0.0,0.0,0.0,1.0,0.0,0.0,0.0,1.0,0.0,0.0,1.0,1.0,shortcut,"(2,3)",,3
197,P_bc0.5,0.0,0.0,0.0,0.0,1.0,0.0,0.0,0.0,1.0,0.0,0.0,1.0,1.0,shortcut,"(2,3)",,3
198,P_bc0.5,0.0,0.0,0.0,0.0,1.0,0.0,0.0,0.0,1.0,0.0,0.0,1.0,3.0,shortcut,"(2,3)",,5
199,P_bc0.5,0.0,0.0,0.0,0.0,1.0,0.0,0.0,0.0,1.0,0.0,0.0,1.0,1.0,shortcut,"(2,3)",,3
0,P_bc0.2,0.0,0.0,0.0,0.0,1.0,0.0,0.0,0.0,1.0,0.0,0.0,1.0,3.0,shortcut,"(2,3)",,5
1,P_bc0.2,1.0,1.0,11.72950912024697,42.0,0.0,1.0,1.0,1.0,0.0,0.0,1.0,0.0,0.0,lower,"(1,2)",9,
2,P_bc0.2,1.0,1.0,11.72950912024697,42.0,0.0,1.0,1.0,1.0,0.0,0.0,1.0,0.0,0.0,lower,"(1,2)",9,
3,P_bc0.2,1.0,1.0,11.72950912024697,42.0,0.0,1.0,1.0,1.0,0.0,0.0,1.0,0.0,0.0,lower,"(1,2)",9,
4,P_bc0.2,1.0,1.0,11.72950912024697,42.0,0.0,1.0,1.0,1.0,0.0,0.0,1.0,0.0,0.0,lower,"(1,2)",9,
5,P_bc0.2,1.0,1.0,11.72950912024697,42.0,0.0,1.0,1.0,1.0,0.0,0.0,1.0,0.0,0.0,lower,"(1,2)",9,
6,P_bc0.2,1.0,1.0,11.72950912024697,42.0,0.0,1.0,1.0,1.0,0.0,0.0,1.0,0.0,0.0,lower,"(1,2)",9,
7,P_bc0.2,0.0,0.0,0.0,0.0,1.0,0.0,0.0,0.0,1.0,0.0,0.0,1.0,3.0,shortcut,"(2,3)",,5
8,P_bc0.2,1.0,1.0,11.72950912024697,42.0,0.0,1.0,1.0,1.0,0.0,0.0,1.0,0.0,0.0,lower,"(1,2)",9,
9,P_bc0.2,1.0,1.0,13.16293830696572,44.0,0.0,0.0,0.0,0.0,1.0,0.0,0.0,1.0,3.0,shortcut,"(2,3)",7,
10,P_bc0.2,1.0,1.0,11.72950912024697,42.0,0.0,1.0,1.0,1.0,0.0,0.0,1.0,0.0,0.0,lower,"(1,2)",9,
11,P_bc0.2,0.0,0.0,0.0,0.0,1.0,0.0,0.0,0.0,1.0,0.0,0.0,1.0,2.0,shortcut,"(2,3)",,4
12,P_bc0.2,1.0,1.0,11.72950912024697,42.0,0.0,1.0,1.0,1.0,0.0,0.0,1.0,0.0,0.0,lower,"(1,2)",9,
13,P_bc0.2,1.0,1.0,11.72950912024697,42.0,0.0,1.0,1.0,1.0,0.0,0.0,1.0,0.0,0.0,lower,"(1,2)",9,
14,P_bc0.2,1.0,1.0,11.72950912024697,42.0,0.0,1.0,1.0,1.0,0.0,0.0,1.0,0.0,0.0,lower,"(1,2)",9,
15,P_bc0.2,1.0,1.0,13.16293830696572,44.0,0.0,0.0,0.0,0.0,1.0,0.0,0.0,1.0,3.0,shortcut,"(2,3)",7,
16,P_bc0.2,1.0,1.0,11.72950912024697,42.0,0.0,1.0,1.0,1.0,0.0,0.0,1.0,0.0,0.0,lower,"(1,2)",9,
17,P_bc0.2,1.0,1.0,11.72950912024697,42.0,0.0,1.0,1.0,1.0,0.0,0.0,1.0,0.0,0.0,lower,"(1,2)",9,
18,P_bc0.2,1.0,1.0,11.72950912024697,42.0,0.0,1.0,1.0,1.0,0.0,0.0,1.0,0.0,0.0,lower,"(1,2)",9,
19,P_bc0.2,1.0,1.0,11.72950912024697,42.0,0.0,1.0,1.0,1.0,0.0,0.0,1.0,0.0,0.0,lower,"(1,2)",9,
20,P_bc0.2,1.0,1.0,11.72950912024697,42.0,0.0,1.0,1.0,1.0,0.0,0.0,1.0,0.0,0.0,lower,"(1,2)",9,
21,P_bc0.2,0.0,0.0,0.0,0.0,1.0,0.0,0.0,0.0,1.0,0.0,0.0,1.0,3.0,shortcut,"(2,3)",,5
22,P_bc0.2,1.0,1.0,11.72950912024697,42.0,0.0,1.0,1.0,1.0,0.0,0.0,1.0,0.0,0.0,lower,"(1,2)",9,
23,P_bc0.2,1.0,1.0,13.16293830696572,44.0,0.0,0.0,0.0,0.0,1.0,0.0,0.0,1.0,3.0,shortcut,"(2,3)",7,
24,P_bc0.2,1.0,1.0,11.72950912024697,42.0,0.0,1.0,1.0,1.0,0.0,0.0,1.0,0.0,0.0,lower,"(1,2)",9,
25,P_bc0.2,1.0,1.0,11.72950912024697,42.0,0.0,1.0,1.0,1.0,0.0,0.0,1.0,0.0,0.0,lower,"(1,2)",9,
26,P_bc0.2,1.0,1.0,11.72950912024697,42.0,0.0,1.0,1.0,1.0,0.0,0.0,1.0,0.0,0.0,lower,"(1,2)",9,
27,P_bc0.2,1.0,1.0,11.72950912024697,42.0,0.0,1.0,1.0,1.0,0.0,0.0,1.0,0.0,0.0,lower,"(1,2)",9,
28,P_bc0.2,1.0,1.0,11.72950912024697,42.0,0.0,1.0,1.0,1.0,0.0,0.0,1.0,0.0,0.0,lower,"(1,2)",9,
29,P_bc0.2,1.0,1.0,11.72950912024697,42.0,0.0,1.0,1.0,1.0,0.0,0.0,1.0,0.0,0.0,lower,"(1,2)",9,
30,P_bc0.2,1.0,1.0,11.72950912024697,42.0,0.0,1.0,1.0,1.0,0.0,0.0,1.0,0.0,0.0,lower,"(1,2)",9,
31,P_bc0.2,1.0,1.0,11.72950912024697,42.0,0.0,1.0,1.0,1.0,0.0,0.0,1.0,0.0,0.0,lower,"(1,2)",9,
32,P_bc0.2,1.0,1.0,11.72950912024697,42.0,0.0,1.0,1.0,1.0,0.0,0.0,1.0,0.0,0.0,lower,"(1,2)",9,
33,P_bc0.2,1.0,1.0,11.72950912024697,42.0,0.0,1.0,1.0,1.0,0.0,0.0,1.0,0.0,0.0,lower,"(1,2)",9,
34,P_bc0.2,1.0,1.0,11.72950912024697,42.0,0.0,1.0,1.0,1.0,0.0,0.0,1.0,0.0,0.0,lower,"(1,2)",9,
35,P_bc0.2,0.0,0.0,0.0,0.0,1.0,0.0,0.0,0.0,1.0,0.0,0.0,1.0,3.0,shortcut,"(2,3)",,5
36,P_bc0.2,1.0,1.0,11.72950912024697,42.0,0.0,1.0,1.0,1.0,0.0,0.0,1.0,0.0,0.0,lower,"(1,2)",9,
37,P_bc0.2,1.0,1.0,11.72950912024697,42.0,0.0,1.0,1.0,1.0,0.0,0.0,1.0,0.0,0.0,lower,"(1,2)",9,
38,P_bc0.2,0.0,0.0,0.0,0.0,1.0,0.0,0.0,0.0,1.0,0.0,0.0,1.0,3.0,shortcut,"(2,3)",,5
39,P_bc0.2,1.0,1.0,11.72950912024697,42.0,0.0,1.0,1.0,1.0,0.0,0.0,1.0,0.0,0.0,lower,"(1,2)",9,
40,P_bc0.2,1.0,1.0,11.72950912024697,42.0,0.0,1.0,1.0,1.0,0.0,0.0,1.0,0.0,0.0,lower,"(1,2)",9,
41,P_bc0.2,1.0,1.0,11.72950912024697,42.0,0.0,1.0,1.0,1.0,0.0,0.0,1.0,0.0,0.0,lower,"(1,2)",9,
42,P_bc0.2,0.0,0.0,0.0,0.0,1.0,0.0,0.0,0.0,1.0,0.0,0.0,1.0,2.0,shortcut,"(2,3)",,4
43,P_bc0.2,1.0,1.0,11.72950912024697,42.0,0.0,1.0,1.0,1.0,0.0,0.0,1.0,0.0,0.0,lower,"(1,2)",9,
44,P_bc0.2,1.0,1.0,11.72950912024697,42.0,0.0,1.0,1.0,1.0,0.0,0.0,1.0,0.0,0.0,lower,"(1,2)",9,
45,P_bc0.2,1.0,1.0,11.72950912024697,42.0,0.0,1.0,1.0,1.0,0.0,0.0,1.0,0.0,0.0,lower,"(1,2)",9,
46,P_bc0.2,1.0,1.0,11.72950912024697,42.0,0.0,1.0,1.0,1.0,0.0,0.0,1.0,0.0,0.0,lower,"(1,2)",9,
47,P_bc0.2,1.0,1.0,11.72950912024697,42.0,0.0,1.0,1.0,1.0,0.0,0.0,1.0,0.0,0.0,lower,"(1,2)",9,
48,P_bc0.2,1.0,1.0,11.72950912024697,42.0,0.0,1.0,1.0,1.0,0.0,0.0,1.0,0.0,0.0,lower,"(1,2)",9,
49,P_bc0.2,1.0,1.0,11.72950912024697,42.0,0.0,1.0,1.0,1.0,0.0,0.0,1.0,0.0,0.0,lower,"(1,2)",9,
50,P_bc0.2,1.0,1.0,11.72950912024697,42.0,0.0,1.0,1.0,1.0,0.0,0.0,1.0,0.0,0.0,lower,"(1,2)",9,
51,P_bc0.2,1.0,1.0,13.16293830696572,44.0,0.0,0.0,0.0,0.0,1.0,0.0,0.0,1.0,3.0,shortcut,"(2,3)",7,
52,P_bc0.2,1.0,1.0,11.72950912024697,42.0,0.0,1.0,1.0,1.0,0.0,0.0,1.0,0.0,0.0,lower,"(1,2)",9,
53,P_bc0.2,1.0,1.0,11.72950912024697,42.0,0.0,1.0,1.0,1.0,0.0,0.0,1.0,0.0,0.0,lower,"(1,2)",9,
54,P_bc0.2,1.0,1.0,11.72950912024697,42.0,0.0,1.0,1.0,1.0,0.0,0.0,1.0,0.0,0.0,lower,"(1,2)",9,
55,P_bc0.2,1.0,1.0,11.72950912024697,42.0,0.0,1.0,1.0,1.0,0.0,0.0,1.0,0.0,0.0,lower,"(1,2)",9,
56,P_bc0.2,0.0,0.0,0.0,0.0,1.0,0.0,0.0,0.0,1.0,0.0,0.0,1.0,2.0,shortcut,"(2,3)",,4
57,P_bc0.2,1.0,1.0,11.72950912024697,42.0,0.0,1.0,1.0,1.0,0.0,0.0,1.0,0.0,0.0,lower,"(1,2)",9,
58,P_bc0.2,1.0,1.0,11.72950912024697,42.0,0.0,1.0,1.0,1.0,0.0,0.0,1.0,0.0,0.0,lower,"(1,2)",9,
59,P_bc0.2,1.0,1.0,11.72950912024697,42.0,0.0,1.0,1.0,1.0,0.0,0.0,1.0,0.0,0.0,lower,"(1,2)",9,
60,P_bc0.2,1.0,1.0,11.72950912024697,42.0,0.0,1.0,1.0,1.0,0.0,0.0,1.0,0.0,0.0,lower,"(1,2)",9,
61,P_bc0.2,1.0,1.0,11.72950912024697,42.0,0.0,1.0,1.0,1.0,0.0,0.0,1.0,0.0,0.0,lower,"(1,2)",9,
62,P_bc0.2,1.0,1.0,11.72950912024697,42.0,0.0,1.0,1.0,1.0,0.0,0.0,1.0,0.0,0.0,lower,"(1,2)",9,
63,P_bc0.2,1.0,1.0,11.72950912024697,42.0,0.0,1.0,1.0,1.0,0.0,0.0,1.0,0.0,0.0,lower,"(1,2)",9,
64,P_bc0.2,1.0,1.0,11.72950912024697,42.0,0.0,1.0,1.0,1.0,0.0,0.0,1.0,0.0,0.0,lower,"(1,2)",9,
65,P_bc0.2,1.0,1.0,11.72950912024697,42.0,0.0,1.0,1.0,1.0,0.0,0.0,1.0,0.0,0.0,lower,"(1,2)",9,
66,P_bc0.2,1.0,1.0,11.72950912024697,42.0,0.0,1.0,1.0,1.0,0.0,0.0,1.0,0.0,0.0,lower,"(1,2)",9,
67,P_bc0.2,1.0,1.0,11.72950912024697,42.0,0.0,1.0,1.0,1.0,0.0,0.0,1.0,0.0,0.0,lower,"(1,2)",9,
68,P_bc0.2,1.0,1.0,13.16293830696572,44.0,0.0,0.0,0.0,0.0,1.0,0.0,0.0,1.0,3.0,shortcut,"(2,3)",7,
69,P_bc0.2,1.0,1.0,11.72950912024697,42.0,0.0,1.0,1.0,1.0,0.0,0.0,1.0,0.0,0.0,lower,"(1,2)",9,
70,P_bc0.2,1.0,1.0,11.72950912024697,42.0,0.0,1.0,1.0,1.0,0.0,0.0,1.0,0.0,0.0,lower,"(1,2)",9,
71,P_bc0.2,1.0,1.0,11.72950912024697,42.0,0.0,1.0,1.0,1.0,0.0,0.0,1.0,0.0,0.0,lower,"(1,2)",9,
72,P_bc0.2,0.0,0.0,0.0,0.0,1.0,0.0,0.0,0.0,1.0,0.0,0.0,1.0,3.0,shortcut,"(2,3)",,5
73,P_bc0.2,1.0,1.0,11.72950912024697,42.0,0.0,1.0,1.0,1.0,0.0,0.0,1.0,0.0,0.0,lower,"(1,2)",9,
74,P_bc0.2,1.0,1.0,11.72950912024697,42.0,0.0,1.0,1.0,1.0,0.0,0.0,1.0,0.0,0.0,lower,"(1,2)",9,
75,P_bc0.2,1.0,1.0,11.72950912024697,42.0,0.0,1.0,1.0,1.0,0.0,0.0,1.0,0.0,0.0,lower,"(1,2)",9,
76,P_bc0.2,0.0,0.0,0.0,0.0,1.0,0.0,0.0,0.0,1.0,0.0,0.0,1.0,1.0,shortcut,"(2,3)",,3
77,P_bc0.2,0.0,0.0,0.0,0.0,1.0,0.0,0.0,0.0,1.0,0.0,0.0,1.0,1.0,shortcut,"(2,3)",,3
78,P_bc0.2,1.0,1.0,11.72950912024697,42.0,0.0,1.0,1.0,1.0,0.0,0.0,1.0,0.0,0.0,lower,"(1,2)",9,
79,P_bc0.2,1.0,1.0,11.72950912024697,42.0,0.0,1.0,1.0,1.0,0.0,0.0,1.0,0.0,0.0,lower,"(1,2)",9,
80,P_bc0.2,0.0,0.0,0.0,0.0,1.0,0.0,0.0,0.0,1.0,0.0,0.0,1.0,2.0,shortcut,"(2,3)",,4
81,P_bc0.2,1.0,1.0,11.72950912024697,42.0,0.0,1.0,1.0,1.0,0.0,0.0,1.0,0.0,0.0,lower,"(1,2)",9,
82,P_bc0.2,1.0,1.0,13.16293830696572,44.0,0.0,0.0,0.0,0.0,1.0,0.0,0.0,1.0,3.0,shortcut,"(2,3)",7,
83,P_bc0.2,1.0,1.0,11.72950912024697,42.0,0.0,1.0,1.0,1.0,0.0,0.0,1.0,0.0,0.0,lower,"(1,2)",9,
84,P_bc0.2,1.0,1.0,11.72950912024697,42.0,0.0,1.0,1.0,1.0,0.0,0.0,1.0,0.0,0.0,lower,"(1,2)",9,
85,P_bc0.2,1.0,1.0,11.72950912024697,42.0,0.0,1.0,1.0,1.0,0.0,0.0,1.0,0.0,0.0,lower,"(1,2)",9,
86,P_bc0.2,1.0,1.0,11.72950912024697,42.0,0.0,1.0,1.0,1.0,0.0,0.0,1.0,0.0,0.0,lower,"(1,2)",9,
87,P_bc0.2,1.0,1.0,11.72950912024697,42.0,0.0,1.0,1.0,1.0,0.0,0.0,1.0,0.0,0.0,lower,"(1,2)",9,
88,P_bc0.2,1.0,1.0,13.16293830696572,44.0,0.0,0.0,0.0,0.0,1.0,0.0,0.0,1.0,3.0,shortcut,"(2,3)",7,
89,P_bc0.2,1.0,1.0,11.72950912024697,42.0,0.0,1.0,1.0,1.0,0.0,0.0,1.0,0.0,0.0,lower,"(1,2)",9,
90,P_bc0.2,1.0,1.0,13.16293830696572,44.0,0.0,0.0,0.0,0.0,1.0,0.0,0.0,1.0,3.0,shortcut,"(2,3)",7,
91,P_bc0.2,1.0,1.0,11.72950912024697,42.0,0.0,1.0,1.0,1.0,0.0,0.0,1.0,0.0,0.0,lower,"(1,2)",9,
92,P_bc0.2,1.0,1.0,11.72950912024697,42.0,0.0,1.0,1.0,1.0,0.0,0.0,1.0,0.0,0.0,lower,"(1,2)",9,
93,P_bc0.2,1.0,1.0,11.72950912024697,42.0,0.0,1.0,1.0,1.0,0.0,0.0,1.0,0.0,0.0,lower,"(1,2)",9,
94,P_bc0.2,0.0,0.0,0.0,0.0,1.0,0.0,0.0,0.0,1.0,0.0,0.0,1.0,1.0,shortcut,"(2,3)",,3
95,P_bc0.2,1.0,1.0,13.16293830696572,44.0,0.0,0.0,0.0,0.0,1.0,0.0,0.0,1.0,3.0,shortcut,"(2,3)",7,
96,P_bc0.2,1.0,1.0,11.72950912024697,42.0,0.0,1.0,1.0,1.0,0.0,0.0,1.0,0.0,0.0,lower,"(1,2)",9,
97,P_bc0.2,1.0,1.0,11.72950912024697,42.0,0.0,1.0,1.0,1.0,0.0,0.0,1.0,0.0,0.0,lower,"(1,2)",9,
98,P_bc0.2,1.0,1.0,11.72950912024697,42.0,0.0,1.0,1.0,1.0,0.0,0.0,1.0,0.0,0.0,lower,"(1,2)",9,
99,P_bc0.2,1.0,1.0,11.72950912024697,42.0,0.0,1.0,1.0,1.0,0.0,0.0,1.0,0.0,0.0,lower,"(1,2)",9,
100,P_bc0.2,1.0,1.0,11.72950912024697,42.0,0.0,1.0,1.0,1.0,0.0,0.0,1.0,0.0,0.0,lower,"(1,2)",9,
101,P_bc0.2,1.0,1.0,11.72950912024697,42.0,0.0,1.0,1.0,1.0,0.0,0.0,1.0,0.0,0.0,lower,"(1,2)",9,
102,P_bc0.2,1.0,1.0,11.72950912024697,42.0,0.0,1.0,1.0,1.0,0.0,0.0,1.0,0.0,0.0,lower,"(1,2)",9,
103,P_bc0.2,1.0,1.0,11.72950912024697,42.0,0.0,1.0,1.0,1.0,0.0,0.0,1.0,0.0,0.0,lower,"(1,2)",9,
104,P_bc0.2,1.0,1.0,11.72950912024697,42.0,0.0,1.0,1.0,1.0,0.0,0.0,1.0,0.0,0.0,lower,"(1,2)",9,
105,P_bc0.2,1.0,1.0,11.72950912024697,42.0,0.0,1.0,1.0,1.0,0.0,0.0,1.0,0.0,0.0,lower,"(1,2)",9,
106,P_bc0.2,1.0,1.0,11.72950912024697,42.0,0.0,1.0,1.0,1.0,0.0,0.0,1.0,0.0,0.0,lower,"(1,2)",9,
107,P_bc0.2,1.0,1.0,11.72950912024697,42.0,0.0,1.0,1.0,1.0,0.0,0.0,1.0,0.0,0.0,lower,"(1,2)",9,
108,P_bc0.2,1.0,1.0,13.16293830696572,44.0,0.0,0.0,0.0,0.0,1.0,0.0,0.0,1.0,3.0,shortcut,"(2,3)",7,
109,P_bc0.2,1.0,1.0,11.72950912024697,42.0,0.0,1.0,1.0,1.0,0.0,0.0,1.0,0.0,0.0,lower,"(1,2)",9,
110,P_bc0.2,1.0,1.0,11.72950912024697,42.0,0.0,1.0,1.0,1.0,0.0,0.0,1.0,0.0,0.0,lower,"(1,2)",9,
111,P_bc0.2,1.0,1.0,11.72950912024697,42.0,0.0,1.0,1.0,1.0,0.0,0.0,1.0,0.0,0.0,lower,"(1,2)",9,
112,P_bc0.2,1.0,1.0,11.72950912024697,42.0,0.0,1.0,1.0,1.0,0.0,0.0,1.0,0.0,0.0,lower,"(1,2)",9,
113,P_bc0.2,1.0,1.0,11.72950912024697,42.0,0.0,1.0,1.0,1.0,0.0,0.0,1.0,0.0,0.0,lower,"(1,2)",9,
114,P_bc0.2,1.0,1.0,11.72950912024697,42.0,0.0,1.0,1.0,1.0,0.0,0.0,1.0,0.0,0.0,lower,"(1,2)",9,
115,P_bc0.2,1.0,1.0,11.72950912024697,42.0,0.0,1.0,1.0,1.0,0.0,0.0,1.0,0.0,0.0,lower,"(1,2)",9,
116,P_bc0.2,1.0,1.0,11.72950912024697,42.0,0.0,1.0,1.0,1.0,0.0,0.0,1.0,0.0,0.0,lower,"(1,2)",9,
117,P_bc0.2,1.0,1.0,11.72950912024697,42.0,0.0,1.0,1.0,1.0,0.0,0.0,1.0,0.0,0.0,lower,"(1,2)",9,
118,P_bc0.2,1.0,1.0,11.72950912024697,42.0,0.0,1.0,1.0,1.0,0.0,0.0,1.0,0.0,0.0,lower,"(1,2)",9,
119,P_bc0.2,1.0,1.0,11.72950912024697,42.0,0.0,1.0,1.0,1.0,0.0,0.0,1.0,0.0,0.0,lower,"(1,2)",9,
120,P_bc0.2,1.0,1.0,11.72950912024697,42.0,0.0,1.0,1.0,1.0,0.0,0.0,1.0,0.0,0.0,lower,"(1,2)",9,
121,P_bc0.2,1.0,1.0,11.72950912024697,42.0,0.0,1.0,1.0,1.0,0.0,0.0,1.0,0.0,0.0,lower,"(1,2)",9,
122,P_bc0.2,1.0,1.0,11.72950912024697,42.0,0.0,1.0,1.0,1.0,0.0,0.0,1.0,0.0,0.0,lower,"(1,2)",9,
123,P_bc0.2,1.0,1.0,11.72950912024697,42.0,0.0,1.0,1.0,1.0,0.0,0.0,1.0,0.0,0.0,lower,"(1,2)",9,
124,P_bc0.2,1.0,1.0,11.72950912024697,42.0,0.0,1.0,1.0,1.0,0.0,0.0,1.0,0.0,0.0,lower,"(1,2)",9,
125,P_bc0.2,1.0,1.0,11.72950912024697,42.0,0.0,1.0,1.0,1.0,0.0,0.0,1.0,0.0,0.0,lower,"(1,2)",9,
126,P_bc0.2,0.0,0.0,0.0,0.0,1.0,0.0,0.0,0.0,1.0,0.0,0.0,1.0,2.0,shortcut,"(2,3)",,4
127,P_bc0.2,1.0,1.0,11.72950912024697,42.0,0.0,1.0,1.0,1.0,0.0,0.0,1.0,0.0,0.0,lower,"(1,2)",9,
128,P_bc0.2,1.0,1.0,11.72950912024697,42.0,0.0,1.0,1.0,1.0,0.0,0.0,1.0,0.0,0.0,lower,"(1,2)",9,
129,P_bc0.2,1.0,1.0,11.72950912024697,42.0,0.0,1.0,1.0,1.0,0.0,0.0,1.0,0.0,0.0,lower,"(1,2)",9,
130,P_bc0.2,1.0,1.0,11.72950912024697,42.0,0.0,1.0,1.0,1.0,0.0,0.0,1.0,0.0,0.0,lower,"(1,2)",9,
131,P_bc0.2,1.0,1.0,11.72950912024697,42.0,0.0,1.0,1.0,1.0,0.0,0.0,1.0,0.0,0.0,lower,"(1,2)",9,
132,P_bc0.2,1.0,1.0,13.16293830696572,44.0,0.0,0.0,0.0,0.0,1.0,0.0,0.0,1.0,3.0,shortcut,"(2,3)",7,
133,P_bc0.2,0.0,0.0,0.0,0.0,1.0,0.0,0.0,0.0,1.0,0.0,0.0,1.0,3.0,shortcut,"(2,3)",,5
134,P_bc0.2,0.0,0.0,0.0,0.0,1.0,0.0,0.0,0.0,1.0,0.0,0.0,1.0,2.0,shortcut,"(2,3)",,4
135,P_bc0.2,1.0,1.0,11.72950912024697,42.0,0.0,1.0,1.0,1.0,0.0,0.0,1.0,0.0,0.0,lower,"(1,2)",9,
136,P_bc0.2,1.0,1.0,11.72950912024697,42.0,0.0,1.0,1.0,1.0,0.0,0.0,1.0,0.0,0.0,lower,"(1,2)",9,
137,P_bc0.2,1.0,1.0,11.72950912024697,42.0,0.0,1.0,1.0,1.0,0.0,0.0,1.0,0.0,0.0,lower,"(1,2)",9,
138,P_bc0.2,1.0,1.0,11.72950912024697,42.0,0.0,1.0,1.0,1.0,0.0,0.0,1.0,0.0,0.0,lower,"(1,2)",9,
139,P_bc0.2,1.0,1.0,11.72950912024697,42.0,0.0,1.0,1.0,1.0,0.0,0.0,1.0,0.0,0.0,lower,"(1,2)",9,
140,P_bc0.2,1.0,1.0,11.72950912024697,42.0,0.0,1.0,1.0,1.0,0.0,0.0,1.0,0.0,0.0,lower,"(1,2)",9,
141,P_bc0.2,1.0,1.0,11.72950912024697,42.0,0.0,1.0,1.0,1.0,0.0,0.0,1.0,0.0,0.0,lower,"(1,2)",9,
142,P_bc0.2,1.0,1.0,11.72950912024697,42.0,0.0,1.0,1.0,1.0,0.0,0.0,1.0,0.0,0.0,lower,"(1,2)",9,
143,P_bc0.2,1.0,1.0,11.72950912024697,42.0,0.0,1.0,1.0,1.0,0.0,0.0,1.0,0.0,0.0,lower,"(1,2)",9,
144,P_bc0.2,0.0,0.0,0.0,0.0,1.0,0.0,0.0,0.0,1.0,0.0,0.0,1.0,1.0,shortcut,"(2,3)",,3
145,P_bc0.2,1.0,1.0,11.72950912024697,42.0,0.0,1.0,1.0,1.0,0.0,0.0,1.0,0.0,0.0,lower,"(1,2)",9,
146,P_bc0.2,1.0,1.0,13.16293830696572,44.0,0.0,0.0,0.0,0.0,1.0,0.0,0.0,1.0,3.0,shortcut,"(2,3)",7,
147,P_bc0.2,1.0,1.0,11.72950912024697,42.0,0.0,1.0,1.0,1.0,0.0,0.0,1.0,0.0,0.0,lower,"(1,2)",9,
148,P_bc0.2,1.0,1.0,11.72950912024697,42.0,0.0,1.0,1.0,1.0,0.0,0.0,1.0,0.0,0.0,lower,"(1,2)",9,
149,P_bc0.2,1.0,1.0,11.72950912024697,42.0,0.0,1.0,1.0,1.0,0.0,0.0,1.0,0.0,0.0,lower,"(1,2)",9,
150,P_bc0.2,0.0,0.0,0.0,0.0,1.0,0.0,0.0,0.0,1.0,0.0,0.0,1.0,1.0,shortcut,"(2,3)",,3
151,P_bc0.2,1.0,1.0,11.72950912024697,42.0,0.0,1.0,1.0,1.0,0.0,0.0,1.0,0.0,0.0,lower,"(1,2)",9,
152,P_bc0.2,1.0,1.0,11.72950912024697,42.0,0.0,1.0,1.0,1.0,0.0,0.0,1.0,0.0,0.0,lower,"(1,2)",9,
153,P_bc0.2,1.0,1.0,11.72950912024697,42.0,0.0,1.0,1.0,1.0,0.0,0.0,1.0,0.0,0.0,lower,"(1,2)",9,
154,P_bc0.2,1.0,1.0,11.72950912024697,42.0,0.0,1.0,1.0,1.0,0.0,0.0,1.0,0.0,0.0,lower,"(1,2)",9,
155,P_bc0.2,1.0,1.0,11.72950912024697,42.0,0.0,1.0,1.0,1.0,0.0,0.0,1.0,0.0,0.0,lower,"(1,2)",9,
156,P_bc0.2,0.0,0.0,0.0,0.0,1.0,0.0,0.0,0.0,1.0,0.0,0.0,1.0,2.0,shortcut,"(2,3)",,4
157,P_bc0.2,1.0,1.0,11.72950912024697,42.0,0.0,1.0,1.0,1.0,0.0,0.0,1.0,0.0,0.0,lower,"(1,2)",9,
158,P_bc0.2,1.0,1.0,11.72950912024697,42.0,0.0,1.0,1.0,1.0,0.0,0.0,1.0,0.0,0.0,lower,"(1,2)",9,
159,P_bc0.2,1.0,1.0,11.72950912024697,42.0,0.0,1.0,1.0,1.0,0.0,0.0,1.0,0.0,0.0,lower,"(1,2)",9,
160,P_bc0.2,1.0,1.0,11.72950912024697,42.0,0.0,1.0,1.0,1.0,0.0,0.0,1.0,0.0,0.0,lower,"(1,2)",9,
161,P_bc0.2,1.0,1.0,11.72950912024697,42.0,0.0,1.0,1.0,1.0,0.0,0.0,1.0,0.0,0.0,lower,"(1,2)",9,
162,P_bc0.2,1.0,1.0,11.72950912024697,42.0,0.0,1.0,1.0,1.0,0.0,0.0,1.0,0.0,0.0,lower,"(1,2)",9,
163,P_bc0.2,1.0,1.0,11.72950912024697,42.0,0.0,1.0,1.0,1.0,0.0,0.0,1.0,0.0,0.0,lower,"(1,2)",9,
164,P_bc0.2,1.0,1.0,11.72950912024697,42.0,0.0,1.0,1.0,1.0,0.0,0.0,1.0,0.0,0.0,lower,"(1,2)",9,
165,P_bc0.2,1.0,1.0,11.72950912024697,42.0,0.0,1.0,1.0,1.0,0.0,0.0,1.0,0.0,0.0,lower,"(1,2)",9,
166,P_bc0.2,1.0,1.0,11.72950912024697,42.0,0.0,1.0,1.0,1.0,0.0,0.0,1.0,0.0,0.0,lower,"(1,2)",9,
167,P_bc0.2,1.0,1.0,11.72950912024697,42.0,0.0,1.0,1.0,1.0,0.0,0.0,1.0,0.0,0.0,lower,"(1,2)",9,
168,P_bc0.2,0.0,0.0,0.0,0.0,1.0,0.0,0.0,0.0,1.0,0.0,0.0,1.0,1.0,shortcut,"(2,3)",,3
169,P_bc0.2,1.0,1.0,11.72950912024697,42.0,0.0,1.0,1.0,1.0,0.0,0.0,1.0,0.0,0.0,lower,"(1,2)",9,
170,P_bc0.2,1.0,1.0,11.72950912024697,42.0,0.0,1.0,1.0,1.0,0.0,0.0,1.0,0.0,0.0,lower,"(1,2)",9,
171,P_bc0.2,1.0,1.0,11.72950912024697,42.0,0.0,1.0,1.0,1.0,0.0,0.0,1.0,0.0,0.0,lower,"(1,2)",9,
172,P_bc0.2,1.0,1.0,11.72950912024697,42.0,0.0,1.0,1.0,1.0,0.0,0.0,1.0,0.0,0.0,lower,"(1,2)",9,
173,P_bc0.2,1.0,1.0,11.72950912024697,42.0,0.0,1.0,1.0,1.0,0.0,0.0,1.0,0.0,0.0,lower,"(1,2)",9,
174,P_bc0.2,1.0,1.0,11.72950912024697,42.0,0.0,1.0,1.0,1.0,0.0,0.0,1.0,0.0,0.0,lower,"(1,2)",9,
175,P_bc0.2,0.0,0.0,0.0,0.0,1.0,0.0,0.0,0.0,1.0,0.0,0.0,1.0,1.0,shortcut,"(2,3)",,3
176,P_bc0.2,1.0,1.0,11.72950912024697,42.0,0.0,1.0,1.0,1.0,0.0,0.0,1.0,0.0,0.0,lower,"(1,2)",9,
177,P_bc0.2,1.0,1.0,11.72950912024697,42.0,0.0,1.0,1.0,1.0,0.0,0.0,1.0,0.0,0.0,lower,"(1,2)",9,
178,P_bc0.2,1.0,1.0,11.72950912024697,42.0,0.0,1.0,1.0,1.0,0.0,0.0,1.0,0.0,0.0,lower,"(1,2)",9,
179,P_bc0.2,1.0,1.0,11.72950912024697,42.0,0.0,1.0,1.0,1.0,0.0,0.0,1.0,0.0,0.0,lower,"(1,2)",9,
180,P_bc0.2,1.0,1.0,11.72950912024697,42.0,0.0,1.0,1.0,1.0,0.0,0.0,1.0,0.0,0.0,lower,"(1,2)",9,
181,P_bc0.2,1.0,1.0,13.16293830696572,44.0,0.0,0.0,0.0,0.0,1.0,0.0,0.0,1.0,3.0,shortcut,"(2,3)",7,
182,P_bc0.2,0.0,0.0,0.0,0.0,1.0,0.0,0.0,0.0,1.0,0.0,0.0,1.0,3.0,shortcut,"(2,3)",,5
183,P_bc0.2,1.0,1.0,11.72950912024697,42.0,0.0,1.0,1.0,1.0,0.0,0.0,1.0,0.0,0.0,lower,"(1,2)",9,
184,P_bc0.2,1.0,1.0,11.72950912024697,42.0,0.0,1.0,1.0,1.0,0.0,0.0,1.0,0.0,0.0,lower,"(1,2)",9,
185,P_bc0.2,0.0,0.0,0.0,0.0,1.0,0.0,0.0,0.0,1.0,0.0,0.0,1.0,1.0,shortcut,"(2,3)",,3
186,P_bc0.2,1.0,1.0,13.16293830696572,44.0,0.0,0.0,0.0,0.0,1.0,0.0,0.0,1.0,3.0,shortcut,"(2,3)",7,
187,P_bc0.2,1.0,1.0,11.72950912024697,42.0,0.0,1.0,1.0,1.0,0.0,0.0,1.0,0.0,0.0,lower,"(1,2)",9,
188,P_bc0.2,1.0,1.0,13.16293830696572,44.0,0.0,0.0,0.0,0.0,1.0,0.0,0.0,1.0,3.0,shortcut,"(2,3)",7,
189,P_bc0.2,1.0,1.0,11.72950912024697,42.0,0.0,1.0,1.0,1.0,0.0,0.0,1.0,0.0,0.0,lower,"(1,2)",9,
190,P_bc0.2,1.0,1.0,11.72950912024697,42.0,0.0,1.0,1.0,1.0,0.0,0.0,1.0,0.0,0.0,lower,"(1,2)",9,
191,P_bc0.2,1.0,1.0,11.72950912024697,42.0,0.0,1.0,1.0,1.0,0.0,0.0,1.0,0.0,0.0,lower,"(1,2)",9,
192,P_bc0.2,1.0,1.0,11.72950912024697,42.0,0.0,1.0,1.0,1.0,0.0,0.0,1.0,0.0,0.0,lower,"(1,2)",9,
193,P_bc0.2,0.0,0.0,0.0,0.0,1.0,0.0,0.0,0.0,1.0,0.0,0.0,1.0,2.0,shortcut,"(2,3)",,4
194,P_bc0.2,1.0,1.0,11.72950912024697,42.0,0.0,1.0,1.0,1.0,0.0,0.0,1.0,0.0,0.0,lower,"(1,2)",9,
195,P_bc0.2,1.0,1.0,11.72950912024697,42.0,0.0,1.0,1.0,1.0,0.0,0.0,1.0,0.0,0.0,lower,"(1,2)",9,
196,P_bc0.2,1.0,1.0,11.72950912024697,42.0,0.0,1.0,1.0,1.0,0.0,0.0,1.0,0.0,0.0,lower,"(1,2)",9,
197,P_bc0.2,0.0,0.0,0.0,0.0,1.0,0.0,0.0,0.0,1.0,0.0,0.0,1.0,1.0,shortcut,"(2,3)",,3
198,P_bc0.2,1.0,1.0,11.72950912024697,42.0,0.0,1.0,1.0,1.0,0.0,0.0,1.0,0.0,0.0,lower,"(1,2)",9,
199,P_bc0.2,1.0,1.0,11.72950912024697,42.0,0.0,1.0,1.0,1.0,0.0,0.0,1.0,0.0,0.0,lower,"(1,2)",9,
