{
  "tag": "d4rl_gfull_te8_30000",
  "ckpt": "qual_open_near/d4rl_gfull_te8_s0/gate_30000.pkl",
  "step": 30100,
  "policy_head": {
    "scale_median": 0.4465670585632324,
    "scale_p10": 0.3119196891784668,
    "scale_p90": 0.5784708261489868,
    "log_scale_median": -0.8061657547950745,
    "frac_at_min_std": 0.0,
    "sample_vs_mode_dist": 0.5886510610580444,
    "mode_sat": 0.103125,
    "sample_sat": 0.1203125,
    "alpha": 0.011757135391235352,
    "entropy_mean": -8.210868835449219,
    "entropy_median": -6.74275016784668,
    "entropy_clip_artifact_frac": 0.0,
    "target_entropy": -8.0,
    "alpha_direction_implied": "UP",
    "alpha_direction_reliable": true
  },
  "collection": {
    "moving_transition_frac": 0.5708333333333333,
    "disp_p50": 0.007509690709412098,
    "disp_p90": 0.045660574361681944,
    "disp_max": 0.1597340852022171,
    "speed_mean": 0.016201058148046538,
    "torso_z_mean": 0.5273691684772077,
    "fall_step_frac": 0.05,
    "action_eff_rank": 4.625850325011226,
    "action_per_dim_std_mean": 0.6258613467216492,
    "action_sat": 0.11444940476190477,
    "unique_cells": 75,
    "n_episodes": 12,
    "n_unique_goals": 12
  },
  "eval_deterministic": {
    "success": 0.0,
    "d0": 7.151286196708679,
    "dmin": 6.814777135848999,
    "progress": 0.3365090608596802,
    "path_len": 8.49921195513775,
    "speed": 0.0121417313644825,
    "static_frac": 0.525,
    "fall_frac": 0.0,
    "goal_vel": -0.00014943599700927636,
    "sat": 0.027874999999999994
  },
  "coverage_gates": {
    "n_unique": 1597,
    "n_unique_ok": true,
    "n_episodes": 12,
    "episodes_ok": true,
    "n_goals": 12,
    "goals_ok": true,
    "moving_frac_pool": 0.5742016280525987,
    "moving_ok": true,
    "stationary_n_pool": 680,
    "selected": 30,
    "selected_moving": 20,
    "no_duplicate_domination": true,
    "pass": true
  },
  "controllability": {
    "sigma_0.05": {
      "std_proj1_median": 0.0002544557899125725,
      "rng_prog1_median": 0.0010367054967478362,
      "spearman_prog1_median": -0.009706959706959707,
      "critic_decile_gap_mean": -0.00017389278744910856,
      "true_decile_gap_mean": 0.0014823288885762074,
      "decile_usefulness": -0.11731052985064866,
      "fall3_frac": 0.0
    },
    "sigma_0.2": {
      "std_proj1_median": 0.001133093091412309,
      "rng_prog1_median": 0.006102647124563099,
      "spearman_prog1_median": -0.014697802197802196,
      "critic_decile_gap_mean": 0.00040242861418543605,
      "true_decile_gap_mean": 0.00472202201035647,
      "decile_usefulness": 0.08522379040538028,
      "fall3_frac": 0.0
    },
    "actor_disp1_median": 0.007799458072360602
  }
}