{
  "tag": "adaptive_te8_10000",
  "ckpt": "qual_open_near/adaptive_te8_s0/gate_10000.pkl",
  "step": 10200,
  "policy_head": {
    "scale_median": 0.862389087677002,
    "scale_p10": 0.7161538600921631,
    "scale_p90": 1.0366426706314087,
    "log_scale_median": -0.1480487436056137,
    "frac_at_min_std": 0.0,
    "sample_vs_mode_dist": 1.606990933418274,
    "mode_sat": 0.0,
    "sample_sat": 0.0059375,
    "alpha": 0.9107106328010559,
    "entropy_mean": 5.0349812507629395,
    "entropy_median": 5.0374627113342285,
    "entropy_clip_artifact_frac": 0.0,
    "target_entropy": -8.0,
    "alpha_direction_implied": "DOWN",
    "alpha_direction_reliable": true
  },
  "collection": {
    "moving_transition_frac": 0.9738888888888889,
    "disp_p50": 0.029924466274678707,
    "disp_p90": 0.07780900225043297,
    "disp_max": 0.16268591582775116,
    "speed_mean": 0.03749248122690511,
    "torso_z_mean": 0.46863432416807727,
    "fall_step_frac": 0.4736111111111111,
    "action_eff_rank": 7.984622337796082,
    "action_per_dim_std_mean": 0.5969681143760681,
    "action_sat": 0.005486111111111111,
    "unique_cells": 166,
    "n_episodes": 12,
    "n_unique_goals": 12
  },
  "eval_deterministic": {
    "success": 0.0,
    "d0": 3.3894805312156677,
    "dmin": 3.0638025641441344,
    "progress": 0.3256779670715332,
    "path_len": 2.50249579602943,
    "speed": 0.008341652653431434,
    "static_frac": 0.4136666666666667,
    "fall_frac": 0.0,
    "goal_vel": 0.005525828997294108,
    "sat": 0.0
  },
  "coverage_gates": {
    "n_unique": 389,
    "n_unique_ok": true,
    "n_episodes": 12,
    "episodes_ok": true,
    "n_goals": 12,
    "goals_ok": true,
    "moving_frac_pool": 0.9691516709511568,
    "moving_ok": true,
    "stationary_n_pool": 12,
    "selected": 30,
    "selected_moving": 20,
    "no_duplicate_domination": true,
    "pass": true
  },
  "controllability": {
    "sigma_0.05": {
      "std_proj1_median": 0.0005475717694940623,
      "rng_prog1_median": 0.0025762694397781782,
      "spearman_prog1_median": 0.1856913919413919,
      "critic_decile_gap_mean": 0.00031272208543534123,
      "true_decile_gap_mean": 0.0020670093508429795,
      "decile_usefulness": 0.15129205156063424,
      "fall3_frac": 0.19791666666666666
    },
    "sigma_0.2": {
      "std_proj1_median": 0.0020857174004637754,
      "rng_prog1_median": 0.009549277373890774,
      "spearman_prog1_median": 0.1267628205128205,
      "critic_decile_gap_mean": 0.0007778827149274098,
      "true_decile_gap_mean": 0.007492243641434017,
      "decile_usefulness": 0.1038250692384982,
      "fall3_frac": 0.1921875
    },
    "actor_disp1_median": 0.036068934173418124
  }
}