{
  "tag": "adaptive_te8_20000",
  "ckpt": "qual_open_near/adaptive_te8_s0/gate_20000.pkl",
  "step": 20400,
  "policy_head": {
    "scale_median": 0.8086388111114502,
    "scale_p10": 0.7066242694854736,
    "scale_p90": 0.874172031879425,
    "log_scale_median": -0.21240296959877014,
    "frac_at_min_std": 0.0,
    "sample_vs_mode_dist": 1.446018099784851,
    "mode_sat": 0.0,
    "sample_sat": 0.00375,
    "alpha": 0.08365418761968613,
    "entropy_mean": 3.9533891677856445,
    "entropy_median": 4.1628828048706055,
    "entropy_clip_artifact_frac": 0.0,
    "target_entropy": -8.0,
    "alpha_direction_implied": "DOWN",
    "alpha_direction_reliable": true
  },
  "collection": {
    "moving_transition_frac": 0.9577777777777777,
    "disp_p50": 0.024024822749197483,
    "disp_p90": 0.06353824287652969,
    "disp_max": 0.15782813727855682,
    "speed_mean": 0.031113080937454168,
    "torso_z_mean": 0.47592867153473145,
    "fall_step_frac": 0.4825,
    "action_eff_rank": 7.564479727974973,
    "action_per_dim_std_mean": 0.6017551422119141,
    "action_sat": 0.005590277777777777,
    "unique_cells": 144,
    "n_episodes": 12,
    "n_unique_goals": 12
  },
  "eval_deterministic": {
    "success": 0.0,
    "d0": 3.3894805312156677,
    "dmin": 3.3165161848068236,
    "progress": 0.072964346408844,
    "path_len": 0.47010299566605623,
    "speed": 0.0015670099855535208,
    "static_frac": 0.8456666666666667,
    "fall_frac": 0.0,
    "goal_vel": -0.004955496788024903,
    "sat": 0.0
  },
  "coverage_gates": {
    "n_unique": 380,
    "n_unique_ok": true,
    "n_episodes": 12,
    "episodes_ok": true,
    "n_goals": 12,
    "goals_ok": true,
    "moving_frac_pool": 0.9605263157894737,
    "moving_ok": true,
    "stationary_n_pool": 15,
    "selected": 30,
    "selected_moving": 20,
    "no_duplicate_domination": true,
    "pass": true
  },
  "controllability": {
    "sigma_0.05": {
      "std_proj1_median": 0.0004718715162319169,
      "rng_prog1_median": 0.002231822628890212,
      "spearman_prog1_median": -0.16950549450549446,
      "critic_decile_gap_mean": -0.00031827995210531693,
      "true_decile_gap_mean": 0.001865617136975997,
      "decile_usefulness": -0.17060303833326596,
      "fall3_frac": 0.13333333333333333
    },
    "sigma_0.2": {
      "std_proj1_median": 0.0017917740919885052,
      "rng_prog1_median": 0.00901121813820005,
      "spearman_prog1_median": -0.17923534798534796,
      "critic_decile_gap_mean": -0.0013643612910501741,
      "true_decile_gap_mean": 0.006688755492964575,
      "decile_usefulness": -0.2039783472846735,
      "fall3_frac": 0.12604166666666666
    },
    "actor_disp1_median": 0.01675786316504194
  }
}