{
  "tag": "adaptive_10000",
  "ckpt": "qual_open_near/adaptive_s0/gate_10000.pkl",
  "step": 10200,
  "policy_head": {
    "scale_median": 0.8582289218902588,
    "scale_p10": 0.720939040184021,
    "scale_p90": 1.0319486856460571,
    "log_scale_median": -0.15288439393043518,
    "frac_at_min_std": 0.0,
    "sample_vs_mode_dist": 1.6093127727508545,
    "mode_sat": 0.0,
    "sample_sat": 0.005,
    "alpha": 0.9123124480247498
  },
  "collection": {
    "moving_transition_frac": 0.9722222222222222,
    "disp_p50": 0.030219169333577156,
    "disp_p90": 0.08251018375158309,
    "disp_max": 0.1544632613658905,
    "speed_mean": 0.03903812422837493,
    "torso_z_mean": 0.4875732545927881,
    "fall_step_frac": 0.44722222222222224,
    "action_eff_rank": 7.987377054482003,
    "action_per_dim_std_mean": 0.5950795412063599,
    "action_sat": 0.005277777777777778,
    "unique_cells": 178,
    "n_episodes": 12,
    "n_unique_goals": 12
  },
  "eval_deterministic": {
    "success": 0.0,
    "d0": 3.3894805312156677,
    "dmin": 3.1067278683185577,
    "progress": 0.28275266289711,
    "path_len": 2.0178789576593203,
    "speed": 0.006726263192197735,
    "static_frac": 0.43499999999999994,
    "fall_frac": 0.0,
    "goal_vel": 0.004080591996510823,
    "sat": 0.0
  },
  "coverage_gates": {
    "n_unique": 401,
    "n_unique_ok": true,
    "n_episodes": 12,
    "episodes_ok": true,
    "n_goals": 12,
    "goals_ok": true,
    "moving_frac_pool": 0.970074812967581,
    "moving_ok": true,
    "stationary_n_pool": 12,
    "selected": 30,
    "selected_moving": 20,
    "no_duplicate_domination": true,
    "pass": true
  },
  "controllability": {
    "sigma_0.05": {
      "std_proj1_median": 0.000560289686450689,
      "rng_prog1_median": 0.002603866028157764,
      "spearman_prog1_median": 0.08557692307692306,
      "critic_decile_gap_mean": 0.000304548875991924,
      "true_decile_gap_mean": 0.0018611735015515091,
      "decile_usefulness": 0.16363271644175764,
      "fall3_frac": 0.0
    },
    "sigma_0.2": {
      "std_proj1_median": 0.0021324685881905724,
      "rng_prog1_median": 0.009814134945311581,
      "spearman_prog1_median": 0.0928113553113553,
      "critic_decile_gap_mean": 0.0006053260859797715,
      "true_decile_gap_mean": 0.007250488108320158,
      "decile_usefulness": 0.08348763239838343,
      "fall3_frac": 0.0
    },
    "actor_disp1_median": 0.026968830885853425
  }
}