{
  "tag": "d4rl_gfull_te8_20000",
  "ckpt": "qual_open_near/d4rl_gfull_te8_s0/gate_20000.pkl",
  "step": 21000,
  "policy_head": {
    "scale_median": 0.6592891216278076,
    "scale_p10": 0.5318101048469543,
    "scale_p90": 0.8145020008087158,
    "log_scale_median": -0.41659316420555115,
    "frac_at_min_std": 0.0,
    "sample_vs_mode_dist": 1.1859813928604126,
    "mode_sat": 0.0065625,
    "sample_sat": 0.02125,
    "alpha": 0.07266254723072052,
    "entropy_mean": 1.1815906763076782,
    "entropy_median": 2.689791679382324,
    "entropy_clip_artifact_frac": 0.0,
    "target_entropy": -8.0,
    "alpha_direction_implied": "DOWN",
    "alpha_direction_reliable": true
  },
  "collection": {
    "moving_transition_frac": 0.920952380952381,
    "disp_p50": 0.02950717881321907,
    "disp_p90": 0.07084259018301965,
    "disp_max": 0.16293899714946747,
    "speed_mean": 0.03452323171896578,
    "torso_z_mean": 0.564769353055718,
    "fall_step_frac": 0.0,
    "action_eff_rank": 5.851141707142827,
    "action_per_dim_std_mean": 0.6177582740783691,
    "action_sat": 0.019479166666666665,
    "unique_cells": 111,
    "n_episodes": 12,
    "n_unique_goals": 12
  },
  "eval_deterministic": {
    "success": 0.0,
    "d0": 7.151286196708679,
    "dmin": 6.829365205764771,
    "progress": 0.3219209909439087,
    "path_len": 17.14328855021115,
    "speed": 0.024490412214587358,
    "static_frac": 0.2955714285714286,
    "fall_frac": 0.0,
    "goal_vel": -0.009645138468061174,
    "sat": 0.0012678571428571428
  },
  "coverage_gates": {
    "n_unique": 1680,
    "n_unique_ok": true,
    "n_episodes": 12,
    "episodes_ok": true,
    "n_goals": 12,
    "goals_ok": true,
    "moving_frac_pool": 0.9321428571428572,
    "moving_ok": true,
    "stationary_n_pool": 114,
    "selected": 30,
    "selected_moving": 20,
    "no_duplicate_domination": true,
    "pass": true
  },
  "controllability": {
    "sigma_0.05": {
      "std_proj1_median": 0.00035837388035851443,
      "rng_prog1_median": 0.0017268736936397744,
      "spearman_prog1_median": -0.03058608058608058,
      "critic_decile_gap_mean": -8.143435299565784e-05,
      "true_decile_gap_mean": 0.0016602964108850206,
      "decile_usefulness": -0.049048081061140884,
      "fall3_frac": 0.0
    },
    "sigma_0.2": {
      "std_proj1_median": 0.0016838635633917198,
      "rng_prog1_median": 0.008916522198902266,
      "spearman_prog1_median": 0.003594322344322343,
      "critic_decile_gap_mean": -3.652370311316943e-06,
      "true_decile_gap_mean": 0.006407552223028587,
      "decile_usefulness": -0.0005700102291200066,
      "fall3_frac": 0.0
    },
    "actor_disp1_median": 0.01613945432846671
  }
}