{
  "tag": "gcompact_te8_10000",
  "ckpt": "qual_open_near/gcompact_te8_s0/gate_10000.pkl",
  "step": 10200,
  "policy_head": {
    "scale_median": 0.8618894815444946,
    "scale_p10": 0.7390676736831665,
    "scale_p90": 1.015986442565918,
    "log_scale_median": -0.14862819015979767,
    "frac_at_min_std": 0.0,
    "sample_vs_mode_dist": 1.6162805557250977,
    "mode_sat": 0.0,
    "sample_sat": 0.00625,
    "alpha": 0.911516547203064,
    "entropy_mean": 5.152613639831543,
    "entropy_median": 5.190065383911133,
    "entropy_clip_artifact_frac": 0.0,
    "target_entropy": -8.0,
    "alpha_direction_implied": "DOWN",
    "alpha_direction_reliable": true
  },
  "collection": {
    "moving_transition_frac": 0.9655555555555555,
    "disp_p50": 0.025605211034417152,
    "disp_p90": 0.06952025219798087,
    "disp_max": 0.151398167014122,
    "speed_mean": 0.03312964832949446,
    "torso_z_mean": 0.44886753759418085,
    "fall_step_frac": 0.5477777777777778,
    "action_eff_rank": 7.987235462578447,
    "action_per_dim_std_mean": 0.5942280292510986,
    "action_sat": 0.0043055555555555555,
    "unique_cells": 151,
    "n_episodes": 12,
    "n_unique_goals": 12
  },
  "eval_deterministic": {
    "success": 0.0,
    "d0": 3.3894805312156677,
    "dmin": 3.2157799780368803,
    "progress": 0.17370055317878724,
    "path_len": 2.329231229710911,
    "speed": 0.00776410409903637,
    "static_frac": 0.417,
    "fall_frac": 0.0,
    "goal_vel": -0.007236063083012898,
    "sat": 0.0
  },
  "coverage_gates": {
    "n_unique": 328,
    "n_unique_ok": true,
    "n_episodes": 12,
    "episodes_ok": true,
    "n_goals": 12,
    "goals_ok": true,
    "moving_frac_pool": 0.9634146341463414,
    "moving_ok": true,
    "stationary_n_pool": 12,
    "selected": 30,
    "selected_moving": 20,
    "no_duplicate_domination": true,
    "pass": true
  },
  "controllability": {
    "sigma_0.05": {
      "std_proj1_median": 0.0005461305137286379,
      "rng_prog1_median": 0.0025967260827659544,
      "spearman_prog1_median": 0.0734661172161172,
      "critic_decile_gap_mean": 4.9283672904945254e-05,
      "true_decile_gap_mean": 0.0019138809787678248,
      "decile_usefulness": 0.025750646683851738,
      "fall3_frac": 0.06666666666666667
    },
    "sigma_0.2": {
      "std_proj1_median": 0.002213808415717253,
      "rng_prog1_median": 0.010225729759815616,
      "spearman_prog1_median": 0.07165750915750915,
      "critic_decile_gap_mean": -0.00013896345370178976,
      "true_decile_gap_mean": 0.007553768227905217,
      "decile_usefulness": -0.018396573669024262,
      "fall3_frac": 0.06354166666666666
    },
    "actor_disp1_median": 0.02525520825991561
  }
}