{
  "ckpt_steps": {
    "init": 0,
    "early": 42000,
    "mid": 84000,
    "final": 150500
  },
  "n_probe_obs": 600,
  "probe_sources": {
    "random": 202,
    "mid": 90,
    "init": 104,
    "final": 112,
    "early": 92
  },
  "n_unique_saved_states": 20,
  "per_ckpt": {
    "init": {
      "step": 0,
      "policy_head": {
        "loc_abs_mean": 0.9098542332649231,
        "loc_abs_p90": 1.9200036525726318,
        "scale_median": 0.7998886704444885,
        "scale_mean": 0.8988481760025024,
        "scale_p10": 0.3333224356174469,
        "scale_p90": 1.5244563817977905,
        "scale_per_dim_median": [
          1.1853563785552979,
          0.49212270975112915,
          0.6542700529098511,
          0.4278911352157593,
          0.8844337463378906,
          1.0105164051055908,
          1.1517866849899292,
          0.6419358849525452
        ],
        "mode_sat": 0.0275,
        "sample_sat": 0.08329427083333334,
        "entropy_per_action_mean": -2.2910947799682617,
        "sample_minus_mode_dist_mean": 1.3289515972137451,
        "mode_across_state_std_per_dim": [
          0.451898455619812,
          0.30577144026756287,
          0.22336876392364502,
          0.4038865864276886,
          0.6622408032417297,
          0.4331800639629364,
          0.2244473695755005,
          0.30762648582458496
        ],
        "mode_across_state_std_mean": 0.3765524923801422,
        "mode_eff_rank_across_states": 3.764556209987712,
        "mode_per_dim_mean": [
          0.2506243884563446,
          -0.5997307300567627,
          -0.830366313457489,
          0.08597951382398605,
          -0.19162240624427795,
          -0.07042905688285828,
          -0.7642470002174377,
          0.6539363265037537
        ]
      },
      "eval_episodes": {
        "deterministic": {
          "success": 0.0,
          "dmin": 6.545917558670044,
          "final_dist": 6.685129559040069,
          "progress": 0.19699161052703856,
          "path_len": 0.8975524457473909,
          "speed": 0.00128221777963913,
          "static_frac": 0.8985714285714286,
          "fall_frac": 0.0,
          "sat": 0.0008303571428571429,
          "cells": 2.2,
          "d0": 6.742909169197082
        },
        "stochastic": {
          "success": 0.0,
          "dmin": 5.212396594882011,
          "final_dist": 6.499299341440201,
          "progress": 1.5305125743150712,
          "path_len": 20.0208520829161,
          "speed": 0.02860121726130871,
          "static_frac": 0.0,
          "fall_frac": 0.7187857142857144,
          "sat": 0.105125,
          "cells": 18.05,
          "d0": 6.742909169197082
        }
      },
      "saved_state_rollouts_100steps": {
        "deterministic": {
          "net_disp": 1.2331294372290889,
          "path_len": 3.2219230973365676,
          "progress": 0.5105038611036459,
          "fell": 0.25
        },
        "stochastic": {
          "net_disp": 2.0985573025041635,
          "path_len": 5.844538959491092,
          "progress": 0.8380010632140505,
          "fell": 0.5666666666666665
        }
      }
    },
    "early": {
      "step": 42000,
      "policy_head": {
        "loc_abs_mean": 6.0300798416137695,
        "loc_abs_p90": 14.110901832580566,
        "scale_median": 9.999999974752427e-07,
        "scale_mean": 1.0299447694706032e-06,
        "scale_p10": 9.999999974752427e-07,
        "scale_p90": 1.0003377610701136e-06,
        "scale_per_dim_median": [
          1.000141992335557e-06,
          9.999999974752427e-07,
          9.999999974752427e-07,
          9.999999974752427e-07,
          9.999999974752427e-07,
          9.999999974752427e-07,
          1.0000002248489182e-06,
          9.999999974752427e-07
        ],
        "mode_sat": 0.648125,
        "sample_sat": 0.648125,
        "entropy_per_action_mean": 71112645935104.0,
        "sample_minus_mode_dist_mean": 7.319040946640598e-07,
        "mode_across_state_std_per_dim": [
          0.9314199686050415,
          0.8077554702758789,
          0.7450347542762756,
          0.33377310633659363,
          0.5385963320732117,
          0.8163232803344727,
          0.6683080196380615,
          0.7706000208854675
        ],
        "mode_across_state_std_mean": 0.7014763355255127,
        "mode_eff_rank_across_states": 4.037933606360856,
        "mode_per_dim_mean": [
          -0.11026544868946075,
          -0.45509085059165955,
          -0.49944594502449036,
          -0.9290800094604492,
          0.7299433946609497,
          -0.26389986276626587,
          -0.6766133308410645,
          0.47872811555862427
        ]
      },
      "eval_episodes": {
        "deterministic": {
          "success": 0.0,
          "dmin": 6.498658072948456,
          "final_dist": 6.839086031913757,
          "progress": 0.2442510962486267,
          "path_len": 1.819772260470711,
          "speed": 0.002599674657815301,
          "static_frac": 0.7902857142857143,
          "fall_frac": 0.046714285714285715,
          "sat": 0.6880357142857144,
          "cells": 4.65,
          "d0": 6.742909169197082
        },
        "stochastic": {
          "success": 0.0,
          "dmin": 6.498182475566864,
          "final_dist": 6.892821443080902,
          "progress": 0.2447266936302185,
          "path_len": 1.7965338138065108,
          "speed": 0.002566476876866444,
          "static_frac": 0.8320000000000001,
          "fall_frac": 0.046714285714285715,
          "sat": 0.6869107142857143,
          "cells": 4.45,
          "d0": 6.742909169197082
        }
      },
      "saved_state_rollouts_100steps": {
        "deterministic": {
          "net_disp": 1.1958760783228544,
          "path_len": 2.94151377503662,
          "progress": 0.44166997721060836,
          "fell": 0.3
        },
        "stochastic": {
          "net_disp": 0.9460404101696855,
          "path_len": 2.757424473430782,
          "progress": 0.3999563813812911,
          "fell": 0.25
        }
      }
    },
    "mid": {
      "step": 84000,
      "policy_head": {
        "loc_abs_mean": 5.366221904754639,
        "loc_abs_p90": 12.01772403717041,
        "scale_median": 9.999999974752427e-07,
        "scale_mean": 1.0006024240283296e-06,
        "scale_p10": 9.999999974752427e-07,
        "scale_p90": 1.0000003385357559e-06,
        "scale_per_dim_median": [
          9.999999974752427e-07,
          9.999999974752427e-07,
          9.999999974752427e-07,
          9.999999974752427e-07,
          9.999999974752427e-07,
          9.999999974752427e-07,
          9.999999974752427e-07,
          9.999999974752427e-07
        ],
        "mode_sat": 0.6702083333333333,
        "sample_sat": 0.6702083333333333,
        "entropy_per_action_mean": 41152766017536.0,
        "sample_minus_mode_dist_mean": 7.070601100167551e-07,
        "mode_across_state_std_per_dim": [
          0.9310277104377747,
          0.668053925037384,
          0.8210938572883606,
          0.8231419324874878,
          0.5819718241691589,
          0.9215561151504517,
          0.7705167531967163,
          0.6759494543075562
        ],
        "mode_across_state_std_mean": 0.7741639614105225,
        "mode_eff_rank_across_states": 5.201818772965234,
        "mode_per_dim_mean": [
          -0.10907676815986633,
          -0.520224392414093,
          -0.4585169851779938,
          -0.46723392605781555,
          0.7222365140914917,
          -0.14050324261188507,
          -0.5970495343208313,
          0.588198721408844
        ]
      },
      "eval_episodes": {
        "deterministic": {
          "success": 0.0,
          "dmin": 6.240712642669678,
          "final_dist": 6.741373360157013,
          "progress": 0.5021965265274048,
          "path_len": 3.668185271586057,
          "speed": 0.005240264673694367,
          "static_frac": 0.7343571428571429,
          "fall_frac": 0.17635714285714285,
          "sat": 0.6091607142857143,
          "cells": 6.1,
          "d0": 6.742909169197082
        },