{
  "alpha0": {
    "replay": "d4rl_ant_umaze_gfull_gfull29_alpha0_4actor_s0_250k/checkpoints/replay.npz",
    "all_episodes": {
      "episodes": 360,
      "transitions": 252000,
      "local_span0": 0.7416666666666667,
      "short_span1": 0.20833333333333334,
      "route_span_ge2": 0.05,
      "detour_containing": 0.0,
      "corner_passage": 0.03611111111111111,
      "crosses_2_boundaries": 0.19166666666666668,
      "mean_unique_cells": 1.3083333333333333,
      "mean_start_end_bfs": 0.2388888888888889,
      "span_hist": {
        "0": 267,
        "1": 75,
        "2": 18
      }
    },
    "policy_episodes": {
      "episodes": 344,
      "transitions": 240800,
      "local_span0": 0.752906976744186,
      "short_span1": 0.19476744186046513,
      "route_span_ge2": 0.05232558139534884,
      "detour_containing": 0.0,
      "corner_passage": 0.0377906976744186,
      "crosses_2_boundaries": 0.17732558139534885,
      "mean_unique_cells": 1.2994186046511629,
      "mean_start_end_bfs": 0.24127906976744187,
      "span_hist": {
        "0": 259,
        "1": 67,
        "2": 18
      }
    },
    "random_warmup_episodes": {
      "episodes": 16,
      "transitions": 11200,
      "local_span0": 0.5,
      "short_span1": 0.5,
      "route_span_ge2": 0.0,
      "detour_containing": 0.0,
      "corner_passage": 0.0,
      "crosses_2_boundaries": 0.5,
      "mean_unique_cells": 1.5,
      "mean_start_end_bfs": 0.1875,
      "span_hist": {
        "0": 8,
        "1": 8
      }
    },
    "by_50k_phase": {
      "0": {
        "episodes": 72,
        "transitions": 50400,
        "local_span0": 0.8333333333333334,
        "short_span1": 0.16666666666666666,
        "route_span_ge2": 0.0,
        "detour_containing": 0.0,
        "corner_passage": 0.0,
        "crosses_2_boundaries": 0.1388888888888889,
        "mean_unique_cells": 1.1666666666666667,
        "mean_start_end_bfs": 0.09722222222222222,
        "span_hist": {
          "0": 60,
          "1": 12
        }
      },
      "1": {
        "episodes": 71,
        "transitions": 49700,
        "local_span0": 0.8028169014084507,
        "short_span1": 0.16901408450704225,
        "route_span_ge2": 0.028169014084507043,
        "detour_containing": 0.0,
        "corner_passage": 0.014084507042253521,
        "crosses_2_boundaries": 0.14084507042253522,
        "mean_unique_cells": 1.2253521126760563,
        "mean_start_end_bfs": 0.18309859154929578,
        "span_hist": {
          "0": 57,
          "1": 12,
          "2": 2
        }
      },
      "2": {
        "episodes": 71,
        "transitions": 49700,
        "local_span0": 0.8309859154929577,
        "short_span1": 0.15492957746478872,
        "route_span_ge2": 0.014084507042253521,
        "detour_containing": 0.0,
        "corner_passage": 0.0,
        "crosses_2_boundaries": 0.09859154929577464,
        "mean_unique_cells": 1.1830985915492958,
        "mean_start_end_bfs": 0.1267605633802817,
        "span_hist": {
          "0": 59,
          "1": 11,
          "2": 1
        }
      },
      "3": {
        "episodes": 72,
        "transitions": 50400,
        "local_span0": 0.6666666666666666,
        "short_span1": 0.2777777777777778,
        "route_span_ge2": 0.05555555555555555,
        "detour_containing": 0.0,
        "corner_passage": 0.041666666666666664,
        "crosses_2_boundaries": 0.2222222222222222,
        "mean_unique_cells": 1.3888888888888888,
        "mean_start_end_bfs": 0.3055555555555556,
        "span_hist": {
          "0": 48,
          "1": 20,
          "2": 4
        }
      },
      "4": {
        "episodes": 71,
        "transitions": 49700,
        "local_span0": 0.5633802816901409,
        "short_span1": 0.28169014084507044,
        "route_span_ge2": 0.15492957746478872,
        "detour_containing": 0.0,
        "corner_passage": 0.1267605633802817,
        "crosses_2_boundaries": 0.36619718309859156,
        "mean_unique_cells": 1.591549295774648,
        "mean_start_end_bfs": 0.49295774647887325,
        "span_hist": {
          "0": 40,
          "1": 20,
          "2": 11
        }
      },
      "5": {
        "episodes": 3,
        "transitions": 2100,
        "local_span0": 1.0,
        "short_span1": 0.0,
        "route_span_ge2": 0.0,
        "detour_containing": 0.0,
        "corner_passage": 0.0,
        "crosses_2_boundaries": 0.0,
        "mean_unique_cells": 1.0,
        "mean_start_end_bfs": 0.0,
        "span_hist": {
          "0": 3
        }
      }
    },
    "positive_pairs_sampler": {
      "pairs_sampled": 102400,
      "bfs0": 0.961396484375,
      "bfs1": 0.037236328125,
      "bfs_ge2": 0.0013671875,
      "bfs_hist": {
        "0": 98447,
        "1": 3813,
        "2": 140
      },
      "detour_separated (wall-blocked LOS)": 5.859375e-05
    }
  }
}