episode,policy,reach,strict_success,discounted_return,undiscounted_return,absorbed,lower_route,reached_y_below_2,shortcut,stuck_other,first_departure_1_2,first_departure_2_3,hazard_landings,route_class,first_departure_cell,time_to_goal,death_time
0,O_s0_final,1.0,1.0,9.268302247718463,38.0,0.0,1.0,1.0,0.0,0.0,0.0,1.0,0.0,lower,"(2, 3)",13,
1,O_s0_final,0.0,0.0,0.0,0.0,1.0,0.0,0.0,1.0,0.0,0.0,1.0,3.0,shortcut,"(2, 3)",,5
2,O_s0_final,0.0,0.0,0.0,0.0,1.0,0.0,0.0,1.0,0.0,0.0,1.0,1.0,shortcut,"(2, 3)",,3
3,O_s0_final,1.0,1.0,13.16293830696572,44.0,0.0,0.0,0.0,1.0,0.0,0.0,1.0,3.0,shortcut,"(2, 3)",7,
4,O_s0_final,0.0,0.0,0.0,0.0,1.0,0.0,0.0,1.0,0.0,0.0,1.0,2.0,shortcut,"(2, 3)",,6
5,O_s0_final,1.0,1.0,13.16293830696572,44.0,0.0,0.0,0.0,1.0,0.0,0.0,1.0,3.0,shortcut,"(2, 3)",7,
6,O_s0_final,0.0,0.0,0.0,0.0,1.0,0.0,0.0,1.0,0.0,0.0,1.0,2.0,shortcut,"(2, 3)",,5
7,O_s0_final,0.0,0.0,0.0,0.0,1.0,0.0,0.0,1.0,0.0,0.0,1.0,2.0,shortcut,"(2, 3)",,5
8,O_s0_final,0.0,0.0,0.0,0.0,1.0,0.0,0.0,1.0,0.0,0.0,1.0,3.0,shortcut,"(2, 3)",,6
9,O_s0_final,1.0,1.0,11.72950912024697,42.0,0.0,1.0,1.0,0.0,0.0,1.0,0.0,0.0,lower,"(1, 2)",9,
10,O_s0_final,0.0,0.0,0.0,0.0,1.0,0.0,0.0,1.0,0.0,0.0,1.0,1.0,shortcut,"(2, 3)",,3
11,O_s0_final,0.0,0.0,0.0,0.0,1.0,0.0,0.0,1.0,0.0,0.0,1.0,2.0,shortcut,"(2, 3)",,4
12,O_s0_final,0.0,0.0,0.0,0.0,1.0,0.0,0.0,1.0,0.0,0.0,1.0,4.0,shortcut,"(2, 3)",,6
13,O_s0_final,0.0,0.0,0.0,0.0,1.0,0.0,0.0,1.0,0.0,0.0,1.0,1.0,shortcut,"(2, 3)",,5
14,O_s0_final,0.0,0.0,0.0,0.0,1.0,0.0,0.0,1.0,0.0,0.0,1.0,3.0,shortcut,"(2, 3)",,6
15,O_s0_final,1.0,1.0,13.16293830696572,44.0,0.0,0.0,0.0,1.0,0.0,0.0,1.0,4.0,shortcut,"(2, 3)",7,
16,O_s0_final,0.0,0.0,0.0,0.0,1.0,0.0,0.0,1.0,0.0,0.0,1.0,1.0,shortcut,"(2, 3)",,3
17,O_s0_final,0.0,0.0,0.0,0.0,1.0,0.0,0.0,1.0,0.0,0.0,1.0,2.0,shortcut,"(2, 3)",,4
18,O_s0_final,0.0,0.0,0.0,0.0,1.0,0.0,0.0,1.0,0.0,0.0,1.0,1.0,shortcut,"(2, 3)",,5
19,O_s0_final,0.0,0.0,0.0,0.0,1.0,0.0,0.0,1.0,0.0,0.0,1.0,1.0,shortcut,"(2, 3)",,3
20,O_s0_final,1.0,1.0,11.72950912024697,42.0,0.0,0.0,0.0,1.0,0.0,0.0,1.0,5.0,shortcut,"(2, 3)",9,
21,O_s0_final,0.0,0.0,0.0,0.0,1.0,0.0,0.0,1.0,0.0,0.0,1.0,2.0,shortcut,"(2, 3)",,5
22,O_s0_final,0.0,0.0,0.0,0.0,1.0,0.0,0.0,1.0,0.0,0.0,1.0,1.0,shortcut,"(2, 3)",,3
23,O_s0_final,0.0,0.0,0.0,0.0,1.0,0.0,0.0,1.0,0.0,0.0,1.0,3.0,shortcut,"(2, 3)",,8
24,O_s0_final,1.0,1.0,13.16293830696572,44.0,0.0,0.0,0.0,1.0,0.0,0.0,1.0,3.0,shortcut,"(2, 3)",7,
25,O_s0_final,1.0,1.0,11.72950912024697,42.0,0.0,0.0,0.0,1.0,0.0,0.0,1.0,4.0,shortcut,"(2, 3)",9,
26,O_s0_final,1.0,1.0,13.16293830696572,44.0,0.0,0.0,0.0,1.0,0.0,0.0,1.0,3.0,shortcut,"(2, 3)",7,
27,O_s0_final,1.0,1.0,11.72950912024697,42.0,0.0,0.0,0.0,1.0,0.0,0.0,1.0,4.0,shortcut,"(2, 3)",9,
28,O_s0_final,1.0,1.0,13.16293830696572,44.0,0.0,0.0,0.0,1.0,0.0,0.0,1.0,3.0,shortcut,"(2, 3)",7,
29,O_s0_final,0.0,0.0,0.0,0.0,1.0,0.0,0.0,1.0,0.0,0.0,1.0,1.0,shortcut,"(2, 3)",,3
30,O_s0_final,0.0,0.0,0.0,0.0,1.0,0.0,0.0,1.0,0.0,0.0,1.0,1.0,shortcut,"(2, 3)",,3
31,O_s0_final,0.0,0.0,0.0,0.0,1.0,0.0,0.0,1.0,0.0,0.0,1.0,1.0,shortcut,"(2, 3)",,3
32,O_s0_final,0.0,0.0,0.0,0.0,1.0,0.0,0.0,1.0,0.0,0.0,1.0,2.0,shortcut,"(2, 3)",,4
33,O_s0_final,0.0,0.0,0.0,0.0,1.0,0.0,0.0,1.0,0.0,0.0,1.0,4.0,shortcut,"(2, 3)",,9
34,O_s0_final,1.0,1.0,13.16293830696572,44.0,0.0,0.0,0.0,1.0,0.0,0.0,1.0,3.0,shortcut,"(2, 3)",7,
35,O_s0_final,0.0,0.0,0.0,0.0,1.0,0.0,0.0,1.0,0.0,0.0,1.0,3.0,shortcut,"(2, 3)",,5
36,O_s0_final,0.0,0.0,0.0,0.0,1.0,0.0,0.0,1.0,0.0,0.0,1.0,2.0,shortcut,"(2, 3)",,4
37,O_s0_final,1.0,1.0,11.72950912024697,42.0,0.0,0.0,0.0,1.0,0.0,0.0,1.0,4.0,shortcut,"(2, 3)",9,
38,O_s0_final,0.0,0.0,0.0,0.0,1.0,0.0,0.0,1.0,0.0,0.0,1.0,6.0,shortcut,"(2, 3)",,10
39,O_s0_final,1.0,1.0,13.16293830696572,44.0,0.0,0.0,0.0,1.0,0.0,0.0,1.0,3.0,shortcut,"(2, 3)",7,
40,O_s0_final,1.0,1.0,13.16293830696572,44.0,0.0,0.0,0.0,1.0,0.0,0.0,1.0,3.0,shortcut,"(2, 3)",7,
41,O_s0_final,1.0,1.0,13.16293830696572,44.0,0.0,0.0,0.0,1.0,0.0,0.0,1.0,3.0,shortcut,"(2, 3)",7,
42,O_s0_final,0.0,0.0,0.0,0.0,1.0,0.0,0.0,1.0,0.0,0.0,1.0,3.0,shortcut,"(2, 3)",,6
43,O_s0_final,1.0,1.0,13.16293830696572,44.0,0.0,0.0,0.0,1.0,0.0,0.0,1.0,3.0,shortcut,"(2, 3)",7,
44,O_s0_final,1.0,1.0,13.16293830696572,44.0,0.0,0.0,0.0,1.0,0.0,0.0,1.0,3.0,shortcut,"(2, 3)",7,
45,O_s0_final,0.0,0.0,0.0,0.0,1.0,0.0,0.0,1.0,0.0,0.0,1.0,1.0,shortcut,"(2, 3)",,3
46,O_s0_final,0.0,0.0,0.0,0.0,1.0,0.0,0.0,1.0,0.0,0.0,1.0,3.0,shortcut,"(2, 3)",,5
47,O_s0_final,0.0,0.0,0.0,0.0,1.0,0.0,0.0,1.0,0.0,0.0,1.0,1.0,shortcut,"(2, 3)",,3
48,O_s0_final,0.0,0.0,0.0,0.0,1.0,0.0,0.0,1.0,0.0,0.0,1.0,1.0,shortcut,"(2, 3)",,3
49,O_s0_final,1.0,1.0,13.16293830696572,44.0,0.0,0.0,0.0,1.0,0.0,0.0,1.0,3.0,shortcut,"(2, 3)",7,
50,O_s0_final,1.0,1.0,13.16293830696572,44.0,0.0,0.0,0.0,1.0,0.0,0.0,1.0,3.0,shortcut,"(2, 3)",7,
51,O_s0_final,1.0,1.0,13.16293830696572,44.0,0.0,0.0,0.0,1.0,0.0,0.0,1.0,3.0,shortcut,"(2, 3)",7,
52,O_s0_final,0.0,0.0,0.0,0.0,1.0,0.0,0.0,1.0,0.0,0.0,1.0,3.0,shortcut,"(2, 3)",,5
53,O_s0_final,0.0,0.0,0.0,0.0,1.0,0.0,0.0,1.0,0.0,0.0,1.0,1.0,shortcut,"(2, 3)",,3
54,O_s0_final,0.0,0.0,0.0,0.0,1.0,0.0,0.0,1.0,0.0,0.0,1.0,1.0,shortcut,"(2, 3)",,3
55,O_s0_final,0.0,0.0,0.0,0.0,1.0,0.0,0.0,1.0,0.0,0.0,1.0,2.0,shortcut,"(2, 3)",,5
56,O_s0_final,0.0,0.0,0.0,0.0,1.0,0.0,0.0,1.0,0.0,0.0,1.0,2.0,shortcut,"(2, 3)",,4
57,O_s0_final,0.0,0.0,0.0,0.0,1.0,0.0,0.0,1.0,0.0,0.0,1.0,1.0,shortcut,"(2, 3)",,3
58,O_s0_final,0.0,0.0,0.0,0.0,1.0,0.0,0.0,1.0,0.0,0.0,1.0,3.0,shortcut,"(2, 3)",,5
59,O_s0_final,0.0,0.0,0.0,0.0,1.0,0.0,0.0,1.0,0.0,0.0,1.0,2.0,shortcut,"(2, 3)",,4
60,O_s0_final,1.0,1.0,11.066088688957908,41.0,0.0,1.0,1.0,0.0,0.0,1.0,0.0,0.0,lower,"(1, 2)",10,
61,O_s0_final,0.0,0.0,0.0,0.0,1.0,0.0,0.0,1.0,0.0,0.0,1.0,3.0,shortcut,"(2, 3)",,5
62,O_s0_final,1.0,1.0,11.72950912024697,42.0,0.0,1.0,1.0,0.0,0.0,1.0,0.0,0.0,lower,"(1, 2)",9,
63,O_s0_final,0.0,0.0,0.0,0.0,1.0,0.0,0.0,1.0,0.0,0.0,1.0,1.0,shortcut,"(2, 3)",,3
64,O_s0_final,0.0,0.0,0.0,0.0,1.0,0.0,0.0,1.0,0.0,0.0,1.0,4.0,shortcut,"(2, 3)",,8
65,O_s0_final,0.0,0.0,0.0,0.0,1.0,0.0,0.0,1.0,0.0,0.0,1.0,2.0,shortcut,"(2, 3)",,4
66,O_s0_final,0.0,0.0,0.0,0.0,1.0,0.0,0.0,1.0,0.0,0.0,1.0,2.0,shortcut,"(2, 3)",,5
67,O_s0_final,0.0,0.0,0.0,0.0,1.0,0.0,0.0,1.0,0.0,0.0,1.0,1.0,shortcut,"(2, 3)",,5
68,O_s0_final,1.0,1.0,13.16293830696572,44.0,0.0,0.0,0.0,1.0,0.0,0.0,1.0,3.0,shortcut,"(2, 3)",7,
69,O_s0_final,0.0,0.0,0.0,0.0,1.0,0.0,0.0,1.0,0.0,0.0,1.0,3.0,shortcut,"(2, 3)",,5
70,O_s0_final,1.0,1.0,13.16293830696572,44.0,0.0,0.0,0.0,1.0,0.0,0.0,1.0,3.0,shortcut,"(2, 3)",7,
71,O_s0_final,0.0,0.0,0.0,0.0,1.0,0.0,0.0,1.0,0.0,0.0,1.0,3.0,shortcut,"(2, 3)",,5
72,O_s0_final,0.0,0.0,0.0,0.0,1.0,0.0,0.0,1.0,0.0,0.0,1.0,6.0,shortcut,"(2, 3)",,9
73,O_s0_final,1.0,1.0,13.16293830696572,44.0,0.0,0.0,0.0,1.0,0.0,0.0,1.0,3.0,shortcut,"(2, 3)",7,
74,O_s0_final,0.0,0.0,0.0,0.0,1.0,0.0,0.0,1.0,0.0,0.0,1.0,9.0,shortcut,"(2, 3)",,13
75,O_s0_final,1.0,1.0,11.72950912024697,42.0,0.0,1.0,1.0,0.0,0.0,1.0,0.0,0.0,lower,"(1, 2)",9,
76,O_s0_final,0.0,0.0,0.0,0.0,1.0,0.0,0.0,1.0,0.0,0.0,1.0,1.0,shortcut,"(2, 3)",,3
77,O_s0_final,0.0,0.0,0.0,0.0,1.0,0.0,0.0,1.0,0.0,0.0,1.0,2.0,shortcut,"(2, 3)",,6
78,O_s0_final,0.0,0.0,0.0,0.0,1.0,0.0,0.0,1.0,0.0,0.0,1.0,3.0,shortcut,"(2, 3)",,5
79,O_s0_final,0.0,0.0,0.0,0.0,1.0,0.0,0.0,1.0,0.0,0.0,1.0,2.0,shortcut,"(2, 3)",,4
80,O_s0_final,0.0,0.0,0.0,0.0,1.0,0.0,0.0,1.0,0.0,0.0,1.0,2.0,shortcut,"(2, 3)",,4
81,O_s0_final,1.0,1.0,13.16293830696572,44.0,0.0,0.0,0.0,1.0,0.0,0.0,1.0,3.0,shortcut,"(2, 3)",7,
82,O_s0_final,1.0,1.0,11.72950912024697,42.0,0.0,0.0,0.0,1.0,0.0,0.0,1.0,5.0,shortcut,"(2, 3)",9,
83,O_s0_final,0.0,0.0,0.0,0.0,1.0,0.0,0.0,1.0,0.0,0.0,1.0,4.0,shortcut,"(2, 3)",,6
84,O_s0_final,1.0,1.0,11.72950912024697,42.0,0.0,1.0,1.0,0.0,0.0,1.0,0.0,0.0,lower,"(1, 2)",9,
85,O_s0_final,1.0,1.0,13.16293830696572,44.0,0.0,0.0,0.0,1.0,0.0,0.0,1.0,3.0,shortcut,"(2, 3)",7,
86,O_s0_final,0.0,0.0,0.0,0.0,1.0,0.0,0.0,1.0,0.0,0.0,1.0,2.0,shortcut,"(2, 3)",,4
87,O_s0_final,1.0,1.0,11.066088688957908,41.0,0.0,0.0,0.0,1.0,0.0,0.0,1.0,6.0,shortcut,"(2, 3)",10,
88,O_s0_final,1.0,1.0,12.42784641634072,43.0,0.0,0.0,0.0,1.0,0.0,0.0,1.0,3.0,shortcut,"(2, 3)",8,
89,O_s0_final,0.0,0.0,0.0,0.0,1.0,0.0,0.0,1.0,0.0,0.0,1.0,3.0,shortcut,"(2, 3)",,7
90,O_s0_final,1.0,1.0,13.16293830696572,44.0,0.0,0.0,0.0,1.0,0.0,0.0,1.0,3.0,shortcut,"(2, 3)",7,
91,O_s0_final,0.0,0.0,0.0,0.0,1.0,0.0,0.0,1.0,0.0,0.0,1.0,8.0,shortcut,"(2, 3)",,13
92,O_s0_final,0.0,0.0,0.0,0.0,1.0,0.0,0.0,1.0,0.0,0.0,1.0,1.0,shortcut,"(2, 3)",,3
93,O_s0_final,0.0,0.0,0.0,0.0,1.0,0.0,0.0,1.0,0.0,0.0,1.0,1.0,shortcut,"(2, 3)",,5
94,O_s0_final,0.0,0.0,0.0,0.0,1.0,0.0,0.0,1.0,0.0,0.0,1.0,1.0,shortcut,"(2, 3)",,3
95,O_s0_final,0.0,0.0,0.0,0.0,1.0,0.0,0.0,1.0,0.0,0.0,1.0,1.0,shortcut,"(2, 3)",,4
96,O_s0_final,1.0,0.0,1.361757727382812,2.0,1.0,0.0,0.0,1.0,0.0,0.0,1.0,4.0,shortcut,"(2, 3)",8,11
97,O_s0_final,0.0,0.0,0.0,0.0,1.0,0.0,0.0,1.0,0.0,0.0,1.0,3.0,shortcut,"(2, 3)",,5
98,O_s0_final,1.0,1.0,13.16293830696572,44.0,0.0,0.0,0.0,1.0,0.0,0.0,1.0,3.0,shortcut,"(2, 3)",7,
99,O_s0_final,0.0,0.0,0.0,0.0,1.0,0.0,0.0,1.0,0.0,0.0,1.0,1.0,shortcut,"(2, 3)",,3
100,O_s0_final,1.0,1.0,7.263633867501038,34.0,0.0,1.0,1.0,0.0,0.0,0.0,1.0,0.0,lower,"(2, 3)",17,
101,O_s0_final,0.0,0.0,0.0,0.0,1.0,0.0,0.0,1.0,0.0,0.0,1.0,1.0,shortcut,"(2, 3)",,3
102,O_s0_final,0.0,0.0,0.0,0.0,1.0,0.0,0.0,1.0,0.0,0.0,1.0,2.0,shortcut,"(2, 3)",,4
103,O_s0_final,1.0,1.0,12.42784641634072,43.0,0.0,0.0,0.0,1.0,0.0,0.0,1.0,3.0,shortcut,"(2, 3)",8,
104,O_s0_final,0.0,0.0,0.0,0.0,1.0,0.0,0.0,1.0,0.0,0.0,1.0,2.0,shortcut,"(2, 3)",,4
105,O_s0_final,1.0,0.0,0.6634204312890623,1.0,1.0,0.0,0.0,1.0,0.0,0.0,1.0,9.0,shortcut,"(2, 3)",9,14
106,O_s0_final,0.0,0.0,0.0,0.0,1.0,0.0,0.0,1.0,0.0,0.0,1.0,2.0,shortcut,"(2, 3)",,4
107,O_s0_final,1.0,1.0,13.16293830696572,44.0,0.0,0.0,0.0,1.0,0.0,0.0,1.0,3.0,shortcut,"(2, 3)",7,
108,O_s0_final,0.0,0.0,0.0,0.0,1.0,0.0,0.0,1.0,0.0,0.0,1.0,3.0,shortcut,"(2, 3)",,5
109,O_s0_final,0.0,0.0,0.0,0.0,1.0,0.0,0.0,1.0,0.0,0.0,1.0,3.0,shortcut,"(2, 3)",,5
110,O_s0_final,0.0,0.0,0.0,0.0,1.0,0.0,0.0,1.0,0.0,0.0,1.0,3.0,shortcut,"(2, 3)",,5
111,O_s0_final,0.0,0.0,0.0,0.0,1.0,0.0,0.0,1.0,0.0,0.0,1.0,1.0,shortcut,"(2, 3)",,3
112,O_s0_final,0.0,0.0,0.0,0.0,1.0,0.0,0.0,1.0,0.0,0.0,1.0,3.0,shortcut,"(2, 3)",,5
113,O_s0_final,1.0,1.0,13.16293830696572,44.0,0.0,0.0,0.0,1.0,0.0,0.0,1.0,4.0,shortcut,"(2, 3)",7,
114,O_s0_final,0.0,0.0,0.0,0.0,1.0,0.0,0.0,1.0,0.0,0.0,1.0,3.0,shortcut,"(2, 3)",,7
115,O_s0_final,0.0,0.0,0.0,0.0,1.0,0.0,0.0,1.0,0.0,0.0,1.0,1.0,shortcut,"(2, 3)",,3
116,O_s0_final,1.0,1.0,13.16293830696572,44.0,0.0,0.0,0.0,1.0,0.0,0.0,1.0,3.0,shortcut,"(2, 3)",7,
117,O_s0_final,0.0,0.0,0.0,0.0,1.0,0.0,0.0,1.0,0.0,0.0,1.0,2.0,shortcut,"(2, 3)",,4
118,O_s0_final,1.0,1.0,13.16293830696572,44.0,0.0,0.0,0.0,1.0,0.0,0.0,1.0,3.0,shortcut,"(2, 3)",7,
119,O_s0_final,0.0,0.0,0.0,0.0,1.0,0.0,0.0,1.0,0.0,0.0,1.0,2.0,shortcut,"(2, 3)",,7
120,O_s0_final,0.0,0.0,0.0,0.0,1.0,0.0,0.0,1.0,0.0,0.0,1.0,3.0,shortcut,"(2, 3)",,7
121,O_s0_final,1.0,1.0,13.16293830696572,44.0,0.0,0.0,0.0,1.0,0.0,0.0,1.0,3.0,shortcut,"(2, 3)",7,
122,O_s0_final,0.0,0.0,0.0,0.0,1.0,0.0,0.0,1.0,0.0,0.0,1.0,1.0,shortcut,"(2, 3)",,3
123,O_s0_final,1.0,1.0,11.066088688957908,41.0,0.0,0.0,0.0,1.0,0.0,0.0,1.0,3.0,shortcut,"(2, 3)",10,
124,O_s0_final,0.0,0.0,0.0,0.0,1.0,0.0,0.0,1.0,0.0,0.0,1.0,3.0,shortcut,"(2, 3)",,7
125,O_s0_final,1.0,1.0,13.16293830696572,44.0,0.0,0.0,0.0,1.0,0.0,0.0,1.0,3.0,shortcut,"(2, 3)",7,
126,O_s0_final,0.0,0.0,0.0,0.0,1.0,0.0,0.0,1.0,0.0,0.0,1.0,2.0,shortcut,"(2, 3)",,4
127,O_s0_final,1.0,1.0,11.066088688957908,41.0,0.0,1.0,1.0,0.0,0.0,1.0,0.0,0.0,lower,"(1, 2)",10,
128,O_s0_final,0.0,0.0,0.0,0.0,1.0,0.0,0.0,1.0,0.0,0.0,1.0,3.0,shortcut,"(2, 3)",,7
129,O_s0_final,1.0,1.0,13.16293830696572,44.0,0.0,0.0,0.0,1.0,0.0,0.0,1.0,3.0,shortcut,"(2, 3)",7,
130,O_s0_final,0.0,0.0,0.0,0.0,1.0,0.0,0.0,1.0,0.0,0.0,1.0,1.0,shortcut,"(2, 3)",,3
131,O_s0_final,0.0,0.0,0.0,0.0,1.0,0.0,0.0,1.0,0.0,0.0,1.0,2.0,shortcut,"(2, 3)",,4
132,O_s0_final,0.0,0.0,0.0,0.0,1.0,0.0,0.0,1.0,0.0,0.0,1.0,3.0,shortcut,"(2, 3)",,5
133,O_s0_final,0.0,0.0,0.0,0.0,1.0,0.0,0.0,1.0,0.0,0.0,1.0,3.0,shortcut,"(2, 3)",,5
134,O_s0_final,0.0,0.0,0.0,0.0,1.0,0.0,0.0,1.0,0.0,0.0,1.0,2.0,shortcut,"(2, 3)",,4
135,O_s0_final,1.0,1.0,13.16293830696572,44.0,0.0,1.0,0.0,0.0,0.0,1.0,0.0,3.0,lower,"(1, 2)",7,
136,O_s0_final,0.0,0.0,0.0,0.0,1.0,0.0,0.0,1.0,0.0,0.0,1.0,2.0,shortcut,"(2, 3)",,5
137,O_s0_final,0.0,0.0,0.0,0.0,1.0,0.0,0.0,1.0,0.0,0.0,1.0,3.0,shortcut,"(2, 3)",,5
138,O_s0_final,0.0,0.0,0.0,0.0,1.0,0.0,0.0,1.0,0.0,0.0,1.0,2.0,shortcut,"(2, 3)",,6
139,O_s0_final,0.0,0.0,0.0,0.0,1.0,0.0,0.0,1.0,0.0,0.0,1.0,3.0,shortcut,"(2, 3)",,5
140,O_s0_final,0.0,0.0,0.0,0.0,1.0,0.0,0.0,1.0,0.0,0.0,1.0,1.0,shortcut,"(2, 3)",,3
141,O_s0_final,0.0,0.0,0.0,0.0,1.0,0.0,0.0,1.0,0.0,0.0,1.0,2.0,shortcut,"(2, 3)",,4
142,O_s0_final,1.0,1.0,12.42784641634072,43.0,0.0,0.0,0.0,1.0,0.0,0.0,1.0,4.0,shortcut,"(2, 3)",8,
143,O_s0_final,1.0,1.0,13.16293830696572,44.0,0.0,0.0,0.0,1.0,0.0,0.0,1.0,3.0,shortcut,"(2, 3)",7,
144,O_s0_final,0.0,0.0,0.0,0.0,1.0,0.0,0.0,1.0,0.0,0.0,1.0,1.0,shortcut,"(2, 3)",,3
145,O_s0_final,1.0,1.0,12.42784641634072,43.0,0.0,0.0,0.0,1.0,0.0,0.0,1.0,5.0,shortcut,"(2, 3)",8,
146,O_s0_final,0.0,0.0,0.0,0.0,1.0,0.0,0.0,1.0,0.0,0.0,1.0,6.0,shortcut,"(2, 3)",,8
147,O_s0_final,0.0,0.0,0.0,0.0,1.0,0.0,0.0,1.0,0.0,0.0,1.0,2.0,shortcut,"(2, 3)",,4
148,O_s0_final,1.0,1.0,13.16293830696572,44.0,0.0,0.0,0.0,1.0,0.0,0.0,1.0,3.0,shortcut,"(2, 3)",7,
149,O_s0_final,0.0,0.0,0.0,0.0,1.0,0.0,0.0,1.0,0.0,0.0,1.0,1.0,shortcut,"(2, 3)",,3
150,O_s0_final,1.0,1.0,13.16293830696572,44.0,0.0,0.0,0.0,1.0,0.0,0.0,1.0,3.0,shortcut,"(2, 3)",7,
151,O_s0_final,0.0,0.0,0.0,0.0,1.0,0.0,0.0,1.0,0.0,0.0,1.0,2.0,shortcut,"(2, 3)",,4
152,O_s0_final,0.0,0.0,0.0,0.0,1.0,0.0,0.0,1.0,0.0,0.0,1.0,2.0,shortcut,"(2, 3)",,4
153,O_s0_final,0.0,0.0,0.0,0.0,1.0,0.0,0.0,1.0,0.0,0.0,1.0,1.0,shortcut,"(2, 3)",,5
154,O_s0_final,0.0,0.0,0.0,0.0,1.0,0.0,0.0,1.0,0.0,0.0,1.0,1.0,shortcut,"(2, 3)",,3
155,O_s0_final,0.0,0.0,0.0,0.0,1.0,0.0,0.0,1.0,0.0,0.0,1.0,1.0,shortcut,"(2, 3)",,3
156,O_s0_final,0.0,0.0,0.0,0.0,1.0,0.0,0.0,1.0,0.0,0.0,1.0,5.0,shortcut,"(2, 3)",,11
157,O_s0_final,0.0,0.0,0.0,0.0,1.0,0.0,0.0,1.0,0.0,0.0,1.0,2.0,shortcut,"(2, 3)",,7
158,O_s0_final,0.0,0.0,0.0,0.0,1.0,0.0,0.0,1.0,0.0,0.0,1.0,1.0,shortcut,"(2, 3)",,4
159,O_s0_final,0.0,0.0,0.0,0.0,1.0,0.0,0.0,1.0,0.0,0.0,1.0,1.0,shortcut,"(2, 3)",,5
160,O_s0_final,1.0,1.0,10.4358392792333,40.0,0.0,1.0,1.0,0.0,0.0,1.0,0.0,0.0,lower,"(1, 2)",11,
161,O_s0_final,0.0,0.0,0.0,0.0,1.0,0.0,0.0,1.0,0.0,0.0,1.0,2.0,shortcut,"(2, 3)",,4
162,O_s0_final,0.0,0.0,0.0,0.0,1.0,0.0,0.0,1.0,0.0,0.0,1.0,1.0,shortcut,"(2, 3)",,3
163,O_s0_final,1.0,1.0,13.16293830696572,44.0,0.0,0.0,0.0,1.0,0.0,0.0,1.0,3.0,shortcut,"(2, 3)",7,
164,O_s0_final,1.0,1.0,11.72950912024697,42.0,0.0,1.0,0.0,0.0,0.0,1.0,0.0,3.0,lower,"(1, 2)",9,
165,O_s0_final,0.0,0.0,0.0,0.0,1.0,0.0,0.0,1.0,0.0,0.0,1.0,1.0,shortcut,"(2, 3)",,3
166,O_s0_final,0.0,0.0,0.0,0.0,1.0,0.0,0.0,1.0,0.0,0.0,1.0,1.0,shortcut,"(2, 3)",,3
167,O_s0_final,0.0,0.0,0.0,0.0,1.0,0.0,0.0,1.0,0.0,0.0,1.0,1.0,shortcut,"(2, 3)",,3
168,O_s0_final,1.0,1.0,10.4358392792333,40.0,0.0,1.0,1.0,0.0,0.0,1.0,0.0,0.0,lower,"(1, 2)",11,
169,O_s0_final,0.0,0.0,0.0,0.0,1.0,0.0,0.0,1.0,0.0,0.0,1.0,3.0,shortcut,"(2, 3)",,6
170,O_s0_final,1.0,1.0,13.16293830696572,44.0,0.0,0.0,0.0,1.0,0.0,0.0,1.0,3.0,shortcut,"(2, 3)",7,
171,O_s0_final,1.0,1.0,13.16293830696572,44.0,0.0,0.0,0.0,1.0,0.0,0.0,1.0,3.0,shortcut,"(2, 3)",7,
172,O_s0_final,0.0,0.0,0.0,0.0,1.0,0.0,0.0,1.0,0.0,0.0,1.0,2.0,shortcut,"(2, 3)",,4
173,O_s0_final,1.0,1.0,12.42784641634072,43.0,0.0,0.0,0.0,1.0,0.0,0.0,1.0,3.0,shortcut,"(2, 3)",8,
174,O_s0_final,0.0,0.0,0.0,0.0,1.0,0.0,0.0,1.0,0.0,0.0,1.0,5.0,shortcut,"(2, 3)",,7
175,O_s0_final,0.0,0.0,0.0,0.0,1.0,0.0,0.0,1.0,0.0,0.0,1.0,1.0,shortcut,"(2, 3)",,3
176,O_s0_final,1.0,1.0,12.42784641634072,43.0,0.0,0.0,0.0,1.0,0.0,0.0,1.0,3.0,shortcut,"(2, 3)",8,
177,O_s0_final,0.0,0.0,0.0,0.0,1.0,0.0,0.0,1.0,0.0,0.0,1.0,2.0,shortcut,"(2, 3)",,6
178,O_s0_final,1.0,1.0,13.16293830696572,44.0,0.0,0.0,0.0,1.0,0.0,0.0,1.0,4.0,shortcut,"(2, 3)",7,
179,O_s0_final,0.0,0.0,0.0,0.0,1.0,0.0,0.0,1.0,0.0,0.0,1.0,3.0,shortcut,"(2, 3)",,6
180,O_s0_final,0.0,0.0,0.0,0.0,1.0,0.0,0.0,1.0,0.0,0.0,1.0,2.0,shortcut,"(2, 3)",,7
181,O_s0_final,1.0,1.0,13.16293830696572,44.0,0.0,0.0,0.0,1.0,0.0,0.0,1.0,3.0,shortcut,"(2, 3)",7,
182,O_s0_final,1.0,1.0,12.42784641634072,43.0,0.0,0.0,0.0,1.0,0.0,0.0,1.0,4.0,shortcut,"(2, 3)",8,
183,O_s0_final,0.0,0.0,0.0,0.0,1.0,0.0,0.0,1.0,0.0,0.0,1.0,4.0,shortcut,"(2, 3)",,6
184,O_s0_final,1.0,1.0,12.42784641634072,43.0,0.0,0.0,0.0,1.0,0.0,0.0,1.0,5.0,shortcut,"(2, 3)",8,
185,O_s0_final,0.0,0.0,0.0,0.0,1.0,0.0,0.0,1.0,0.0,0.0,1.0,1.0,shortcut,"(2, 3)",,3
186,O_s0_final,1.0,1.0,13.16293830696572,44.0,0.0,0.0,0.0,1.0,0.0,0.0,1.0,3.0,shortcut,"(2, 3)",7,
187,O_s0_final,0.0,0.0,0.0,0.0,1.0,0.0,0.0,1.0,0.0,0.0,1.0,1.0,shortcut,"(2, 3)",,7
188,O_s0_final,1.0,1.0,13.16293830696572,44.0,0.0,0.0,0.0,1.0,0.0,0.0,1.0,3.0,shortcut,"(2, 3)",7,
189,O_s0_final,0.0,0.0,0.0,0.0,1.0,0.0,0.0,1.0,0.0,0.0,1.0,1.0,shortcut,"(2, 3)",,3
190,O_s0_final,0.0,0.0,0.0,0.0,1.0,0.0,0.0,1.0,0.0,0.0,1.0,3.0,shortcut,"(2, 3)",,6
191,O_s0_final,1.0,1.0,13.16293830696572,44.0,0.0,0.0,0.0,1.0,0.0,0.0,1.0,3.0,shortcut,"(2, 3)",7,
192,O_s0_final,1.0,0.0,0.6983372960937497,1.0,1.0,0.0,0.0,1.0,0.0,0.0,1.0,8.0,shortcut,"(2, 3)",8,15
193,O_s0_final,0.0,0.0,0.0,0.0,1.0,0.0,0.0,1.0,0.0,0.0,1.0,2.0,shortcut,"(2, 3)",,4
194,O_s0_final,1.0,1.0,13.16293830696572,44.0,0.0,0.0,0.0,1.0,0.0,0.0,1.0,3.0,shortcut,"(2, 3)",7,
195,O_s0_final,0.0,0.0,0.0,0.0,1.0,0.0,0.0,1.0,0.0,0.0,1.0,1.0,shortcut,"(2, 3)",,5
196,O_s0_final,0.0,0.0,0.0,0.0,1.0,0.0,0.0,1.0,0.0,0.0,1.0,1.0,shortcut,"(2, 3)",,3
197,O_s0_final,0.0,0.0,0.0,0.0,1.0,0.0,0.0,1.0,0.0,0.0,1.0,1.0,shortcut,"(2, 3)",,3
198,O_s0_final,0.0,0.0,0.0,0.0,1.0,0.0,0.0,1.0,0.0,0.0,1.0,3.0,shortcut,"(2, 3)",,5
199,O_s0_final,0.0,0.0,0.0,0.0,1.0,0.0,0.0,1.0,0.0,0.0,1.0,1.0,shortcut,"(2, 3)",,3
0,O_s0_best,1.0,1.0,8.727942160055825,37.0,0.0,1.0,1.0,0.0,0.0,0.0,1.0,0.0,lower,"(2, 3)",14,
1,O_s0_best,0.0,0.0,0.0,0.0,1.0,0.0,0.0,1.0,0.0,0.0,1.0,3.0,shortcut,"(2, 3)",,5
2,O_s0_best,0.0,0.0,0.0,0.0,1.0,0.0,0.0,1.0,0.0,0.0,1.0,1.0,shortcut,"(2, 3)",,3
3,O_s0_best,1.0,1.0,13.16293830696572,44.0,0.0,0.0,0.0,1.0,0.0,0.0,1.0,3.0,shortcut,"(2, 3)",7,
4,O_s0_best,0.0,0.0,0.0,0.0,1.0,0.0,0.0,1.0,0.0,0.0,1.0,2.0,shortcut,"(2, 3)",,6
5,O_s0_best,1.0,1.0,13.16293830696572,44.0,0.0,0.0,0.0,1.0,0.0,0.0,1.0,3.0,shortcut,"(2, 3)",7,
6,O_s0_best,0.0,0.0,0.0,0.0,1.0,0.0,0.0,1.0,0.0,0.0,1.0,2.0,shortcut,"(2, 3)",,5
7,O_s0_best,0.0,0.0,0.0,0.0,1.0,0.0,0.0,1.0,0.0,0.0,1.0,2.0,shortcut,"(2, 3)",,5
8,O_s0_best,0.0,0.0,0.0,0.0,1.0,0.0,0.0,1.0,0.0,0.0,1.0,3.0,shortcut,"(2, 3)",,6
9,O_s0_best,1.0,1.0,11.72950912024697,42.0,0.0,1.0,1.0,0.0,0.0,1.0,0.0,0.0,lower,"(1, 2)",9,
10,O_s0_best,0.0,0.0,0.0,0.0,1.0,0.0,0.0,1.0,0.0,0.0,1.0,1.0,shortcut,"(2, 3)",,3
11,O_s0_best,0.0,0.0,0.0,0.0,1.0,0.0,0.0,1.0,0.0,0.0,1.0,2.0,shortcut,"(2, 3)",,4
12,O_s0_best,0.0,0.0,0.0,0.0,1.0,0.0,0.0,1.0,0.0,0.0,1.0,4.0,shortcut,"(2, 3)",,6
13,O_s0_best,0.0,0.0,0.0,0.0,1.0,0.0,0.0,1.0,0.0,0.0,1.0,2.0,shortcut,"(2, 3)",,5
14,O_s0_best,0.0,0.0,0.0,0.0,1.0,0.0,0.0,1.0,0.0,0.0,1.0,2.0,shortcut,"(2, 3)",,4
15,O_s0_best,1.0,1.0,13.16293830696572,44.0,0.0,0.0,0.0,1.0,0.0,0.0,1.0,4.0,shortcut,"(2, 3)",7,
16,O_s0_best,0.0,0.0,0.0,0.0,1.0,0.0,0.0,1.0,0.0,0.0,1.0,1.0,shortcut,"(2, 3)",,3
17,O_s0_best,0.0,0.0,0.0,0.0,1.0,0.0,0.0,1.0,0.0,0.0,1.0,2.0,shortcut,"(2, 3)",,4
18,O_s0_best,0.0,0.0,0.0,0.0,1.0,0.0,0.0,1.0,0.0,0.0,1.0,1.0,shortcut,"(2, 3)",,5
19,O_s0_best,0.0,0.0,0.0,0.0,1.0,0.0,0.0,1.0,0.0,0.0,1.0,1.0,shortcut,"(2, 3)",,3
20,O_s0_best,1.0,1.0,12.42784641634072,43.0,0.0,0.0,0.0,1.0,0.0,0.0,1.0,5.0,shortcut,"(2, 3)",8,
21,O_s0_best,0.0,0.0,0.0,0.0,1.0,0.0,0.0,1.0,0.0,0.0,1.0,2.0,shortcut,"(2, 3)",,5
22,O_s0_best,0.0,0.0,0.0,0.0,1.0,0.0,0.0,1.0,0.0,0.0,1.0,1.0,shortcut,"(2, 3)",,3
23,O_s0_best,0.0,0.0,0.0,0.0,1.0,0.0,0.0,1.0,0.0,0.0,1.0,3.0,shortcut,"(2, 3)",,8
24,O_s0_best,1.0,1.0,13.16293830696572,44.0,0.0,1.0,0.0,0.0,0.0,1.0,0.0,3.0,lower,"(1, 2)",7,
25,O_s0_best,1.0,1.0,12.42784641634072,43.0,0.0,0.0,0.0,1.0,0.0,0.0,1.0,4.0,shortcut,"(2, 3)",8,
26,O_s0_best,1.0,1.0,13.16293830696572,44.0,0.0,0.0,0.0,1.0,0.0,0.0,1.0,3.0,shortcut,"(2, 3)",7,
27,O_s0_best,1.0,1.0,11.72950912024697,42.0,0.0,0.0,0.0,1.0,0.0,0.0,1.0,4.0,shortcut,"(2, 3)",9,
28,O_s0_best,1.0,1.0,13.16293830696572,44.0,0.0,0.0,0.0,1.0,0.0,0.0,1.0,3.0,shortcut,"(2, 3)",7,
29,O_s0_best,0.0,0.0,0.0,0.0,1.0,0.0,0.0,1.0,0.0,0.0,1.0,1.0,shortcut,"(2, 3)",,3
30,O_s0_best,0.0,0.0,0.0,0.0,1.0,0.0,0.0,1.0,0.0,0.0,1.0,1.0,shortcut,"(2, 3)",,3
31,O_s0_best,0.0,0.0,0.0,0.0,1.0,0.0,0.0,1.0,0.0,0.0,1.0,1.0,shortcut,"(2, 3)",,3
32,O_s0_best,0.0,0.0,0.0,0.0,1.0,0.0,0.0,1.0,0.0,0.0,1.0,2.0,shortcut,"(2, 3)",,4
33,O_s0_best,0.0,0.0,0.0,0.0,1.0,0.0,0.0,1.0,0.0,0.0,1.0,2.0,shortcut,"(2, 3)",,5
34,O_s0_best,1.0,1.0,13.16293830696572,44.0,0.0,0.0,0.0,1.0,0.0,0.0,1.0,3.0,shortcut,"(2, 3)",7,
35,O_s0_best,0.0,0.0,0.0,0.0,1.0,0.0,0.0,1.0,0.0,0.0,1.0,3.0,shortcut,"(2, 3)",,5
36,O_s0_best,0.0,0.0,0.0,0.0,1.0,0.0,0.0,1.0,0.0,0.0,1.0,2.0,shortcut,"(2, 3)",,4
37,O_s0_best,1.0,1.0,11.72950912024697,42.0,0.0,0.0,0.0,1.0,0.0,0.0,1.0,4.0,shortcut,"(2, 3)",9,
38,O_s0_best,0.0,0.0,0.0,0.0,1.0,0.0,0.0,1.0,0.0,0.0,1.0,4.0,shortcut,"(2, 3)",,9
39,O_s0_best,1.0,1.0,13.16293830696572,44.0,0.0,0.0,0.0,1.0,0.0,0.0,1.0,3.0,shortcut,"(2, 3)",7,
40,O_s0_best,1.0,1.0,13.16293830696572,44.0,0.0,0.0,0.0,1.0,0.0,0.0,1.0,3.0,shortcut,"(2, 3)",7,
41,O_s0_best,1.0,1.0,13.16293830696572,44.0,0.0,0.0,0.0,1.0,0.0,0.0,1.0,3.0,shortcut,"(2, 3)",7,
42,O_s0_best,1.0,1.0,12.42784641634072,43.0,0.0,0.0,0.0,1.0,0.0,0.0,1.0,3.0,shortcut,"(2, 3)",8,
43,O_s0_best,1.0,1.0,13.16293830696572,44.0,0.0,0.0,0.0,1.0,0.0,0.0,1.0,3.0,shortcut,"(2, 3)",7,
44,O_s0_best,1.0,1.0,13.16293830696572,44.0,0.0,0.0,0.0,1.0,0.0,0.0,1.0,3.0,shortcut,"(2, 3)",7,
45,O_s0_best,0.0,0.0,0.0,0.0,1.0,0.0,0.0,1.0,0.0,0.0,1.0,1.0,shortcut,"(2, 3)",,3
46,O_s0_best,0.0,0.0,0.0,0.0,1.0,0.0,0.0,1.0,0.0,0.0,1.0,3.0,shortcut,"(2, 3)",,5
47,O_s0_best,0.0,0.0,0.0,0.0,1.0,0.0,0.0,1.0,0.0,0.0,1.0,1.0,shortcut,"(2, 3)",,3
48,O_s0_best,0.0,0.0,0.0,0.0,1.0,0.0,0.0,1.0,0.0,0.0,1.0,1.0,shortcut,"(2, 3)",,3
49,O_s0_best,1.0,1.0,13.16293830696572,44.0,0.0,0.0,0.0,1.0,0.0,0.0,1.0,3.0,shortcut,"(2, 3)",7,
50,O_s0_best,1.0,1.0,13.16293830696572,44.0,0.0,0.0,0.0,1.0,0.0,0.0,1.0,3.0,shortcut,"(2, 3)",7,
51,O_s0_best,1.0,1.0,13.16293830696572,44.0,0.0,0.0,0.0,1.0,0.0,0.0,1.0,3.0,shortcut,"(2, 3)",7,
52,O_s0_best,0.0,0.0,0.0,0.0,1.0,0.0,0.0,1.0,0.0,0.0,1.0,2.0,shortcut,"(2, 3)",,4
53,O_s0_best,0.0,0.0,0.0,0.0,1.0,0.0,0.0,1.0,0.0,0.0,1.0,1.0,shortcut,"(2, 3)",,3
54,O_s0_best,0.0,0.0,0.0,0.0,1.0,0.0,0.0,1.0,0.0,0.0,1.0,1.0,shortcut,"(2, 3)",,3
55,O_s0_best,0.0,0.0,0.0,0.0,1.0,0.0,0.0,1.0,0.0,0.0,1.0,2.0,shortcut,"(2, 3)",,5
56,O_s0_best,0.0,0.0,0.0,0.0,1.0,0.0,0.0,1.0,0.0,0.0,1.0,2.0,shortcut,"(2, 3)",,4
57,O_s0_best,0.0,0.0,0.0,0.0,1.0,0.0,0.0,1.0,0.0,0.0,1.0,1.0,shortcut,"(2, 3)",,3
58,O_s0_best,0.0,0.0,0.0,0.0,1.0,0.0,0.0,1.0,0.0,0.0,1.0,3.0,shortcut,"(2, 3)",,5
59,O_s0_best,0.0,0.0,0.0,0.0,1.0,0.0,0.0,1.0,0.0,0.0,1.0,2.0,shortcut,"(2, 3)",,4
60,O_s0_best,1.0,1.0,10.4358392792333,40.0,0.0,1.0,1.0,0.0,0.0,1.0,0.0,0.0,lower,"(1, 2)",11,
61,O_s0_best,0.0,0.0,0.0,0.0,1.0,0.0,0.0,1.0,0.0,0.0,1.0,3.0,shortcut,"(2, 3)",,5
62,O_s0_best,1.0,1.0,11.066088688957908,41.0,0.0,1.0,1.0,0.0,0.0,1.0,0.0,0.0,lower,"(1, 2)",10,
63,O_s0_best,0.0,0.0,0.0,0.0,1.0,0.0,0.0,1.0,0.0,0.0,1.0,1.0,shortcut,"(2, 3)",,3
64,O_s0_best,0.0,0.0,0.0,0.0,1.0,0.0,0.0,1.0,0.0,0.0,1.0,4.0,shortcut,"(2, 3)",,8
65,O_s0_best,0.0,0.0,0.0,0.0,1.0,0.0,0.0,1.0,0.0,0.0,1.0,2.0,shortcut,"(2, 3)",,4
66,O_s0_best,0.0,0.0,0.0,0.0,1.0,0.0,0.0,1.0,0.0,0.0,1.0,2.0,shortcut,"(2, 3)",,5
67,O_s0_best,0.0,0.0,0.0,0.0,1.0,1.0,0.0,0.0,0.0,1.0,0.0,1.0,lower,"(1, 2)",,5
68,O_s0_best,1.0,1.0,13.16293830696572,44.0,0.0,0.0,0.0,1.0,0.0,0.0,1.0,3.0,shortcut,"(2, 3)",7,
69,O_s0_best,0.0,0.0,0.0,0.0,1.0,0.0,0.0,1.0,0.0,0.0,1.0,3.0,shortcut,"(2, 3)",,5
70,O_s0_best,1.0,1.0,13.16293830696572,44.0,0.0,0.0,0.0,1.0,0.0,0.0,1.0,3.0,shortcut,"(2, 3)",7,
71,O_s0_best,0.0,0.0,0.0,0.0,1.0,0.0,0.0,1.0,0.0,0.0,1.0,3.0,shortcut,"(2, 3)",,5
72,O_s0_best,1.0,1.0,9.837102339994921,39.0,0.0,0.0,0.0,1.0,0.0,0.0,1.0,7.0,shortcut,"(2, 3)",12,
73,O_s0_best,1.0,1.0,13.16293830696572,44.0,0.0,0.0,0.0,1.0,0.0,0.0,1.0,3.0,shortcut,"(2, 3)",7,
74,O_s0_best,0.0,0.0,0.0,0.0,1.0,0.0,0.0,1.0,0.0,0.0,1.0,7.0,shortcut,"(2, 3)",,13
75,O_s0_best,1.0,1.0,11.066088688957908,41.0,0.0,1.0,1.0,0.0,0.0,1.0,0.0,0.0,lower,"(1, 2)",10,
76,O_s0_best,0.0,0.0,0.0,0.0,1.0,0.0,0.0,1.0,0.0,0.0,1.0,1.0,shortcut,"(2, 3)",,3
77,O_s0_best,0.0,0.0,0.0,0.0,1.0,0.0,0.0,1.0,0.0,0.0,1.0,2.0,shortcut,"(2, 3)",,6
78,O_s0_best,0.0,0.0,0.0,0.0,1.0,0.0,0.0,1.0,0.0,0.0,1.0,3.0,shortcut,"(2, 3)",,5
79,O_s0_best,0.0,0.0,0.0,0.0,1.0,0.0,0.0,1.0,0.0,0.0,1.0,2.0,shortcut,"(2, 3)",,4
80,O_s0_best,0.0,0.0,0.0,0.0,1.0,0.0,0.0,1.0,0.0,0.0,1.0,2.0,shortcut,"(2, 3)",,4
81,O_s0_best,1.0,1.0,13.16293830696572,44.0,0.0,0.0,0.0,1.0,0.0,0.0,1.0,3.0,shortcut,"(2, 3)",7,
82,O_s0_best,1.0,1.0,11.066088688957908,41.0,0.0,0.0,0.0,1.0,0.0,0.0,1.0,5.0,shortcut,"(2, 3)",10,
83,O_s0_best,0.0,0.0,0.0,0.0,1.0,0.0,0.0,1.0,0.0,0.0,1.0,4.0,shortcut,"(2, 3)",,6
84,O_s0_best,1.0,1.0,11.72950912024697,42.0,0.0,1.0,1.0,0.0,0.0,1.0,0.0,0.0,lower,"(1, 2)",9,
85,O_s0_best,1.0,1.0,13.16293830696572,44.0,0.0,0.0,0.0,1.0,0.0,0.0,1.0,3.0,shortcut,"(2, 3)",7,
86,O_s0_best,0.0,0.0,0.0,0.0,1.0,0.0,0.0,1.0,0.0,0.0,1.0,2.0,shortcut,"(2, 3)",,4
87,O_s0_best,1.0,1.0,11.066088688957908,41.0,0.0,0.0,0.0,1.0,0.0,0.0,1.0,6.0,shortcut,"(2, 3)",10,
88,O_s0_best,1.0,1.0,12.42784641634072,43.0,0.0,0.0,0.0,1.0,0.0,0.0,1.0,3.0,shortcut,"(2, 3)",8,
89,O_s0_best,0.0,0.0,0.0,0.0,1.0,0.0,0.0,1.0,0.0,0.0,1.0,3.0,shortcut,"(2, 3)",,7
90,O_s0_best,1.0,1.0,13.16293830696572,44.0,0.0,0.0,0.0,1.0,0.0,0.0,1.0,3.0,shortcut,"(2, 3)",7,
91,O_s0_best,0.0,0.0,0.0,0.0,1.0,0.0,0.0,1.0,0.0,0.0,1.0,8.0,shortcut,"(2, 3)",,13
92,O_s0_best,0.0,0.0,0.0,0.0,1.0,0.0,0.0,1.0,0.0,0.0,1.0,1.0,shortcut,"(2, 3)",,3
93,O_s0_best,0.0,0.0,0.0,0.0,1.0,0.0,0.0,1.0,0.0,0.0,1.0,1.0,shortcut,"(2, 3)",,5
94,O_s0_best,0.0,0.0,0.0,0.0,1.0,0.0,0.0,1.0,0.0,0.0,1.0,1.0,shortcut,"(2, 3)",,3
95,O_s0_best,0.0,0.0,0.0,0.0,1.0,0.0,0.0,1.0,0.0,0.0,1.0,1.0,shortcut,"(2, 3)",,4
96,O_s0_best,1.0,1.0,12.42784641634072,43.0,0.0,0.0,0.0,1.0,0.0,0.0,1.0,3.0,shortcut,"(2, 3)",8,
97,O_s0_best,0.0,0.0,0.0,0.0,1.0,0.0,0.0,1.0,0.0,0.0,1.0,3.0,shortcut,"(2, 3)",,5
98,O_s0_best,1.0,1.0,13.16293830696572,44.0,0.0,0.0,0.0,1.0,0.0,0.0,1.0,3.0,shortcut,"(2, 3)",7,
99,O_s0_best,0.0,0.0,0.0,0.0,1.0,0.0,0.0,1.0,0.0,0.0,1.0,1.0,shortcut,"(2, 3)",,3
100,O_s0_best,0.0,0.0,0.0,0.0,1.0,1.0,0.0,0.0,0.0,0.0,1.0,1.0,lower,"(2, 3)",,14
101,O_s0_best,0.0,0.0,0.0,0.0,1.0,0.0,0.0,1.0,0.0,0.0,1.0,1.0,shortcut,"(2, 3)",,3
102,O_s0_best,0.0,0.0,0.0,0.0,1.0,0.0,0.0,1.0,0.0,0.0,1.0,2.0,shortcut,"(2, 3)",,4
103,O_s0_best,1.0,1.0,13.16293830696572,44.0,0.0,0.0,0.0,1.0,0.0,0.0,1.0,3.0,shortcut,"(2, 3)",7,
104,O_s0_best,0.0,0.0,0.0,0.0,1.0,0.0,0.0,1.0,0.0,0.0,1.0,2.0,shortcut,"(2, 3)",,4
105,O_s0_best,0.0,0.0,0.0,0.0,1.0,0.0,0.0,1.0,0.0,0.0,1.0,10.0,shortcut,"(2, 3)",,14
106,O_s0_best,0.0,0.0,0.0,0.0,1.0,0.0,0.0,1.0,0.0,0.0,1.0,2.0,shortcut,"(2, 3)",,4
107,O_s0_best,0.0,0.0,0.0,0.0,1.0,1.0,0.0,0.0,0.0,1.0,0.0,3.0,lower,"(1, 2)",,7
108,O_s0_best,0.0,0.0,0.0,0.0,1.0,0.0,0.0,1.0,0.0,0.0,1.0,3.0,shortcut,"(2, 3)",,5
109,O_s0_best,0.0,0.0,0.0,0.0,1.0,0.0,0.0,1.0,0.0,0.0,1.0,3.0,shortcut,"(2, 3)",,5
110,O_s0_best,0.0,0.0,0.0,0.0,1.0,0.0,0.0,1.0,0.0,0.0,1.0,3.0,shortcut,"(2, 3)",,5
111,O_s0_best,0.0,0.0,0.0,0.0,1.0,0.0,0.0,1.0,0.0,0.0,1.0,1.0,shortcut,"(2, 3)",,3
112,O_s0_best,0.0,0.0,0.0,0.0,1.0,0.0,0.0,1.0,0.0,0.0,1.0,3.0,shortcut,"(2, 3)",,5
113,O_s0_best,1.0,1.0,13.16293830696572,44.0,0.0,0.0,0.0,1.0,0.0,0.0,1.0,4.0,shortcut,"(2, 3)",7,
114,O_s0_best,1.0,1.0,12.42784641634072,43.0,0.0,0.0,0.0,1.0,0.0,0.0,1.0,3.0,shortcut,"(2, 3)",8,
115,O_s0_best,0.0,0.0,0.0,0.0,1.0,0.0,0.0,1.0,0.0,0.0,1.0,1.0,shortcut,"(2, 3)",,3
116,O_s0_best,1.0,1.0,13.16293830696572,44.0,0.0,0.0,0.0,1.0,0.0,0.0,1.0,3.0,shortcut,"(2, 3)",7,
117,O_s0_best,0.0,0.0,0.0,0.0,1.0,0.0,0.0,1.0,0.0,0.0,1.0,2.0,shortcut,"(2, 3)",,4
118,O_s0_best,1.0,1.0,13.16293830696572,44.0,0.0,0.0,0.0,1.0,0.0,0.0,1.0,3.0,shortcut,"(2, 3)",7,
119,O_s0_best,0.0,0.0,0.0,0.0,1.0,0.0,0.0,1.0,0.0,0.0,1.0,2.0,shortcut,"(2, 3)",,7
120,O_s0_best,0.0,0.0,0.0,0.0,1.0,0.0,0.0,1.0,0.0,0.0,1.0,3.0,shortcut,"(2, 3)",,7
121,O_s0_best,1.0,1.0,13.16293830696572,44.0,0.0,0.0,0.0,1.0,0.0,0.0,1.0,3.0,shortcut,"(2, 3)",7,
122,O_s0_best,0.0,0.0,0.0,0.0,1.0,0.0,0.0,1.0,0.0,0.0,1.0,1.0,shortcut,"(2, 3)",,3
123,O_s0_best,1.0,1.0,11.72950912024697,42.0,0.0,0.0,0.0,1.0,0.0,0.0,1.0,3.0,shortcut,"(2, 3)",9,
124,O_s0_best,0.0,0.0,0.0,0.0,1.0,0.0,0.0,1.0,0.0,0.0,1.0,3.0,shortcut,"(2, 3)",,7
125,O_s0_best,1.0,1.0,13.16293830696572,44.0,0.0,0.0,0.0,1.0,0.0,0.0,1.0,3.0,shortcut,"(2, 3)",7,
126,O_s0_best,0.0,0.0,0.0,0.0,1.0,0.0,0.0,1.0,0.0,0.0,1.0,2.0,shortcut,"(2, 3)",,4
127,O_s0_best,1.0,1.0,11.066088688957908,41.0,0.0,1.0,1.0,0.0,0.0,1.0,0.0,0.0,lower,"(1, 2)",10,
128,O_s0_best,0.0,0.0,0.0,0.0,1.0,0.0,0.0,1.0,0.0,0.0,1.0,3.0,shortcut,"(2, 3)",,7
129,O_s0_best,1.0,1.0,13.16293830696572,44.0,0.0,0.0,0.0,1.0,0.0,0.0,1.0,3.0,shortcut,"(2, 3)",7,
130,O_s0_best,0.0,0.0,0.0,0.0,1.0,0.0,0.0,1.0,0.0,0.0,1.0,1.0,shortcut,"(2, 3)",,3
131,O_s0_best,0.0,0.0,0.0,0.0,1.0,0.0,0.0,1.0,0.0,0.0,1.0,2.0,shortcut,"(2, 3)",,4
132,O_s0_best,0.0,0.0,0.0,0.0,1.0,0.0,0.0,1.0,0.0,0.0,1.0,3.0,shortcut,"(2, 3)",,5
133,O_s0_best,0.0,0.0,0.0,0.0,1.0,0.0,0.0,1.0,0.0,0.0,1.0,3.0,shortcut,"(2, 3)",,5
134,O_s0_best,0.0,0.0,0.0,0.0,1.0,0.0,0.0,1.0,0.0,0.0,1.0,2.0,shortcut,"(2, 3)",,4
135,O_s0_best,1.0,1.0,13.16293830696572,44.0,0.0,1.0,0.0,0.0,0.0,1.0,0.0,3.0,lower,"(1, 2)",7,
136,O_s0_best,0.0,0.0,0.0,0.0,1.0,0.0,0.0,1.0,0.0,0.0,1.0,2.0,shortcut,"(2, 3)",,5
137,O_s0_best,0.0,0.0,0.0,0.0,1.0,0.0,0.0,1.0,0.0,0.0,1.0,3.0,shortcut,"(2, 3)",,5
138,O_s0_best,0.0,0.0,0.0,0.0,1.0,0.0,0.0,1.0,0.0,0.0,1.0,2.0,shortcut,"(2, 3)",,6
139,O_s0_best,0.0,0.0,0.0,0.0,1.0,0.0,0.0,1.0,0.0,0.0,1.0,3.0,shortcut,"(2, 3)",,5
140,O_s0_best,0.0,0.0,0.0,0.0,1.0,0.0,0.0,1.0,0.0,0.0,1.0,1.0,shortcut,"(2, 3)",,3
141,O_s0_best,0.0,0.0,0.0,0.0,1.0,0.0,0.0,1.0,0.0,0.0,1.0,2.0,shortcut,"(2, 3)",,4
142,O_s0_best,1.0,1.0,12.42784641634072,43.0,0.0,0.0,0.0,1.0,0.0,0.0,1.0,4.0,shortcut,"(2, 3)",8,
143,O_s0_best,1.0,1.0,13.16293830696572,44.0,0.0,0.0,0.0,1.0,0.0,0.0,1.0,3.0,shortcut,"(2, 3)",7,
144,O_s0_best,0.0,0.0,0.0,0.0,1.0,0.0,0.0,1.0,0.0,0.0,1.0,1.0,shortcut,"(2, 3)",,3
145,O_s0_best,1.0,1.0,12.42784641634072,43.0,0.0,0.0,0.0,1.0,0.0,0.0,1.0,5.0,shortcut,"(2, 3)",8,
146,O_s0_best,0.0,0.0,0.0,0.0,1.0,0.0,0.0,1.0,0.0,0.0,1.0,5.0,shortcut,"(2, 3)",,9
147,O_s0_best,0.0,0.0,0.0,0.0,1.0,0.0,0.0,1.0,0.0,0.0,1.0,2.0,shortcut,"(2, 3)",,4
148,O_s0_best,1.0,1.0,13.16293830696572,44.0,0.0,0.0,0.0,1.0,0.0,0.0,1.0,3.0,shortcut,"(2, 3)",7,
149,O_s0_best,0.0,0.0,0.0,0.0,1.0,0.0,0.0,1.0,0.0,0.0,1.0,1.0,shortcut,"(2, 3)",,3
150,O_s0_best,0.0,0.0,0.0,0.0,1.0,0.0,0.0,1.0,0.0,0.0,1.0,1.0,shortcut,"(2, 3)",,3
151,O_s0_best,0.0,0.0,0.0,0.0,1.0,0.0,0.0,1.0,0.0,0.0,1.0,2.0,shortcut,"(2, 3)",,4
152,O_s0_best,0.0,0.0,0.0,0.0,1.0,0.0,0.0,1.0,0.0,0.0,1.0,2.0,shortcut,"(2, 3)",,4
153,O_s0_best,0.0,0.0,0.0,0.0,1.0,0.0,0.0,1.0,0.0,0.0,1.0,3.0,shortcut,"(2, 3)",,6
154,O_s0_best,0.0,0.0,0.0,0.0,1.0,0.0,0.0,1.0,0.0,0.0,1.0,1.0,shortcut,"(2, 3)",,3
155,O_s0_best,0.0,0.0,0.0,0.0,1.0,0.0,0.0,1.0,0.0,0.0,1.0,1.0,shortcut,"(2, 3)",,3
156,O_s0_best,0.0,0.0,0.0,0.0,1.0,0.0,0.0,1.0,0.0,0.0,1.0,2.0,shortcut,"(2, 3)",,4
157,O_s0_best,0.0,0.0,0.0,0.0,1.0,0.0,0.0,1.0,0.0,0.0,1.0,2.0,shortcut,"(2, 3)",,7
158,O_s0_best,0.0,0.0,0.0,0.0,1.0,0.0,0.0,1.0,0.0,0.0,1.0,1.0,shortcut,"(2, 3)",,4
159,O_s0_best,0.0,0.0,0.0,0.0,1.0,0.0,0.0,1.0,0.0,0.0,1.0,3.0,shortcut,"(2, 3)",,6
160,O_s0_best,1.0,1.0,10.4358392792333,40.0,0.0,1.0,1.0,0.0,0.0,1.0,0.0,0.0,lower,"(1, 2)",11,
161,O_s0_best,0.0,0.0,0.0,0.0,1.0,0.0,0.0,1.0,0.0,0.0,1.0,2.0,shortcut,"(2, 3)",,4
162,O_s0_best,0.0,0.0,0.0,0.0,1.0,0.0,0.0,1.0,0.0,0.0,1.0,1.0,shortcut,"(2, 3)",,3
163,O_s0_best,1.0,1.0,13.16293830696572,44.0,0.0,0.0,0.0,1.0,0.0,0.0,1.0,3.0,shortcut,"(2, 3)",7,
164,O_s0_best,1.0,1.0,11.72950912024697,42.0,0.0,1.0,0.0,0.0,0.0,1.0,0.0,3.0,lower,"(1, 2)",9,
165,O_s0_best,0.0,0.0,0.0,0.0,1.0,0.0,0.0,1.0,0.0,0.0,1.0,1.0,shortcut,"(2, 3)",,3
166,O_s0_best,0.0,0.0,0.0,0.0,1.0,0.0,0.0,1.0,0.0,0.0,1.0,1.0,shortcut,"(2, 3)",,3
167,O_s0_best,0.0,0.0,0.0,0.0,1.0,0.0,0.0,1.0,0.0,0.0,1.0,1.0,shortcut,"(2, 3)",,3
168,O_s0_best,1.0,1.0,7.72692509766079,35.0,0.0,1.0,1.0,0.0,0.0,1.0,0.0,0.0,lower,"(1, 2)",16,
169,O_s0_best,0.0,0.0,0.0,0.0,1.0,0.0,0.0,1.0,0.0,0.0,1.0,3.0,shortcut,"(2, 3)",,6
170,O_s0_best,1.0,1.0,13.16293830696572,44.0,0.0,0.0,0.0,1.0,0.0,0.0,1.0,3.0,shortcut,"(2, 3)",7,
171,O_s0_best,1.0,1.0,13.16293830696572,44.0,0.0,0.0,0.0,1.0,0.0,0.0,1.0,3.0,shortcut,"(2, 3)",7,
172,O_s0_best,0.0,0.0,0.0,0.0,1.0,0.0,0.0,1.0,0.0,0.0,1.0,2.0,shortcut,"(2, 3)",,4
173,O_s0_best,0.0,0.0,0.0,0.0,1.0,0.0,0.0,1.0,0.0,0.0,1.0,2.0,shortcut,"(2, 3)",,5
174,O_s0_best,0.0,0.0,0.0,0.0,1.0,0.0,0.0,1.0,0.0,0.0,1.0,7.0,shortcut,"(2, 3)",,9
175,O_s0_best,0.0,0.0,0.0,0.0,1.0,0.0,0.0,1.0,0.0,0.0,1.0,1.0,shortcut,"(2, 3)",,3
176,O_s0_best,1.0,1.0,13.16293830696572,44.0,0.0,0.0,0.0,1.0,0.0,0.0,1.0,3.0,shortcut,"(2, 3)",7,
177,O_s0_best,0.0,0.0,0.0,0.0,1.0,0.0,0.0,1.0,0.0,0.0,1.0,2.0,shortcut,"(2, 3)",,6
178,O_s0_best,1.0,1.0,13.16293830696572,44.0,0.0,0.0,0.0,1.0,0.0,0.0,1.0,4.0,shortcut,"(2, 3)",7,
179,O_s0_best,0.0,0.0,0.0,0.0,1.0,0.0,0.0,1.0,0.0,0.0,1.0,3.0,shortcut,"(2, 3)",,6
180,O_s0_best,0.0,0.0,0.0,0.0,1.0,0.0,0.0,1.0,0.0,0.0,1.0,2.0,shortcut,"(2, 3)",,7
181,O_s0_best,1.0,1.0,13.16293830696572,44.0,0.0,0.0,0.0,1.0,0.0,0.0,1.0,3.0,shortcut,"(2, 3)",7,
182,O_s0_best,1.0,1.0,13.16293830696572,44.0,0.0,0.0,0.0,1.0,0.0,0.0,1.0,4.0,shortcut,"(2, 3)",7,
183,O_s0_best,0.0,0.0,0.0,0.0,1.0,0.0,0.0,1.0,0.0,0.0,1.0,4.0,shortcut,"(2, 3)",,6
184,O_s0_best,1.0,1.0,12.42784641634072,43.0,0.0,0.0,0.0,1.0,0.0,0.0,1.0,4.0,shortcut,"(2, 3)",8,
185,O_s0_best,0.0,0.0,0.0,0.0,1.0,0.0,0.0,1.0,0.0,0.0,1.0,1.0,shortcut,"(2, 3)",,3
186,O_s0_best,1.0,1.0,13.16293830696572,44.0,0.0,0.0,0.0,1.0,0.0,0.0,1.0,3.0,shortcut,"(2, 3)",7,
187,O_s0_best,0.0,0.0,0.0,0.0,1.0,0.0,0.0,1.0,0.0,0.0,1.0,2.0,shortcut,"(2, 3)",,7
188,O_s0_best,1.0,1.0,13.16293830696572,44.0,0.0,0.0,0.0,1.0,0.0,0.0,1.0,3.0,shortcut,"(2, 3)",7,
189,O_s0_best,0.0,0.0,0.0,0.0,1.0,0.0,0.0,1.0,0.0,0.0,1.0,1.0,shortcut,"(2, 3)",,3
190,O_s0_best,0.0,0.0,0.0,0.0,1.0,0.0,0.0,1.0,0.0,0.0,1.0,3.0,shortcut,"(2, 3)",,6
191,O_s0_best,1.0,1.0,13.16293830696572,44.0,0.0,0.0,0.0,1.0,0.0,0.0,1.0,3.0,shortcut,"(2, 3)",7,
192,O_s0_best,1.0,0.0,0.6983372960937497,1.0,1.0,0.0,0.0,1.0,0.0,0.0,1.0,8.0,shortcut,"(2, 3)",8,15
193,O_s0_best,0.0,0.0,0.0,0.0,1.0,0.0,0.0,1.0,0.0,0.0,1.0,2.0,shortcut,"(2, 3)",,4
194,O_s0_best,1.0,1.0,12.42784641634072,43.0,0.0,0.0,0.0,1.0,0.0,0.0,1.0,3.0,shortcut,"(2, 3)",8,
195,O_s0_best,0.0,0.0,0.0,0.0,1.0,0.0,0.0,1.0,0.0,0.0,1.0,1.0,shortcut,"(2, 3)",,5
196,O_s0_best,0.0,0.0,0.0,0.0,1.0,0.0,0.0,1.0,0.0,0.0,1.0,1.0,shortcut,"(2, 3)",,3
197,O_s0_best,0.0,0.0,0.0,0.0,1.0,0.0,0.0,1.0,0.0,0.0,1.0,1.0,shortcut,"(2, 3)",,3
198,O_s0_best,0.0,0.0,0.0,0.0,1.0,0.0,0.0,1.0,0.0,0.0,1.0,3.0,shortcut,"(2, 3)",,5
199,O_s0_best,0.0,0.0,0.0,0.0,1.0,0.0,0.0,1.0,0.0,0.0,1.0,1.0,shortcut,"(2, 3)",,3
0,P_s0_final,0.0,0.0,0.0,0.0,1.0,0.0,0.0,1.0,0.0,0.0,1.0,1.0,shortcut,"(2, 3)",,4
1,P_s0_final,0.0,0.0,0.0,0.0,1.0,0.0,0.0,1.0,0.0,0.0,1.0,3.0,shortcut,"(2, 3)",,5
2,P_s0_final,1.0,1.0,12.42784641634072,43.0,0.0,1.0,1.0,0.0,0.0,1.0,0.0,0.0,lower,"(1, 2)",8,
3,P_s0_final,1.0,1.0,13.16293830696572,44.0,0.0,0.0,0.0,1.0,0.0,0.0,1.0,3.0,shortcut,"(2, 3)",7,
4,P_s0_final,1.0,1.0,11.066088688957908,41.0,0.0,1.0,1.0,0.0,0.0,1.0,0.0,0.0,lower,"(1, 2)",10,
5,P_s0_final,1.0,1.0,11.72950912024697,42.0,0.0,1.0,1.0,0.0,0.0,1.0,0.0,0.0,lower,"(1, 2)",9,
6,P_s0_final,1.0,1.0,11.72950912024697,42.0,0.0,1.0,1.0,0.0,0.0,1.0,0.0,0.0,lower,"(1, 2)",9,
7,P_s0_final,0.0,0.0,0.0,0.0,1.0,0.0,0.0,1.0,0.0,0.0,1.0,3.0,shortcut,"(2, 3)",,5
8,P_s0_final,1.0,1.0,13.16293830696572,44.0,0.0,0.0,0.0,1.0,0.0,0.0,1.0,3.0,shortcut,"(2, 3)",7,
9,P_s0_final,1.0,1.0,12.42784641634072,43.0,0.0,1.0,1.0,0.0,0.0,1.0,0.0,0.0,lower,"(1, 2)",8,
10,P_s0_final,1.0,1.0,11.72950912024697,42.0,0.0,1.0,1.0,0.0,0.0,1.0,0.0,0.0,lower,"(1, 2)",9,
11,P_s0_final,0.0,0.0,0.0,0.0,1.0,0.0,0.0,1.0,0.0,0.0,1.0,2.0,shortcut,"(2, 3)",,4
12,P_s0_final,1.0,1.0,11.72950912024697,42.0,0.0,1.0,1.0,0.0,0.0,1.0,0.0,0.0,lower,"(1, 2)",9,
13,P_s0_final,1.0,1.0,11.066088688957908,41.0,0.0,1.0,1.0,0.0,0.0,1.0,0.0,0.0,lower,"(1, 2)",10,
14,P_s0_final,0.0,0.0,0.0,0.0,1.0,0.0,0.0,1.0,0.0,0.0,1.0,3.0,shortcut,"(2, 3)",,6
15,P_s0_final,1.0,1.0,13.16293830696572,44.0,0.0,0.0,0.0,1.0,0.0,0.0,1.0,4.0,shortcut,"(2, 3)",7,
16,P_s0_final,1.0,1.0,11.066088688957908,41.0,0.0,1.0,1.0,0.0,0.0,1.0,0.0,0.0,lower,"(1, 2)",10,
17,P_s0_final,0.0,0.0,0.0,0.0,1.0,0.0,0.0,1.0,0.0,0.0,1.0,2.0,shortcut,"(2, 3)",,4
18,P_s0_final,1.0,1.0,7.72692509766079,35.0,0.0,1.0,1.0,0.0,0.0,1.0,0.0,0.0,lower,"(1, 2)",16,
19,P_s0_final,1.0,1.0,11.72950912024697,42.0,0.0,1.0,1.0,0.0,0.0,1.0,0.0,0.0,lower,"(1, 2)",9,
20,P_s0_final,1.0,1.0,12.42784641634072,43.0,0.0,0.0,0.0,1.0,0.0,0.0,1.0,5.0,shortcut,"(2, 3)",8,
21,P_s0_final,0.0,0.0,0.0,0.0,1.0,1.0,0.0,0.0,0.0,1.0,0.0,4.0,lower,"(1, 2)",,12
22,P_s0_final,0.0,0.0,0.0,0.0,1.0,0.0,0.0,1.0,0.0,0.0,1.0,1.0,shortcut,"(2, 3)",,3
23,P_s0_final,0.0,0.0,0.0,0.0,1.0,0.0,0.0,1.0,0.0,0.0,1.0,3.0,shortcut,"(2, 3)",,5
24,P_s0_final,1.0,1.0,12.42784641634072,43.0,0.0,1.0,1.0,0.0,0.0,1.0,0.0,0.0,lower,"(1, 2)",8,
25,P_s0_final,1.0,1.0,10.4358392792333,40.0,0.0,1.0,1.0,0.0,0.0,1.0,0.0,0.0,lower,"(1, 2)",11,
26,P_s0_final,1.0,1.0,12.42784641634072,43.0,0.0,1.0,1.0,0.0,0.0,1.0,0.0,0.0,lower,"(1, 2)",8,
27,P_s0_final,1.0,1.0,11.72950912024697,42.0,0.0,1.0,1.0,0.0,0.0,1.0,0.0,0.0,lower,"(1, 2)",9,
28,P_s0_final,1.0,1.0,13.16293830696572,44.0,0.0,0.0,0.0,1.0,0.0,0.0,1.0,3.0,shortcut,"(2, 3)",7,
29,P_s0_final,0.0,0.0,0.0,0.0,1.0,0.0,0.0,1.0,0.0,0.0,1.0,1.0,shortcut,"(2, 3)",,3
30,P_s0_final,0.0,0.0,0.0,0.0,1.0,0.0,0.0,1.0,0.0,0.0,1.0,1.0,shortcut,"(2, 3)",,3
31,P_s0_final,0.0,0.0,0.0,0.0,1.0,0.0,0.0,1.0,0.0,0.0,1.0,1.0,shortcut,"(2, 3)",,3
32,P_s0_final,0.0,0.0,0.0,0.0,1.0,0.0,0.0,1.0,0.0,0.0,1.0,2.0,shortcut,"(2, 3)",,4
33,P_s0_final,1.0,1.0,9.268302247718463,38.0,0.0,1.0,0.0,0.0,0.0,0.0,1.0,4.0,lower,"(2, 3)",13,
34,P_s0_final,1.0,1.0,13.16293830696572,44.0,0.0,0.0,0.0,1.0,0.0,0.0,1.0,3.0,shortcut,"(2, 3)",7,
35,P_s0_final,0.0,0.0,0.0,0.0,1.0,0.0,0.0,1.0,0.0,0.0,1.0,3.0,shortcut,"(2, 3)",,5
36,P_s0_final,0.0,0.0,0.0,0.0,1.0,0.0,0.0,1.0,0.0,0.0,1.0,2.0,shortcut,"(2, 3)",,4
37,P_s0_final,1.0,1.0,12.42784641634072,43.0,0.0,1.0,1.0,0.0,0.0,1.0,0.0,0.0,lower,"(1, 2)",8,
38,P_s0_final,0.0,0.0,0.0,0.0,1.0,0.0,0.0,1.0,0.0,0.0,1.0,3.0,shortcut,"(2, 3)",,5
39,P_s0_final,1.0,1.0,13.16293830696572,44.0,0.0,0.0,0.0,1.0,0.0,0.0,1.0,3.0,shortcut,"(2, 3)",7,
40,P_s0_final,0.0,0.0,0.0,0.0,1.0,1.0,0.0,0.0,0.0,1.0,0.0,1.0,lower,"(1, 2)",,8
41,P_s0_final,1.0,1.0,7.72692509766079,35.0,0.0,1.0,1.0,0.0,0.0,1.0,0.0,0.0,lower,"(1, 2)",16,
42,P_s0_final,1.0,1.0,11.066088688957908,41.0,0.0,1.0,1.0,0.0,0.0,1.0,0.0,0.0,lower,"(1, 2)",10,
43,P_s0_final,1.0,1.0,13.16293830696572,44.0,0.0,0.0,0.0,1.0,0.0,0.0,1.0,3.0,shortcut,"(2, 3)",7,
44,P_s0_final,1.0,1.0,13.16293830696572,44.0,0.0,0.0,0.0,1.0,0.0,0.0,1.0,3.0,shortcut,"(2, 3)",7,
45,P_s0_final,1.0,1.0,12.42784641634072,43.0,0.0,1.0,1.0,0.0,0.0,1.0,0.0,0.0,lower,"(1, 2)",8,
46,P_s0_final,0.0,0.0,0.0,0.0,1.0,0.0,0.0,1.0,0.0,0.0,1.0,3.0,shortcut,"(2, 3)",,5
47,P_s0_final,1.0,1.0,12.42784641634072,43.0,0.0,1.0,1.0,0.0,0.0,1.0,0.0,0.0,lower,"(1, 2)",8,
48,P_s0_final,1.0,1.0,12.42784641634072,43.0,0.0,1.0,1.0,0.0,0.0,1.0,0.0,0.0,lower,"(1, 2)",8,
49,P_s0_final,1.0,1.0,11.72950912024697,42.0,0.0,1.0,1.0,0.0,0.0,1.0,0.0,0.0,lower,"(1, 2)",9,
50,P_s0_final,1.0,1.0,13.16293830696572,44.0,0.0,0.0,0.0,1.0,0.0,0.0,1.0,3.0,shortcut,"(2, 3)",7,
51,P_s0_final,1.0,1.0,13.16293830696572,44.0,0.0,0.0,0.0,1.0,0.0,0.0,1.0,3.0,shortcut,"(2, 3)",7,
52,P_s0_final,1.0,1.0,12.42784641634072,43.0,0.0,1.0,1.0,0.0,0.0,1.0,0.0,0.0,lower,"(1, 2)",8,
53,P_s0_final,0.0,0.0,0.0,0.0,1.0,0.0,0.0,1.0,0.0,0.0,1.0,1.0,shortcut,"(2, 3)",,3
54,P_s0_final,1.0,1.0,12.42784641634072,43.0,0.0,1.0,1.0,0.0,0.0,1.0,0.0,0.0,lower,"(1, 2)",8,
55,P_s0_final,0.0,0.0,0.0,0.0,1.0,0.0,0.0,1.0,0.0,0.0,1.0,2.0,shortcut,"(2, 3)",,5
56,P_s0_final,1.0,1.0,11.066088688957908,41.0,0.0,1.0,0.0,0.0,0.0,1.0,0.0,3.0,lower,"(1, 2)",10,
57,P_s0_final,0.0,0.0,0.0,0.0,1.0,0.0,0.0,1.0,0.0,0.0,1.0,1.0,shortcut,"(2, 3)",,3
58,P_s0_final,1.0,1.0,11.099259710522361,41.0,0.0,1.0,1.0,0.0,0.0,1.0,0.0,0.0,lower,"(1, 2)",9,
59,P_s0_final,1.0,1.0,12.42784641634072,43.0,0.0,1.0,1.0,0.0,0.0,1.0,0.0,0.0,lower,"(1, 2)",8,
60,P_s0_final,0.0,0.0,0.0,0.0,1.0,0.0,0.0,1.0,0.0,0.0,1.0,1.0,shortcut,"(2, 3)",,5
61,P_s0_final,0.0,0.0,0.0,0.0,1.0,0.0,0.0,1.0,0.0,0.0,1.0,3.0,shortcut,"(2, 3)",,5
62,P_s0_final,1.0,1.0,11.72950912024697,42.0,0.0,1.0,1.0,0.0,0.0,1.0,0.0,0.0,lower,"(1, 2)",9,
63,P_s0_final,1.0,1.0,11.72950912024697,42.0,0.0,1.0,1.0,0.0,0.0,1.0,0.0,0.0,lower,"(1, 2)",9,
64,P_s0_final,0.0,0.0,0.0,0.0,1.0,0.0,0.0,1.0,0.0,0.0,1.0,3.0,shortcut,"(2, 3)",,5
65,P_s0_final,1.0,1.0,10.4358392792333,40.0,0.0,1.0,1.0,0.0,0.0,1.0,0.0,0.0,lower,"(1, 2)",11,
66,P_s0_final,0.0,0.0,0.0,0.0,1.0,0.0,0.0,1.0,0.0,0.0,1.0,2.0,shortcut,"(2, 3)",,5
67,P_s0_final,1.0,1.0,11.066088688957908,41.0,0.0,1.0,1.0,0.0,0.0,1.0,0.0,0.0,lower,"(1, 2)",10,
68,P_s0_final,1.0,1.0,12.42784641634072,43.0,0.0,1.0,1.0,0.0,0.0,1.0,0.0,0.0,lower,"(1, 2)",8,
69,P_s0_final,1.0,1.0,13.16293830696572,44.0,0.0,0.0,0.0,1.0,0.0,0.0,1.0,3.0,shortcut,"(2, 3)",7,
70,P_s0_final,1.0,1.0,13.16293830696572,44.0,0.0,0.0,0.0,1.0,0.0,0.0,1.0,3.0,shortcut,"(2, 3)",7,
71,P_s0_final,1.0,1.0,11.066088688957908,41.0,0.0,1.0,1.0,0.0,0.0,1.0,0.0,0.0,lower,"(1, 2)",10,
72,P_s0_final,1.0,1.0,11.72950912024697,42.0,0.0,1.0,1.0,0.0,0.0,1.0,0.0,0.0,lower,"(1, 2)",9,
73,P_s0_final,1.0,1.0,13.16293830696572,44.0,0.0,0.0,0.0,1.0,0.0,0.0,1.0,3.0,shortcut,"(2, 3)",7,
74,P_s0_final,1.0,1.0,10.4358392792333,40.0,0.0,1.0,1.0,0.0,0.0,1.0,0.0,0.0,lower,"(1, 2)",11,
75,P_s0_final,1.0,1.0,12.42784641634072,43.0,0.0,1.0,1.0,0.0,0.0,1.0,0.0,0.0,lower,"(1, 2)",8,
76,P_s0_final,0.0,0.0,0.0,0.0,1.0,0.0,0.0,1.0,0.0,0.0,1.0,1.0,shortcut,"(2, 3)",,3
77,P_s0_final,0.0,0.0,0.0,0.0,1.0,1.0,0.0,0.0,0.0,0.0,1.0,2.0,lower,"(2, 3)",,6
78,P_s0_final,1.0,1.0,11.72950912024697,42.0,0.0,1.0,1.0,0.0,0.0,1.0,0.0,0.0,lower,"(1, 2)",9,
79,P_s0_final,0.0,0.0,0.0,0.0,1.0,0.0,0.0,1.0,0.0,0.0,1.0,2.0,shortcut,"(2, 3)",,4
80,P_s0_final,0.0,0.0,0.0,0.0,1.0,0.0,0.0,1.0,0.0,0.0,1.0,2.0,shortcut,"(2, 3)",,4
81,P_s0_final,1.0,1.0,13.16293830696572,44.0,0.0,0.0,0.0,1.0,0.0,0.0,1.0,3.0,shortcut,"(2, 3)",7,
82,P_s0_final,1.0,1.0,11.066088688957908,41.0,0.0,1.0,1.0,0.0,0.0,1.0,0.0,0.0,lower,"(1, 2)",10,
83,P_s0_final,1.0,1.0,13.16293830696572,44.0,0.0,0.0,0.0,1.0,0.0,0.0,1.0,3.0,shortcut,"(2, 3)",7,
84,P_s0_final,1.0,1.0,12.42784641634072,43.0,0.0,1.0,1.0,0.0,0.0,1.0,0.0,0.0,lower,"(1, 2)",8,
85,P_s0_final,1.0,1.0,13.16293830696572,44.0,0.0,0.0,0.0,1.0,0.0,0.0,1.0,3.0,shortcut,"(2, 3)",7,
86,P_s0_final,0.0,0.0,0.0,0.0,1.0,0.0,0.0,1.0,0.0,0.0,1.0,1.0,shortcut,"(2, 3)",,4
87,P_s0_final,1.0,1.0,10.4358392792333,40.0,0.0,0.0,0.0,1.0,0.0,0.0,1.0,6.0,shortcut,"(2, 3)",11,
88,P_s0_final,1.0,1.0,11.72950912024697,42.0,0.0,1.0,0.0,0.0,0.0,0.0,1.0,3.0,lower,"(2, 3)",9,
89,P_s0_final,1.0,1.0,8.214600076776321,36.0,0.0,1.0,1.0,0.0,0.0,0.0,1.0,0.0,lower,"(2, 3)",15,
90,P_s0_final,1.0,1.0,11.764425985051659,42.0,0.0,1.0,1.0,0.0,0.0,1.0,0.0,0.0,lower,"(1, 2)",8,
91,P_s0_final,1.0,1.0,11.72950912024697,42.0,0.0,1.0,1.0,0.0,0.0,1.0,0.0,0.0,lower,"(1, 2)",9,
92,P_s0_final,0.0,0.0,0.0,0.0,1.0,0.0,0.0,1.0,0.0,0.0,1.0,1.0,shortcut,"(2, 3)",,3
93,P_s0_final,1.0,1.0,11.72950912024697,42.0,0.0,1.0,1.0,0.0,0.0,1.0,0.0,0.0,lower,"(1, 2)",9,
94,P_s0_final,1.0,1.0,11.764425985051659,42.0,0.0,1.0,1.0,0.0,0.0,1.0,0.0,0.0,lower,"(1, 2)",8,
95,P_s0_final,0.0,0.0,0.0,0.0,1.0,0.0,0.0,1.0,0.0,0.0,1.0,1.0,shortcut,"(2, 3)",,4
96,P_s0_final,1.0,1.0,13.16293830696572,44.0,0.0,0.0,0.0,1.0,0.0,0.0,1.0,3.0,shortcut,"(2, 3)",7,
97,P_s0_final,0.0,0.0,0.0,0.0,1.0,0.0,0.0,1.0,0.0,0.0,1.0,3.0,shortcut,"(2, 3)",,5
98,P_s0_final,1.0,1.0,13.16293830696572,44.0,0.0,0.0,0.0,1.0,0.0,0.0,1.0,3.0,shortcut,"(2, 3)",7,
99,P_s0_final,0.0,0.0,0.0,0.0,1.0,0.0,0.0,1.0,0.0,0.0,1.0,1.0,shortcut,"(2, 3)",,3
100,P_s0_final,1.0,1.0,8.214600076776321,36.0,0.0,1.0,1.0,0.0,0.0,1.0,0.0,0.0,lower,"(1, 2)",15,
101,P_s0_final,0.0,0.0,0.0,0.0,1.0,0.0,0.0,1.0,0.0,0.0,1.0,1.0,shortcut,"(2, 3)",,3
102,P_s0_final,1.0,1.0,13.16293830696572,44.0,0.0,0.0,0.0,1.0,0.0,0.0,1.0,3.0,shortcut,"(2, 3)",7,
103,P_s0_final,1.0,1.0,13.16293830696572,44.0,0.0,0.0,0.0,1.0,0.0,0.0,1.0,3.0,shortcut,"(2, 3)",7,
104,P_s0_final,0.0,0.0,0.0,0.0,1.0,0.0,0.0,1.0,0.0,0.0,1.0,2.0,shortcut,"(2, 3)",,4
105,P_s0_final,1.0,1.0,11.066088688957908,41.0,0.0,1.0,1.0,0.0,0.0,1.0,0.0,0.0,lower,"(1, 2)",10,
106,P_s0_final,0.0,0.0,0.0,0.0,1.0,0.0,0.0,1.0,0.0,0.0,1.0,2.0,shortcut,"(2, 3)",,4
107,P_s0_final,1.0,1.0,11.13417657532705,41.0,0.0,1.0,1.0,0.0,0.0,1.0,0.0,0.0,lower,"(1, 2)",8,
108,P_s0_final,0.0,0.0,0.0,0.0,1.0,0.0,0.0,1.0,0.0,0.0,1.0,3.0,shortcut,"(2, 3)",,5
109,P_s0_final,1.0,1.0,13.16293830696572,44.0,0.0,0.0,0.0,1.0,0.0,0.0,1.0,3.0,shortcut,"(2, 3)",7,
110,P_s0_final,0.0,0.0,0.0,0.0,1.0,0.0,0.0,1.0,0.0,0.0,1.0,2.0,shortcut,"(2, 3)",,5
111,P_s0_final,0.0,0.0,0.0,0.0,1.0,1.0,0.0,0.0,0.0,1.0,0.0,2.0,lower,"(1, 2)",,5
112,P_s0_final,1.0,1.0,11.72950912024697,42.0,0.0,1.0,1.0,0.0,0.0,1.0,0.0,0.0,lower,"(1, 2)",9,
113,P_s0_final,0.0,0.0,0.0,0.0,1.0,0.0,0.0,1.0,0.0,0.0,1.0,2.0,shortcut,"(2, 3)",,4
114,P_s0_final,1.0,1.0,11.066088688957908,41.0,0.0,1.0,1.0,0.0,0.0,1.0,0.0,0.0,lower,"(1, 2)",10,
115,P_s0_final,0.0,0.0,0.0,0.0,1.0,0.0,0.0,1.0,0.0,0.0,1.0,1.0,shortcut,"(2, 3)",,3
116,P_s0_final,1.0,1.0,13.16293830696572,44.0,0.0,0.0,0.0,1.0,0.0,0.0,1.0,3.0,shortcut,"(2, 3)",7,
117,P_s0_final,1.0,1.0,8.214600076776321,36.0,0.0,1.0,0.0,0.0,0.0,1.0,0.0,4.0,lower,"(1, 2)",15,
118,P_s0_final,1.0,1.0,12.42784641634072,43.0,0.0,1.0,1.0,0.0,0.0,1.0,0.0,0.0,lower,"(1, 2)",8,
119,P_s0_final,0.0,0.0,0.0,0.0,1.0,0.0,0.0,1.0,0.0,0.0,1.0,2.0,shortcut,"(2, 3)",,7
120,P_s0_final,1.0,1.0,10.4358392792333,40.0,0.0,1.0,1.0,0.0,0.0,1.0,0.0,0.0,lower,"(1, 2)",11,
121,P_s0_final,1.0,1.0,13.16293830696572,44.0,0.0,0.0,0.0,1.0,0.0,0.0,1.0,3.0,shortcut,"(2, 3)",7,
122,P_s0_final,0.0,0.0,0.0,0.0,1.0,0.0,0.0,1.0,0.0,0.0,1.0,1.0,shortcut,"(2, 3)",,3
123,P_s0_final,0.0,0.0,0.0,0.0,1.0,1.0,0.0,0.0,0.0,0.0,1.0,1.0,lower,"(2, 3)",,6
124,P_s0_final,1.0,1.0,9.268302247718463,38.0,0.0,1.0,1.0,0.0,0.0,1.0,0.0,0.0,lower,"(1, 2)",13,
125,P_s0_final,1.0,1.0,11.72950912024697,42.0,0.0,1.0,1.0,0.0,0.0,1.0,0.0,0.0,lower,"(1, 2)",9,
126,P_s0_final,1.0,1.0,12.42784641634072,43.0,0.0,1.0,1.0,0.0,0.0,1.0,0.0,0.0,lower,"(1, 2)",8,
127,P_s0_final,1.0,1.0,11.72950912024697,42.0,0.0,1.0,1.0,0.0,0.0,1.0,0.0,0.0,lower,"(1, 2)",9,
128,P_s0_final,1.0,1.0,8.727942160055825,37.0,0.0,1.0,1.0,0.0,0.0,0.0,1.0,0.0,lower,"(2, 3)",14,
129,P_s0_final,1.0,1.0,12.42784641634072,43.0,0.0,1.0,1.0,0.0,0.0,1.0,0.0,0.0,lower,"(1, 2)",8,
130,P_s0_final,1.0,1.0,12.42784641634072,43.0,0.0,1.0,1.0,0.0,0.0,1.0,0.0,0.0,lower,"(1, 2)",8,
131,P_s0_final,0.0,0.0,0.0,0.0,1.0,0.0,0.0,1.0,0.0,0.0,1.0,2.0,shortcut,"(2, 3)",,4
132,P_s0_final,1.0,1.0,13.16293830696572,44.0,0.0,0.0,0.0,1.0,0.0,0.0,1.0,3.0,shortcut,"(2, 3)",7,
133,P_s0_final,0.0,0.0,0.0,0.0,1.0,0.0,0.0,1.0,0.0,0.0,1.0,3.0,shortcut,"(2, 3)",,5
134,P_s0_final,0.0,0.0,0.0,0.0,1.0,0.0,0.0,1.0,0.0,0.0,1.0,2.0,shortcut,"(2, 3)",,4
135,P_s0_final,1.0,1.0,11.13417657532705,41.0,0.0,1.0,1.0,0.0,0.0,1.0,0.0,0.0,lower,"(1, 2)",8,
136,P_s0_final,0.0,0.0,0.0,0.0,1.0,0.0,0.0,1.0,0.0,0.0,1.0,2.0,shortcut,"(2, 3)",,5
137,P_s0_final,1.0,1.0,12.42784641634072,43.0,0.0,1.0,1.0,0.0,0.0,1.0,0.0,0.0,lower,"(1, 2)",8,
138,P_s0_final,1.0,1.0,11.066088688957908,41.0,0.0,1.0,1.0,0.0,0.0,0.0,1.0,0.0,lower,"(2, 3)",10,
139,P_s0_final,0.0,0.0,0.0,0.0,1.0,0.0,0.0,1.0,0.0,0.0,1.0,3.0,shortcut,"(2, 3)",,5
140,P_s0_final,0.0,0.0,0.0,0.0,1.0,1.0,0.0,0.0,0.0,1.0,0.0,3.0,lower,"(1, 2)",,6
141,P_s0_final,0.0,0.0,0.0,0.0,1.0,0.0,0.0,1.0,0.0,0.0,1.0,2.0,shortcut,"(2, 3)",,4
142,P_s0_final,1.0,1.0,12.42784641634072,43.0,0.0,1.0,1.0,0.0,0.0,1.0,0.0,0.0,lower,"(1, 2)",8,
143,P_s0_final,1.0,1.0,13.16293830696572,44.0,0.0,0.0,0.0,1.0,0.0,0.0,1.0,3.0,shortcut,"(2, 3)",7,
144,P_s0_final,0.0,0.0,0.0,0.0,1.0,0.0,0.0,1.0,0.0,0.0,1.0,1.0,shortcut,"(2, 3)",,3
145,P_s0_final,1.0,1.0,12.42784641634072,43.0,0.0,1.0,1.0,0.0,0.0,1.0,0.0,0.0,lower,"(1, 2)",8,
146,P_s0_final,1.0,1.0,11.72950912024697,42.0,0.0,1.0,1.0,0.0,0.0,1.0,0.0,0.0,lower,"(1, 2)",9,
147,P_s0_final,1.0,1.0,8.309821824836646,36.0,0.0,1.0,1.0,0.0,0.0,1.0,0.0,0.0,lower,"(1, 2)",14,
148,P_s0_final,1.0,1.0,11.764425985051659,42.0,0.0,1.0,1.0,0.0,0.0,1.0,0.0,0.0,lower,"(1, 2)",8,
149,P_s0_final,1.0,1.0,11.72950912024697,42.0,0.0,1.0,1.0,0.0,0.0,1.0,0.0,0.0,lower,"(1, 2)",9,
150,P_s0_final,0.0,0.0,0.0,0.0,1.0,1.0,0.0,0.0,0.0,0.0,1.0,1.0,lower,"(2, 3)",,9
151,P_s0_final,0.0,0.0,0.0,0.0,1.0,0.0,0.0,1.0,0.0,0.0,1.0,2.0,shortcut,"(2, 3)",,4
152,P_s0_final,0.0,0.0,0.0,0.0,1.0,0.0,0.0,1.0,0.0,0.0,1.0,2.0,shortcut,"(2, 3)",,4
153,P_s0_final,0.0,0.0,0.0,0.0,1.0,1.0,0.0,0.0,0.0,1.0,0.0,1.0,lower,"(1, 2)",,5
154,P_s0_final,1.0,1.0,12.42784641634072,43.0,0.0,1.0,1.0,0.0,0.0,1.0,0.0,0.0,lower,"(1, 2)",8,
155,P_s0_final,0.0,0.0,0.0,0.0,1.0,0.0,0.0,1.0,0.0,0.0,1.0,1.0,shortcut,"(2, 3)",,3
156,P_s0_final,1.0,1.0,11.066088688957908,41.0,0.0,1.0,1.0,0.0,0.0,1.0,0.0,0.0,lower,"(1, 2)",10,
157,P_s0_final,1.0,1.0,11.066088688957908,41.0,0.0,1.0,1.0,0.0,0.0,1.0,0.0,0.0,lower,"(1, 2)",10,
158,P_s0_final,0.0,0.0,0.0,0.0,1.0,1.0,0.0,0.0,0.0,0.0,1.0,1.0,lower,"(2, 3)",,5
159,P_s0_final,0.0,0.0,0.0,0.0,1.0,1.0,0.0,0.0,0.0,0.0,1.0,1.0,lower,"(2, 3)",,5
160,P_s0_final,0.0,0.0,0.0,0.0,1.0,0.0,0.0,1.0,0.0,0.0,1.0,1.0,shortcut,"(2, 3)",,5
161,P_s0_final,1.0,1.0,12.42784641634072,43.0,0.0,1.0,1.0,0.0,0.0,1.0,0.0,0.0,lower,"(1, 2)",8,
162,P_s0_final,0.0,0.0,0.0,0.0,1.0,0.0,0.0,1.0,0.0,0.0,1.0,1.0,shortcut,"(2, 3)",,3
163,P_s0_final,1.0,1.0,12.42784641634072,43.0,0.0,1.0,1.0,0.0,0.0,1.0,0.0,0.0,lower,"(1, 2)",8,
164,P_s0_final,1.0,1.0,11.72950912024697,42.0,0.0,0.0,0.0,1.0,0.0,0.0,1.0,3.0,shortcut,"(2, 3)",9,
165,P_s0_final,1.0,1.0,12.42784641634072,43.0,0.0,1.0,1.0,0.0,0.0,1.0,0.0,0.0,lower,"(1, 2)",8,
166,P_s0_final,0.0,0.0,0.0,0.0,1.0,0.0,0.0,1.0,0.0,0.0,1.0,1.0,shortcut,"(2, 3)",,3
167,P_s0_final,0.0,0.0,0.0,0.0,1.0,0.0,0.0,1.0,0.0,0.0,1.0,1.0,shortcut,"(2, 3)",,3
168,P_s0_final,1.0,1.0,9.837102339994921,39.0,0.0,1.0,1.0,0.0,0.0,1.0,0.0,0.0,lower,"(1, 2)",12,
169,P_s0_final,0.0,0.0,0.0,0.0,1.0,0.0,0.0,1.0,0.0,0.0,1.0,2.0,shortcut,"(2, 3)",,4
170,P_s0_final,1.0,1.0,12.42784641634072,43.0,0.0,1.0,1.0,0.0,0.0,1.0,0.0,0.0,lower,"(1, 2)",8,
171,P_s0_final,1.0,1.0,13.16293830696572,44.0,0.0,0.0,0.0,1.0,0.0,0.0,1.0,4.0,shortcut,"(2, 3)",7,
172,P_s0_final,1.0,1.0,11.72950912024697,42.0,0.0,1.0,1.0,0.0,0.0,1.0,0.0,0.0,lower,"(1, 2)",9,
173,P_s0_final,0.0,0.0,0.0,0.0,1.0,1.0,0.0,0.0,0.0,0.0,1.0,2.0,lower,"(2, 3)",,7
174,P_s0_final,0.0,0.0,0.0,0.0,1.0,0.0,0.0,1.0,0.0,0.0,1.0,6.0,shortcut,"(2, 3)",,8
175,P_s0_final,1.0,1.0,11.72950912024697,42.0,0.0,1.0,1.0,0.0,0.0,1.0,0.0,0.0,lower,"(1, 2)",9,
176,P_s0_final,1.0,1.0,11.066088688957908,41.0,0.0,1.0,1.0,0.0,0.0,1.0,0.0,0.0,lower,"(1, 2)",10,
177,P_s0_final,0.0,0.0,0.0,0.0,1.0,0.0,0.0,1.0,0.0,0.0,1.0,2.0,shortcut,"(2, 3)",,6
178,P_s0_final,1.0,1.0,13.16293830696572,44.0,0.0,0.0,0.0,1.0,0.0,0.0,1.0,3.0,shortcut,"(2, 3)",7,
179,P_s0_final,1.0,1.0,11.066088688957908,41.0,0.0,1.0,1.0,0.0,0.0,1.0,0.0,0.0,lower,"(1, 2)",10,
180,P_s0_final,1.0,1.0,10.4358392792333,40.0,0.0,1.0,1.0,0.0,0.0,1.0,0.0,0.0,lower,"(1, 2)",11,
181,P_s0_final,0.0,0.0,0.0,0.0,1.0,1.0,0.0,0.0,0.0,1.0,0.0,2.0,lower,"(1, 2)",,6
182,P_s0_final,0.0,0.0,0.0,0.0,1.0,0.0,0.0,1.0,0.0,0.0,1.0,3.0,shortcut,"(2, 3)",,5
183,P_s0_final,1.0,1.0,12.42784641634072,43.0,0.0,1.0,1.0,0.0,0.0,1.0,0.0,0.0,lower,"(1, 2)",8,
184,P_s0_final,1.0,1.0,11.066088688957908,41.0,0.0,1.0,1.0,0.0,0.0,1.0,0.0,0.0,lower,"(1, 2)",10,
185,P_s0_final,0.0,0.0,0.0,0.0,1.0,0.0,0.0,1.0,0.0,0.0,1.0,1.0,shortcut,"(2, 3)",,3
186,P_s0_final,1.0,1.0,11.066088688957908,41.0,0.0,1.0,1.0,0.0,0.0,1.0,0.0,0.0,lower,"(1, 2)",10,
187,P_s0_final,1.0,1.0,8.727942160055825,37.0,0.0,1.0,1.0,0.0,0.0,1.0,0.0,0.0,lower,"(1, 2)",14,
188,P_s0_final,1.0,1.0,11.72950912024697,42.0,0.0,1.0,1.0,0.0,0.0,1.0,0.0,0.0,lower,"(1, 2)",9,
189,P_s0_final,1.0,1.0,11.72950912024697,42.0,0.0,1.0,1.0,0.0,0.0,1.0,0.0,0.0,lower,"(1, 2)",9,
190,P_s0_final,0.0,0.0,0.0,0.0,1.0,0.0,0.0,1.0,0.0,0.0,1.0,2.0,shortcut,"(2, 3)",,6
191,P_s0_final,1.0,1.0,13.16293830696572,44.0,0.0,0.0,0.0,1.0,0.0,0.0,1.0,3.0,shortcut,"(2, 3)",7,
192,P_s0_final,1.0,1.0,10.4358392792333,40.0,0.0,0.0,0.0,1.0,0.0,0.0,1.0,5.0,shortcut,"(2, 3)",11,
193,P_s0_final,1.0,1.0,11.72950912024697,42.0,0.0,1.0,1.0,0.0,0.0,1.0,0.0,0.0,lower,"(1, 2)",9,
194,P_s0_final,1.0,1.0,10.4358392792333,40.0,0.0,1.0,1.0,0.0,0.0,0.0,1.0,0.0,lower,"(2, 3)",11,
195,P_s0_final,0.0,0.0,0.0,0.0,1.0,0.0,0.0,1.0,0.0,0.0,1.0,5.0,shortcut,"(2, 3)",,9
196,P_s0_final,0.0,0.0,0.0,0.0,1.0,0.0,0.0,1.0,0.0,0.0,1.0,2.0,shortcut,"(2, 3)",,5
197,P_s0_final,0.0,0.0,0.0,0.0,1.0,0.0,0.0,1.0,0.0,0.0,1.0,1.0,shortcut,"(2, 3)",,3
198,P_s0_final,1.0,1.0,11.066088688957908,41.0,0.0,1.0,1.0,0.0,0.0,1.0,0.0,0.0,lower,"(1, 2)",10,
199,P_s0_final,0.0,0.0,0.0,0.0,1.0,0.0,0.0,1.0,0.0,0.0,1.0,1.0,shortcut,"(2, 3)",,3
0,P_s0_best,1.0,1.0,12.42784641634072,43.0,0.0,1.0,1.0,0.0,0.0,1.0,0.0,0.0,lower,"(1, 2)",8,
1,P_s0_best,0.0,0.0,0.0,0.0,1.0,0.0,0.0,1.0,0.0,0.0,1.0,3.0,shortcut,"(2, 3)",,5
2,P_s0_best,1.0,1.0,13.16293830696572,44.0,0.0,1.0,1.0,0.0,0.0,1.0,0.0,0.0,lower,"(1, 2)",7,
3,P_s0_best,1.0,1.0,12.42784641634072,43.0,0.0,1.0,1.0,0.0,0.0,1.0,0.0,0.0,lower,"(1, 2)",8,
4,P_s0_best,1.0,1.0,11.066088688957908,41.0,0.0,1.0,1.0,0.0,0.0,1.0,0.0,0.0,lower,"(1, 2)",10,
5,P_s0_best,1.0,1.0,11.066088688957908,41.0,0.0,1.0,1.0,0.0,0.0,1.0,0.0,0.0,lower,"(1, 2)",10,
6,P_s0_best,1.0,1.0,12.42784641634072,43.0,0.0,1.0,1.0,0.0,0.0,1.0,0.0,0.0,lower,"(1, 2)",8,
7,P_s0_best,0.0,0.0,0.0,0.0,1.0,0.0,0.0,1.0,0.0,0.0,1.0,3.0,shortcut,"(2, 3)",,5
8,P_s0_best,1.0,1.0,13.16293830696572,44.0,0.0,0.0,0.0,1.0,0.0,0.0,1.0,3.0,shortcut,"(2, 3)",7,
9,P_s0_best,1.0,1.0,12.42784641634072,43.0,0.0,1.0,1.0,0.0,0.0,1.0,0.0,0.0,lower,"(1, 2)",8,
10,P_s0_best,1.0,1.0,12.42784641634072,43.0,0.0,1.0,1.0,0.0,0.0,1.0,0.0,0.0,lower,"(1, 2)",8,
11,P_s0_best,0.0,0.0,0.0,0.0,1.0,1.0,0.0,0.0,0.0,1.0,0.0,2.0,lower,"(1, 2)",,4
12,P_s0_best,1.0,1.0,12.42784641634072,43.0,0.0,1.0,1.0,0.0,0.0,1.0,0.0,0.0,lower,"(1, 2)",8,
13,P_s0_best,1.0,1.0,12.42784641634072,43.0,0.0,1.0,1.0,0.0,0.0,1.0,0.0,0.0,lower,"(1, 2)",8,
14,P_s0_best,0.0,0.0,0.0,0.0,1.0,0.0,0.0,1.0,0.0,0.0,1.0,2.0,shortcut,"(2, 3)",,4
15,P_s0_best,1.0,1.0,13.16293830696572,44.0,0.0,1.0,0.0,0.0,0.0,1.0,0.0,3.0,lower,"(1, 2)",7,
16,P_s0_best,1.0,1.0,12.42784641634072,43.0,0.0,1.0,1.0,0.0,0.0,1.0,0.0,0.0,lower,"(1, 2)",8,
17,P_s0_best,0.0,0.0,0.0,0.0,1.0,0.0,0.0,1.0,0.0,0.0,1.0,2.0,shortcut,"(2, 3)",,4
18,P_s0_best,1.0,1.0,11.72950912024697,42.0,0.0,1.0,1.0,0.0,0.0,1.0,0.0,0.0,lower,"(1, 2)",9,
19,P_s0_best,1.0,1.0,11.72950912024697,42.0,0.0,1.0,1.0,0.0,0.0,1.0,0.0,0.0,lower,"(1, 2)",9,
20,P_s0_best,1.0,1.0,13.16293830696572,44.0,0.0,0.0,0.0,1.0,0.0,0.0,1.0,3.0,shortcut,"(2, 3)",7,
21,P_s0_best,1.0,1.0,10.4358392792333,40.0,0.0,1.0,1.0,0.0,0.0,1.0,0.0,0.0,lower,"(1, 2)",11,
22,P_s0_best,0.0,0.0,0.0,0.0,1.0,0.0,0.0,1.0,0.0,0.0,1.0,1.0,shortcut,"(2, 3)",,3
23,P_s0_best,1.0,1.0,13.16293830696572,44.0,0.0,0.0,0.0,1.0,0.0,0.0,1.0,3.0,shortcut,"(2, 3)",7,
24,P_s0_best,1.0,1.0,13.16293830696572,44.0,0.0,1.0,1.0,0.0,0.0,1.0,0.0,0.0,lower,"(1, 2)",7,
25,P_s0_best,1.0,1.0,9.895479191570665,39.0,0.0,1.0,1.0,0.0,0.0,1.0,0.0,0.0,lower,"(1, 2)",11,
26,P_s0_best,1.0,1.0,12.42784641634072,43.0,0.0,1.0,1.0,0.0,0.0,1.0,0.0,0.0,lower,"(1, 2)",8,
27,P_s0_best,1.0,1.0,12.42784641634072,43.0,0.0,1.0,1.0,0.0,0.0,1.0,0.0,0.0,lower,"(1, 2)",8,
28,P_s0_best,1.0,1.0,12.42784641634072,43.0,0.0,1.0,1.0,0.0,0.0,1.0,0.0,0.0,lower,"(1, 2)",8,
29,P_s0_best,0.0,0.0,0.0,0.0,1.0,0.0,0.0,1.0,0.0,0.0,1.0,1.0,shortcut,"(2, 3)",,3
30,P_s0_best,0.0,0.0,0.0,0.0,1.0,0.0,0.0,1.0,0.0,0.0,1.0,1.0,shortcut,"(2, 3)",,3
31,P_s0_best,0.0,0.0,0.0,0.0,1.0,0.0,0.0,1.0,0.0,0.0,1.0,1.0,shortcut,"(2, 3)",,3
32,P_s0_best,1.0,1.0,10.4358392792333,40.0,0.0,1.0,1.0,0.0,0.0,1.0,0.0,0.0,lower,"(1, 2)",11,
33,P_s0_best,1.0,1.0,13.16293830696572,44.0,0.0,0.0,0.0,1.0,0.0,0.0,1.0,3.0,shortcut,"(2, 3)",7,
34,P_s0_best,1.0,1.0,13.16293830696572,44.0,0.0,1.0,0.0,0.0,0.0,1.0,0.0,3.0,lower,"(1, 2)",7,
35,P_s0_best,0.0,0.0,0.0,0.0,1.0,0.0,0.0,1.0,0.0,0.0,1.0,3.0,shortcut,"(2, 3)",,5
36,P_s0_best,0.0,0.0,0.0,0.0,1.0,0.0,0.0,1.0,0.0,0.0,1.0,2.0,shortcut,"(2, 3)",,4
37,P_s0_best,1.0,1.0,12.42784641634072,43.0,0.0,1.0,1.0,0.0,0.0,1.0,0.0,0.0,lower,"(1, 2)",8,
38,P_s0_best,0.0,0.0,0.0,0.0,1.0,0.0,0.0,1.0,0.0,0.0,1.0,3.0,shortcut,"(2, 3)",,5
39,P_s0_best,1.0,1.0,12.42784641634072,43.0,0.0,1.0,1.0,0.0,0.0,1.0,0.0,0.0,lower,"(1, 2)",8,
40,P_s0_best,1.0,1.0,9.268302247718463,38.0,0.0,1.0,1.0,0.0,0.0,1.0,0.0,0.0,lower,"(1, 2)",13,
41,P_s0_best,1.0,1.0,12.42784641634072,43.0,0.0,1.0,1.0,0.0,0.0,1.0,0.0,0.0,lower,"(1, 2)",8,
42,P_s0_best,1.0,1.0,12.42784641634072,43.0,0.0,1.0,1.0,0.0,0.0,1.0,0.0,0.0,lower,"(1, 2)",8,
43,P_s0_best,1.0,1.0,13.16293830696572,44.0,0.0,0.0,0.0,1.0,0.0,0.0,1.0,3.0,shortcut,"(2, 3)",7,
44,P_s0_best,1.0,1.0,13.16293830696572,44.0,0.0,0.0,0.0,1.0,0.0,0.0,1.0,3.0,shortcut,"(2, 3)",7,
45,P_s0_best,1.0,1.0,12.42784641634072,43.0,0.0,1.0,1.0,0.0,0.0,1.0,0.0,0.0,lower,"(1, 2)",8,
46,P_s0_best,0.0,0.0,0.0,0.0,1.0,0.0,0.0,1.0,0.0,0.0,1.0,3.0,shortcut,"(2, 3)",,5
47,P_s0_best,1.0,1.0,12.42784641634072,43.0,0.0,1.0,1.0,0.0,0.0,1.0,0.0,0.0,lower,"(1, 2)",8,
48,P_s0_best,1.0,1.0,12.42784641634072,43.0,0.0,1.0,1.0,0.0,0.0,1.0,0.0,0.0,lower,"(1, 2)",8,
49,P_s0_best,1.0,1.0,11.72950912024697,42.0,0.0,1.0,1.0,0.0,0.0,1.0,0.0,0.0,lower,"(1, 2)",9,
50,P_s0_best,1.0,1.0,13.16293830696572,44.0,0.0,0.0,0.0,1.0,0.0,0.0,1.0,3.0,shortcut,"(2, 3)",7,
51,P_s0_best,1.0,1.0,13.16293830696572,44.0,0.0,0.0,0.0,1.0,0.0,0.0,1.0,3.0,shortcut,"(2, 3)",7,
52,P_s0_best,1.0,1.0,11.72950912024697,42.0,0.0,1.0,1.0,0.0,0.0,1.0,0.0,0.0,lower,"(1, 2)",9,
53,P_s0_best,0.0,0.0,0.0,0.0,1.0,0.0,0.0,1.0,0.0,0.0,1.0,1.0,shortcut,"(2, 3)",,3
54,P_s0_best,1.0,1.0,12.42784641634072,43.0,0.0,1.0,1.0,0.0,0.0,1.0,0.0,0.0,lower,"(1, 2)",8,
55,P_s0_best,1.0,1.0,11.066088688957908,41.0,0.0,1.0,1.0,0.0,0.0,1.0,0.0,0.0,lower,"(1, 2)",10,
56,P_s0_best,1.0,1.0,11.72950912024697,42.0,0.0,1.0,0.0,0.0,0.0,1.0,0.0,3.0,lower,"(1, 2)",9,
57,P_s0_best,0.0,0.0,0.0,0.0,1.0,0.0,0.0,1.0,0.0,0.0,1.0,1.0,shortcut,"(2, 3)",,3
58,P_s0_best,0.0,0.0,0.0,0.0,1.0,0.0,0.0,1.0,0.0,0.0,1.0,3.0,shortcut,"(2, 3)",,5
59,P_s0_best,1.0,1.0,12.42784641634072,43.0,0.0,1.0,1.0,0.0,0.0,1.0,0.0,0.0,lower,"(1, 2)",8,
60,P_s0_best,1.0,1.0,11.72950912024697,42.0,0.0,1.0,1.0,0.0,0.0,1.0,0.0,0.0,lower,"(1, 2)",9,
61,P_s0_best,0.0,0.0,0.0,0.0,1.0,0.0,0.0,1.0,0.0,0.0,1.0,3.0,shortcut,"(2, 3)",,5
62,P_s0_best,1.0,1.0,11.801180579582908,42.0,0.0,1.0,1.0,0.0,0.0,1.0,0.0,0.0,lower,"(1, 2)",7,
63,P_s0_best,1.0,1.0,11.72950912024697,42.0,0.0,1.0,1.0,0.0,0.0,1.0,0.0,0.0,lower,"(1, 2)",9,
64,P_s0_best,0.0,0.0,0.0,0.0,1.0,0.0,0.0,1.0,0.0,0.0,1.0,3.0,shortcut,"(2, 3)",,5
65,P_s0_best,1.0,1.0,12.42784641634072,43.0,0.0,1.0,1.0,0.0,0.0,1.0,0.0,0.0,lower,"(1, 2)",8,
66,P_s0_best,0.0,0.0,0.0,0.0,1.0,0.0,0.0,1.0,0.0,0.0,1.0,2.0,shortcut,"(2, 3)",,5
67,P_s0_best,1.0,1.0,11.066088688957908,41.0,0.0,1.0,1.0,0.0,0.0,1.0,0.0,0.0,lower,"(1, 2)",10,
68,P_s0_best,1.0,1.0,12.42784641634072,43.0,0.0,1.0,1.0,0.0,0.0,1.0,0.0,0.0,lower,"(1, 2)",8,
69,P_s0_best,1.0,1.0,13.16293830696572,44.0,0.0,0.0,0.0,1.0,0.0,0.0,1.0,3.0,shortcut,"(2, 3)",7,
70,P_s0_best,1.0,1.0,12.42784641634072,43.0,0.0,1.0,1.0,0.0,0.0,1.0,0.0,0.0,lower,"(1, 2)",8,
71,P_s0_best,1.0,1.0,11.764425985051659,42.0,0.0,1.0,1.0,0.0,0.0,1.0,0.0,0.0,lower,"(1, 2)",8,
72,P_s0_best,1.0,1.0,12.42784641634072,43.0,0.0,1.0,1.0,0.0,0.0,1.0,0.0,0.0,lower,"(1, 2)",8,
73,P_s0_best,1.0,1.0,13.16293830696572,44.0,0.0,0.0,0.0,1.0,0.0,0.0,1.0,3.0,shortcut,"(2, 3)",7,
74,P_s0_best,1.0,1.0,12.42784641634072,43.0,0.0,1.0,1.0,0.0,0.0,1.0,0.0,0.0,lower,"(1, 2)",8,
75,P_s0_best,1.0,1.0,13.16293830696572,44.0,0.0,1.0,1.0,0.0,0.0,1.0,0.0,0.0,lower,"(1, 2)",7,
76,P_s0_best,1.0,1.0,12.42784641634072,43.0,0.0,1.0,1.0,0.0,0.0,1.0,0.0,0.0,lower,"(1, 2)",8,
77,P_s0_best,1.0,1.0,11.72950912024697,42.0,0.0,1.0,1.0,0.0,0.0,1.0,0.0,0.0,lower,"(1, 2)",9,
78,P_s0_best,1.0,1.0,11.72950912024697,42.0,0.0,1.0,1.0,0.0,0.0,1.0,0.0,0.0,lower,"(1, 2)",9,
79,P_s0_best,0.0,0.0,0.0,0.0,1.0,0.0,0.0,1.0,0.0,0.0,1.0,2.0,shortcut,"(2, 3)",,4
80,P_s0_best,0.0,0.0,0.0,0.0,1.0,0.0,0.0,1.0,0.0,0.0,1.0,2.0,shortcut,"(2, 3)",,4
81,P_s0_best,1.0,1.0,12.42784641634072,43.0,0.0,1.0,1.0,0.0,0.0,1.0,0.0,0.0,lower,"(1, 2)",8,
82,P_s0_best,1.0,1.0,11.72950912024697,42.0,0.0,1.0,1.0,0.0,0.0,1.0,0.0,0.0,lower,"(1, 2)",9,
83,P_s0_best,1.0,1.0,13.16293830696572,44.0,0.0,0.0,0.0,1.0,0.0,0.0,1.0,3.0,shortcut,"(2, 3)",7,
84,P_s0_best,1.0,1.0,13.16293830696572,44.0,0.0,1.0,1.0,0.0,0.0,1.0,0.0,0.0,lower,"(1, 2)",7,
85,P_s0_best,1.0,1.0,13.16293830696572,44.0,0.0,0.0,0.0,1.0,0.0,0.0,1.0,3.0,shortcut,"(2, 3)",7,
86,P_s0_best,0.0,0.0,0.0,0.0,1.0,0.0,0.0,1.0,0.0,0.0,1.0,2.0,shortcut,"(2, 3)",,4
87,P_s0_best,0.0,0.0,0.0,0.0,1.0,0.0,0.0,1.0,0.0,0.0,1.0,3.0,shortcut,"(2, 3)",,5
88,P_s0_best,0.0,0.0,0.0,0.0,1.0,0.0,0.0,1.0,0.0,0.0,1.0,3.0,shortcut,"(2, 3)",,6
89,P_s0_best,1.0,1.0,11.066088688957908,41.0,0.0,1.0,1.0,0.0,0.0,0.0,1.0,0.0,lower,"(2, 3)",10,
90,P_s0_best,1.0,1.0,11.764425985051659,42.0,0.0,1.0,1.0,0.0,0.0,1.0,0.0,0.0,lower,"(1, 2)",8,
91,P_s0_best,1.0,1.0,12.42784641634072,43.0,0.0,1.0,1.0,0.0,0.0,1.0,0.0,0.0,lower,"(1, 2)",8,
92,P_s0_best,0.0,0.0,0.0,0.0,1.0,0.0,0.0,1.0,0.0,0.0,1.0,1.0,shortcut,"(2, 3)",,3
93,P_s0_best,1.0,1.0,11.72950912024697,42.0,0.0,1.0,1.0,0.0,0.0,1.0,0.0,0.0,lower,"(1, 2)",9,
94,P_s0_best,1.0,1.0,11.764425985051659,42.0,0.0,1.0,1.0,0.0,0.0,1.0,0.0,0.0,lower,"(1, 2)",8,
95,P_s0_best,1.0,1.0,13.16293830696572,44.0,0.0,0.0,0.0,1.0,0.0,0.0,1.0,3.0,shortcut,"(2, 3)",7,
96,P_s0_best,0.0,0.0,0.0,0.0,1.0,0.0,0.0,1.0,0.0,0.0,1.0,1.0,shortcut,"(2, 3)",,3
97,P_s0_best,0.0,0.0,0.0,0.0,1.0,0.0,0.0,1.0,0.0,0.0,1.0,3.0,shortcut,"(2, 3)",,5
98,P_s0_best,1.0,1.0,13.16293830696572,44.0,0.0,0.0,0.0,1.0,0.0,0.0,1.0,3.0,shortcut,"(2, 3)",7,
99,P_s0_best,0.0,0.0,0.0,0.0,1.0,1.0,0.0,0.0,0.0,1.0,0.0,1.0,lower,"(1, 2)",,4
100,P_s0_best,1.0,1.0,9.837102339994921,39.0,0.0,1.0,1.0,0.0,0.0,1.0,0.0,0.0,lower,"(1, 2)",12,
101,P_s0_best,0.0,0.0,0.0,0.0,1.0,0.0,0.0,1.0,0.0,0.0,1.0,1.0,shortcut,"(2, 3)",,3
102,P_s0_best,1.0,1.0,13.16293830696572,44.0,0.0,0.0,0.0,1.0,0.0,0.0,1.0,3.0,shortcut,"(2, 3)",7,
103,P_s0_best,1.0,1.0,12.42784641634072,43.0,0.0,1.0,1.0,0.0,0.0,1.0,0.0,0.0,lower,"(1, 2)",8,
104,P_s0_best,0.0,0.0,0.0,0.0,1.0,0.0,0.0,1.0,0.0,0.0,1.0,2.0,shortcut,"(2, 3)",,4
105,P_s0_best,1.0,1.0,13.16293830696572,44.0,0.0,0.0,0.0,1.0,0.0,0.0,1.0,3.0,shortcut,"(2, 3)",7,
106,P_s0_best,0.0,0.0,0.0,0.0,1.0,0.0,0.0,1.0,0.0,0.0,1.0,2.0,shortcut,"(2, 3)",,4
107,P_s0_best,1.0,1.0,12.42784641634072,43.0,0.0,1.0,1.0,0.0,0.0,1.0,0.0,0.0,lower,"(1, 2)",8,
108,P_s0_best,1.0,1.0,11.72950912024697,42.0,0.0,1.0,1.0,0.0,0.0,1.0,0.0,0.0,lower,"(1, 2)",9,
109,P_s0_best,1.0,1.0,13.16293830696572,44.0,0.0,0.0,0.0,1.0,0.0,0.0,1.0,3.0,shortcut,"(2, 3)",7,
110,P_s0_best,0.0,0.0,0.0,0.0,1.0,0.0,0.0,1.0,0.0,0.0,1.0,4.0,shortcut,"(2, 3)",,6
111,P_s0_best,1.0,1.0,9.837102339994921,39.0,0.0,1.0,1.0,0.0,0.0,1.0,0.0,0.0,lower,"(1, 2)",12,
112,P_s0_best,1.0,1.0,11.72950912024697,42.0,0.0,1.0,1.0,0.0,0.0,1.0,0.0,0.0,lower,"(1, 2)",9,
113,P_s0_best,0.0,0.0,0.0,0.0,1.0,0.0,0.0,1.0,0.0,0.0,1.0,2.0,shortcut,"(2, 3)",,4
114,P_s0_best,1.0,1.0,12.42784641634072,43.0,0.0,1.0,1.0,0.0,0.0,1.0,0.0,0.0,lower,"(1, 2)",8,
115,P_s0_best,0.0,0.0,0.0,0.0,1.0,0.0,0.0,1.0,0.0,0.0,1.0,1.0,shortcut,"(2, 3)",,3
116,P_s0_best,1.0,1.0,13.16293830696572,44.0,0.0,0.0,0.0,1.0,0.0,0.0,1.0,3.0,shortcut,"(2, 3)",7,
117,P_s0_best,1.0,1.0,8.727942160055825,37.0,0.0,1.0,1.0,0.0,0.0,1.0,0.0,0.0,lower,"(1, 2)",14,
118,P_s0_best,1.0,1.0,12.42784641634072,43.0,0.0,1.0,1.0,0.0,0.0,1.0,0.0,0.0,lower,"(1, 2)",8,
119,P_s0_best,1.0,1.0,10.4358392792333,40.0,0.0,1.0,1.0,0.0,0.0,0.0,1.0,0.0,lower,"(2, 3)",11,
120,P_s0_best,1.0,1.0,11.099259710522361,41.0,0.0,1.0,1.0,0.0,0.0,1.0,0.0,0.0,lower,"(1, 2)",9,
121,P_s0_best,1.0,1.0,13.16293830696572,44.0,0.0,0.0,0.0,1.0,0.0,0.0,1.0,3.0,shortcut,"(2, 3)",7,
122,P_s0_best,0.0,0.0,0.0,0.0,1.0,0.0,0.0,1.0,0.0,0.0,1.0,1.0,shortcut,"(2, 3)",,3
123,P_s0_best,1.0,1.0,11.066088688957908,41.0,0.0,1.0,1.0,0.0,0.0,1.0,0.0,0.0,lower,"(1, 2)",10,
124,P_s0_best,1.0,1.0,10.46735174971953,40.0,0.0,1.0,1.0,0.0,0.0,1.0,0.0,0.0,lower,"(1, 2)",10,
125,P_s0_best,1.0,1.0,11.72950912024697,42.0,0.0,1.0,1.0,0.0,0.0,1.0,0.0,0.0,lower,"(1, 2)",9,
126,P_s0_best,0.0,0.0,0.0,0.0,1.0,0.0,0.0,1.0,0.0,0.0,1.0,2.0,shortcut,"(2, 3)",,4
127,P_s0_best,1.0,1.0,11.72950912024697,42.0,0.0,1.0,1.0,0.0,0.0,1.0,0.0,0.0,lower,"(1, 2)",9,
128,P_s0_best,1.0,1.0,13.16293830696572,44.0,0.0,0.0,0.0,1.0,0.0,0.0,1.0,3.0,shortcut,"(2, 3)",7,
129,P_s0_best,1.0,1.0,12.42784641634072,43.0,0.0,1.0,1.0,0.0,0.0,1.0,0.0,0.0,lower,"(1, 2)",8,
130,P_s0_best,1.0,1.0,12.42784641634072,43.0,0.0,1.0,1.0,0.0,0.0,1.0,0.0,0.0,lower,"(1, 2)",8,
131,P_s0_best,0.0,0.0,0.0,0.0,1.0,0.0,0.0,1.0,0.0,0.0,1.0,2.0,shortcut,"(2, 3)",,4
132,P_s0_best,1.0,1.0,13.16293830696572,44.0,0.0,0.0,0.0,1.0,0.0,0.0,1.0,3.0,shortcut,"(2, 3)",7,
133,P_s0_best,0.0,0.0,0.0,0.0,1.0,0.0,0.0,1.0,0.0,0.0,1.0,3.0,shortcut,"(2, 3)",,5
134,P_s0_best,0.0,0.0,0.0,0.0,1.0,0.0,0.0,1.0,0.0,0.0,1.0,2.0,shortcut,"(2, 3)",,4
135,P_s0_best,1.0,1.0,13.16293830696572,44.0,0.0,1.0,1.0,0.0,0.0,1.0,0.0,0.0,lower,"(1, 2)",7,
136,P_s0_best,0.0,0.0,0.0,0.0,1.0,0.0,0.0,1.0,0.0,0.0,1.0,1.0,shortcut,"(2, 3)",,3
137,P_s0_best,1.0,1.0,12.42784641634072,43.0,0.0,1.0,1.0,0.0,0.0,1.0,0.0,0.0,lower,"(1, 2)",8,
138,P_s0_best,1.0,1.0,13.16293830696572,44.0,0.0,0.0,0.0,1.0,0.0,0.0,1.0,3.0,shortcut,"(2, 3)",7,
139,P_s0_best,0.0,0.0,0.0,0.0,1.0,0.0,0.0,1.0,0.0,0.0,1.0,3.0,shortcut,"(2, 3)",,5
140,P_s0_best,0.0,0.0,0.0,0.0,1.0,1.0,0.0,0.0,0.0,1.0,0.0,3.0,lower,"(1, 2)",,6
141,P_s0_best,0.0,0.0,0.0,0.0,1.0,0.0,0.0,1.0,0.0,0.0,1.0,2.0,shortcut,"(2, 3)",,4
142,P_s0_best,1.0,1.0,12.42784641634072,43.0,0.0,1.0,1.0,0.0,0.0,1.0,0.0,0.0,lower,"(1, 2)",8,
143,P_s0_best,1.0,1.0,13.16293830696572,44.0,0.0,0.0,0.0,1.0,0.0,0.0,1.0,3.0,shortcut,"(2, 3)",7,
144,P_s0_best,0.0,0.0,0.0,0.0,1.0,0.0,0.0,1.0,0.0,0.0,1.0,1.0,shortcut,"(2, 3)",,3
145,P_s0_best,1.0,1.0,12.42784641634072,43.0,0.0,1.0,1.0,0.0,0.0,1.0,0.0,0.0,lower,"(1, 2)",8,
146,P_s0_best,1.0,1.0,11.066088688957908,41.0,0.0,1.0,1.0,0.0,0.0,1.0,0.0,0.0,lower,"(1, 2)",10,
147,P_s0_best,1.0,1.0,11.72950912024697,42.0,0.0,1.0,1.0,0.0,0.0,1.0,0.0,0.0,lower,"(1, 2)",9,
148,P_s0_best,1.0,1.0,12.42784641634072,43.0,0.0,1.0,1.0,0.0,0.0,1.0,0.0,0.0,lower,"(1, 2)",8,
149,P_s0_best,1.0,1.0,12.42784641634072,43.0,0.0,1.0,1.0,0.0,0.0,1.0,0.0,0.0,lower,"(1, 2)",8,
150,P_s0_best,0.0,0.0,0.0,0.0,1.0,0.0,0.0,1.0,0.0,0.0,1.0,1.0,shortcut,"(2, 3)",,3
151,P_s0_best,0.0,0.0,0.0,0.0,1.0,0.0,0.0,1.0,0.0,0.0,1.0,2.0,shortcut,"(2, 3)",,4
152,P_s0_best,0.0,0.0,0.0,0.0,1.0,1.0,0.0,0.0,0.0,1.0,0.0,2.0,lower,"(1, 2)",,4
153,P_s0_best,1.0,1.0,12.42784641634072,43.0,0.0,1.0,0.0,0.0,0.0,1.0,0.0,3.0,lower,"(1, 2)",8,
154,P_s0_best,1.0,1.0,12.42784641634072,43.0,0.0,1.0,1.0,0.0,0.0,1.0,0.0,0.0,lower,"(1, 2)",8,
155,P_s0_best,1.0,1.0,11.797597006616112,42.0,0.0,1.0,1.0,0.0,0.0,1.0,0.0,1.0,lower,"(1, 2)",8,
156,P_s0_best,1.0,1.0,10.4358392792333,40.0,0.0,1.0,1.0,0.0,0.0,1.0,0.0,0.0,lower,"(1, 2)",11,
157,P_s0_best,1.0,1.0,11.72950912024697,42.0,0.0,1.0,1.0,0.0,0.0,1.0,0.0,0.0,lower,"(1, 2)",9,
158,P_s0_best,0.0,0.0,0.0,0.0,1.0,0.0,0.0,1.0,0.0,0.0,1.0,2.0,shortcut,"(2, 3)",,4
159,P_s0_best,1.0,1.0,13.16293830696572,44.0,0.0,0.0,0.0,1.0,0.0,0.0,1.0,3.0,shortcut,"(2, 3)",7,
160,P_s0_best,0.0,0.0,0.0,0.0,1.0,0.0,0.0,1.0,0.0,0.0,1.0,1.0,shortcut,"(2, 3)",,5
161,P_s0_best,1.0,1.0,12.42784641634072,43.0,0.0,1.0,1.0,0.0,0.0,1.0,0.0,0.0,lower,"(1, 2)",8,
162,P_s0_best,0.0,0.0,0.0,0.0,1.0,0.0,0.0,1.0,0.0,0.0,1.0,1.0,shortcut,"(2, 3)",,3
163,P_s0_best,1.0,1.0,12.42784641634072,43.0,0.0,1.0,1.0,0.0,0.0,1.0,0.0,0.0,lower,"(1, 2)",8,
164,P_s0_best,1.0,1.0,11.72950912024697,42.0,0.0,1.0,0.0,0.0,0.0,1.0,0.0,3.0,lower,"(1, 2)",9,
165,P_s0_best,1.0,1.0,12.42784641634072,43.0,0.0,1.0,1.0,0.0,0.0,1.0,0.0,0.0,lower,"(1, 2)",8,
166,P_s0_best,0.0,0.0,0.0,0.0,1.0,0.0,0.0,1.0,0.0,0.0,1.0,1.0,shortcut,"(2, 3)",,3
167,P_s0_best,0.0,0.0,0.0,0.0,1.0,0.0,0.0,1.0,0.0,0.0,1.0,1.0,shortcut,"(2, 3)",,3
168,P_s0_best,1.0,1.0,11.066088688957908,41.0,0.0,1.0,1.0,0.0,0.0,1.0,0.0,0.0,lower,"(1, 2)",10,
169,P_s0_best,0.0,0.0,0.0,0.0,1.0,0.0,0.0,1.0,0.0,0.0,1.0,2.0,shortcut,"(2, 3)",,4
170,P_s0_best,1.0,1.0,12.42784641634072,43.0,0.0,1.0,1.0,0.0,0.0,1.0,0.0,0.0,lower,"(1, 2)",8,
171,P_s0_best,1.0,1.0,13.16293830696572,44.0,0.0,0.0,0.0,1.0,0.0,0.0,1.0,3.0,shortcut,"(2, 3)",7,
172,P_s0_best,1.0,1.0,12.42784641634072,43.0,0.0,1.0,1.0,0.0,0.0,1.0,0.0,0.0,lower,"(1, 2)",8,
173,P_s0_best,0.0,0.0,0.0,0.0,1.0,0.0,0.0,1.0,0.0,0.0,1.0,1.0,shortcut,"(2, 3)",,3
174,P_s0_best,0.0,0.0,0.0,0.0,1.0,0.0,0.0,1.0,0.0,0.0,1.0,3.0,shortcut,"(2, 3)",,5
175,P_s0_best,1.0,1.0,11.066088688957908,41.0,0.0,1.0,1.0,0.0,0.0,1.0,0.0,0.0,lower,"(1, 2)",10,
176,P_s0_best,1.0,1.0,11.72950912024697,42.0,0.0,1.0,1.0,0.0,0.0,1.0,0.0,0.0,lower,"(1, 2)",9,
177,P_s0_best,1.0,1.0,12.42784641634072,43.0,0.0,0.0,0.0,1.0,0.0,0.0,1.0,3.0,shortcut,"(2, 3)",8,
178,P_s0_best,1.0,1.0,13.16293830696572,44.0,0.0,0.0,0.0,1.0,0.0,0.0,1.0,3.0,shortcut,"(2, 3)",7,
179,P_s0_best,1.0,1.0,12.42784641634072,43.0,0.0,1.0,1.0,0.0,0.0,1.0,0.0,0.0,lower,"(1, 2)",8,
180,P_s0_best,1.0,1.0,12.42784641634072,43.0,0.0,1.0,1.0,0.0,0.0,1.0,0.0,0.0,lower,"(1, 2)",8,
181,P_s0_best,1.0,1.0,13.16293830696572,44.0,0.0,0.0,0.0,1.0,0.0,0.0,1.0,3.0,shortcut,"(2, 3)",7,
182,P_s0_best,0.0,0.0,0.0,0.0,1.0,0.0,0.0,1.0,0.0,0.0,1.0,3.0,shortcut,"(2, 3)",,5
183,P_s0_best,1.0,1.0,12.42784641634072,43.0,0.0,1.0,1.0,0.0,0.0,1.0,0.0,0.0,lower,"(1, 2)",8,
184,P_s0_best,1.0,1.0,12.42784641634072,43.0,0.0,1.0,1.0,0.0,0.0,1.0,0.0,0.0,lower,"(1, 2)",8,
185,P_s0_best,1.0,1.0,12.42784641634072,43.0,0.0,1.0,1.0,0.0,0.0,1.0,0.0,0.0,lower,"(1, 2)",8,
186,P_s0_best,1.0,1.0,11.066088688957908,41.0,0.0,1.0,1.0,0.0,0.0,1.0,0.0,0.0,lower,"(1, 2)",10,
187,P_s0_best,1.0,1.0,11.72950912024697,42.0,0.0,1.0,1.0,0.0,0.0,1.0,0.0,0.0,lower,"(1, 2)",9,
188,P_s0_best,1.0,1.0,12.42784641634072,43.0,0.0,1.0,1.0,0.0,0.0,1.0,0.0,0.0,lower,"(1, 2)",8,
189,P_s0_best,1.0,1.0,11.72950912024697,42.0,0.0,1.0,1.0,0.0,0.0,1.0,0.0,0.0,lower,"(1, 2)",9,
190,P_s0_best,0.0,0.0,0.0,0.0,1.0,0.0,0.0,1.0,0.0,0.0,1.0,2.0,shortcut,"(2, 3)",,4
191,P_s0_best,1.0,1.0,13.16293830696572,44.0,0.0,0.0,0.0,1.0,0.0,0.0,1.0,3.0,shortcut,"(2, 3)",7,
192,P_s0_best,1.0,1.0,12.42784641634072,43.0,0.0,0.0,0.0,1.0,0.0,0.0,1.0,3.0,shortcut,"(2, 3)",8,
193,P_s0_best,1.0,1.0,12.42784641634072,43.0,0.0,1.0,1.0,0.0,0.0,1.0,0.0,0.0,lower,"(1, 2)",8,
194,P_s0_best,0.0,0.0,0.0,0.0,1.0,0.0,0.0,1.0,0.0,0.0,1.0,2.0,shortcut,"(2, 3)",,4
195,P_s0_best,1.0,1.0,7.72692509766079,35.0,0.0,1.0,1.0,0.0,0.0,1.0,0.0,0.0,lower,"(1, 2)",16,
196,P_s0_best,0.0,0.0,0.0,0.0,1.0,0.0,0.0,1.0,0.0,0.0,1.0,1.0,shortcut,"(2, 3)",,3
197,P_s0_best,0.0,0.0,0.0,0.0,1.0,0.0,0.0,1.0,0.0,0.0,1.0,1.0,shortcut,"(2, 3)",,3
198,P_s0_best,1.0,1.0,12.42784641634072,43.0,0.0,1.0,1.0,0.0,0.0,1.0,0.0,0.0,lower,"(1, 2)",8,
199,P_s0_best,0.0,0.0,0.0,0.0,1.0,0.0,0.0,1.0,0.0,0.0,1.0,1.0,shortcut,"(2, 3)",,3
0,O_s1_final,1.0,1.0,11.72950912024697,42.0,0.0,0.0,0.0,1.0,0.0,0.0,1.0,4.0,shortcut,"(2, 3)",9,
1,O_s1_final,0.0,0.0,0.0,0.0,1.0,0.0,0.0,1.0,0.0,0.0,1.0,3.0,shortcut,"(2, 3)",,5
2,O_s1_final,0.0,0.0,0.0,0.0,1.0,0.0,0.0,1.0,0.0,0.0,1.0,1.0,shortcut,"(2, 3)",,3
3,O_s1_final,1.0,1.0,13.16293830696572,44.0,0.0,0.0,0.0,1.0,0.0,0.0,1.0,3.0,shortcut,"(2, 3)",7,
4,O_s1_final,0.0,0.0,0.0,0.0,1.0,0.0,0.0,1.0,0.0,0.0,1.0,2.0,shortcut,"(2, 3)",,6
5,O_s1_final,1.0,1.0,13.16293830696572,44.0,0.0,0.0,0.0,1.0,0.0,0.0,1.0,3.0,shortcut,"(2, 3)",7,
6,O_s1_final,0.0,0.0,0.0,0.0,1.0,0.0,0.0,1.0,0.0,0.0,1.0,2.0,shortcut,"(2, 3)",,5
7,O_s1_final,0.0,0.0,0.0,0.0,1.0,0.0,0.0,1.0,0.0,0.0,1.0,3.0,shortcut,"(2, 3)",,5
8,O_s1_final,0.0,0.0,0.0,0.0,1.0,0.0,0.0,1.0,0.0,0.0,1.0,3.0,shortcut,"(2, 3)",,6
9,O_s1_final,1.0,1.0,11.72950912024697,42.0,0.0,1.0,1.0,0.0,0.0,1.0,0.0,0.0,lower,"(1, 2)",9,
10,O_s1_final,0.0,0.0,0.0,0.0,1.0,0.0,0.0,1.0,0.0,0.0,1.0,1.0,shortcut,"(2, 3)",,3
11,O_s1_final,0.0,0.0,0.0,0.0,1.0,0.0,0.0,1.0,0.0,0.0,1.0,2.0,shortcut,"(2, 3)",,4
12,O_s1_final,0.0,0.0,0.0,0.0,1.0,0.0,0.0,1.0,0.0,0.0,1.0,4.0,shortcut,"(2, 3)",,6
13,O_s1_final,0.0,0.0,0.0,0.0,1.0,0.0,0.0,1.0,0.0,0.0,1.0,2.0,shortcut,"(2, 3)",,5
14,O_s1_final,0.0,0.0,0.0,0.0,1.0,0.0,0.0,1.0,0.0,0.0,1.0,2.0,shortcut,"(2, 3)",,4
15,O_s1_final,1.0,1.0,13.16293830696572,44.0,0.0,0.0,0.0,1.0,0.0,0.0,1.0,3.0,shortcut,"(2, 3)",7,
16,O_s1_final,0.0,0.0,0.0,0.0,1.0,0.0,0.0,1.0,0.0,0.0,1.0,1.0,shortcut,"(2, 3)",,3
17,O_s1_final,0.0,0.0,0.0,0.0,1.0,0.0,0.0,1.0,0.0,0.0,1.0,2.0,shortcut,"(2, 3)",,4
18,O_s1_final,1.0,1.0,11.066088688957908,41.0,0.0,0.0,0.0,1.0,0.0,0.0,1.0,5.0,shortcut,"(2, 3)",10,
19,O_s1_final,0.0,0.0,0.0,0.0,1.0,0.0,0.0,1.0,0.0,0.0,1.0,1.0,shortcut,"(2, 3)",,3
20,O_s1_final,0.0,0.0,0.0,0.0,1.0,0.0,0.0,1.0,0.0,0.0,1.0,4.0,shortcut,"(2, 3)",,6
21,O_s1_final,0.0,0.0,0.0,0.0,1.0,0.0,0.0,1.0,0.0,0.0,1.0,3.0,shortcut,"(2, 3)",,5
22,O_s1_final,0.0,0.0,0.0,0.0,1.0,0.0,0.0,1.0,0.0,0.0,1.0,1.0,shortcut,"(2, 3)",,3
23,O_s1_final,0.0,0.0,0.0,0.0,1.0,0.0,0.0,1.0,0.0,0.0,1.0,3.0,shortcut,"(2, 3)",,8
24,O_s1_final,1.0,1.0,13.16293830696572,44.0,0.0,1.0,0.0,0.0,0.0,1.0,0.0,3.0,lower,"(1, 2)",7,
25,O_s1_final,1.0,1.0,13.16293830696572,44.0,0.0,0.0,0.0,1.0,0.0,0.0,1.0,4.0,shortcut,"(2, 3)",7,
26,O_s1_final,1.0,1.0,13.16293830696572,44.0,0.0,0.0,0.0,1.0,0.0,0.0,1.0,3.0,shortcut,"(2, 3)",7,
27,O_s1_final,1.0,1.0,11.72950912024697,42.0,0.0,0.0,0.0,1.0,0.0,0.0,1.0,4.0,shortcut,"(2, 3)",9,
28,O_s1_final,1.0,1.0,13.16293830696572,44.0,0.0,0.0,0.0,1.0,0.0,0.0,1.0,3.0,shortcut,"(2, 3)",7,
29,O_s1_final,0.0,0.0,0.0,0.0,1.0,0.0,0.0,1.0,0.0,0.0,1.0,1.0,shortcut,"(2, 3)",,3
30,O_s1_final,0.0,0.0,0.0,0.0,1.0,0.0,0.0,1.0,0.0,0.0,1.0,1.0,shortcut,"(2, 3)",,3
31,O_s1_final,0.0,0.0,0.0,0.0,1.0,0.0,0.0,1.0,0.0,0.0,1.0,1.0,shortcut,"(2, 3)",,3
32,O_s1_final,0.0,0.0,0.0,0.0,1.0,0.0,0.0,1.0,0.0,0.0,1.0,2.0,shortcut,"(2, 3)",,4
33,O_s1_final,0.0,0.0,0.0,0.0,1.0,0.0,0.0,1.0,0.0,0.0,1.0,2.0,shortcut,"(2, 3)",,5
34,O_s1_final,1.0,1.0,13.16293830696572,44.0,0.0,0.0,0.0,1.0,0.0,0.0,1.0,3.0,shortcut,"(2, 3)",7,
35,O_s1_final,0.0,0.0,0.0,0.0,1.0,0.0,0.0,1.0,0.0,0.0,1.0,3.0,shortcut,"(2, 3)",,5
36,O_s1_final,0.0,0.0,0.0,0.0,1.0,0.0,0.0,1.0,0.0,0.0,1.0,2.0,shortcut,"(2, 3)",,4
37,O_s1_final,1.0,1.0,11.72950912024697,42.0,0.0,0.0,0.0,1.0,0.0,0.0,1.0,4.0,shortcut,"(2, 3)",9,
38,O_s1_final,1.0,1.0,11.72950912024697,42.0,0.0,0.0,0.0,1.0,0.0,0.0,1.0,5.0,shortcut,"(2, 3)",9,
39,O_s1_final,1.0,1.0,13.16293830696572,44.0,0.0,0.0,0.0,1.0,0.0,0.0,1.0,3.0,shortcut,"(2, 3)",7,
40,O_s1_final,1.0,1.0,13.16293830696572,44.0,0.0,0.0,0.0,1.0,0.0,0.0,1.0,3.0,shortcut,"(2, 3)",7,
41,O_s1_final,1.0,1.0,13.16293830696572,44.0,0.0,0.0,0.0,1.0,0.0,0.0,1.0,3.0,shortcut,"(2, 3)",7,
42,O_s1_final,0.0,0.0,0.0,0.0,1.0,0.0,0.0,1.0,0.0,0.0,1.0,3.0,shortcut,"(2, 3)",,6
43,O_s1_final,1.0,1.0,13.16293830696572,44.0,0.0,0.0,0.0,1.0,0.0,0.0,1.0,3.0,shortcut,"(2, 3)",7,
44,O_s1_final,1.0,1.0,13.16293830696572,44.0,0.0,0.0,0.0,1.0,0.0,0.0,1.0,3.0,shortcut,"(2, 3)",7,
45,O_s1_final,0.0,0.0,0.0,0.0,1.0,0.0,0.0,1.0,0.0,0.0,1.0,1.0,shortcut,"(2, 3)",,3
46,O_s1_final,0.0,0.0,0.0,0.0,1.0,0.0,0.0,1.0,0.0,0.0,1.0,3.0,shortcut,"(2, 3)",,5
47,O_s1_final,0.0,0.0,0.0,0.0,1.0,0.0,0.0,1.0,0.0,0.0,1.0,1.0,shortcut,"(2, 3)",,3
48,O_s1_final,0.0,0.0,0.0,0.0,1.0,0.0,0.0,1.0,0.0,0.0,1.0,1.0,shortcut,"(2, 3)",,3
49,O_s1_final,1.0,1.0,13.16293830696572,44.0,0.0,0.0,0.0,1.0,0.0,0.0,1.0,3.0,shortcut,"(2, 3)",7,
50,O_s1_final,1.0,1.0,13.16293830696572,44.0,0.0,0.0,0.0,1.0,0.0,0.0,1.0,3.0,shortcut,"(2, 3)",7,
51,O_s1_final,1.0,1.0,13.16293830696572,44.0,0.0,0.0,0.0,1.0,0.0,0.0,1.0,3.0,shortcut,"(2, 3)",7,
52,O_s1_final,0.0,0.0,0.0,0.0,1.0,0.0,0.0,1.0,0.0,0.0,1.0,2.0,shortcut,"(2, 3)",,4
53,O_s1_final,0.0,0.0,0.0,0.0,1.0,0.0,0.0,1.0,0.0,0.0,1.0,1.0,shortcut,"(2, 3)",,3
54,O_s1_final,0.0,0.0,0.0,0.0,1.0,0.0,0.0,1.0,0.0,0.0,1.0,1.0,shortcut,"(2, 3)",,3
55,O_s1_final,0.0,0.0,0.0,0.0,1.0,0.0,0.0,1.0,0.0,0.0,1.0,2.0,shortcut,"(2, 3)",,5
56,O_s1_final,0.0,0.0,0.0,0.0,1.0,0.0,0.0,1.0,0.0,0.0,1.0,2.0,shortcut,"(2, 3)",,4
57,O_s1_final,0.0,0.0,0.0,0.0,1.0,0.0,0.0,1.0,0.0,0.0,1.0,1.0,shortcut,"(2, 3)",,3
58,O_s1_final,0.0,0.0,0.0,0.0,1.0,0.0,0.0,1.0,0.0,0.0,1.0,3.0,shortcut,"(2, 3)",,5
59,O_s1_final,0.0,0.0,0.0,0.0,1.0,0.0,0.0,1.0,0.0,0.0,1.0,2.0,shortcut,"(2, 3)",,4
60,O_s1_final,1.0,1.0,11.066088688957908,41.0,0.0,1.0,1.0,0.0,0.0,1.0,0.0,0.0,lower,"(1, 2)",10,
61,O_s1_final,0.0,0.0,0.0,0.0,1.0,0.0,0.0,1.0,0.0,0.0,1.0,3.0,shortcut,"(2, 3)",,5
62,O_s1_final,1.0,1.0,11.72950912024697,42.0,0.0,1.0,1.0,0.0,0.0,1.0,0.0,0.0,lower,"(1, 2)",9,
63,O_s1_final,0.0,0.0,0.0,0.0,1.0,0.0,0.0,1.0,0.0,0.0,1.0,1.0,shortcut,"(2, 3)",,3
64,O_s1_final,0.0,0.0,0.0,0.0,1.0,0.0,0.0,1.0,0.0,0.0,1.0,3.0,shortcut,"(2, 3)",,6
65,O_s1_final,0.0,0.0,0.0,0.0,1.0,0.0,0.0,1.0,0.0,0.0,1.0,2.0,shortcut,"(2, 3)",,4
66,O_s1_final,0.0,0.0,0.0,0.0,1.0,0.0,0.0,1.0,0.0,0.0,1.0,2.0,shortcut,"(2, 3)",,5
67,O_s1_final,0.0,0.0,0.0,0.0,1.0,1.0,0.0,0.0,0.0,1.0,0.0,1.0,lower,"(1, 2)",,5
68,O_s1_final,1.0,1.0,13.16293830696572,44.0,0.0,0.0,0.0,1.0,0.0,0.0,1.0,3.0,shortcut,"(2, 3)",7,
69,O_s1_final,1.0,1.0,13.16293830696572,44.0,0.0,0.0,0.0,1.0,0.0,0.0,1.0,3.0,shortcut,"(2, 3)",7,
70,O_s1_final,1.0,1.0,13.16293830696572,44.0,0.0,0.0,0.0,1.0,0.0,0.0,1.0,3.0,shortcut,"(2, 3)",7,
71,O_s1_final,0.0,0.0,0.0,0.0,1.0,0.0,0.0,1.0,0.0,0.0,1.0,3.0,shortcut,"(2, 3)",,5
72,O_s1_final,0.0,0.0,0.0,0.0,1.0,0.0,0.0,1.0,0.0,0.0,1.0,3.0,shortcut,"(2, 3)",,5
73,O_s1_final,1.0,1.0,13.16293830696572,44.0,0.0,0.0,0.0,1.0,0.0,0.0,1.0,3.0,shortcut,"(2, 3)",7,
74,O_s1_final,1.0,1.0,12.42784641634072,43.0,0.0,1.0,1.0,0.0,0.0,1.0,0.0,0.0,lower,"(1, 2)",8,
75,O_s1_final,1.0,1.0,11.72950912024697,42.0,0.0,1.0,1.0,0.0,0.0,1.0,0.0,0.0,lower,"(1, 2)",9,
76,O_s1_final,0.0,0.0,0.0,0.0,1.0,0.0,0.0,1.0,0.0,0.0,1.0,1.0,shortcut,"(2, 3)",,3
77,O_s1_final,0.0,0.0,0.0,0.0,1.0,0.0,0.0,1.0,0.0,0.0,1.0,1.0,shortcut,"(2, 3)",,4
78,O_s1_final,0.0,0.0,0.0,0.0,1.0,0.0,0.0,1.0,0.0,0.0,1.0,2.0,shortcut,"(2, 3)",,4
79,O_s1_final,0.0,0.0,0.0,0.0,1.0,0.0,0.0,1.0,0.0,0.0,1.0,2.0,shortcut,"(2, 3)",,4
80,O_s1_final,0.0,0.0,0.0,0.0,1.0,0.0,0.0,1.0,0.0,0.0,1.0,2.0,shortcut,"(2, 3)",,4
81,O_s1_final,1.0,1.0,13.16293830696572,44.0,0.0,0.0,0.0,1.0,0.0,0.0,1.0,3.0,shortcut,"(2, 3)",7,
82,O_s1_final,1.0,1.0,11.72950912024697,42.0,0.0,0.0,0.0,1.0,0.0,0.0,1.0,4.0,shortcut,"(2, 3)",9,
83,O_s1_final,1.0,1.0,13.16293830696572,44.0,0.0,0.0,0.0,1.0,0.0,0.0,1.0,3.0,shortcut,"(2, 3)",7,
84,O_s1_final,1.0,1.0,11.72950912024697,42.0,0.0,1.0,1.0,0.0,0.0,1.0,0.0,0.0,lower,"(1, 2)",9,
85,O_s1_final,1.0,1.0,13.16293830696572,44.0,0.0,0.0,0.0,1.0,0.0,0.0,1.0,3.0,shortcut,"(2, 3)",7,
86,O_s1_final,0.0,0.0,0.0,0.0,1.0,0.0,0.0,1.0,0.0,0.0,1.0,2.0,shortcut,"(2, 3)",,4
87,O_s1_final,1.0,1.0,11.066088688957908,41.0,0.0,0.0,0.0,1.0,0.0,0.0,1.0,5.0,shortcut,"(2, 3)",10,
88,O_s1_final,0.0,0.0,0.0,0.0,1.0,0.0,0.0,1.0,0.0,0.0,1.0,3.0,shortcut,"(2, 3)",,6
89,O_s1_final,0.0,0.0,0.0,0.0,1.0,0.0,0.0,1.0,0.0,0.0,1.0,3.0,shortcut,"(2, 3)",,7
90,O_s1_final,1.0,1.0,13.16293830696572,44.0,0.0,0.0,0.0,1.0,0.0,0.0,1.0,3.0,shortcut,"(2, 3)",7,
91,O_s1_final,0.0,0.0,0.0,0.0,1.0,0.0,0.0,1.0,0.0,0.0,1.0,3.0,shortcut,"(2, 3)",,5
92,O_s1_final,0.0,0.0,0.0,0.0,1.0,0.0,0.0,1.0,0.0,0.0,1.0,1.0,shortcut,"(2, 3)",,3
93,O_s1_final,0.0,0.0,0.0,0.0,1.0,0.0,0.0,1.0,0.0,0.0,1.0,1.0,shortcut,"(2, 3)",,5
94,O_s1_final,0.0,0.0,0.0,0.0,1.0,0.0,0.0,1.0,0.0,0.0,1.0,1.0,shortcut,"(2, 3)",,3
95,O_s1_final,1.0,1.0,13.16293830696572,44.0,0.0,0.0,0.0,1.0,0.0,0.0,1.0,3.0,shortcut,"(2, 3)",7,
96,O_s1_final,0.0,0.0,0.0,0.0,1.0,0.0,0.0,1.0,0.0,0.0,1.0,1.0,shortcut,"(2, 3)",,3
97,O_s1_final,0.0,0.0,0.0,0.0,1.0,0.0,0.0,1.0,0.0,0.0,1.0,3.0,shortcut,"(2, 3)",,5
98,O_s1_final,1.0,1.0,13.16293830696572,44.0,0.0,0.0,0.0,1.0,0.0,0.0,1.0,3.0,shortcut,"(2, 3)",7,
99,O_s1_final,0.0,0.0,0.0,0.0,1.0,0.0,0.0,1.0,0.0,0.0,1.0,1.0,shortcut,"(2, 3)",,3
100,O_s1_final,1.0,1.0,8.214600076776321,36.0,0.0,1.0,1.0,0.0,0.0,0.0,1.0,0.0,lower,"(2, 3)",15,
101,O_s1_final,0.0,0.0,0.0,0.0,1.0,0.0,0.0,1.0,0.0,0.0,1.0,1.0,shortcut,"(2, 3)",,3
102,O_s1_final,1.0,1.0,13.16293830696572,44.0,0.0,0.0,0.0,1.0,0.0,0.0,1.0,3.0,shortcut,"(2, 3)",7,
103,O_s1_final,1.0,1.0,13.16293830696572,44.0,0.0,0.0,0.0,1.0,0.0,0.0,1.0,3.0,shortcut,"(2, 3)",7,
104,O_s1_final,0.0,0.0,0.0,0.0,1.0,0.0,0.0,1.0,0.0,0.0,1.0,2.0,shortcut,"(2, 3)",,4
105,O_s1_final,1.0,1.0,12.42784641634072,43.0,0.0,0.0,0.0,1.0,0.0,0.0,1.0,4.0,shortcut,"(2, 3)",8,
106,O_s1_final,0.0,0.0,0.0,0.0,1.0,0.0,0.0,1.0,0.0,0.0,1.0,2.0,shortcut,"(2, 3)",,4
107,O_s1_final,1.0,1.0,11.72950912024697,42.0,0.0,1.0,1.0,0.0,0.0,1.0,0.0,0.0,lower,"(1, 2)",9,
108,O_s1_final,0.0,0.0,0.0,0.0,1.0,0.0,0.0,1.0,0.0,0.0,1.0,3.0,shortcut,"(2, 3)",,5
109,O_s1_final,0.0,0.0,0.0,0.0,1.0,0.0,0.0,1.0,0.0,0.0,1.0,3.0,shortcut,"(2, 3)",,5
110,O_s1_final,0.0,0.0,0.0,0.0,1.0,0.0,0.0,1.0,0.0,0.0,1.0,3.0,shortcut,"(2, 3)",,5
111,O_s1_final,0.0,0.0,0.0,0.0,1.0,0.0,0.0,1.0,0.0,0.0,1.0,1.0,shortcut,"(2, 3)",,3
112,O_s1_final,0.0,0.0,0.0,0.0,1.0,0.0,0.0,1.0,0.0,0.0,1.0,3.0,shortcut,"(2, 3)",,5
113,O_s1_final,0.0,0.0,0.0,0.0,1.0,0.0,0.0,1.0,0.0,0.0,1.0,2.0,shortcut,"(2, 3)",,4
114,O_s1_final,0.0,0.0,0.0,0.0,1.0,0.0,0.0,1.0,0.0,0.0,1.0,2.0,shortcut,"(2, 3)",,4
115,O_s1_final,0.0,0.0,0.0,0.0,1.0,0.0,0.0,1.0,0.0,0.0,1.0,1.0,shortcut,"(2, 3)",,3
116,O_s1_final,1.0,1.0,13.16293830696572,44.0,0.0,0.0,0.0,1.0,0.0,0.0,1.0,3.0,shortcut,"(2, 3)",7,
117,O_s1_final,0.0,0.0,0.0,0.0,1.0,0.0,0.0,1.0,0.0,0.0,1.0,2.0,shortcut,"(2, 3)",,4
118,O_s1_final,1.0,1.0,13.16293830696572,44.0,0.0,0.0,0.0,1.0,0.0,0.0,1.0,3.0,shortcut,"(2, 3)",7,
119,O_s1_final,0.0,0.0,0.0,0.0,1.0,0.0,0.0,1.0,0.0,0.0,1.0,2.0,shortcut,"(2, 3)",,6
120,O_s1_final,1.0,1.0,12.42784641634072,43.0,0.0,0.0,0.0,1.0,0.0,0.0,1.0,3.0,shortcut,"(2, 3)",8,
121,O_s1_final,1.0,1.0,13.16293830696572,44.0,0.0,0.0,0.0,1.0,0.0,0.0,1.0,3.0,shortcut,"(2, 3)",7,
122,O_s1_final,0.0,0.0,0.0,0.0,1.0,0.0,0.0,1.0,0.0,0.0,1.0,1.0,shortcut,"(2, 3)",,3
123,O_s1_final,1.0,1.0,12.42784641634072,43.0,0.0,0.0,0.0,1.0,0.0,0.0,1.0,3.0,shortcut,"(2, 3)",8,
124,O_s1_final,0.0,0.0,0.0,0.0,1.0,0.0,0.0,1.0,0.0,0.0,1.0,3.0,shortcut,"(2, 3)",,7
125,O_s1_final,1.0,1.0,13.16293830696572,44.0,0.0,0.0,0.0,1.0,0.0,0.0,1.0,3.0,shortcut,"(2, 3)",7,
126,O_s1_final,0.0,0.0,0.0,0.0,1.0,0.0,0.0,1.0,0.0,0.0,1.0,2.0,shortcut,"(2, 3)",,4
127,O_s1_final,1.0,1.0,11.72950912024697,42.0,0.0,1.0,1.0,0.0,0.0,1.0,0.0,0.0,lower,"(1, 2)",9,
128,O_s1_final,1.0,1.0,12.42784641634072,43.0,0.0,0.0,0.0,1.0,0.0,0.0,1.0,3.0,shortcut,"(2, 3)",8,
129,O_s1_final,1.0,1.0,13.16293830696572,44.0,0.0,0.0,0.0,1.0,0.0,0.0,1.0,3.0,shortcut,"(2, 3)",7,
130,O_s1_final,0.0,0.0,0.0,0.0,1.0,0.0,0.0,1.0,0.0,0.0,1.0,1.0,shortcut,"(2, 3)",,3
131,O_s1_final,0.0,0.0,0.0,0.0,1.0,0.0,0.0,1.0,0.0,0.0,1.0,2.0,shortcut,"(2, 3)",,4
132,O_s1_final,1.0,1.0,13.16293830696572,44.0,0.0,0.0,0.0,1.0,0.0,0.0,1.0,3.0,shortcut,"(2, 3)",7,
133,O_s1_final,0.0,0.0,0.0,0.0,1.0,0.0,0.0,1.0,0.0,0.0,1.0,3.0,shortcut,"(2, 3)",,5
134,O_s1_final,0.0,0.0,0.0,0.0,1.0,0.0,0.0,1.0,0.0,0.0,1.0,2.0,shortcut,"(2, 3)",,4
135,O_s1_final,1.0,1.0,13.16293830696572,44.0,0.0,1.0,0.0,0.0,0.0,1.0,0.0,3.0,lower,"(1, 2)",7,
136,O_s1_final,0.0,0.0,0.0,0.0,1.0,0.0,0.0,1.0,0.0,0.0,1.0,1.0,shortcut,"(2, 3)",,3
137,O_s1_final,1.0,1.0,11.72950912024697,42.0,0.0,1.0,1.0,0.0,0.0,1.0,0.0,0.0,lower,"(1, 2)",9,
138,O_s1_final,0.0,0.0,0.0,0.0,1.0,0.0,0.0,1.0,0.0,0.0,1.0,3.0,shortcut,"(2, 3)",,6
139,O_s1_final,0.0,0.0,0.0,0.0,1.0,0.0,0.0,1.0,0.0,0.0,1.0,3.0,shortcut,"(2, 3)",,5
140,O_s1_final,0.0,0.0,0.0,0.0,1.0,0.0,0.0,1.0,0.0,0.0,1.0,1.0,shortcut,"(2, 3)",,3
141,O_s1_final,0.0,0.0,0.0,0.0,1.0,0.0,0.0,1.0,0.0,0.0,1.0,2.0,shortcut,"(2, 3)",,4
142,O_s1_final,0.0,0.0,0.0,0.0,1.0,0.0,0.0,1.0,0.0,0.0,1.0,2.0,shortcut,"(2, 3)",,4
143,O_s1_final,1.0,1.0,13.16293830696572,44.0,0.0,0.0,0.0,1.0,0.0,0.0,1.0,3.0,shortcut,"(2, 3)",7,
144,O_s1_final,0.0,0.0,0.0,0.0,1.0,0.0,0.0,1.0,0.0,0.0,1.0,1.0,shortcut,"(2, 3)",,3
145,O_s1_final,1.0,1.0,11.72950912024697,42.0,0.0,1.0,1.0,0.0,0.0,1.0,0.0,0.0,lower,"(1, 2)",9,
146,O_s1_final,1.0,1.0,12.42784641634072,43.0,0.0,0.0,0.0,1.0,0.0,0.0,1.0,3.0,shortcut,"(2, 3)",8,
147,O_s1_final,0.0,0.0,0.0,0.0,1.0,0.0,0.0,1.0,0.0,0.0,1.0,2.0,shortcut,"(2, 3)",,4
148,O_s1_final,1.0,1.0,13.16293830696572,44.0,0.0,0.0,0.0,1.0,0.0,0.0,1.0,3.0,shortcut,"(2, 3)",7,
149,O_s1_final,0.0,0.0,0.0,0.0,1.0,0.0,0.0,1.0,0.0,0.0,1.0,1.0,shortcut,"(2, 3)",,3
150,O_s1_final,0.0,0.0,0.0,0.0,1.0,0.0,0.0,1.0,0.0,0.0,1.0,1.0,shortcut,"(2, 3)",,3
151,O_s1_final,0.0,0.0,0.0,0.0,1.0,0.0,0.0,1.0,0.0,0.0,1.0,2.0,shortcut,"(2, 3)",,4
152,O_s1_final,0.0,0.0,0.0,0.0,1.0,0.0,0.0,1.0,0.0,0.0,1.0,2.0,shortcut,"(2, 3)",,4
153,O_s1_final,0.0,0.0,0.0,0.0,1.0,0.0,0.0,1.0,0.0,0.0,1.0,3.0,shortcut,"(2, 3)",,6
154,O_s1_final,0.0,0.0,0.0,0.0,1.0,0.0,0.0,1.0,0.0,0.0,1.0,1.0,shortcut,"(2, 3)",,3
155,O_s1_final,0.0,0.0,0.0,0.0,1.0,0.0,0.0,1.0,0.0,0.0,1.0,1.0,shortcut,"(2, 3)",,3
156,O_s1_final,0.0,0.0,0.0,0.0,1.0,0.0,0.0,1.0,0.0,0.0,1.0,2.0,shortcut,"(2, 3)",,4
157,O_s1_final,0.0,0.0,0.0,0.0,1.0,0.0,0.0,1.0,0.0,0.0,1.0,2.0,shortcut,"(2, 3)",,7
158,O_s1_final,0.0,0.0,0.0,0.0,1.0,0.0,0.0,1.0,0.0,0.0,1.0,2.0,shortcut,"(2, 3)",,4
159,O_s1_final,0.0,0.0,0.0,0.0,1.0,0.0,0.0,1.0,0.0,0.0,1.0,3.0,shortcut,"(2, 3)",,6
160,O_s1_final,1.0,1.0,11.066088688957908,41.0,0.0,1.0,1.0,0.0,0.0,1.0,0.0,0.0,lower,"(1, 2)",10,
161,O_s1_final,0.0,0.0,0.0,0.0,1.0,0.0,0.0,1.0,0.0,0.0,1.0,2.0,shortcut,"(2, 3)",,4
162,O_s1_final,0.0,0.0,0.0,0.0,1.0,0.0,0.0,1.0,0.0,0.0,1.0,1.0,shortcut,"(2, 3)",,3
163,O_s1_final,1.0,1.0,13.16293830696572,44.0,0.0,0.0,0.0,1.0,0.0,0.0,1.0,3.0,shortcut,"(2, 3)",7,
164,O_s1_final,1.0,1.0,11.066088688957908,41.0,0.0,1.0,1.0,0.0,0.0,1.0,0.0,0.0,lower,"(1, 2)",10,
165,O_s1_final,0.0,0.0,0.0,0.0,1.0,0.0,0.0,1.0,0.0,0.0,1.0,1.0,shortcut,"(2, 3)",,3
166,O_s1_final,0.0,0.0,0.0,0.0,1.0,0.0,0.0,1.0,0.0,0.0,1.0,1.0,shortcut,"(2, 3)",,3
167,O_s1_final,0.0,0.0,0.0,0.0,1.0,0.0,0.0,1.0,0.0,0.0,1.0,1.0,shortcut,"(2, 3)",,3
168,O_s1_final,1.0,1.0,10.4358392792333,40.0,0.0,1.0,1.0,0.0,0.0,0.0,1.0,0.0,lower,"(2, 3)",11,
169,O_s1_final,0.0,0.0,0.0,0.0,1.0,0.0,0.0,1.0,0.0,0.0,1.0,3.0,shortcut,"(2, 3)",,6
170,O_s1_final,1.0,1.0,13.16293830696572,44.0,0.0,0.0,0.0,1.0,0.0,0.0,1.0,3.0,shortcut,"(2, 3)",7,
171,O_s1_final,1.0,1.0,13.16293830696572,44.0,0.0,0.0,0.0,1.0,0.0,0.0,1.0,3.0,shortcut,"(2, 3)",7,
172,O_s1_final,0.0,0.0,0.0,0.0,1.0,0.0,0.0,1.0,0.0,0.0,1.0,2.0,shortcut,"(2, 3)",,4
173,O_s1_final,0.0,0.0,0.0,0.0,1.0,0.0,0.0,1.0,0.0,0.0,1.0,2.0,shortcut,"(2, 3)",,5
174,O_s1_final,0.0,0.0,0.0,0.0,1.0,0.0,0.0,1.0,0.0,0.0,1.0,5.0,shortcut,"(2, 3)",,7
175,O_s1_final,0.0,0.0,0.0,0.0,1.0,0.0,0.0,1.0,0.0,0.0,1.0,1.0,shortcut,"(2, 3)",,3
176,O_s1_final,1.0,1.0,13.16293830696572,44.0,0.0,0.0,0.0,1.0,0.0,0.0,1.0,3.0,shortcut,"(2, 3)",7,
177,O_s1_final,0.0,0.0,0.0,0.0,1.0,0.0,0.0,1.0,0.0,0.0,1.0,2.0,shortcut,"(2, 3)",,6
178,O_s1_final,1.0,1.0,13.16293830696572,44.0,0.0,0.0,0.0,1.0,0.0,0.0,1.0,3.0,shortcut,"(2, 3)",7,
179,O_s1_final,1.0,1.0,11.066088688957908,41.0,0.0,1.0,1.0,0.0,0.0,1.0,0.0,0.0,lower,"(1, 2)",10,
180,O_s1_final,0.0,0.0,0.0,0.0,1.0,0.0,0.0,1.0,0.0,0.0,1.0,1.0,shortcut,"(2, 3)",,3
181,O_s1_final,1.0,1.0,13.16293830696572,44.0,0.0,0.0,0.0,1.0,0.0,0.0,1.0,3.0,shortcut,"(2, 3)",7,
182,O_s1_final,0.0,0.0,0.0,0.0,1.0,0.0,0.0,1.0,0.0,0.0,1.0,3.0,shortcut,"(2, 3)",,5
183,O_s1_final,0.0,0.0,0.0,0.0,1.0,0.0,0.0,1.0,0.0,0.0,1.0,4.0,shortcut,"(2, 3)",,6
184,O_s1_final,1.0,1.0,13.16293830696572,44.0,0.0,0.0,0.0,1.0,0.0,0.0,1.0,4.0,shortcut,"(2, 3)",7,
185,O_s1_final,0.0,0.0,0.0,0.0,1.0,0.0,0.0,1.0,0.0,0.0,1.0,1.0,shortcut,"(2, 3)",,3
186,O_s1_final,1.0,1.0,13.16293830696572,44.0,0.0,0.0,0.0,1.0,0.0,0.0,1.0,3.0,shortcut,"(2, 3)",7,
187,O_s1_final,0.0,0.0,0.0,0.0,1.0,0.0,0.0,1.0,0.0,0.0,1.0,1.0,shortcut,"(2, 3)",,4
188,O_s1_final,1.0,1.0,13.16293830696572,44.0,0.0,0.0,0.0,1.0,0.0,0.0,1.0,3.0,shortcut,"(2, 3)",7,
189,O_s1_final,0.0,0.0,0.0,0.0,1.0,0.0,0.0,1.0,0.0,0.0,1.0,1.0,shortcut,"(2, 3)",,3
190,O_s1_final,0.0,0.0,0.0,0.0,1.0,0.0,0.0,1.0,0.0,0.0,1.0,3.0,shortcut,"(2, 3)",,6
191,O_s1_final,1.0,1.0,13.16293830696572,44.0,0.0,0.0,0.0,1.0,0.0,0.0,1.0,3.0,shortcut,"(2, 3)",7,
192,O_s1_final,1.0,0.0,1.361757727382812,2.0,1.0,0.0,0.0,1.0,0.0,0.0,1.0,4.0,shortcut,"(2, 3)",8,10
193,O_s1_final,0.0,0.0,0.0,0.0,1.0,0.0,0.0,1.0,0.0,0.0,1.0,2.0,shortcut,"(2, 3)",,4
194,O_s1_final,0.0,0.0,0.0,0.0,1.0,0.0,0.0,1.0,0.0,0.0,1.0,2.0,shortcut,"(2, 3)",,4
195,O_s1_final,0.0,0.0,0.0,0.0,1.0,0.0,0.0,1.0,0.0,0.0,1.0,2.0,shortcut,"(2, 3)",,5
196,O_s1_final,0.0,0.0,0.0,0.0,1.0,0.0,0.0,1.0,0.0,0.0,1.0,1.0,shortcut,"(2, 3)",,3
197,O_s1_final,0.0,0.0,0.0,0.0,1.0,0.0,0.0,1.0,0.0,0.0,1.0,1.0,shortcut,"(2, 3)",,3
198,O_s1_final,0.0,0.0,0.0,0.0,1.0,0.0,0.0,1.0,0.0,0.0,1.0,3.0,shortcut,"(2, 3)",,5
199,O_s1_final,0.0,0.0,0.0,0.0,1.0,0.0,0.0,1.0,0.0,0.0,1.0,1.0,shortcut,"(2, 3)",,3
0,O_s1_best,1.0,1.0,11.066088688957908,41.0,0.0,0.0,0.0,1.0,0.0,0.0,1.0,4.0,shortcut,"(2, 3)",10,
1,O_s1_best,0.0,0.0,0.0,0.0,1.0,0.0,0.0,1.0,0.0,0.0,1.0,3.0,shortcut,"(2, 3)",,5
2,O_s1_best,0.0,0.0,0.0,0.0,1.0,1.0,0.0,0.0,0.0,1.0,0.0,1.0,lower,"(1, 2)",,3
3,O_s1_best,1.0,1.0,13.16293830696572,44.0,0.0,0.0,0.0,1.0,0.0,0.0,1.0,3.0,shortcut,"(2, 3)",7,
4,O_s1_best,0.0,0.0,0.0,0.0,1.0,0.0,0.0,1.0,0.0,0.0,1.0,2.0,shortcut,"(2, 3)",,6
5,O_s1_best,1.0,1.0,12.46460101087197,43.0,0.0,0.0,0.0,1.0,0.0,0.0,1.0,3.0,shortcut,"(2, 3)",7,
6,O_s1_best,0.0,0.0,0.0,0.0,1.0,0.0,0.0,1.0,0.0,0.0,1.0,2.0,shortcut,"(2, 3)",,5
7,O_s1_best,0.0,0.0,0.0,0.0,1.0,0.0,0.0,1.0,0.0,0.0,1.0,2.0,shortcut,"(2, 3)",,5
8,O_s1_best,0.0,0.0,0.0,0.0,1.0,0.0,0.0,1.0,0.0,0.0,1.0,3.0,shortcut,"(2, 3)",,6
9,O_s1_best,1.0,1.0,11.72950912024697,42.0,0.0,1.0,1.0,0.0,0.0,1.0,0.0,0.0,lower,"(1, 2)",9,
10,O_s1_best,0.0,0.0,0.0,0.0,1.0,0.0,0.0,1.0,0.0,0.0,1.0,1.0,shortcut,"(2, 3)",,3
11,O_s1_best,0.0,0.0,0.0,0.0,1.0,0.0,0.0,1.0,0.0,0.0,1.0,2.0,shortcut,"(2, 3)",,4
12,O_s1_best,0.0,0.0,0.0,0.0,1.0,0.0,0.0,1.0,0.0,0.0,1.0,4.0,shortcut,"(2, 3)",,6
13,O_s1_best,0.0,0.0,0.0,0.0,1.0,0.0,0.0,1.0,0.0,0.0,1.0,2.0,shortcut,"(2, 3)",,5
14,O_s1_best,0.0,0.0,0.0,0.0,1.0,0.0,0.0,1.0,0.0,0.0,1.0,2.0,shortcut,"(2, 3)",,4
15,O_s1_best,1.0,1.0,13.16293830696572,44.0,0.0,0.0,0.0,1.0,0.0,0.0,1.0,4.0,shortcut,"(2, 3)",7,
16,O_s1_best,1.0,1.0,10.4358392792333,40.0,0.0,1.0,1.0,0.0,0.0,1.0,0.0,0.0,lower,"(1, 2)",11,
17,O_s1_best,0.0,0.0,0.0,0.0,1.0,0.0,0.0,1.0,0.0,0.0,1.0,2.0,shortcut,"(2, 3)",,5
18,O_s1_best,0.0,0.0,0.0,0.0,1.0,0.0,0.0,1.0,0.0,0.0,1.0,1.0,shortcut,"(2, 3)",,5
19,O_s1_best,0.0,0.0,0.0,0.0,1.0,0.0,0.0,1.0,0.0,0.0,1.0,1.0,shortcut,"(2, 3)",,3
20,O_s1_best,1.0,1.0,11.72950912024697,42.0,0.0,0.0,0.0,1.0,0.0,0.0,1.0,5.0,shortcut,"(2, 3)",9,
21,O_s1_best,0.0,0.0,0.0,0.0,1.0,0.0,0.0,1.0,0.0,0.0,1.0,2.0,shortcut,"(2, 3)",,5
22,O_s1_best,0.0,0.0,0.0,0.0,1.0,0.0,0.0,1.0,0.0,0.0,1.0,1.0,shortcut,"(2, 3)",,3
23,O_s1_best,0.0,0.0,0.0,0.0,1.0,0.0,0.0,1.0,0.0,0.0,1.0,3.0,shortcut,"(2, 3)",,8
24,O_s1_best,1.0,1.0,12.42784641634072,43.0,0.0,1.0,0.0,0.0,0.0,1.0,0.0,3.0,lower,"(1, 2)",8,
25,O_s1_best,1.0,1.0,11.72950912024697,42.0,0.0,0.0,0.0,1.0,0.0,0.0,1.0,4.0,shortcut,"(2, 3)",9,
26,O_s1_best,1.0,1.0,13.16293830696572,44.0,0.0,0.0,0.0,1.0,0.0,0.0,1.0,3.0,shortcut,"(2, 3)",7,
27,O_s1_best,1.0,1.0,11.72950912024697,42.0,0.0,0.0,0.0,1.0,0.0,0.0,1.0,4.0,shortcut,"(2, 3)",9,
28,O_s1_best,1.0,1.0,13.16293830696572,44.0,0.0,0.0,0.0,1.0,0.0,0.0,1.0,3.0,shortcut,"(2, 3)",7,
29,O_s1_best,0.0,0.0,0.0,0.0,1.0,0.0,0.0,1.0,0.0,0.0,1.0,1.0,shortcut,"(2, 3)",,3
30,O_s1_best,0.0,0.0,0.0,0.0,1.0,0.0,0.0,1.0,0.0,0.0,1.0,1.0,shortcut,"(2, 3)",,3
31,O_s1_best,0.0,0.0,0.0,0.0,1.0,0.0,0.0,1.0,0.0,0.0,1.0,1.0,shortcut,"(2, 3)",,3
32,O_s1_best,0.0,0.0,0.0,0.0,1.0,0.0,0.0,1.0,0.0,0.0,1.0,2.0,shortcut,"(2, 3)",,4
33,O_s1_best,0.0,0.0,0.0,0.0,1.0,0.0,0.0,1.0,0.0,0.0,1.0,2.0,shortcut,"(2, 3)",,5
34,O_s1_best,1.0,1.0,13.16293830696572,44.0,0.0,0.0,0.0,1.0,0.0,0.0,1.0,3.0,shortcut,"(2, 3)",7,
35,O_s1_best,0.0,0.0,0.0,0.0,1.0,0.0,0.0,1.0,0.0,0.0,1.0,3.0,shortcut,"(2, 3)",,5
36,O_s1_best,0.0,0.0,0.0,0.0,1.0,0.0,0.0,1.0,0.0,0.0,1.0,2.0,shortcut,"(2, 3)",,4
37,O_s1_best,1.0,1.0,11.72950912024697,42.0,0.0,0.0,0.0,1.0,0.0,0.0,1.0,4.0,shortcut,"(2, 3)",9,
38,O_s1_best,0.0,0.0,0.0,0.0,1.0,0.0,0.0,1.0,0.0,0.0,1.0,6.0,shortcut,"(2, 3)",,11
39,O_s1_best,1.0,1.0,13.16293830696572,44.0,0.0,0.0,0.0,1.0,0.0,0.0,1.0,3.0,shortcut,"(2, 3)",7,
40,O_s1_best,1.0,1.0,13.16293830696572,44.0,0.0,0.0,0.0,1.0,0.0,0.0,1.0,3.0,shortcut,"(2, 3)",7,
41,O_s1_best,1.0,1.0,13.16293830696572,44.0,0.0,0.0,0.0,1.0,0.0,0.0,1.0,3.0,shortcut,"(2, 3)",7,
42,O_s1_best,0.0,0.0,0.0,0.0,1.0,0.0,0.0,1.0,0.0,0.0,1.0,3.0,shortcut,"(2, 3)",,6
43,O_s1_best,1.0,1.0,13.16293830696572,44.0,0.0,0.0,0.0,1.0,0.0,0.0,1.0,3.0,shortcut,"(2, 3)",7,
44,O_s1_best,1.0,1.0,13.16293830696572,44.0,0.0,0.0,0.0,1.0,0.0,0.0,1.0,3.0,shortcut,"(2, 3)",7,
45,O_s1_best,0.0,0.0,0.0,0.0,1.0,0.0,0.0,1.0,0.0,0.0,1.0,1.0,shortcut,"(2, 3)",,3
46,O_s1_best,0.0,0.0,0.0,0.0,1.0,0.0,0.0,1.0,0.0,0.0,1.0,3.0,shortcut,"(2, 3)",,5
47,O_s1_best,1.0,1.0,8.214600076776321,36.0,0.0,1.0,1.0,0.0,0.0,1.0,0.0,0.0,lower,"(1, 2)",15,
48,O_s1_best,0.0,0.0,0.0,0.0,1.0,0.0,0.0,1.0,0.0,0.0,1.0,1.0,shortcut,"(2, 3)",,3
49,O_s1_best,1.0,1.0,13.16293830696572,44.0,0.0,0.0,0.0,1.0,0.0,0.0,1.0,3.0,shortcut,"(2, 3)",7,
50,O_s1_best,1.0,1.0,13.16293830696572,44.0,0.0,0.0,0.0,1.0,0.0,0.0,1.0,3.0,shortcut,"(2, 3)",7,
51,O_s1_best,1.0,1.0,13.16293830696572,44.0,0.0,0.0,0.0,1.0,0.0,0.0,1.0,3.0,shortcut,"(2, 3)",7,
52,O_s1_best,0.0,0.0,0.0,0.0,1.0,0.0,0.0,1.0,0.0,0.0,1.0,3.0,shortcut,"(2, 3)",,5
53,O_s1_best,0.0,0.0,0.0,0.0,1.0,0.0,0.0,1.0,0.0,0.0,1.0,1.0,shortcut,"(2, 3)",,3
54,O_s1_best,0.0,0.0,0.0,0.0,1.0,0.0,0.0,1.0,0.0,0.0,1.0,1.0,shortcut,"(2, 3)",,3
55,O_s1_best,0.0,0.0,0.0,0.0,1.0,0.0,0.0,1.0,0.0,0.0,1.0,2.0,shortcut,"(2, 3)",,5
56,O_s1_best,0.0,0.0,0.0,0.0,1.0,0.0,0.0,1.0,0.0,0.0,1.0,2.0,shortcut,"(2, 3)",,4
57,O_s1_best,0.0,0.0,0.0,0.0,1.0,0.0,0.0,1.0,0.0,0.0,1.0,1.0,shortcut,"(2, 3)",,3
58,O_s1_best,0.0,0.0,0.0,0.0,1.0,0.0,0.0,1.0,0.0,0.0,1.0,3.0,shortcut,"(2, 3)",,5
59,O_s1_best,0.0,0.0,0.0,0.0,1.0,0.0,0.0,1.0,0.0,0.0,1.0,2.0,shortcut,"(2, 3)",,4
60,O_s1_best,1.0,1.0,11.72950912024697,42.0,0.0,1.0,1.0,0.0,0.0,1.0,0.0,0.0,lower,"(1, 2)",9,
61,O_s1_best,0.0,0.0,0.0,0.0,1.0,0.0,0.0,1.0,0.0,0.0,1.0,3.0,shortcut,"(2, 3)",,5
62,O_s1_best,1.0,1.0,11.72950912024697,42.0,0.0,1.0,1.0,0.0,0.0,1.0,0.0,0.0,lower,"(1, 2)",9,
63,O_s1_best,0.0,0.0,0.0,0.0,1.0,0.0,0.0,1.0,0.0,0.0,1.0,1.0,shortcut,"(2, 3)",,3
64,O_s1_best,0.0,0.0,0.0,0.0,1.0,0.0,0.0,1.0,0.0,0.0,1.0,3.0,shortcut,"(2, 3)",,8
65,O_s1_best,0.0,0.0,0.0,0.0,1.0,0.0,0.0,1.0,0.0,0.0,1.0,2.0,shortcut,"(2, 3)",,4
66,O_s1_best,0.0,0.0,0.0,0.0,1.0,0.0,0.0,1.0,0.0,0.0,1.0,2.0,shortcut,"(2, 3)",,5
67,O_s1_best,0.0,0.0,0.0,0.0,1.0,1.0,0.0,0.0,0.0,1.0,0.0,1.0,lower,"(1, 2)",,5
68,O_s1_best,1.0,1.0,13.16293830696572,44.0,0.0,0.0,0.0,1.0,0.0,0.0,1.0,3.0,shortcut,"(2, 3)",7,
69,O_s1_best,1.0,1.0,13.16293830696572,44.0,0.0,0.0,0.0,1.0,0.0,0.0,1.0,3.0,shortcut,"(2, 3)",7,
70,O_s1_best,1.0,1.0,13.16293830696572,44.0,0.0,0.0,0.0,1.0,0.0,0.0,1.0,3.0,shortcut,"(2, 3)",7,
71,O_s1_best,0.0,0.0,0.0,0.0,1.0,0.0,0.0,1.0,0.0,0.0,1.0,3.0,shortcut,"(2, 3)",,5
72,O_s1_best,0.0,0.0,0.0,0.0,1.0,0.0,0.0,1.0,0.0,0.0,1.0,7.0,shortcut,"(2, 3)",,12
73,O_s1_best,1.0,1.0,13.16293830696572,44.0,0.0,0.0,0.0,1.0,0.0,0.0,1.0,3.0,shortcut,"(2, 3)",7,
74,O_s1_best,1.0,1.0,10.4358392792333,40.0,0.0,1.0,1.0,0.0,0.0,1.0,0.0,0.0,lower,"(1, 2)",11,
75,O_s1_best,1.0,1.0,12.42784641634072,43.0,0.0,1.0,1.0,0.0,0.0,1.0,0.0,0.0,lower,"(1, 2)",8,
76,O_s1_best,0.0,0.0,0.0,0.0,1.0,0.0,0.0,1.0,0.0,0.0,1.0,1.0,shortcut,"(2, 3)",,3
77,O_s1_best,0.0,0.0,0.0,0.0,1.0,0.0,0.0,1.0,0.0,0.0,1.0,2.0,shortcut,"(2, 3)",,6
78,O_s1_best,0.0,0.0,0.0,0.0,1.0,0.0,0.0,1.0,0.0,0.0,1.0,3.0,shortcut,"(2, 3)",,5
79,O_s1_best,0.0,0.0,0.0,0.0,1.0,0.0,0.0,1.0,0.0,0.0,1.0,2.0,shortcut,"(2, 3)",,4
80,O_s1_best,1.0,1.0,11.72950912024697,42.0,0.0,0.0,0.0,1.0,0.0,0.0,1.0,5.0,shortcut,"(2, 3)",9,
81,O_s1_best,1.0,1.0,13.16293830696572,44.0,0.0,0.0,0.0,1.0,0.0,0.0,1.0,3.0,shortcut,"(2, 3)",7,
82,O_s1_best,1.0,1.0,11.72950912024697,42.0,0.0,0.0,0.0,1.0,0.0,0.0,1.0,5.0,shortcut,"(2, 3)",9,
83,O_s1_best,0.0,0.0,0.0,0.0,1.0,0.0,0.0,1.0,0.0,0.0,1.0,4.0,shortcut,"(2, 3)",,6
84,O_s1_best,1.0,1.0,12.42784641634072,43.0,0.0,1.0,1.0,0.0,0.0,1.0,0.0,0.0,lower,"(1, 2)",8,
85,O_s1_best,1.0,1.0,13.16293830696572,44.0,0.0,0.0,0.0,1.0,0.0,0.0,1.0,3.0,shortcut,"(2, 3)",7,
86,O_s1_best,0.0,0.0,0.0,0.0,1.0,0.0,0.0,1.0,0.0,0.0,1.0,2.0,shortcut,"(2, 3)",,4
87,O_s1_best,1.0,1.0,11.066088688957908,41.0,0.0,0.0,0.0,1.0,0.0,0.0,1.0,6.0,shortcut,"(2, 3)",10,
88,O_s1_best,1.0,1.0,12.42784641634072,43.0,0.0,0.0,0.0,1.0,0.0,0.0,1.0,3.0,shortcut,"(2, 3)",8,
89,O_s1_best,0.0,0.0,0.0,0.0,1.0,0.0,0.0,1.0,0.0,0.0,1.0,3.0,shortcut,"(2, 3)",,7
90,O_s1_best,1.0,1.0,11.066088688957908,41.0,0.0,1.0,1.0,0.0,0.0,1.0,0.0,0.0,lower,"(1, 2)",10,
91,O_s1_best,0.0,0.0,0.0,0.0,1.0,0.0,0.0,1.0,0.0,0.0,1.0,8.0,shortcut,"(2, 3)",,13
92,O_s1_best,0.0,0.0,0.0,0.0,1.0,0.0,0.0,1.0,0.0,0.0,1.0,1.0,shortcut,"(2, 3)",,3
93,O_s1_best,0.0,0.0,0.0,0.0,1.0,0.0,0.0,1.0,0.0,0.0,1.0,1.0,shortcut,"(2, 3)",,5
94,O_s1_best,0.0,0.0,0.0,0.0,1.0,0.0,0.0,1.0,0.0,0.0,1.0,1.0,shortcut,"(2, 3)",,3
95,O_s1_best,0.0,0.0,0.0,0.0,1.0,0.0,0.0,1.0,0.0,0.0,1.0,1.0,shortcut,"(2, 3)",,4
96,O_s1_best,0.0,0.0,0.0,0.0,1.0,0.0,0.0,1.0,0.0,0.0,1.0,1.0,shortcut,"(2, 3)",,3
97,O_s1_best,0.0,0.0,0.0,0.0,1.0,0.0,0.0,1.0,0.0,0.0,1.0,3.0,shortcut,"(2, 3)",,5
98,O_s1_best,1.0,1.0,13.16293830696572,44.0,0.0,0.0,0.0,1.0,0.0,0.0,1.0,3.0,shortcut,"(2, 3)",7,
99,O_s1_best,0.0,0.0,0.0,0.0,1.0,0.0,0.0,1.0,0.0,0.0,1.0,1.0,shortcut,"(2, 3)",,3
100,O_s1_best,0.0,0.0,0.0,0.0,1.0,1.0,0.0,0.0,0.0,0.0,1.0,2.0,lower,"(2, 3)",,9
101,O_s1_best,0.0,0.0,0.0,0.0,1.0,0.0,0.0,1.0,0.0,0.0,1.0,1.0,shortcut,"(2, 3)",,3
102,O_s1_best,1.0,1.0,13.16293830696572,44.0,0.0,0.0,0.0,1.0,0.0,0.0,1.0,3.0,shortcut,"(2, 3)",7,
103,O_s1_best,1.0,1.0,13.16293830696572,44.0,0.0,0.0,0.0,1.0,0.0,0.0,1.0,3.0,shortcut,"(2, 3)",7,
104,O_s1_best,0.0,0.0,0.0,0.0,1.0,0.0,0.0,1.0,0.0,0.0,1.0,2.0,shortcut,"(2, 3)",,4
105,O_s1_best,0.0,0.0,0.0,0.0,1.0,0.0,0.0,1.0,0.0,0.0,1.0,9.0,shortcut,"(2, 3)",,14
106,O_s1_best,0.0,0.0,0.0,0.0,1.0,0.0,0.0,1.0,0.0,0.0,1.0,2.0,shortcut,"(2, 3)",,4
107,O_s1_best,1.0,1.0,11.066088688957908,41.0,0.0,1.0,1.0,0.0,0.0,1.0,0.0,0.0,lower,"(1, 2)",10,
108,O_s1_best,0.0,0.0,0.0,0.0,1.0,0.0,0.0,1.0,0.0,0.0,1.0,3.0,shortcut,"(2, 3)",,5
109,O_s1_best,0.0,0.0,0.0,0.0,1.0,0.0,0.0,1.0,0.0,0.0,1.0,3.0,shortcut,"(2, 3)",,5
110,O_s1_best,0.0,0.0,0.0,0.0,1.0,0.0,0.0,1.0,0.0,0.0,1.0,4.0,shortcut,"(2, 3)",,8
111,O_s1_best,0.0,0.0,0.0,0.0,1.0,0.0,0.0,1.0,0.0,0.0,1.0,1.0,shortcut,"(2, 3)",,3
112,O_s1_best,0.0,0.0,0.0,0.0,1.0,0.0,0.0,1.0,0.0,0.0,1.0,3.0,shortcut,"(2, 3)",,5
113,O_s1_best,1.0,1.0,13.16293830696572,44.0,0.0,0.0,0.0,1.0,0.0,0.0,1.0,4.0,shortcut,"(2, 3)",7,
114,O_s1_best,1.0,1.0,13.16293830696572,44.0,0.0,0.0,0.0,1.0,0.0,0.0,1.0,3.0,shortcut,"(2, 3)",7,
115,O_s1_best,0.0,0.0,0.0,0.0,1.0,0.0,0.0,1.0,0.0,0.0,1.0,1.0,shortcut,"(2, 3)",,3
116,O_s1_best,1.0,1.0,13.16293830696572,44.0,0.0,0.0,0.0,1.0,0.0,0.0,1.0,3.0,shortcut,"(2, 3)",7,
117,O_s1_best,0.0,0.0,0.0,0.0,1.0,0.0,0.0,1.0,0.0,0.0,1.0,2.0,shortcut,"(2, 3)",,4
118,O_s1_best,1.0,1.0,13.16293830696572,44.0,0.0,0.0,0.0,1.0,0.0,0.0,1.0,3.0,shortcut,"(2, 3)",7,
119,O_s1_best,0.0,0.0,0.0,0.0,1.0,0.0,0.0,1.0,0.0,0.0,1.0,2.0,shortcut,"(2, 3)",,7
120,O_s1_best,0.0,0.0,0.0,0.0,1.0,0.0,0.0,1.0,0.0,0.0,1.0,3.0,shortcut,"(2, 3)",,7
121,O_s1_best,1.0,1.0,13.16293830696572,44.0,0.0,0.0,0.0,1.0,0.0,0.0,1.0,3.0,shortcut,"(2, 3)",7,
122,O_s1_best,0.0,0.0,0.0,0.0,1.0,0.0,0.0,1.0,0.0,0.0,1.0,1.0,shortcut,"(2, 3)",,3
123,O_s1_best,1.0,0.0,0.6302494097246091,1.0,1.0,0.0,0.0,1.0,0.0,0.0,1.0,7.0,shortcut,"(2, 3)",10,15
124,O_s1_best,0.0,0.0,0.0,0.0,1.0,0.0,0.0,1.0,0.0,0.0,1.0,3.0,shortcut,"(2, 3)",,7
125,O_s1_best,1.0,1.0,13.16293830696572,44.0,0.0,0.0,0.0,1.0,0.0,0.0,1.0,3.0,shortcut,"(2, 3)",7,
126,O_s1_best,0.0,0.0,0.0,0.0,1.0,0.0,0.0,1.0,0.0,0.0,1.0,2.0,shortcut,"(2, 3)",,4
127,O_s1_best,1.0,1.0,11.066088688957908,41.0,0.0,1.0,1.0,0.0,0.0,1.0,0.0,0.0,lower,"(1, 2)",10,
128,O_s1_best,0.0,0.0,0.0,0.0,1.0,0.0,0.0,1.0,0.0,0.0,1.0,3.0,shortcut,"(2, 3)",,7
129,O_s1_best,1.0,1.0,13.16293830696572,44.0,0.0,0.0,0.0,1.0,0.0,0.0,1.0,3.0,shortcut,"(2, 3)",7,
130,O_s1_best,0.0,0.0,0.0,0.0,1.0,0.0,0.0,1.0,0.0,0.0,1.0,1.0,shortcut,"(2, 3)",,3
131,O_s1_best,0.0,0.0,0.0,0.0,1.0,0.0,0.0,1.0,0.0,0.0,1.0,2.0,shortcut,"(2, 3)",,4
132,O_s1_best,0.0,0.0,0.0,0.0,1.0,0.0,0.0,1.0,0.0,0.0,1.0,3.0,shortcut,"(2, 3)",,5
133,O_s1_best,0.0,0.0,0.0,0.0,1.0,0.0,0.0,1.0,0.0,0.0,1.0,3.0,shortcut,"(2, 3)",,5
134,O_s1_best,0.0,0.0,0.0,0.0,1.0,0.0,0.0,1.0,0.0,0.0,1.0,2.0,shortcut,"(2, 3)",,4
135,O_s1_best,1.0,1.0,13.16293830696572,44.0,0.0,1.0,0.0,0.0,0.0,1.0,0.0,3.0,lower,"(1, 2)",7,
136,O_s1_best,0.0,0.0,0.0,0.0,1.0,0.0,0.0,1.0,0.0,0.0,1.0,1.0,shortcut,"(2, 3)",,3
137,O_s1_best,1.0,1.0,11.72950912024697,42.0,0.0,1.0,1.0,0.0,0.0,1.0,0.0,0.0,lower,"(1, 2)",9,
138,O_s1_best,0.0,0.0,0.0,0.0,1.0,0.0,0.0,1.0,0.0,0.0,1.0,2.0,shortcut,"(2, 3)",,6
139,O_s1_best,0.0,0.0,0.0,0.0,1.0,0.0,0.0,1.0,0.0,0.0,1.0,3.0,shortcut,"(2, 3)",,5
140,O_s1_best,0.0,0.0,0.0,0.0,1.0,0.0,0.0,1.0,0.0,0.0,1.0,1.0,shortcut,"(2, 3)",,3
141,O_s1_best,0.0,0.0,0.0,0.0,1.0,0.0,0.0,1.0,0.0,0.0,1.0,2.0,shortcut,"(2, 3)",,4
142,O_s1_best,1.0,1.0,11.066088688957908,41.0,0.0,1.0,1.0,0.0,0.0,1.0,0.0,0.0,lower,"(1, 2)",10,
143,O_s1_best,1.0,1.0,13.16293830696572,44.0,0.0,0.0,0.0,1.0,0.0,0.0,1.0,3.0,shortcut,"(2, 3)",7,
144,O_s1_best,0.0,0.0,0.0,0.0,1.0,0.0,0.0,1.0,0.0,0.0,1.0,1.0,shortcut,"(2, 3)",,3
145,O_s1_best,1.0,1.0,11.066088688957908,41.0,0.0,1.0,1.0,0.0,0.0,1.0,0.0,0.0,lower,"(1, 2)",10,
146,O_s1_best,0.0,0.0,0.0,0.0,1.0,0.0,0.0,1.0,0.0,0.0,1.0,6.0,shortcut,"(2, 3)",,8
147,O_s1_best,0.0,0.0,0.0,0.0,1.0,0.0,0.0,1.0,0.0,0.0,1.0,2.0,shortcut,"(2, 3)",,4
148,O_s1_best,1.0,1.0,13.16293830696572,44.0,0.0,0.0,0.0,1.0,0.0,0.0,1.0,3.0,shortcut,"(2, 3)",7,
149,O_s1_best,0.0,0.0,0.0,0.0,1.0,0.0,0.0,1.0,0.0,0.0,1.0,1.0,shortcut,"(2, 3)",,3
150,O_s1_best,0.0,0.0,0.0,0.0,1.0,0.0,0.0,1.0,0.0,0.0,1.0,1.0,shortcut,"(2, 3)",,3
151,O_s1_best,0.0,0.0,0.0,0.0,1.0,0.0,0.0,1.0,0.0,0.0,1.0,2.0,shortcut,"(2, 3)",,4
152,O_s1_best,0.0,0.0,0.0,0.0,1.0,0.0,0.0,1.0,0.0,0.0,1.0,2.0,shortcut,"(2, 3)",,4
153,O_s1_best,0.0,0.0,0.0,0.0,1.0,0.0,0.0,1.0,0.0,0.0,1.0,1.0,shortcut,"(2, 3)",,5
154,O_s1_best,0.0,0.0,0.0,0.0,1.0,0.0,0.0,1.0,0.0,0.0,1.0,1.0,shortcut,"(2, 3)",,3
155,O_s1_best,0.0,0.0,0.0,0.0,1.0,0.0,0.0,1.0,0.0,0.0,1.0,1.0,shortcut,"(2, 3)",,3
156,O_s1_best,0.0,0.0,0.0,0.0,1.0,0.0,0.0,1.0,0.0,0.0,1.0,2.0,shortcut,"(2, 3)",,4
157,O_s1_best,0.0,0.0,0.0,0.0,1.0,0.0,0.0,1.0,0.0,0.0,1.0,2.0,shortcut,"(2, 3)",,7
158,O_s1_best,0.0,0.0,0.0,0.0,1.0,0.0,0.0,1.0,0.0,0.0,1.0,1.0,shortcut,"(2, 3)",,4
159,O_s1_best,0.0,0.0,0.0,0.0,1.0,0.0,0.0,1.0,0.0,0.0,1.0,3.0,shortcut,"(2, 3)",,6
160,O_s1_best,0.0,0.0,0.0,0.0,1.0,0.0,0.0,1.0,0.0,0.0,1.0,1.0,shortcut,"(2, 3)",,5
161,O_s1_best,0.0,0.0,0.0,0.0,1.0,0.0,0.0,1.0,0.0,0.0,1.0,2.0,shortcut,"(2, 3)",,4
162,O_s1_best,0.0,0.0,0.0,0.0,1.0,0.0,0.0,1.0,0.0,0.0,1.0,1.0,shortcut,"(2, 3)",,3
163,O_s1_best,1.0,1.0,13.16293830696572,44.0,0.0,1.0,0.0,0.0,0.0,1.0,0.0,3.0,lower,"(1, 2)",7,
164,O_s1_best,0.0,0.0,0.0,0.0,1.0,1.0,0.0,0.0,0.0,1.0,0.0,3.0,lower,"(1, 2)",,9
165,O_s1_best,1.0,1.0,11.72950912024697,42.0,0.0,1.0,1.0,0.0,0.0,1.0,0.0,0.0,lower,"(1, 2)",9,
166,O_s1_best,0.0,0.0,0.0,0.0,1.0,0.0,0.0,1.0,0.0,0.0,1.0,1.0,shortcut,"(2, 3)",,3
167,O_s1_best,0.0,0.0,0.0,0.0,1.0,0.0,0.0,1.0,0.0,0.0,1.0,1.0,shortcut,"(2, 3)",,3
168,O_s1_best,1.0,1.0,7.263633867501038,34.0,0.0,1.0,0.0,0.0,0.0,0.0,1.0,3.0,lower,"(2, 3)",17,
169,O_s1_best,0.0,0.0,0.0,0.0,1.0,0.0,0.0,1.0,0.0,0.0,1.0,3.0,shortcut,"(2, 3)",,6
170,O_s1_best,1.0,1.0,8.214600076776321,36.0,0.0,1.0,1.0,0.0,0.0,1.0,0.0,0.0,lower,"(1, 2)",15,
171,O_s1_best,1.0,1.0,13.16293830696572,44.0,0.0,0.0,0.0,1.0,0.0,0.0,1.0,4.0,shortcut,"(2, 3)",7,
172,O_s1_best,0.0,0.0,0.0,0.0,1.0,0.0,0.0,1.0,0.0,0.0,1.0,2.0,shortcut,"(2, 3)",,4
173,O_s1_best,0.0,0.0,0.0,0.0,1.0,0.0,0.0,1.0,0.0,0.0,1.0,2.0,shortcut,"(2, 3)",,5
174,O_s1_best,0.0,0.0,0.0,0.0,1.0,0.0,0.0,1.0,0.0,0.0,1.0,6.0,shortcut,"(2, 3)",,8
175,O_s1_best,0.0,0.0,0.0,0.0,1.0,0.0,0.0,1.0,0.0,0.0,1.0,1.0,shortcut,"(2, 3)",,3
176,O_s1_best,1.0,1.0,13.16293830696572,44.0,0.0,0.0,0.0,1.0,0.0,0.0,1.0,3.0,shortcut,"(2, 3)",7,
177,O_s1_best,0.0,0.0,0.0,0.0,1.0,0.0,0.0,1.0,0.0,0.0,1.0,2.0,shortcut,"(2, 3)",,6
178,O_s1_best,1.0,1.0,13.16293830696572,44.0,0.0,0.0,0.0,1.0,0.0,0.0,1.0,4.0,shortcut,"(2, 3)",7,
179,O_s1_best,1.0,1.0,9.837102339994921,39.0,0.0,1.0,0.0,0.0,0.0,1.0,0.0,3.0,lower,"(1, 2)",12,
180,O_s1_best,1.0,1.0,10.4358392792333,40.0,0.0,1.0,1.0,0.0,0.0,1.0,0.0,0.0,lower,"(1, 2)",11,
181,O_s1_best,1.0,1.0,13.16293830696572,44.0,0.0,0.0,0.0,1.0,0.0,0.0,1.0,3.0,shortcut,"(2, 3)",7,
182,O_s1_best,1.0,1.0,13.16293830696572,44.0,0.0,0.0,0.0,1.0,0.0,0.0,1.0,4.0,shortcut,"(2, 3)",7,
183,O_s1_best,0.0,0.0,0.0,0.0,1.0,0.0,0.0,1.0,0.0,0.0,1.0,4.0,shortcut,"(2, 3)",,6
184,O_s1_best,0.0,0.0,0.0,0.0,1.0,0.0,0.0,1.0,0.0,0.0,1.0,6.0,shortcut,"(2, 3)",,8
185,O_s1_best,0.0,0.0,0.0,0.0,1.0,0.0,0.0,1.0,0.0,0.0,1.0,1.0,shortcut,"(2, 3)",,3
186,O_s1_best,1.0,1.0,13.16293830696572,44.0,0.0,0.0,0.0,1.0,0.0,0.0,1.0,3.0,shortcut,"(2, 3)",7,
187,O_s1_best,0.0,0.0,0.0,0.0,1.0,0.0,0.0,1.0,0.0,0.0,1.0,3.0,shortcut,"(2, 3)",,8
188,O_s1_best,1.0,1.0,13.16293830696572,44.0,0.0,0.0,0.0,1.0,0.0,0.0,1.0,3.0,shortcut,"(2, 3)",7,
189,O_s1_best,0.0,0.0,0.0,0.0,1.0,0.0,0.0,1.0,0.0,0.0,1.0,1.0,shortcut,"(2, 3)",,3
190,O_s1_best,0.0,0.0,0.0,0.0,1.0,0.0,0.0,1.0,0.0,0.0,1.0,3.0,shortcut,"(2, 3)",,6
191,O_s1_best,1.0,1.0,13.16293830696572,44.0,0.0,0.0,0.0,1.0,0.0,0.0,1.0,3.0,shortcut,"(2, 3)",7,
192,O_s1_best,0.0,0.0,0.0,0.0,1.0,0.0,0.0,1.0,0.0,0.0,1.0,8.0,shortcut,"(2, 3)",,16
193,O_s1_best,0.0,0.0,0.0,0.0,1.0,0.0,0.0,1.0,0.0,0.0,1.0,2.0,shortcut,"(2, 3)",,4
194,O_s1_best,1.0,1.0,12.42784641634072,43.0,0.0,0.0,0.0,1.0,0.0,0.0,1.0,3.0,shortcut,"(2, 3)",8,
195,O_s1_best,0.0,0.0,0.0,0.0,1.0,0.0,0.0,1.0,0.0,0.0,1.0,2.0,shortcut,"(2, 3)",,5
196,O_s1_best,0.0,0.0,0.0,0.0,1.0,0.0,0.0,1.0,0.0,0.0,1.0,1.0,shortcut,"(2, 3)",,3
197,O_s1_best,0.0,0.0,0.0,0.0,1.0,0.0,0.0,1.0,0.0,0.0,1.0,1.0,shortcut,"(2, 3)",,3
198,O_s1_best,0.0,0.0,0.0,0.0,1.0,0.0,0.0,1.0,0.0,0.0,1.0,3.0,shortcut,"(2, 3)",,5
199,O_s1_best,0.0,0.0,0.0,0.0,1.0,0.0,0.0,1.0,0.0,0.0,1.0,1.0,shortcut,"(2, 3)",,3
0,P_s1_final,1.0,1.0,13.16293830696572,44.0,0.0,0.0,0.0,1.0,0.0,0.0,1.0,4.0,shortcut,"(2, 3)",7,
1,P_s1_final,0.0,0.0,0.0,0.0,1.0,0.0,0.0,1.0,0.0,0.0,1.0,3.0,shortcut,"(2, 3)",,5
2,P_s1_final,1.0,1.0,12.42784641634072,43.0,0.0,1.0,1.0,0.0,0.0,1.0,0.0,0.0,lower,"(1, 2)",8,
3,P_s1_final,1.0,1.0,13.16293830696572,44.0,0.0,0.0,0.0,1.0,0.0,0.0,1.0,3.0,shortcut,"(2, 3)",7,
4,P_s1_final,0.0,0.0,0.0,0.0,1.0,0.0,0.0,1.0,0.0,0.0,1.0,1.0,shortcut,"(2, 3)",,6
5,P_s1_final,1.0,1.0,12.46460101087197,43.0,0.0,0.0,0.0,1.0,0.0,0.0,1.0,3.0,shortcut,"(2, 3)",7,
6,P_s1_final,1.0,1.0,13.16293830696572,44.0,0.0,0.0,0.0,1.0,0.0,0.0,1.0,3.0,shortcut,"(2, 3)",7,
7,P_s1_final,0.0,0.0,0.0,0.0,1.0,0.0,0.0,1.0,0.0,0.0,1.0,3.0,shortcut,"(2, 3)",,5
8,P_s1_final,1.0,1.0,13.16293830696572,44.0,0.0,0.0,0.0,1.0,0.0,0.0,1.0,3.0,shortcut,"(2, 3)",7,
9,P_s1_final,1.0,1.0,12.42784641634072,43.0,0.0,1.0,1.0,0.0,0.0,1.0,0.0,0.0,lower,"(1, 2)",8,
10,P_s1_final,0.0,0.0,0.0,0.0,1.0,0.0,0.0,1.0,0.0,0.0,1.0,1.0,shortcut,"(2, 3)",,3
11,P_s1_final,0.0,0.0,0.0,0.0,1.0,0.0,0.0,1.0,0.0,0.0,1.0,2.0,shortcut,"(2, 3)",,4
12,P_s1_final,0.0,0.0,0.0,0.0,1.0,0.0,0.0,1.0,0.0,0.0,1.0,3.0,shortcut,"(2, 3)",,5
13,P_s1_final,1.0,1.0,11.72950912024697,42.0,0.0,1.0,1.0,0.0,0.0,1.0,0.0,0.0,lower,"(1, 2)",9,
14,P_s1_final,0.0,0.0,0.0,0.0,1.0,0.0,0.0,1.0,0.0,0.0,1.0,2.0,shortcut,"(2, 3)",,4
15,P_s1_final,1.0,1.0,13.16293830696572,44.0,0.0,0.0,0.0,1.0,0.0,0.0,1.0,3.0,shortcut,"(2, 3)",7,
16,P_s1_final,1.0,1.0,11.066088688957908,41.0,0.0,1.0,1.0,0.0,0.0,1.0,0.0,0.0,lower,"(1, 2)",10,
17,P_s1_final,0.0,0.0,0.0,0.0,1.0,0.0,0.0,1.0,0.0,0.0,1.0,1.0,shortcut,"(2, 3)",,4
18,P_s1_final,0.0,0.0,0.0,0.0,1.0,1.0,0.0,0.0,0.0,1.0,0.0,1.0,lower,"(1, 2)",,5
19,P_s1_final,0.0,0.0,0.0,0.0,1.0,0.0,0.0,1.0,0.0,0.0,1.0,1.0,shortcut,"(2, 3)",,3
20,P_s1_final,1.0,1.0,13.16293830696572,44.0,0.0,0.0,0.0,1.0,0.0,0.0,1.0,3.0,shortcut,"(2, 3)",7,
21,P_s1_final,0.0,0.0,0.0,0.0,1.0,0.0,0.0,1.0,0.0,0.0,1.0,3.0,shortcut,"(2, 3)",,5
22,P_s1_final,0.0,0.0,0.0,0.0,1.0,0.0,0.0,1.0,0.0,0.0,1.0,1.0,shortcut,"(2, 3)",,3
23,P_s1_final,0.0,0.0,0.0,0.0,1.0,0.0,0.0,1.0,0.0,0.0,1.0,3.0,shortcut,"(2, 3)",,5
24,P_s1_final,1.0,1.0,12.42784641634072,43.0,0.0,1.0,1.0,0.0,0.0,1.0,0.0,0.0,lower,"(1, 2)",8,
25,P_s1_final,1.0,1.0,9.837102339994921,39.0,0.0,1.0,1.0,0.0,0.0,1.0,0.0,0.0,lower,"(1, 2)",12,
26,P_s1_final,1.0,1.0,13.16293830696572,44.0,0.0,0.0,0.0,1.0,0.0,0.0,1.0,3.0,shortcut,"(2, 3)",7,
27,P_s1_final,1.0,1.0,11.066088688957908,41.0,0.0,1.0,1.0,0.0,0.0,1.0,0.0,0.0,lower,"(1, 2)",10,
28,P_s1_final,1.0,1.0,13.16293830696572,44.0,0.0,0.0,0.0,1.0,0.0,0.0,1.0,3.0,shortcut,"(2, 3)",7,
29,P_s1_final,0.0,0.0,0.0,0.0,1.0,0.0,0.0,1.0,0.0,0.0,1.0,1.0,shortcut,"(2, 3)",,3
30,P_s1_final,0.0,0.0,0.0,0.0,1.0,0.0,0.0,1.0,0.0,0.0,1.0,1.0,shortcut,"(2, 3)",,3
31,P_s1_final,0.0,0.0,0.0,0.0,1.0,0.0,0.0,1.0,0.0,0.0,1.0,1.0,shortcut,"(2, 3)",,3
32,P_s1_final,0.0,0.0,0.0,0.0,1.0,0.0,0.0,1.0,0.0,0.0,1.0,2.0,shortcut,"(2, 3)",,4
33,P_s1_final,0.0,0.0,0.0,0.0,1.0,0.0,0.0,1.0,0.0,0.0,1.0,1.0,shortcut,"(2, 3)",,5
34,P_s1_final,1.0,1.0,13.16293830696572,44.0,0.0,0.0,0.0,1.0,0.0,0.0,1.0,3.0,shortcut,"(2, 3)",7,
35,P_s1_final,0.0,0.0,0.0,0.0,1.0,0.0,0.0,1.0,0.0,0.0,1.0,3.0,shortcut,"(2, 3)",,5
36,P_s1_final,0.0,0.0,0.0,0.0,1.0,0.0,0.0,1.0,0.0,0.0,1.0,2.0,shortcut,"(2, 3)",,4
37,P_s1_final,1.0,1.0,11.72950912024697,42.0,0.0,1.0,1.0,0.0,0.0,1.0,0.0,0.0,lower,"(1, 2)",9,
38,P_s1_final,0.0,0.0,0.0,0.0,1.0,0.0,0.0,1.0,0.0,0.0,1.0,3.0,shortcut,"(2, 3)",,5
39,P_s1_final,1.0,1.0,13.16293830696572,44.0,0.0,0.0,0.0,1.0,0.0,0.0,1.0,3.0,shortcut,"(2, 3)",7,
40,P_s1_final,1.0,1.0,12.42784641634072,43.0,0.0,1.0,0.0,0.0,0.0,1.0,0.0,3.0,lower,"(1, 2)",8,
41,P_s1_final,0.0,0.0,0.0,0.0,1.0,1.0,0.0,0.0,0.0,1.0,0.0,1.0,lower,"(1, 2)",,7
42,P_s1_final,1.0,1.0,12.42784641634072,43.0,0.0,0.0,0.0,1.0,0.0,0.0,1.0,3.0,shortcut,"(2, 3)",8,
43,P_s1_final,1.0,1.0,13.16293830696572,44.0,0.0,0.0,0.0,1.0,0.0,0.0,1.0,3.0,shortcut,"(2, 3)",7,
44,P_s1_final,1.0,1.0,13.16293830696572,44.0,0.0,0.0,0.0,1.0,0.0,0.0,1.0,3.0,shortcut,"(2, 3)",7,
45,P_s1_final,1.0,1.0,12.42784641634072,43.0,0.0,1.0,1.0,0.0,0.0,1.0,0.0,0.0,lower,"(1, 2)",8,
46,P_s1_final,0.0,0.0,0.0,0.0,1.0,0.0,0.0,1.0,0.0,0.0,1.0,3.0,shortcut,"(2, 3)",,5
47,P_s1_final,1.0,1.0,12.42784641634072,43.0,0.0,1.0,1.0,0.0,0.0,1.0,0.0,0.0,lower,"(1, 2)",8,
48,P_s1_final,0.0,0.0,0.0,0.0,1.0,0.0,0.0,1.0,0.0,0.0,1.0,1.0,shortcut,"(2, 3)",,3
49,P_s1_final,1.0,1.0,11.72950912024697,42.0,0.0,1.0,1.0,0.0,0.0,1.0,0.0,0.0,lower,"(1, 2)",9,
50,P_s1_final,1.0,1.0,13.16293830696572,44.0,0.0,0.0,0.0,1.0,0.0,0.0,1.0,3.0,shortcut,"(2, 3)",7,
51,P_s1_final,1.0,1.0,13.16293830696572,44.0,0.0,0.0,0.0,1.0,0.0,0.0,1.0,3.0,shortcut,"(2, 3)",7,
52,P_s1_final,1.0,1.0,11.72950912024697,42.0,0.0,1.0,1.0,0.0,0.0,1.0,0.0,0.0,lower,"(1, 2)",9,
53,P_s1_final,0.0,0.0,0.0,0.0,1.0,0.0,0.0,1.0,0.0,0.0,1.0,1.0,shortcut,"(2, 3)",,3
54,P_s1_final,1.0,1.0,12.42784641634072,43.0,0.0,1.0,1.0,0.0,0.0,1.0,0.0,0.0,lower,"(1, 2)",8,
55,P_s1_final,0.0,0.0,0.0,0.0,1.0,0.0,0.0,1.0,0.0,0.0,1.0,2.0,shortcut,"(2, 3)",,5
56,P_s1_final,1.0,1.0,11.066088688957908,41.0,0.0,1.0,1.0,0.0,0.0,1.0,0.0,3.0,lower,"(1, 2)",10,
57,P_s1_final,0.0,0.0,0.0,0.0,1.0,0.0,0.0,1.0,0.0,0.0,1.0,1.0,shortcut,"(2, 3)",,3
58,P_s1_final,0.0,0.0,0.0,0.0,1.0,0.0,0.0,1.0,0.0,0.0,1.0,3.0,shortcut,"(2, 3)",,5
59,P_s1_final,1.0,1.0,12.42784641634072,43.0,0.0,1.0,1.0,0.0,0.0,1.0,0.0,0.0,lower,"(1, 2)",8,
60,P_s1_final,0.0,0.0,0.0,0.0,1.0,0.0,0.0,1.0,0.0,0.0,1.0,1.0,shortcut,"(2, 3)",,5
61,P_s1_final,0.0,0.0,0.0,0.0,1.0,0.0,0.0,1.0,0.0,0.0,1.0,3.0,shortcut,"(2, 3)",,5
62,P_s1_final,1.0,1.0,12.42784641634072,43.0,0.0,1.0,1.0,0.0,0.0,1.0,0.0,0.0,lower,"(1, 2)",8,
63,P_s1_final,0.0,0.0,0.0,0.0,1.0,0.0,0.0,1.0,0.0,0.0,1.0,1.0,shortcut,"(2, 3)",,3
64,P_s1_final,0.0,0.0,0.0,0.0,1.0,0.0,0.0,1.0,0.0,0.0,1.0,3.0,shortcut,"(2, 3)",,5
65,P_s1_final,1.0,1.0,11.72950912024697,42.0,0.0,1.0,1.0,0.0,0.0,1.0,0.0,0.0,lower,"(1, 2)",9,
66,P_s1_final,0.0,0.0,0.0,0.0,1.0,0.0,0.0,1.0,0.0,0.0,1.0,2.0,shortcut,"(2, 3)",,5
67,P_s1_final,1.0,1.0,11.066088688957908,41.0,0.0,1.0,1.0,0.0,0.0,1.0,0.0,0.0,lower,"(1, 2)",10,
68,P_s1_final,1.0,1.0,12.42784641634072,43.0,0.0,0.0,0.0,1.0,0.0,0.0,1.0,3.0,shortcut,"(2, 3)",8,
69,P_s1_final,1.0,1.0,13.16293830696572,44.0,0.0,0.0,0.0,1.0,0.0,0.0,1.0,3.0,shortcut,"(2, 3)",7,
70,P_s1_final,1.0,1.0,13.16293830696572,44.0,0.0,0.0,0.0,1.0,0.0,0.0,1.0,3.0,shortcut,"(2, 3)",7,
71,P_s1_final,0.0,0.0,0.0,0.0,1.0,0.0,0.0,1.0,0.0,0.0,1.0,3.0,shortcut,"(2, 3)",,5
72,P_s1_final,1.0,1.0,11.72950912024697,42.0,0.0,1.0,1.0,0.0,0.0,1.0,0.0,0.0,lower,"(1, 2)",9,
73,P_s1_final,1.0,1.0,13.16293830696572,44.0,0.0,0.0,0.0,1.0,0.0,0.0,1.0,3.0,shortcut,"(2, 3)",7,
74,P_s1_final,1.0,1.0,12.42784641634072,43.0,0.0,1.0,1.0,0.0,0.0,1.0,0.0,0.0,lower,"(1, 2)",8,
75,P_s1_final,1.0,1.0,12.42784641634072,43.0,0.0,1.0,1.0,0.0,0.0,1.0,0.0,0.0,lower,"(1, 2)",8,
76,P_s1_final,0.0,0.0,0.0,0.0,1.0,0.0,0.0,1.0,0.0,0.0,1.0,1.0,shortcut,"(2, 3)",,3
77,P_s1_final,0.0,0.0,0.0,0.0,1.0,1.0,0.0,0.0,0.0,0.0,1.0,2.0,lower,"(2, 3)",,6
78,P_s1_final,0.0,0.0,0.0,0.0,1.0,0.0,0.0,1.0,0.0,0.0,1.0,2.0,shortcut,"(2, 3)",,4
79,P_s1_final,0.0,0.0,0.0,0.0,1.0,0.0,0.0,1.0,0.0,0.0,1.0,2.0,shortcut,"(2, 3)",,4
80,P_s1_final,0.0,0.0,0.0,0.0,1.0,0.0,0.0,1.0,0.0,0.0,1.0,2.0,shortcut,"(2, 3)",,4
81,P_s1_final,1.0,1.0,13.16293830696572,44.0,0.0,0.0,0.0,1.0,0.0,0.0,1.0,3.0,shortcut,"(2, 3)",7,
82,P_s1_final,1.0,1.0,12.42784641634072,43.0,0.0,0.0,0.0,1.0,0.0,0.0,1.0,4.0,shortcut,"(2, 3)",8,
83,P_s1_final,1.0,1.0,13.16293830696572,44.0,0.0,0.0,0.0,1.0,0.0,0.0,1.0,3.0,shortcut,"(2, 3)",7,
84,P_s1_final,1.0,1.0,12.42784641634072,43.0,0.0,1.0,1.0,0.0,0.0,1.0,0.0,0.0,lower,"(1, 2)",8,
85,P_s1_final,1.0,1.0,13.16293830696572,44.0,0.0,0.0,0.0,1.0,0.0,0.0,1.0,3.0,shortcut,"(2, 3)",7,
86,P_s1_final,0.0,0.0,0.0,0.0,1.0,0.0,0.0,1.0,0.0,0.0,1.0,2.0,shortcut,"(2, 3)",,4
87,P_s1_final,1.0,1.0,11.72950912024697,42.0,0.0,0.0,0.0,1.0,0.0,0.0,1.0,5.0,shortcut,"(2, 3)",9,
88,P_s1_final,1.0,1.0,12.42784641634072,43.0,0.0,0.0,0.0,1.0,0.0,0.0,1.0,3.0,shortcut,"(2, 3)",8,
89,P_s1_final,1.0,1.0,8.214600076776321,36.0,0.0,1.0,1.0,0.0,0.0,0.0,1.0,0.0,lower,"(2, 3)",15,
90,P_s1_final,1.0,1.0,12.42784641634072,43.0,0.0,1.0,1.0,0.0,0.0,1.0,0.0,0.0,lower,"(1, 2)",8,
91,P_s1_final,1.0,1.0,13.16293830696572,44.0,0.0,0.0,0.0,1.0,0.0,0.0,1.0,3.0,shortcut,"(2, 3)",7,
92,P_s1_final,0.0,0.0,0.0,0.0,1.0,0.0,0.0,1.0,0.0,0.0,1.0,1.0,shortcut,"(2, 3)",,3
93,P_s1_final,0.0,0.0,0.0,0.0,1.0,0.0,0.0,1.0,0.0,0.0,1.0,1.0,shortcut,"(2, 3)",,5
94,P_s1_final,0.0,0.0,0.0,0.0,1.0,0.0,0.0,1.0,0.0,0.0,1.0,1.0,shortcut,"(2, 3)",,3
95,P_s1_final,1.0,1.0,13.16293830696572,44.0,0.0,0.0,0.0,1.0,0.0,0.0,1.0,3.0,shortcut,"(2, 3)",7,
96,P_s1_final,1.0,0.0,0.7350918906249998,1.0,1.0,0.0,0.0,1.0,0.0,0.0,1.0,8.0,shortcut,"(2, 3)",7,18
97,P_s1_final,0.0,0.0,0.0,0.0,1.0,0.0,0.0,1.0,0.0,0.0,1.0,3.0,shortcut,"(2, 3)",,5
98,P_s1_final,1.0,1.0,13.16293830696572,44.0,0.0,0.0,0.0,1.0,0.0,0.0,1.0,3.0,shortcut,"(2, 3)",7,
99,P_s1_final,0.0,0.0,0.0,0.0,1.0,0.0,0.0,1.0,0.0,0.0,1.0,1.0,shortcut,"(2, 3)",,3
100,P_s1_final,0.0,0.0,0.0,0.0,1.0,1.0,0.0,0.0,0.0,0.0,1.0,1.0,lower,"(2, 3)",,14
101,P_s1_final,0.0,0.0,0.0,0.0,1.0,0.0,0.0,1.0,0.0,0.0,1.0,1.0,shortcut,"(2, 3)",,3
102,P_s1_final,1.0,1.0,13.16293830696572,44.0,0.0,0.0,0.0,1.0,0.0,0.0,1.0,3.0,shortcut,"(2, 3)",7,
103,P_s1_final,1.0,1.0,13.16293830696572,44.0,0.0,0.0,0.0,1.0,0.0,0.0,1.0,3.0,shortcut,"(2, 3)",7,
104,P_s1_final,0.0,0.0,0.0,0.0,1.0,0.0,0.0,1.0,0.0,0.0,1.0,2.0,shortcut,"(2, 3)",,4
105,P_s1_final,1.0,1.0,13.16293830696572,44.0,0.0,0.0,0.0,1.0,0.0,0.0,1.0,3.0,shortcut,"(2, 3)",7,
106,P_s1_final,0.0,0.0,0.0,0.0,1.0,0.0,0.0,1.0,0.0,0.0,1.0,2.0,shortcut,"(2, 3)",,4
107,P_s1_final,1.0,1.0,12.42784641634072,43.0,0.0,1.0,1.0,0.0,0.0,1.0,0.0,0.0,lower,"(1, 2)",8,
108,P_s1_final,1.0,1.0,13.16293830696572,44.0,0.0,0.0,0.0,1.0,0.0,0.0,1.0,4.0,shortcut,"(2, 3)",7,
109,P_s1_final,1.0,1.0,13.16293830696572,44.0,0.0,0.0,0.0,1.0,0.0,0.0,1.0,3.0,shortcut,"(2, 3)",7,
110,P_s1_final,0.0,0.0,0.0,0.0,1.0,0.0,0.0,1.0,0.0,0.0,1.0,2.0,shortcut,"(2, 3)",,5
111,P_s1_final,0.0,0.0,0.0,0.0,1.0,1.0,0.0,0.0,0.0,1.0,0.0,2.0,lower,"(1, 2)",,5
112,P_s1_final,1.0,1.0,11.72950912024697,42.0,0.0,1.0,1.0,0.0,0.0,1.0,0.0,0.0,lower,"(1, 2)",9,
113,P_s1_final,0.0,0.0,0.0,0.0,1.0,0.0,0.0,1.0,0.0,0.0,1.0,2.0,shortcut,"(2, 3)",,4
114,P_s1_final,1.0,1.0,11.72950912024697,42.0,0.0,1.0,1.0,0.0,0.0,1.0,0.0,0.0,lower,"(1, 2)",9,
115,P_s1_final,0.0,0.0,0.0,0.0,1.0,0.0,0.0,1.0,0.0,0.0,1.0,1.0,shortcut,"(2, 3)",,3
116,P_s1_final,1.0,1.0,13.16293830696572,44.0,0.0,0.0,0.0,1.0,0.0,0.0,1.0,3.0,shortcut,"(2, 3)",7,
117,P_s1_final,0.0,0.0,0.0,0.0,1.0,0.0,0.0,1.0,0.0,0.0,1.0,2.0,shortcut,"(2, 3)",,4
118,P_s1_final,1.0,1.0,11.066088688957908,41.0,0.0,1.0,0.0,0.0,0.0,1.0,0.0,3.0,lower,"(1, 2)",10,
119,P_s1_final,0.0,0.0,0.0,0.0,1.0,0.0,0.0,1.0,0.0,0.0,1.0,2.0,shortcut,"(2, 3)",,6
120,P_s1_final,1.0,1.0,7.7769759507805425,35.0,0.0,1.0,1.0,0.0,0.0,0.0,1.0,0.0,lower,"(2, 3)",14,
121,P_s1_final,1.0,1.0,12.46460101087197,43.0,0.0,0.0,0.0,1.0,0.0,0.0,1.0,3.0,shortcut,"(2, 3)",7,
122,P_s1_final,0.0,0.0,0.0,0.0,1.0,0.0,0.0,1.0,0.0,0.0,1.0,1.0,shortcut,"(2, 3)",,3
123,P_s1_final,0.0,0.0,0.0,0.0,1.0,0.0,0.0,1.0,0.0,0.0,1.0,1.0,shortcut,"(2, 3)",,6
124,P_s1_final,1.0,1.0,8.214600076776321,36.0,0.0,1.0,1.0,0.0,0.0,1.0,0.0,0.0,lower,"(1, 2)",15,
125,P_s1_final,1.0,1.0,13.16293830696572,44.0,0.0,0.0,0.0,1.0,0.0,0.0,1.0,3.0,shortcut,"(2, 3)",7,
126,P_s1_final,0.0,0.0,0.0,0.0,1.0,0.0,0.0,1.0,0.0,0.0,1.0,2.0,shortcut,"(2, 3)",,4
127,P_s1_final,1.0,1.0,11.72950912024697,42.0,0.0,1.0,1.0,0.0,0.0,1.0,0.0,0.0,lower,"(1, 2)",9,
128,P_s1_final,0.0,0.0,0.0,0.0,1.0,0.0,0.0,1.0,0.0,0.0,1.0,3.0,shortcut,"(2, 3)",,7
129,P_s1_final,1.0,1.0,13.16293830696572,44.0,0.0,0.0,0.0,1.0,0.0,0.0,1.0,3.0,shortcut,"(2, 3)",7,
130,P_s1_final,1.0,1.0,12.42784641634072,43.0,0.0,1.0,1.0,0.0,0.0,1.0,0.0,0.0,lower,"(1, 2)",8,
131,P_s1_final,0.0,0.0,0.0,0.0,1.0,0.0,0.0,1.0,0.0,0.0,1.0,2.0,shortcut,"(2, 3)",,4
132,P_s1_final,1.0,1.0,13.16293830696572,44.0,0.0,0.0,0.0,1.0,0.0,0.0,1.0,3.0,shortcut,"(2, 3)",7,
133,P_s1_final,0.0,0.0,0.0,0.0,1.0,0.0,0.0,1.0,0.0,0.0,1.0,3.0,shortcut,"(2, 3)",,5
134,P_s1_final,0.0,0.0,0.0,0.0,1.0,0.0,0.0,1.0,0.0,0.0,1.0,2.0,shortcut,"(2, 3)",,4
135,P_s1_final,1.0,1.0,12.42784641634072,43.0,0.0,1.0,1.0,0.0,0.0,1.0,0.0,0.0,lower,"(1, 2)",8,
136,P_s1_final,0.0,0.0,0.0,0.0,1.0,0.0,0.0,1.0,0.0,0.0,1.0,2.0,shortcut,"(2, 3)",,5
137,P_s1_final,1.0,1.0,12.42784641634072,43.0,0.0,1.0,1.0,0.0,0.0,1.0,0.0,0.0,lower,"(1, 2)",8,
138,P_s1_final,1.0,1.0,10.4358392792333,40.0,0.0,1.0,1.0,0.0,0.0,0.0,1.0,0.0,lower,"(2, 3)",11,
139,P_s1_final,0.0,0.0,0.0,0.0,1.0,0.0,0.0,1.0,0.0,0.0,1.0,3.0,shortcut,"(2, 3)",,5
140,P_s1_final,0.0,0.0,0.0,0.0,1.0,0.0,0.0,1.0,0.0,0.0,1.0,1.0,shortcut,"(2, 3)",,3
141,P_s1_final,0.0,0.0,0.0,0.0,1.0,0.0,0.0,1.0,0.0,0.0,1.0,2.0,shortcut,"(2, 3)",,4
142,P_s1_final,1.0,1.0,12.42784641634072,43.0,0.0,1.0,1.0,0.0,0.0,1.0,0.0,0.0,lower,"(1, 2)",8,
143,P_s1_final,1.0,1.0,13.16293830696572,44.0,0.0,0.0,0.0,1.0,0.0,0.0,1.0,3.0,shortcut,"(2, 3)",7,
144,P_s1_final,0.0,0.0,0.0,0.0,1.0,0.0,0.0,1.0,0.0,0.0,1.0,1.0,shortcut,"(2, 3)",,3
145,P_s1_final,1.0,1.0,11.72950912024697,42.0,0.0,1.0,1.0,0.0,0.0,1.0,0.0,0.0,lower,"(1, 2)",9,
146,P_s1_final,1.0,1.0,11.72950912024697,42.0,0.0,0.0,0.0,1.0,0.0,0.0,1.0,4.0,shortcut,"(2, 3)",9,
147,P_s1_final,1.0,1.0,8.727942160055825,37.0,0.0,1.0,1.0,0.0,0.0,1.0,0.0,0.0,lower,"(1, 2)",14,
148,P_s1_final,1.0,1.0,13.16293830696572,44.0,0.0,0.0,0.0,1.0,0.0,0.0,1.0,3.0,shortcut,"(2, 3)",7,
149,P_s1_final,1.0,1.0,11.72950912024697,42.0,0.0,1.0,1.0,0.0,0.0,1.0,0.0,0.0,lower,"(1, 2)",9,
150,P_s1_final,1.0,1.0,13.16293830696572,44.0,0.0,0.0,0.0,1.0,0.0,0.0,1.0,3.0,shortcut,"(2, 3)",7,
151,P_s1_final,0.0,0.0,0.0,0.0,1.0,0.0,0.0,1.0,0.0,0.0,1.0,2.0,shortcut,"(2, 3)",,4
152,P_s1_final,0.0,0.0,0.0,0.0,1.0,0.0,0.0,1.0,0.0,0.0,1.0,2.0,shortcut,"(2, 3)",,4
153,P_s1_final,0.0,0.0,0.0,0.0,1.0,0.0,0.0,1.0,0.0,0.0,1.0,3.0,shortcut,"(2, 3)",,6
154,P_s1_final,1.0,1.0,12.42784641634072,43.0,0.0,1.0,1.0,0.0,0.0,1.0,0.0,0.0,lower,"(1, 2)",8,
155,P_s1_final,0.0,0.0,0.0,0.0,1.0,0.0,0.0,1.0,0.0,0.0,1.0,1.0,shortcut,"(2, 3)",,3
156,P_s1_final,1.0,1.0,11.066088688957908,41.0,0.0,1.0,1.0,0.0,0.0,1.0,0.0,0.0,lower,"(1, 2)",10,
157,P_s1_final,1.0,1.0,9.837102339994921,39.0,0.0,1.0,1.0,0.0,0.0,1.0,0.0,0.0,lower,"(1, 2)",12,
158,P_s1_final,0.0,0.0,0.0,0.0,1.0,0.0,0.0,1.0,0.0,0.0,1.0,1.0,shortcut,"(2, 3)",,4
159,P_s1_final,0.0,0.0,0.0,0.0,1.0,0.0,0.0,1.0,0.0,0.0,1.0,3.0,shortcut,"(2, 3)",,6
160,P_s1_final,0.0,0.0,0.0,0.0,1.0,0.0,0.0,1.0,0.0,0.0,1.0,1.0,shortcut,"(2, 3)",,5
161,P_s1_final,1.0,1.0,12.42784641634072,43.0,0.0,1.0,1.0,0.0,0.0,1.0,0.0,0.0,lower,"(1, 2)",8,
162,P_s1_final,0.0,0.0,0.0,0.0,1.0,0.0,0.0,1.0,0.0,0.0,1.0,1.0,shortcut,"(2, 3)",,3
163,P_s1_final,1.0,1.0,12.42784641634072,43.0,0.0,1.0,1.0,0.0,0.0,1.0,0.0,0.0,lower,"(1, 2)",8,
164,P_s1_final,1.0,1.0,11.72950912024697,42.0,0.0,0.0,0.0,1.0,0.0,0.0,1.0,3.0,shortcut,"(2, 3)",9,
165,P_s1_final,1.0,1.0,12.42784641634072,43.0,0.0,1.0,1.0,0.0,0.0,1.0,0.0,0.0,lower,"(1, 2)",8,
166,P_s1_final,0.0,0.0,0.0,0.0,1.0,0.0,0.0,1.0,0.0,0.0,1.0,1.0,shortcut,"(2, 3)",,3
167,P_s1_final,0.0,0.0,0.0,0.0,1.0,0.0,0.0,1.0,0.0,0.0,1.0,1.0,shortcut,"(2, 3)",,3
168,P_s1_final,1.0,1.0,7.72692509766079,35.0,0.0,1.0,1.0,0.0,0.0,1.0,0.0,0.0,lower,"(1, 2)",16,
169,P_s1_final,0.0,0.0,0.0,0.0,1.0,0.0,0.0,1.0,0.0,0.0,1.0,2.0,shortcut,"(2, 3)",,4
170,P_s1_final,1.0,1.0,12.42784641634072,43.0,0.0,1.0,1.0,0.0,0.0,1.0,0.0,0.0,lower,"(1, 2)",8,
171,P_s1_final,1.0,1.0,13.16293830696572,44.0,0.0,0.0,0.0,1.0,0.0,0.0,1.0,3.0,shortcut,"(2, 3)",7,
172,P_s1_final,0.0,0.0,0.0,0.0,1.0,0.0,0.0,1.0,0.0,0.0,1.0,2.0,shortcut,"(2, 3)",,4
173,P_s1_final,1.0,1.0,12.42784641634072,43.0,0.0,0.0,0.0,1.0,0.0,0.0,1.0,3.0,shortcut,"(2, 3)",8,
174,P_s1_final,0.0,0.0,0.0,0.0,1.0,0.0,0.0,1.0,0.0,0.0,1.0,5.0,shortcut,"(2, 3)",,7
175,P_s1_final,1.0,1.0,11.066088688957908,41.0,0.0,1.0,1.0,0.0,0.0,1.0,0.0,0.0,lower,"(1, 2)",10,
176,P_s1_final,1.0,1.0,11.72950912024697,42.0,0.0,1.0,1.0,0.0,0.0,1.0,0.0,0.0,lower,"(1, 2)",9,
177,P_s1_final,0.0,0.0,0.0,0.0,1.0,0.0,0.0,1.0,0.0,0.0,1.0,2.0,shortcut,"(2, 3)",,6
178,P_s1_final,1.0,1.0,13.16293830696572,44.0,0.0,0.0,0.0,1.0,0.0,0.0,1.0,3.0,shortcut,"(2, 3)",7,
179,P_s1_final,1.0,1.0,11.066088688957908,41.0,0.0,1.0,1.0,0.0,0.0,1.0,0.0,0.0,lower,"(1, 2)",10,
180,P_s1_final,1.0,1.0,10.4358392792333,40.0,0.0,1.0,1.0,0.0,0.0,1.0,0.0,0.0,lower,"(1, 2)",11,
181,P_s1_final,0.0,0.0,0.0,0.0,1.0,0.0,0.0,1.0,0.0,0.0,1.0,3.0,shortcut,"(2, 3)",,6
182,P_s1_final,0.0,0.0,0.0,0.0,1.0,0.0,0.0,1.0,0.0,0.0,1.0,3.0,shortcut,"(2, 3)",,5
183,P_s1_final,0.0,0.0,0.0,0.0,1.0,0.0,0.0,1.0,0.0,0.0,1.0,2.0,shortcut,"(2, 3)",,4
184,P_s1_final,1.0,1.0,11.72950912024697,42.0,0.0,1.0,1.0,0.0,0.0,1.0,0.0,0.0,lower,"(1, 2)",9,
185,P_s1_final,0.0,0.0,0.0,0.0,1.0,0.0,0.0,1.0,0.0,0.0,1.0,1.0,shortcut,"(2, 3)",,3
186,P_s1_final,1.0,1.0,13.16293830696572,44.0,0.0,0.0,0.0,1.0,0.0,0.0,1.0,3.0,shortcut,"(2, 3)",7,
187,P_s1_final,1.0,1.0,10.4358392792333,40.0,0.0,1.0,1.0,0.0,0.0,1.0,0.0,0.0,lower,"(1, 2)",11,
188,P_s1_final,1.0,1.0,13.16293830696572,44.0,0.0,0.0,0.0,1.0,0.0,0.0,1.0,3.0,shortcut,"(2, 3)",7,
189,P_s1_final,0.0,0.0,0.0,0.0,1.0,0.0,0.0,1.0,0.0,0.0,1.0,1.0,shortcut,"(2, 3)",,3
190,P_s1_final,0.0,0.0,0.0,0.0,1.0,0.0,0.0,1.0,0.0,0.0,1.0,2.0,shortcut,"(2, 3)",,6
191,P_s1_final,1.0,1.0,13.16293830696572,44.0,0.0,0.0,0.0,1.0,0.0,0.0,1.0,3.0,shortcut,"(2, 3)",7,
192,P_s1_final,0.0,0.0,0.0,0.0,1.0,0.0,0.0,1.0,0.0,0.0,1.0,8.0,shortcut,"(2, 3)",,15
193,P_s1_final,0.0,0.0,0.0,0.0,1.0,0.0,0.0,1.0,0.0,0.0,1.0,2.0,shortcut,"(2, 3)",,4
194,P_s1_final,1.0,1.0,12.42784641634072,43.0,0.0,0.0,0.0,1.0,0.0,0.0,1.0,3.0,shortcut,"(2, 3)",8,
195,P_s1_final,1.0,0.0,0.7350918906249998,1.0,1.0,0.0,0.0,1.0,0.0,0.0,1.0,4.0,shortcut,"(2, 3)",7,9
196,P_s1_final,0.0,0.0,0.0,0.0,1.0,0.0,0.0,1.0,0.0,0.0,1.0,1.0,shortcut,"(2, 3)",,3
197,P_s1_final,0.0,0.0,0.0,0.0,1.0,0.0,0.0,1.0,0.0,0.0,1.0,1.0,shortcut,"(2, 3)",,3
198,P_s1_final,1.0,1.0,11.72950912024697,42.0,0.0,1.0,1.0,0.0,0.0,1.0,0.0,0.0,lower,"(1, 2)",9,
199,P_s1_final,0.0,0.0,0.0,0.0,1.0,0.0,0.0,1.0,0.0,0.0,1.0,1.0,shortcut,"(2, 3)",,3
0,P_s1_best,1.0,1.0,11.72950912024697,42.0,0.0,0.0,0.0,1.0,0.0,0.0,1.0,3.0,shortcut,"(2, 3)",9,
1,P_s1_best,0.0,0.0,0.0,0.0,1.0,0.0,0.0,1.0,0.0,0.0,1.0,3.0,shortcut,"(2, 3)",,5
2,P_s1_best,1.0,1.0,12.42784641634072,43.0,0.0,1.0,1.0,0.0,0.0,1.0,0.0,0.0,lower,"(1, 2)",8,
3,P_s1_best,1.0,1.0,13.16293830696572,44.0,0.0,0.0,0.0,1.0,0.0,0.0,1.0,3.0,shortcut,"(2, 3)",7,
4,P_s1_best,1.0,1.0,10.525728601295274,40.0,0.0,1.0,1.0,0.0,0.0,1.0,0.0,0.0,lower,"(1, 2)",10,
5,P_s1_best,1.0,1.0,11.066088688957908,41.0,0.0,1.0,1.0,0.0,0.0,1.0,0.0,0.0,lower,"(1, 2)",10,
6,P_s1_best,0.0,0.0,0.0,0.0,1.0,0.0,0.0,1.0,0.0,0.0,1.0,3.0,shortcut,"(2, 3)",,5
7,P_s1_best,0.0,0.0,0.0,0.0,1.0,0.0,0.0,1.0,0.0,0.0,1.0,3.0,shortcut,"(2, 3)",,5
8,P_s1_best,1.0,1.0,13.16293830696572,44.0,0.0,0.0,0.0,1.0,0.0,0.0,1.0,3.0,shortcut,"(2, 3)",7,
9,P_s1_best,1.0,1.0,11.066088688957908,41.0,0.0,1.0,1.0,0.0,0.0,1.0,0.0,0.0,lower,"(1, 2)",10,
10,P_s1_best,1.0,1.0,11.72950912024697,42.0,0.0,1.0,1.0,0.0,0.0,1.0,0.0,0.0,lower,"(1, 2)",9,
11,P_s1_best,0.0,0.0,0.0,0.0,1.0,0.0,0.0,1.0,0.0,0.0,1.0,2.0,shortcut,"(2, 3)",,4
12,P_s1_best,1.0,1.0,11.72950912024697,42.0,0.0,1.0,1.0,0.0,0.0,1.0,0.0,0.0,lower,"(1, 2)",9,
13,P_s1_best,1.0,1.0,11.72950912024697,42.0,0.0,1.0,1.0,0.0,0.0,1.0,0.0,0.0,lower,"(1, 2)",9,
14,P_s1_best,1.0,1.0,9.268302247718463,38.0,0.0,1.0,1.0,0.0,0.0,0.0,1.0,0.0,lower,"(2, 3)",13,
15,P_s1_best,1.0,1.0,11.72950912024697,42.0,0.0,0.0,0.0,1.0,0.0,0.0,1.0,4.0,shortcut,"(2, 3)",9,
16,P_s1_best,1.0,1.0,11.72950912024697,42.0,0.0,1.0,1.0,0.0,0.0,1.0,0.0,0.0,lower,"(1, 2)",9,
17,P_s1_best,1.0,1.0,9.837102339994921,39.0,0.0,1.0,1.0,0.0,0.0,1.0,0.0,0.0,lower,"(1, 2)",12,
18,P_s1_best,1.0,1.0,11.066088688957908,41.0,0.0,1.0,1.0,0.0,0.0,1.0,0.0,0.0,lower,"(1, 2)",10,
19,P_s1_best,0.0,0.0,0.0,0.0,1.0,0.0,0.0,1.0,0.0,0.0,1.0,1.0,shortcut,"(2, 3)",,3
20,P_s1_best,1.0,1.0,13.16293830696572,44.0,0.0,0.0,0.0,1.0,0.0,0.0,1.0,3.0,shortcut,"(2, 3)",7,
21,P_s1_best,1.0,1.0,11.72950912024697,42.0,0.0,1.0,1.0,0.0,0.0,1.0,0.0,0.0,lower,"(1, 2)",9,
22,P_s1_best,0.0,0.0,0.0,0.0,1.0,0.0,0.0,1.0,0.0,0.0,1.0,1.0,shortcut,"(2, 3)",,3
23,P_s1_best,0.0,0.0,0.0,0.0,1.0,0.0,0.0,1.0,0.0,0.0,1.0,3.0,shortcut,"(2, 3)",,5
24,P_s1_best,1.0,1.0,12.42784641634072,43.0,0.0,1.0,1.0,0.0,0.0,1.0,0.0,0.0,lower,"(1, 2)",8,
25,P_s1_best,1.0,1.0,10.4358392792333,40.0,0.0,1.0,1.0,0.0,0.0,1.0,0.0,0.0,lower,"(1, 2)",11,
26,P_s1_best,1.0,1.0,11.764425985051659,42.0,0.0,0.0,0.0,1.0,0.0,0.0,1.0,3.0,shortcut,"(2, 3)",8,
27,P_s1_best,1.0,1.0,11.72950912024697,42.0,0.0,1.0,1.0,0.0,0.0,1.0,0.0,0.0,lower,"(1, 2)",9,
28,P_s1_best,1.0,1.0,13.16293830696572,44.0,0.0,0.0,0.0,1.0,0.0,0.0,1.0,3.0,shortcut,"(2, 3)",7,
29,P_s1_best,0.0,0.0,0.0,0.0,1.0,0.0,0.0,1.0,0.0,0.0,1.0,1.0,shortcut,"(2, 3)",,3
30,P_s1_best,0.0,0.0,0.0,0.0,1.0,0.0,0.0,1.0,0.0,0.0,1.0,1.0,shortcut,"(2, 3)",,3
31,P_s1_best,1.0,1.0,8.727942160055825,37.0,0.0,1.0,1.0,0.0,0.0,1.0,0.0,0.0,lower,"(1, 2)",14,
32,P_s1_best,0.0,0.0,0.0,0.0,1.0,0.0,0.0,1.0,0.0,0.0,1.0,2.0,shortcut,"(2, 3)",,4
33,P_s1_best,1.0,1.0,10.4358392792333,40.0,0.0,1.0,1.0,0.0,0.0,0.0,1.0,0.0,lower,"(2, 3)",11,
34,P_s1_best,1.0,1.0,13.16293830696572,44.0,0.0,1.0,0.0,0.0,0.0,1.0,0.0,3.0,lower,"(1, 2)",7,
35,P_s1_best,0.0,0.0,0.0,0.0,1.0,0.0,0.0,1.0,0.0,0.0,1.0,3.0,shortcut,"(2, 3)",,5
36,P_s1_best,0.0,0.0,0.0,0.0,1.0,0.0,0.0,1.0,0.0,0.0,1.0,2.0,shortcut,"(2, 3)",,4
37,P_s1_best,1.0,1.0,12.42784641634072,43.0,0.0,1.0,1.0,0.0,0.0,1.0,0.0,0.0,lower,"(1, 2)",8,
38,P_s1_best,0.0,0.0,0.0,0.0,1.0,0.0,0.0,1.0,0.0,0.0,1.0,3.0,shortcut,"(2, 3)",,5
39,P_s1_best,1.0,1.0,13.16293830696572,44.0,0.0,0.0,0.0,1.0,0.0,0.0,1.0,3.0,shortcut,"(2, 3)",7,
40,P_s1_best,1.0,1.0,8.214600076776321,36.0,0.0,1.0,1.0,0.0,0.0,1.0,0.0,0.0,lower,"(1, 2)",15,
41,P_s1_best,1.0,1.0,11.72950912024697,42.0,0.0,1.0,1.0,0.0,0.0,1.0,0.0,0.0,lower,"(1, 2)",9,
42,P_s1_best,0.0,0.0,0.0,0.0,1.0,0.0,0.0,1.0,0.0,0.0,1.0,2.0,shortcut,"(2, 3)",,7
43,P_s1_best,1.0,1.0,13.16293830696572,44.0,0.0,0.0,0.0,1.0,0.0,0.0,1.0,3.0,shortcut,"(2, 3)",7,
44,P_s1_best,0.0,0.0,0.0,0.0,1.0,0.0,0.0,1.0,0.0,0.0,1.0,1.0,shortcut,"(2, 3)",,4
45,P_s1_best,1.0,1.0,12.42784641634072,43.0,0.0,1.0,1.0,0.0,0.0,1.0,0.0,0.0,lower,"(1, 2)",8,
46,P_s1_best,0.0,0.0,0.0,0.0,1.0,0.0,0.0,1.0,0.0,0.0,1.0,1.0,shortcut,"(2, 3)",,4
47,P_s1_best,1.0,1.0,12.42784641634072,43.0,0.0,1.0,1.0,0.0,0.0,1.0,0.0,0.0,lower,"(1, 2)",8,
48,P_s1_best,0.0,0.0,0.0,0.0,1.0,0.0,0.0,1.0,0.0,0.0,1.0,1.0,shortcut,"(2, 3)",,3
49,P_s1_best,1.0,1.0,11.72950912024697,42.0,0.0,1.0,1.0,0.0,0.0,1.0,0.0,0.0,lower,"(1, 2)",9,
50,P_s1_best,1.0,1.0,13.16293830696572,44.0,0.0,0.0,0.0,1.0,0.0,0.0,1.0,3.0,shortcut,"(2, 3)",7,
51,P_s1_best,1.0,1.0,13.16293830696572,44.0,0.0,0.0,0.0,1.0,0.0,0.0,1.0,3.0,shortcut,"(2, 3)",7,
52,P_s1_best,1.0,1.0,12.42784641634072,43.0,0.0,1.0,1.0,0.0,0.0,1.0,0.0,0.0,lower,"(1, 2)",8,
53,P_s1_best,0.0,0.0,0.0,0.0,1.0,0.0,0.0,1.0,0.0,0.0,1.0,1.0,shortcut,"(2, 3)",,3
54,P_s1_best,1.0,1.0,12.42784641634072,43.0,0.0,1.0,1.0,0.0,0.0,1.0,0.0,0.0,lower,"(1, 2)",8,
55,P_s1_best,0.0,0.0,0.0,0.0,1.0,0.0,0.0,1.0,0.0,0.0,1.0,2.0,shortcut,"(2, 3)",,5
56,P_s1_best,0.0,0.0,0.0,0.0,1.0,1.0,1.0,0.0,0.0,1.0,0.0,1.0,lower,"(1, 2)",,7
57,P_s1_best,0.0,0.0,0.0,0.0,1.0,0.0,0.0,1.0,0.0,0.0,1.0,1.0,shortcut,"(2, 3)",,4
58,P_s1_best,0.0,0.0,0.0,0.0,1.0,0.0,0.0,1.0,0.0,0.0,1.0,3.0,shortcut,"(2, 3)",,5
59,P_s1_best,1.0,1.0,12.42784641634072,43.0,0.0,1.0,1.0,0.0,0.0,1.0,0.0,0.0,lower,"(1, 2)",8,
60,P_s1_best,1.0,1.0,10.4358392792333,40.0,0.0,1.0,1.0,0.0,0.0,1.0,0.0,0.0,lower,"(1, 2)",11,
61,P_s1_best,0.0,0.0,0.0,0.0,1.0,0.0,0.0,1.0,0.0,0.0,1.0,3.0,shortcut,"(2, 3)",,5
62,P_s1_best,1.0,1.0,11.72950912024697,42.0,0.0,1.0,1.0,0.0,0.0,1.0,0.0,0.0,lower,"(1, 2)",9,
63,P_s1_best,0.0,0.0,0.0,0.0,1.0,0.0,0.0,1.0,0.0,0.0,1.0,2.0,shortcut,"(2, 3)",,5
64,P_s1_best,0.0,0.0,0.0,0.0,1.0,0.0,0.0,1.0,0.0,0.0,1.0,3.0,shortcut,"(2, 3)",,5
65,P_s1_best,1.0,1.0,11.066088688957908,41.0,0.0,1.0,1.0,0.0,0.0,1.0,0.0,0.0,lower,"(1, 2)",10,
66,P_s1_best,0.0,0.0,0.0,0.0,1.0,0.0,0.0,1.0,0.0,0.0,1.0,5.0,shortcut,"(2, 3)",,10
67,P_s1_best,1.0,1.0,11.066088688957908,41.0,0.0,1.0,1.0,0.0,0.0,1.0,0.0,0.0,lower,"(1, 2)",10,
68,P_s1_best,1.0,1.0,11.72950912024697,42.0,0.0,1.0,1.0,0.0,0.0,1.0,0.0,0.0,lower,"(1, 2)",9,
69,P_s1_best,1.0,1.0,13.16293830696572,44.0,0.0,0.0,0.0,1.0,0.0,0.0,1.0,3.0,shortcut,"(2, 3)",7,
70,P_s1_best,1.0,1.0,13.16293830696572,44.0,0.0,0.0,0.0,1.0,0.0,0.0,1.0,3.0,shortcut,"(2, 3)",7,
71,P_s1_best,1.0,1.0,11.066088688957908,41.0,0.0,1.0,1.0,0.0,0.0,1.0,0.0,0.0,lower,"(1, 2)",10,
72,P_s1_best,1.0,1.0,11.72950912024697,42.0,0.0,1.0,1.0,0.0,0.0,1.0,0.0,0.0,lower,"(1, 2)",9,
73,P_s1_best,1.0,1.0,13.16293830696572,44.0,0.0,0.0,0.0,1.0,0.0,0.0,1.0,3.0,shortcut,"(2, 3)",7,
74,P_s1_best,1.0,1.0,10.4358392792333,40.0,0.0,1.0,1.0,0.0,0.0,1.0,0.0,0.0,lower,"(1, 2)",11,
75,P_s1_best,1.0,1.0,11.72950912024697,42.0,0.0,1.0,1.0,0.0,0.0,1.0,0.0,0.0,lower,"(1, 2)",9,
76,P_s1_best,0.0,0.0,0.0,0.0,1.0,0.0,0.0,1.0,0.0,0.0,1.0,1.0,shortcut,"(2, 3)",,3
77,P_s1_best,1.0,1.0,11.066088688957908,41.0,0.0,1.0,1.0,0.0,0.0,1.0,0.0,0.0,lower,"(1, 2)",10,
78,P_s1_best,0.0,0.0,0.0,0.0,1.0,0.0,0.0,1.0,0.0,0.0,1.0,2.0,shortcut,"(2, 3)",,4
79,P_s1_best,1.0,1.0,7.263633867501038,34.0,0.0,1.0,0.0,0.0,0.0,1.0,0.0,4.0,lower,"(1, 2)",17,
80,P_s1_best,1.0,1.0,9.268302247718463,38.0,0.0,1.0,1.0,0.0,0.0,1.0,0.0,4.0,lower,"(1, 2)",13,
81,P_s1_best,1.0,1.0,11.72950912024697,42.0,0.0,1.0,1.0,0.0,0.0,1.0,0.0,0.0,lower,"(1, 2)",9,
82,P_s1_best,1.0,1.0,12.42784641634072,43.0,0.0,0.0,0.0,1.0,0.0,0.0,1.0,3.0,shortcut,"(2, 3)",8,
83,P_s1_best,1.0,1.0,13.16293830696572,44.0,0.0,0.0,0.0,1.0,0.0,0.0,1.0,3.0,shortcut,"(2, 3)",7,
84,P_s1_best,1.0,1.0,12.42784641634072,43.0,0.0,1.0,1.0,0.0,0.0,1.0,0.0,0.0,lower,"(1, 2)",8,
85,P_s1_best,0.0,0.0,0.0,0.0,1.0,0.0,0.0,1.0,0.0,0.0,1.0,1.0,shortcut,"(2, 3)",,4
86,P_s1_best,0.0,0.0,0.0,0.0,1.0,0.0,0.0,1.0,0.0,0.0,1.0,1.0,shortcut,"(2, 3)",,4
87,P_s1_best,1.0,1.0,11.72950912024697,42.0,0.0,0.0,0.0,1.0,0.0,0.0,1.0,5.0,shortcut,"(2, 3)",9,
88,P_s1_best,1.0,1.0,11.72950912024697,42.0,0.0,0.0,0.0,1.0,0.0,0.0,1.0,3.0,shortcut,"(2, 3)",9,
89,P_s1_best,0.0,0.0,0.0,0.0,1.0,1.0,0.0,0.0,0.0,0.0,1.0,2.0,lower,"(2, 3)",,8
90,P_s1_best,1.0,1.0,12.42784641634072,43.0,0.0,1.0,1.0,0.0,0.0,1.0,0.0,0.0,lower,"(1, 2)",8,
91,P_s1_best,1.0,1.0,12.42784641634072,43.0,0.0,1.0,1.0,0.0,0.0,1.0,0.0,0.0,lower,"(1, 2)",8,
92,P_s1_best,0.0,0.0,0.0,0.0,1.0,0.0,0.0,1.0,0.0,0.0,1.0,1.0,shortcut,"(2, 3)",,3
93,P_s1_best,0.0,0.0,0.0,0.0,1.0,1.0,0.0,0.0,0.0,1.0,0.0,1.0,lower,"(1, 2)",,5
94,P_s1_best,0.0,0.0,0.0,0.0,1.0,0.0,0.0,1.0,0.0,0.0,1.0,2.0,shortcut,"(2, 3)",,5
95,P_s1_best,0.0,0.0,0.0,0.0,1.0,0.0,0.0,1.0,0.0,0.0,1.0,1.0,shortcut,"(2, 3)",,4
96,P_s1_best,1.0,0.0,0.6983372960937497,1.0,1.0,0.0,0.0,1.0,0.0,0.0,1.0,6.0,shortcut,"(2, 3)",8,11
97,P_s1_best,0.0,0.0,0.0,0.0,1.0,0.0,0.0,1.0,0.0,0.0,1.0,3.0,shortcut,"(2, 3)",,5
98,P_s1_best,1.0,1.0,13.16293830696572,44.0,0.0,0.0,0.0,1.0,0.0,0.0,1.0,3.0,shortcut,"(2, 3)",7,
99,P_s1_best,0.0,0.0,0.0,0.0,1.0,0.0,0.0,1.0,0.0,0.0,1.0,1.0,shortcut,"(2, 3)",,3
100,P_s1_best,1.0,1.0,8.214600076776321,36.0,0.0,1.0,1.0,0.0,0.0,0.0,1.0,0.0,lower,"(2, 3)",15,
101,P_s1_best,0.0,0.0,0.0,0.0,1.0,0.0,0.0,1.0,0.0,0.0,1.0,1.0,shortcut,"(2, 3)",,3
102,P_s1_best,1.0,1.0,13.16293830696572,44.0,0.0,0.0,0.0,1.0,0.0,0.0,1.0,3.0,shortcut,"(2, 3)",7,
103,P_s1_best,1.0,1.0,11.066088688957908,41.0,0.0,1.0,1.0,0.0,0.0,1.0,0.0,0.0,lower,"(1, 2)",10,
104,P_s1_best,0.0,0.0,0.0,0.0,1.0,0.0,0.0,1.0,0.0,0.0,1.0,2.0,shortcut,"(2, 3)",,4
105,P_s1_best,1.0,1.0,9.96663954381221,39.0,0.0,0.0,0.0,1.0,0.0,0.0,1.0,4.0,shortcut,"(2, 3)",8,
106,P_s1_best,0.0,0.0,0.0,0.0,1.0,0.0,0.0,1.0,0.0,0.0,1.0,2.0,shortcut,"(2, 3)",,4
107,P_s1_best,1.0,1.0,12.42784641634072,43.0,0.0,1.0,1.0,0.0,0.0,1.0,0.0,0.0,lower,"(1, 2)",8,
108,P_s1_best,1.0,1.0,11.066088688957908,41.0,0.0,1.0,1.0,0.0,0.0,1.0,0.0,0.0,lower,"(1, 2)",10,
109,P_s1_best,1.0,1.0,13.16293830696572,44.0,0.0,0.0,0.0,1.0,0.0,0.0,1.0,3.0,shortcut,"(2, 3)",7,
110,P_s1_best,1.0,1.0,8.727942160055825,37.0,0.0,1.0,1.0,0.0,0.0,1.0,0.0,0.0,lower,"(1, 2)",14,
111,P_s1_best,1.0,1.0,6.823507198849272,33.0,0.0,1.0,1.0,0.0,0.0,1.0,0.0,3.0,lower,"(1, 2)",18,
112,P_s1_best,1.0,1.0,11.72950912024697,42.0,0.0,1.0,1.0,0.0,0.0,1.0,0.0,0.0,lower,"(1, 2)",9,
113,P_s1_best,0.0,0.0,0.0,0.0,1.0,0.0,0.0,1.0,0.0,0.0,1.0,2.0,shortcut,"(2, 3)",,4
114,P_s1_best,1.0,1.0,11.72950912024697,42.0,0.0,1.0,1.0,0.0,0.0,1.0,0.0,0.0,lower,"(1, 2)",9,
115,P_s1_best,0.0,0.0,0.0,0.0,1.0,0.0,0.0,1.0,0.0,0.0,1.0,1.0,shortcut,"(2, 3)",,3
116,P_s1_best,1.0,1.0,11.72950912024697,42.0,0.0,1.0,1.0,0.0,0.0,1.0,0.0,0.0,lower,"(1, 2)",9,
117,P_s1_best,1.0,1.0,11.066088688957908,41.0,0.0,1.0,1.0,0.0,0.0,1.0,0.0,0.0,lower,"(1, 2)",10,
118,P_s1_best,1.0,1.0,12.42784641634072,43.0,0.0,1.0,1.0,0.0,0.0,1.0,0.0,0.0,lower,"(1, 2)",8,
119,P_s1_best,1.0,1.0,9.268302247718463,38.0,0.0,1.0,1.0,0.0,0.0,0.0,1.0,0.0,lower,"(2, 3)",13,
120,P_s1_best,1.0,1.0,10.4358392792333,40.0,0.0,1.0,1.0,0.0,0.0,1.0,0.0,0.0,lower,"(1, 2)",11,
121,P_s1_best,1.0,1.0,12.46460101087197,43.0,0.0,0.0,0.0,1.0,0.0,0.0,1.0,3.0,shortcut,"(2, 3)",7,
122,P_s1_best,0.0,0.0,0.0,0.0,1.0,0.0,0.0,1.0,0.0,0.0,1.0,1.0,shortcut,"(2, 3)",,3
123,P_s1_best,0.0,0.0,0.0,0.0,1.0,1.0,0.0,0.0,0.0,0.0,1.0,1.0,lower,"(2, 3)",,6
124,P_s1_best,1.0,1.0,8.214600076776321,36.0,0.0,1.0,1.0,0.0,0.0,1.0,0.0,0.0,lower,"(1, 2)",15,
125,P_s1_best,1.0,1.0,11.72950912024697,42.0,0.0,1.0,1.0,0.0,0.0,1.0,0.0,0.0,lower,"(1, 2)",9,
126,P_s1_best,1.0,1.0,11.72950912024697,42.0,0.0,1.0,1.0,0.0,0.0,1.0,0.0,0.0,lower,"(1, 2)",9,
127,P_s1_best,1.0,1.0,11.72950912024697,42.0,0.0,1.0,1.0,0.0,0.0,1.0,0.0,0.0,lower,"(1, 2)",9,
128,P_s1_best,1.0,1.0,11.066088688957908,41.0,0.0,1.0,1.0,0.0,0.0,0.0,1.0,0.0,lower,"(2, 3)",10,
129,P_s1_best,1.0,1.0,11.066088688957908,41.0,0.0,1.0,1.0,0.0,0.0,1.0,0.0,0.0,lower,"(1, 2)",10,
130,P_s1_best,1.0,1.0,11.066088688957908,41.0,0.0,1.0,1.0,0.0,0.0,1.0,0.0,0.0,lower,"(1, 2)",10,
131,P_s1_best,0.0,0.0,0.0,0.0,1.0,0.0,0.0,1.0,0.0,0.0,1.0,2.0,shortcut,"(2, 3)",,4
132,P_s1_best,1.0,1.0,13.16293830696572,44.0,0.0,0.0,0.0,1.0,0.0,0.0,1.0,3.0,shortcut,"(2, 3)",7,
133,P_s1_best,0.0,0.0,0.0,0.0,1.0,0.0,0.0,1.0,0.0,0.0,1.0,3.0,shortcut,"(2, 3)",,5
134,P_s1_best,0.0,0.0,0.0,0.0,1.0,0.0,0.0,1.0,0.0,0.0,1.0,2.0,shortcut,"(2, 3)",,4
135,P_s1_best,1.0,1.0,12.42784641634072,43.0,0.0,1.0,1.0,0.0,0.0,1.0,0.0,0.0,lower,"(1, 2)",8,
136,P_s1_best,1.0,1.0,9.837102339994921,39.0,0.0,1.0,1.0,0.0,0.0,1.0,0.0,0.0,lower,"(1, 2)",12,
137,P_s1_best,1.0,1.0,12.42784641634072,43.0,0.0,1.0,1.0,0.0,0.0,1.0,0.0,0.0,lower,"(1, 2)",8,
138,P_s1_best,1.0,1.0,10.4358392792333,40.0,0.0,1.0,1.0,0.0,0.0,1.0,0.0,0.0,lower,"(1, 2)",11,
139,P_s1_best,0.0,0.0,0.0,0.0,1.0,0.0,0.0,1.0,0.0,0.0,1.0,3.0,shortcut,"(2, 3)",,5
140,P_s1_best,0.0,0.0,0.0,0.0,1.0,1.0,0.0,0.0,0.0,1.0,0.0,2.0,lower,"(1, 2)",,7
141,P_s1_best,0.0,0.0,0.0,0.0,1.0,0.0,0.0,1.0,0.0,0.0,1.0,1.0,shortcut,"(2, 3)",,4
142,P_s1_best,1.0,1.0,12.42784641634072,43.0,0.0,1.0,1.0,0.0,0.0,1.0,0.0,0.0,lower,"(1, 2)",8,
143,P_s1_best,1.0,1.0,13.16293830696572,44.0,0.0,0.0,0.0,1.0,0.0,0.0,1.0,3.0,shortcut,"(2, 3)",7,
144,P_s1_best,0.0,0.0,0.0,0.0,1.0,0.0,0.0,1.0,0.0,0.0,1.0,1.0,shortcut,"(2, 3)",,3
145,P_s1_best,1.0,1.0,11.72950912024697,42.0,0.0,1.0,1.0,0.0,0.0,1.0,0.0,0.0,lower,"(1, 2)",9,
146,P_s1_best,1.0,1.0,11.066088688957908,41.0,0.0,1.0,1.0,0.0,0.0,1.0,0.0,0.0,lower,"(1, 2)",10,
147,P_s1_best,1.0,1.0,9.268302247718463,38.0,0.0,1.0,1.0,0.0,0.0,1.0,0.0,0.0,lower,"(1, 2)",13,
148,P_s1_best,1.0,1.0,12.42784641634072,43.0,0.0,1.0,1.0,0.0,0.0,1.0,0.0,0.0,lower,"(1, 2)",8,
149,P_s1_best,1.0,1.0,11.066088688957908,41.0,0.0,1.0,1.0,0.0,0.0,1.0,0.0,0.0,lower,"(1, 2)",10,
150,P_s1_best,0.0,0.0,0.0,0.0,1.0,0.0,0.0,1.0,0.0,0.0,1.0,2.0,shortcut,"(2, 3)",,8
151,P_s1_best,0.0,0.0,0.0,0.0,1.0,0.0,0.0,1.0,0.0,0.0,1.0,2.0,shortcut,"(2, 3)",,4
152,P_s1_best,0.0,0.0,0.0,0.0,1.0,0.0,0.0,1.0,0.0,0.0,1.0,1.0,shortcut,"(2, 3)",,6
153,P_s1_best,0.0,0.0,0.0,0.0,1.0,1.0,0.0,0.0,0.0,1.0,0.0,1.0,lower,"(1, 2)",,5
154,P_s1_best,1.0,1.0,12.42784641634072,43.0,0.0,1.0,1.0,0.0,0.0,1.0,0.0,0.0,lower,"(1, 2)",8,
155,P_s1_best,1.0,1.0,11.72950912024697,42.0,0.0,1.0,1.0,0.0,0.0,1.0,0.0,0.0,lower,"(1, 2)",9,
156,P_s1_best,1.0,1.0,11.066088688957908,41.0,0.0,1.0,1.0,0.0,0.0,1.0,0.0,0.0,lower,"(1, 2)",10,
157,P_s1_best,1.0,1.0,11.066088688957908,41.0,0.0,1.0,1.0,0.0,0.0,1.0,0.0,0.0,lower,"(1, 2)",10,
158,P_s1_best,1.0,1.0,11.066088688957908,41.0,0.0,1.0,1.0,0.0,0.0,1.0,0.0,0.0,lower,"(1, 2)",10,
159,P_s1_best,1.0,1.0,8.727942160055825,37.0,0.0,1.0,1.0,0.0,0.0,0.0,1.0,0.0,lower,"(2, 3)",14,
160,P_s1_best,1.0,1.0,10.4358392792333,40.0,0.0,0.0,0.0,1.0,0.0,0.0,1.0,3.0,shortcut,"(2, 3)",11,
161,P_s1_best,1.0,1.0,11.066088688957908,41.0,0.0,1.0,1.0,0.0,0.0,1.0,0.0,0.0,lower,"(1, 2)",10,
162,P_s1_best,0.0,0.0,0.0,0.0,1.0,0.0,0.0,1.0,0.0,0.0,1.0,1.0,shortcut,"(2, 3)",,3
163,P_s1_best,1.0,1.0,12.42784641634072,43.0,0.0,1.0,1.0,0.0,0.0,1.0,0.0,0.0,lower,"(1, 2)",8,
164,P_s1_best,0.0,0.0,0.0,0.0,1.0,0.0,0.0,1.0,0.0,0.0,1.0,2.0,shortcut,"(2, 3)",,7
165,P_s1_best,1.0,1.0,10.4358392792333,40.0,0.0,1.0,1.0,0.0,0.0,1.0,0.0,0.0,lower,"(1, 2)",11,
166,P_s1_best,1.0,1.0,11.72950912024697,42.0,0.0,0.0,0.0,1.0,0.0,0.0,1.0,3.0,shortcut,"(2, 3)",9,
167,P_s1_best,0.0,0.0,0.0,0.0,1.0,0.0,0.0,1.0,0.0,0.0,1.0,1.0,shortcut,"(2, 3)",,3
168,P_s1_best,1.0,1.0,8.727942160055825,37.0,0.0,1.0,1.0,0.0,0.0,1.0,0.0,0.0,lower,"(1, 2)",14,
169,P_s1_best,0.0,0.0,0.0,0.0,1.0,0.0,0.0,1.0,0.0,0.0,1.0,2.0,shortcut,"(2, 3)",,4
170,P_s1_best,1.0,1.0,12.42784641634072,43.0,0.0,1.0,1.0,0.0,0.0,1.0,0.0,0.0,lower,"(1, 2)",8,
171,P_s1_best,1.0,1.0,13.16293830696572,44.0,0.0,0.0,0.0,1.0,0.0,0.0,1.0,3.0,shortcut,"(2, 3)",7,
172,P_s1_best,1.0,1.0,11.72950912024697,42.0,0.0,1.0,1.0,0.0,0.0,1.0,0.0,0.0,lower,"(1, 2)",9,
173,P_s1_best,0.0,0.0,0.0,0.0,1.0,0.0,0.0,1.0,0.0,0.0,1.0,2.0,shortcut,"(2, 3)",,7
174,P_s1_best,0.0,0.0,0.0,0.0,1.0,0.0,0.0,1.0,0.0,0.0,1.0,5.0,shortcut,"(2, 3)",,7
175,P_s1_best,1.0,1.0,11.066088688957908,41.0,0.0,1.0,1.0,0.0,0.0,1.0,0.0,0.0,lower,"(1, 2)",10,
176,P_s1_best,1.0,1.0,11.72950912024697,42.0,0.0,1.0,1.0,0.0,0.0,1.0,0.0,0.0,lower,"(1, 2)",9,
177,P_s1_best,0.0,0.0,0.0,0.0,1.0,0.0,0.0,1.0,0.0,0.0,1.0,2.0,shortcut,"(2, 3)",,6
178,P_s1_best,1.0,1.0,13.16293830696572,44.0,0.0,0.0,0.0,1.0,0.0,0.0,1.0,3.0,shortcut,"(2, 3)",7,
179,P_s1_best,1.0,1.0,11.72950912024697,42.0,0.0,1.0,1.0,0.0,0.0,1.0,0.0,0.0,lower,"(1, 2)",9,
180,P_s1_best,1.0,1.0,10.4358392792333,40.0,0.0,1.0,1.0,0.0,0.0,1.0,0.0,0.0,lower,"(1, 2)",11,
181,P_s1_best,0.0,0.0,0.0,0.0,1.0,0.0,0.0,1.0,0.0,0.0,1.0,2.0,shortcut,"(2, 3)",,6
182,P_s1_best,1.0,1.0,13.16293830696572,44.0,0.0,0.0,0.0,1.0,0.0,0.0,1.0,4.0,shortcut,"(2, 3)",7,
183,P_s1_best,1.0,1.0,11.72950912024697,42.0,0.0,1.0,1.0,0.0,0.0,1.0,0.0,0.0,lower,"(1, 2)",9,
184,P_s1_best,1.0,1.0,11.066088688957908,41.0,0.0,1.0,1.0,0.0,0.0,1.0,0.0,0.0,lower,"(1, 2)",10,
185,P_s1_best,1.0,1.0,11.72950912024697,42.0,0.0,1.0,1.0,0.0,0.0,1.0,0.0,0.0,lower,"(1, 2)",9,
186,P_s1_best,1.0,1.0,11.066088688957908,41.0,0.0,1.0,1.0,0.0,0.0,1.0,0.0,0.0,lower,"(1, 2)",10,
187,P_s1_best,1.0,1.0,10.4358392792333,40.0,0.0,1.0,1.0,0.0,0.0,1.0,0.0,0.0,lower,"(1, 2)",11,
188,P_s1_best,1.0,1.0,11.72950912024697,42.0,0.0,1.0,1.0,0.0,0.0,1.0,0.0,0.0,lower,"(1, 2)",9,
189,P_s1_best,0.0,0.0,0.0,0.0,1.0,0.0,0.0,1.0,0.0,0.0,1.0,1.0,shortcut,"(2, 3)",,3
190,P_s1_best,1.0,1.0,9.837102339994921,39.0,0.0,1.0,0.0,0.0,0.0,0.0,1.0,3.0,lower,"(2, 3)",12,
191,P_s1_best,1.0,1.0,13.16293830696572,44.0,0.0,0.0,0.0,1.0,0.0,0.0,1.0,3.0,shortcut,"(2, 3)",7,
192,P_s1_best,0.0,0.0,0.0,0.0,1.0,0.0,0.0,1.0,0.0,0.0,1.0,6.0,shortcut,"(2, 3)",,10
193,P_s1_best,1.0,1.0,11.066088688957908,41.0,0.0,1.0,1.0,0.0,0.0,1.0,0.0,0.0,lower,"(1, 2)",10,
194,P_s1_best,0.0,0.0,0.0,0.0,1.0,0.0,0.0,1.0,0.0,0.0,1.0,1.0,shortcut,"(2, 3)",,6
195,P_s1_best,0.0,0.0,0.0,0.0,1.0,0.0,0.0,1.0,0.0,0.0,1.0,5.0,shortcut,"(2, 3)",,9
196,P_s1_best,0.0,0.0,0.0,0.0,1.0,0.0,0.0,1.0,0.0,0.0,1.0,2.0,shortcut,"(2, 3)",,5
197,P_s1_best,0.0,0.0,0.0,0.0,1.0,0.0,0.0,1.0,0.0,0.0,1.0,1.0,shortcut,"(2, 3)",,3
198,P_s1_best,1.0,1.0,11.72950912024697,42.0,0.0,1.0,1.0,0.0,0.0,1.0,0.0,0.0,lower,"(1, 2)",9,
199,P_s1_best,0.0,0.0,0.0,0.0,1.0,0.0,0.0,1.0,0.0,0.0,1.0,1.0,shortcut,"(2, 3)",,3
0,O_s2_final,1.0,1.0,11.72950912024697,42.0,0.0,0.0,0.0,1.0,0.0,0.0,1.0,3.0,shortcut,"(2, 3)",9,
1,O_s2_final,0.0,0.0,0.0,0.0,1.0,0.0,0.0,1.0,0.0,0.0,1.0,3.0,shortcut,"(2, 3)",,5
2,O_s2_final,0.0,0.0,0.0,0.0,1.0,0.0,0.0,1.0,0.0,0.0,1.0,1.0,shortcut,"(2, 3)",,3
3,O_s2_final,1.0,1.0,13.16293830696572,44.0,0.0,0.0,0.0,1.0,0.0,0.0,1.0,3.0,shortcut,"(2, 3)",7,
4,O_s2_final,0.0,0.0,0.0,0.0,1.0,0.0,0.0,1.0,0.0,0.0,1.0,2.0,shortcut,"(2, 3)",,6
5,O_s2_final,1.0,1.0,13.16293830696572,44.0,0.0,0.0,0.0,1.0,0.0,0.0,1.0,3.0,shortcut,"(2, 3)",7,
6,O_s2_final,0.0,0.0,0.0,0.0,1.0,0.0,0.0,1.0,0.0,0.0,1.0,2.0,shortcut,"(2, 3)",,5
7,O_s2_final,0.0,0.0,0.0,0.0,1.0,0.0,0.0,1.0,0.0,0.0,1.0,2.0,shortcut,"(2, 3)",,5
8,O_s2_final,0.0,0.0,0.0,0.0,1.0,0.0,0.0,1.0,0.0,0.0,1.0,3.0,shortcut,"(2, 3)",,6
9,O_s2_final,1.0,1.0,13.16293830696572,44.0,0.0,0.0,0.0,1.0,0.0,0.0,1.0,3.0,shortcut,"(2, 3)",7,
10,O_s2_final,0.0,0.0,0.0,0.0,1.0,0.0,0.0,1.0,0.0,0.0,1.0,1.0,shortcut,"(2, 3)",,3
11,O_s2_final,0.0,0.0,0.0,0.0,1.0,0.0,0.0,1.0,0.0,0.0,1.0,2.0,shortcut,"(2, 3)",,4
12,O_s2_final,0.0,0.0,0.0,0.0,1.0,0.0,0.0,1.0,0.0,0.0,1.0,4.0,shortcut,"(2, 3)",,6
13,O_s2_final,0.0,0.0,0.0,0.0,1.0,0.0,0.0,1.0,0.0,0.0,1.0,2.0,shortcut,"(2, 3)",,5
14,O_s2_final,0.0,0.0,0.0,0.0,1.0,0.0,0.0,1.0,0.0,0.0,1.0,2.0,shortcut,"(2, 3)",,4
15,O_s2_final,1.0,1.0,12.42784641634072,43.0,0.0,0.0,0.0,1.0,0.0,0.0,1.0,4.0,shortcut,"(2, 3)",8,
16,O_s2_final,0.0,0.0,0.0,0.0,1.0,0.0,0.0,1.0,0.0,0.0,1.0,1.0,shortcut,"(2, 3)",,3
17,O_s2_final,0.0,0.0,0.0,0.0,1.0,0.0,0.0,1.0,0.0,0.0,1.0,2.0,shortcut,"(2, 3)",,4
18,O_s2_final,0.0,0.0,0.0,0.0,1.0,0.0,0.0,1.0,0.0,0.0,1.0,1.0,shortcut,"(2, 3)",,5
19,O_s2_final,0.0,0.0,0.0,0.0,1.0,0.0,0.0,1.0,0.0,0.0,1.0,1.0,shortcut,"(2, 3)",,3
20,O_s2_final,1.0,1.0,11.72950912024697,42.0,0.0,0.0,0.0,1.0,0.0,0.0,1.0,5.0,shortcut,"(2, 3)",9,
21,O_s2_final,0.0,0.0,0.0,0.0,1.0,0.0,0.0,1.0,0.0,0.0,1.0,2.0,shortcut,"(2, 3)",,5
22,O_s2_final,0.0,0.0,0.0,0.0,1.0,0.0,0.0,1.0,0.0,0.0,1.0,1.0,shortcut,"(2, 3)",,3
23,O_s2_final,0.0,0.0,0.0,0.0,1.0,0.0,0.0,1.0,0.0,0.0,1.0,3.0,shortcut,"(2, 3)",,8
24,O_s2_final,1.0,1.0,13.16293830696572,44.0,0.0,0.0,0.0,1.0,0.0,0.0,1.0,3.0,shortcut,"(2, 3)",7,
25,O_s2_final,1.0,1.0,12.42784641634072,43.0,0.0,0.0,0.0,1.0,0.0,0.0,1.0,4.0,shortcut,"(2, 3)",8,
26,O_s2_final,1.0,1.0,13.16293830696572,44.0,0.0,0.0,0.0,1.0,0.0,0.0,1.0,3.0,shortcut,"(2, 3)",7,
27,O_s2_final,1.0,1.0,11.72950912024697,42.0,0.0,0.0,0.0,1.0,0.0,0.0,1.0,4.0,shortcut,"(2, 3)",9,
28,O_s2_final,1.0,1.0,13.16293830696572,44.0,0.0,0.0,0.0,1.0,0.0,0.0,1.0,3.0,shortcut,"(2, 3)",7,
29,O_s2_final,0.0,0.0,0.0,0.0,1.0,0.0,0.0,1.0,0.0,0.0,1.0,1.0,shortcut,"(2, 3)",,3
30,O_s2_final,0.0,0.0,0.0,0.0,1.0,0.0,0.0,1.0,0.0,0.0,1.0,1.0,shortcut,"(2, 3)",,3
31,O_s2_final,0.0,0.0,0.0,0.0,1.0,0.0,0.0,1.0,0.0,0.0,1.0,1.0,shortcut,"(2, 3)",,3
32,O_s2_final,0.0,0.0,0.0,0.0,1.0,0.0,0.0,1.0,0.0,0.0,1.0,2.0,shortcut,"(2, 3)",,4
33,O_s2_final,0.0,0.0,0.0,0.0,1.0,0.0,0.0,1.0,0.0,0.0,1.0,2.0,shortcut,"(2, 3)",,5
34,O_s2_final,1.0,1.0,13.16293830696572,44.0,0.0,0.0,0.0,1.0,0.0,0.0,1.0,3.0,shortcut,"(2, 3)",7,
35,O_s2_final,0.0,0.0,0.0,0.0,1.0,0.0,0.0,1.0,0.0,0.0,1.0,3.0,shortcut,"(2, 3)",,5
36,O_s2_final,0.0,0.0,0.0,0.0,1.0,0.0,0.0,1.0,0.0,0.0,1.0,2.0,shortcut,"(2, 3)",,4
37,O_s2_final,1.0,1.0,11.72950912024697,42.0,0.0,0.0,0.0,1.0,0.0,0.0,1.0,4.0,shortcut,"(2, 3)",9,
38,O_s2_final,0.0,0.0,0.0,0.0,1.0,0.0,0.0,1.0,0.0,0.0,1.0,6.0,shortcut,"(2, 3)",,11
39,O_s2_final,1.0,1.0,13.16293830696572,44.0,0.0,0.0,0.0,1.0,0.0,0.0,1.0,3.0,shortcut,"(2, 3)",7,
40,O_s2_final,1.0,1.0,13.16293830696572,44.0,0.0,0.0,0.0,1.0,0.0,0.0,1.0,3.0,shortcut,"(2, 3)",7,
41,O_s2_final,1.0,1.0,13.16293830696572,44.0,0.0,0.0,0.0,1.0,0.0,0.0,1.0,3.0,shortcut,"(2, 3)",7,
42,O_s2_final,0.0,0.0,0.0,0.0,1.0,0.0,0.0,1.0,0.0,0.0,1.0,3.0,shortcut,"(2, 3)",,6
43,O_s2_final,1.0,1.0,13.16293830696572,44.0,0.0,0.0,0.0,1.0,0.0,0.0,1.0,3.0,shortcut,"(2, 3)",7,
44,O_s2_final,1.0,1.0,13.16293830696572,44.0,0.0,0.0,0.0,1.0,0.0,0.0,1.0,3.0,shortcut,"(2, 3)",7,
45,O_s2_final,0.0,0.0,0.0,0.0,1.0,0.0,0.0,1.0,0.0,0.0,1.0,1.0,shortcut,"(2, 3)",,3
46,O_s2_final,0.0,0.0,0.0,0.0,1.0,0.0,0.0,1.0,0.0,0.0,1.0,3.0,shortcut,"(2, 3)",,5
47,O_s2_final,0.0,0.0,0.0,0.0,1.0,0.0,0.0,1.0,0.0,0.0,1.0,1.0,shortcut,"(2, 3)",,3
48,O_s2_final,0.0,0.0,0.0,0.0,1.0,0.0,0.0,1.0,0.0,0.0,1.0,1.0,shortcut,"(2, 3)",,3
49,O_s2_final,1.0,1.0,13.16293830696572,44.0,0.0,0.0,0.0,1.0,0.0,0.0,1.0,3.0,shortcut,"(2, 3)",7,
50,O_s2_final,1.0,1.0,13.16293830696572,44.0,0.0,0.0,0.0,1.0,0.0,0.0,1.0,3.0,shortcut,"(2, 3)",7,
51,O_s2_final,1.0,1.0,13.16293830696572,44.0,0.0,0.0,0.0,1.0,0.0,0.0,1.0,3.0,shortcut,"(2, 3)",7,
52,O_s2_final,0.0,0.0,0.0,0.0,1.0,0.0,0.0,1.0,0.0,0.0,1.0,3.0,shortcut,"(2, 3)",,5
53,O_s2_final,0.0,0.0,0.0,0.0,1.0,0.0,0.0,1.0,0.0,0.0,1.0,1.0,shortcut,"(2, 3)",,3
54,O_s2_final,0.0,0.0,0.0,0.0,1.0,0.0,0.0,1.0,0.0,0.0,1.0,1.0,shortcut,"(2, 3)",,3
55,O_s2_final,0.0,0.0,0.0,0.0,1.0,0.0,0.0,1.0,0.0,0.0,1.0,2.0,shortcut,"(2, 3)",,5
56,O_s2_final,0.0,0.0,0.0,0.0,1.0,0.0,0.0,1.0,0.0,0.0,1.0,2.0,shortcut,"(2, 3)",,4
57,O_s2_final,0.0,0.0,0.0,0.0,1.0,0.0,0.0,1.0,0.0,0.0,1.0,1.0,shortcut,"(2, 3)",,3
58,O_s2_final,0.0,0.0,0.0,0.0,1.0,0.0,0.0,1.0,0.0,0.0,1.0,3.0,shortcut,"(2, 3)",,5
59,O_s2_final,0.0,0.0,0.0,0.0,1.0,0.0,0.0,1.0,0.0,0.0,1.0,2.0,shortcut,"(2, 3)",,4
60,O_s2_final,0.0,0.0,0.0,0.0,1.0,1.0,0.0,0.0,0.0,1.0,0.0,2.0,lower,"(1, 2)",,8
61,O_s2_final,0.0,0.0,0.0,0.0,1.0,0.0,0.0,1.0,0.0,0.0,1.0,3.0,shortcut,"(2, 3)",,5
62,O_s2_final,1.0,1.0,11.066088688957908,41.0,0.0,1.0,1.0,0.0,0.0,1.0,0.0,0.0,lower,"(1, 2)",10,
63,O_s2_final,0.0,0.0,0.0,0.0,1.0,0.0,0.0,1.0,0.0,0.0,1.0,1.0,shortcut,"(2, 3)",,3
64,O_s2_final,0.0,0.0,0.0,0.0,1.0,0.0,0.0,1.0,0.0,0.0,1.0,4.0,shortcut,"(2, 3)",,8
65,O_s2_final,0.0,0.0,0.0,0.0,1.0,0.0,0.0,1.0,0.0,0.0,1.0,2.0,shortcut,"(2, 3)",,4
66,O_s2_final,0.0,0.0,0.0,0.0,1.0,0.0,0.0,1.0,0.0,0.0,1.0,2.0,shortcut,"(2, 3)",,5
67,O_s2_final,0.0,0.0,0.0,0.0,1.0,0.0,0.0,1.0,0.0,0.0,1.0,1.0,shortcut,"(2, 3)",,5
68,O_s2_final,1.0,1.0,13.16293830696572,44.0,0.0,0.0,0.0,1.0,0.0,0.0,1.0,3.0,shortcut,"(2, 3)",7,
69,O_s2_final,1.0,1.0,13.16293830696572,44.0,0.0,0.0,0.0,1.0,0.0,0.0,1.0,3.0,shortcut,"(2, 3)",7,
70,O_s2_final,1.0,1.0,13.16293830696572,44.0,0.0,0.0,0.0,1.0,0.0,0.0,1.0,3.0,shortcut,"(2, 3)",7,
71,O_s2_final,0.0,0.0,0.0,0.0,1.0,0.0,0.0,1.0,0.0,0.0,1.0,3.0,shortcut,"(2, 3)",,5
72,O_s2_final,0.0,0.0,0.0,0.0,1.0,0.0,0.0,1.0,0.0,0.0,1.0,6.0,shortcut,"(2, 3)",,9
73,O_s2_final,1.0,1.0,13.16293830696572,44.0,0.0,0.0,0.0,1.0,0.0,0.0,1.0,3.0,shortcut,"(2, 3)",7,
74,O_s2_final,1.0,1.0,13.16293830696572,44.0,0.0,0.0,0.0,1.0,0.0,0.0,1.0,4.0,shortcut,"(2, 3)",7,
75,O_s2_final,1.0,1.0,11.066088688957908,41.0,0.0,1.0,1.0,0.0,0.0,1.0,0.0,0.0,lower,"(1, 2)",10,
76,O_s2_final,0.0,0.0,0.0,0.0,1.0,0.0,0.0,1.0,0.0,0.0,1.0,1.0,shortcut,"(2, 3)",,3
77,O_s2_final,0.0,0.0,0.0,0.0,1.0,0.0,0.0,1.0,0.0,0.0,1.0,2.0,shortcut,"(2, 3)",,6
78,O_s2_final,0.0,0.0,0.0,0.0,1.0,0.0,0.0,1.0,0.0,0.0,1.0,3.0,shortcut,"(2, 3)",,6
79,O_s2_final,0.0,0.0,0.0,0.0,1.0,0.0,0.0,1.0,0.0,0.0,1.0,2.0,shortcut,"(2, 3)",,4
80,O_s2_final,0.0,0.0,0.0,0.0,1.0,0.0,0.0,1.0,0.0,0.0,1.0,2.0,shortcut,"(2, 3)",,4
81,O_s2_final,1.0,1.0,13.16293830696572,44.0,0.0,0.0,0.0,1.0,0.0,0.0,1.0,3.0,shortcut,"(2, 3)",7,
82,O_s2_final,1.0,1.0,11.72950912024697,42.0,0.0,0.0,0.0,1.0,0.0,0.0,1.0,5.0,shortcut,"(2, 3)",9,
83,O_s2_final,0.0,0.0,0.0,0.0,1.0,0.0,0.0,1.0,0.0,0.0,1.0,4.0,shortcut,"(2, 3)",,6
84,O_s2_final,1.0,1.0,11.72950912024697,42.0,0.0,1.0,1.0,0.0,0.0,1.0,0.0,0.0,lower,"(1, 2)",9,
85,O_s2_final,1.0,1.0,13.16293830696572,44.0,0.0,0.0,0.0,1.0,0.0,0.0,1.0,3.0,shortcut,"(2, 3)",7,
86,O_s2_final,0.0,0.0,0.0,0.0,1.0,0.0,0.0,1.0,0.0,0.0,1.0,2.0,shortcut,"(2, 3)",,4
87,O_s2_final,1.0,1.0,11.72950912024697,42.0,0.0,0.0,0.0,1.0,0.0,0.0,1.0,5.0,shortcut,"(2, 3)",9,
88,O_s2_final,1.0,1.0,12.42784641634072,43.0,0.0,0.0,0.0,1.0,0.0,0.0,1.0,3.0,shortcut,"(2, 3)",8,
89,O_s2_final,0.0,0.0,0.0,0.0,1.0,0.0,0.0,1.0,0.0,0.0,1.0,3.0,shortcut,"(2, 3)",,7
90,O_s2_final,1.0,1.0,13.16293830696572,44.0,0.0,0.0,0.0,1.0,0.0,0.0,1.0,3.0,shortcut,"(2, 3)",7,
91,O_s2_final,0.0,0.0,0.0,0.0,1.0,0.0,0.0,1.0,0.0,0.0,1.0,7.0,shortcut,"(2, 3)",,10
92,O_s2_final,0.0,0.0,0.0,0.0,1.0,0.0,0.0,1.0,0.0,0.0,1.0,1.0,shortcut,"(2, 3)",,3
93,O_s2_final,0.0,0.0,0.0,0.0,1.0,0.0,0.0,1.0,0.0,0.0,1.0,1.0,shortcut,"(2, 3)",,5
94,O_s2_final,0.0,0.0,0.0,0.0,1.0,0.0,0.0,1.0,0.0,0.0,1.0,1.0,shortcut,"(2, 3)",,3
95,O_s2_final,0.0,0.0,0.0,0.0,1.0,0.0,0.0,1.0,0.0,0.0,1.0,1.0,shortcut,"(2, 3)",,4
96,O_s2_final,1.0,1.0,13.16293830696572,44.0,0.0,0.0,0.0,1.0,0.0,0.0,1.0,3.0,shortcut,"(2, 3)",7,
97,O_s2_final,0.0,0.0,0.0,0.0,1.0,0.0,0.0,1.0,0.0,0.0,1.0,3.0,shortcut,"(2, 3)",,5
98,O_s2_final,1.0,1.0,13.16293830696572,44.0,0.0,0.0,0.0,1.0,0.0,0.0,1.0,3.0,shortcut,"(2, 3)",7,
99,O_s2_final,0.0,0.0,0.0,0.0,1.0,0.0,0.0,1.0,0.0,0.0,1.0,1.0,shortcut,"(2, 3)",,3
100,O_s2_final,0.0,0.0,0.0,0.0,1.0,1.0,0.0,0.0,0.0,0.0,1.0,3.0,lower,"(2, 3)",,12
101,O_s2_final,0.0,0.0,0.0,0.0,1.0,0.0,0.0,1.0,0.0,0.0,1.0,1.0,shortcut,"(2, 3)",,3
102,O_s2_final,1.0,1.0,13.16293830696572,44.0,0.0,0.0,0.0,1.0,0.0,0.0,1.0,3.0,shortcut,"(2, 3)",7,
103,O_s2_final,1.0,1.0,12.42784641634072,43.0,0.0,0.0,0.0,1.0,0.0,0.0,1.0,3.0,shortcut,"(2, 3)",8,
104,O_s2_final,0.0,0.0,0.0,0.0,1.0,0.0,0.0,1.0,0.0,0.0,1.0,2.0,shortcut,"(2, 3)",,4
105,O_s2_final,0.0,0.0,0.0,0.0,1.0,0.0,0.0,1.0,0.0,0.0,1.0,8.0,shortcut,"(2, 3)",,12
106,O_s2_final,0.0,0.0,0.0,0.0,1.0,0.0,0.0,1.0,0.0,0.0,1.0,2.0,shortcut,"(2, 3)",,4
107,O_s2_final,1.0,1.0,13.16293830696572,44.0,0.0,0.0,0.0,1.0,0.0,0.0,1.0,3.0,shortcut,"(2, 3)",7,
108,O_s2_final,0.0,0.0,0.0,0.0,1.0,0.0,0.0,1.0,0.0,0.0,1.0,3.0,shortcut,"(2, 3)",,5
109,O_s2_final,0.0,0.0,0.0,0.0,1.0,0.0,0.0,1.0,0.0,0.0,1.0,3.0,shortcut,"(2, 3)",,5
110,O_s2_final,0.0,0.0,0.0,0.0,1.0,0.0,0.0,1.0,0.0,0.0,1.0,3.0,shortcut,"(2, 3)",,5
111,O_s2_final,0.0,0.0,0.0,0.0,1.0,0.0,0.0,1.0,0.0,0.0,1.0,1.0,shortcut,"(2, 3)",,3
112,O_s2_final,0.0,0.0,0.0,0.0,1.0,0.0,0.0,1.0,0.0,0.0,1.0,3.0,shortcut,"(2, 3)",,5
113,O_s2_final,0.0,0.0,0.0,0.0,1.0,0.0,0.0,1.0,0.0,0.0,1.0,2.0,shortcut,"(2, 3)",,4
114,O_s2_final,1.0,1.0,12.42784641634072,43.0,0.0,0.0,0.0,1.0,0.0,0.0,1.0,3.0,shortcut,"(2, 3)",8,
115,O_s2_final,0.0,0.0,0.0,0.0,1.0,0.0,0.0,1.0,0.0,0.0,1.0,1.0,shortcut,"(2, 3)",,3
116,O_s2_final,1.0,1.0,13.16293830696572,44.0,0.0,0.0,0.0,1.0,0.0,0.0,1.0,3.0,shortcut,"(2, 3)",7,
117,O_s2_final,0.0,0.0,0.0,0.0,1.0,0.0,0.0,1.0,0.0,0.0,1.0,2.0,shortcut,"(2, 3)",,4
118,O_s2_final,1.0,1.0,13.16293830696572,44.0,0.0,0.0,0.0,1.0,0.0,0.0,1.0,3.0,shortcut,"(2, 3)",7,
119,O_s2_final,0.0,0.0,0.0,0.0,1.0,0.0,0.0,1.0,0.0,0.0,1.0,2.0,shortcut,"(2, 3)",,7
120,O_s2_final,0.0,0.0,0.0,0.0,1.0,0.0,0.0,1.0,0.0,0.0,1.0,3.0,shortcut,"(2, 3)",,7
121,O_s2_final,1.0,1.0,13.16293830696572,44.0,0.0,0.0,0.0,1.0,0.0,0.0,1.0,3.0,shortcut,"(2, 3)",7,
122,O_s2_final,0.0,0.0,0.0,0.0,1.0,0.0,0.0,1.0,0.0,0.0,1.0,1.0,shortcut,"(2, 3)",,3
123,O_s2_final,0.0,0.0,0.0,0.0,1.0,0.0,0.0,1.0,0.0,0.0,1.0,1.0,shortcut,"(2, 3)",,6
124,O_s2_final,0.0,0.0,0.0,0.0,1.0,0.0,0.0,1.0,0.0,0.0,1.0,3.0,shortcut,"(2, 3)",,7
125,O_s2_final,1.0,1.0,13.16293830696572,44.0,0.0,0.0,0.0,1.0,0.0,0.0,1.0,3.0,shortcut,"(2, 3)",7,
126,O_s2_final,0.0,0.0,0.0,0.0,1.0,0.0,0.0,1.0,0.0,0.0,1.0,2.0,shortcut,"(2, 3)",,4
127,O_s2_final,1.0,1.0,12.42784641634072,43.0,0.0,0.0,0.0,1.0,0.0,0.0,1.0,4.0,shortcut,"(2, 3)",8,
128,O_s2_final,0.0,0.0,0.0,0.0,1.0,0.0,0.0,1.0,0.0,0.0,1.0,3.0,shortcut,"(2, 3)",,7
129,O_s2_final,1.0,1.0,13.16293830696572,44.0,0.0,0.0,0.0,1.0,0.0,0.0,1.0,3.0,shortcut,"(2, 3)",7,
130,O_s2_final,0.0,0.0,0.0,0.0,1.0,0.0,0.0,1.0,0.0,0.0,1.0,1.0,shortcut,"(2, 3)",,3
131,O_s2_final,0.0,0.0,0.0,0.0,1.0,0.0,0.0,1.0,0.0,0.0,1.0,2.0,shortcut,"(2, 3)",,4
132,O_s2_final,0.0,0.0,0.0,0.0,1.0,0.0,0.0,1.0,0.0,0.0,1.0,3.0,shortcut,"(2, 3)",,5
133,O_s2_final,0.0,0.0,0.0,0.0,1.0,0.0,0.0,1.0,0.0,0.0,1.0,3.0,shortcut,"(2, 3)",,5
134,O_s2_final,0.0,0.0,0.0,0.0,1.0,0.0,0.0,1.0,0.0,0.0,1.0,2.0,shortcut,"(2, 3)",,4
135,O_s2_final,1.0,1.0,13.16293830696572,44.0,0.0,0.0,0.0,1.0,0.0,0.0,1.0,3.0,shortcut,"(2, 3)",7,
136,O_s2_final,0.0,0.0,0.0,0.0,1.0,0.0,0.0,1.0,0.0,0.0,1.0,2.0,shortcut,"(2, 3)",,5
137,O_s2_final,0.0,0.0,0.0,0.0,1.0,0.0,0.0,1.0,0.0,0.0,1.0,3.0,shortcut,"(2, 3)",,5
138,O_s2_final,0.0,0.0,0.0,0.0,1.0,0.0,0.0,1.0,0.0,0.0,1.0,4.0,shortcut,"(2, 3)",,8
139,O_s2_final,0.0,0.0,0.0,0.0,1.0,0.0,0.0,1.0,0.0,0.0,1.0,3.0,shortcut,"(2, 3)",,5
140,O_s2_final,0.0,0.0,0.0,0.0,1.0,0.0,0.0,1.0,0.0,0.0,1.0,1.0,shortcut,"(2, 3)",,3
141,O_s2_final,0.0,0.0,0.0,0.0,1.0,0.0,0.0,1.0,0.0,0.0,1.0,2.0,shortcut,"(2, 3)",,4
142,O_s2_final,1.0,1.0,12.42784641634072,43.0,0.0,0.0,0.0,1.0,0.0,0.0,1.0,4.0,shortcut,"(2, 3)",8,
143,O_s2_final,1.0,1.0,13.16293830696572,44.0,0.0,0.0,0.0,1.0,0.0,0.0,1.0,3.0,shortcut,"(2, 3)",7,
144,O_s2_final,0.0,0.0,0.0,0.0,1.0,0.0,0.0,1.0,0.0,0.0,1.0,1.0,shortcut,"(2, 3)",,3
145,O_s2_final,1.0,1.0,13.16293830696572,44.0,0.0,0.0,0.0,1.0,0.0,0.0,1.0,3.0,shortcut,"(2, 3)",7,
146,O_s2_final,1.0,1.0,12.42784641634072,43.0,0.0,0.0,0.0,1.0,0.0,0.0,1.0,5.0,shortcut,"(2, 3)",8,
147,O_s2_final,0.0,0.0,0.0,0.0,1.0,0.0,0.0,1.0,0.0,0.0,1.0,2.0,shortcut,"(2, 3)",,4
148,O_s2_final,1.0,1.0,13.16293830696572,44.0,0.0,0.0,0.0,1.0,0.0,0.0,1.0,3.0,shortcut,"(2, 3)",7,
149,O_s2_final,0.0,0.0,0.0,0.0,1.0,0.0,0.0,1.0,0.0,0.0,1.0,1.0,shortcut,"(2, 3)",,3
150,O_s2_final,0.0,0.0,0.0,0.0,1.0,0.0,0.0,1.0,0.0,0.0,1.0,1.0,shortcut,"(2, 3)",,3
151,O_s2_final,0.0,0.0,0.0,0.0,1.0,0.0,0.0,1.0,0.0,0.0,1.0,2.0,shortcut,"(2, 3)",,4
152,O_s2_final,0.0,0.0,0.0,0.0,1.0,0.0,0.0,1.0,0.0,0.0,1.0,2.0,shortcut,"(2, 3)",,4
153,O_s2_final,0.0,0.0,0.0,0.0,1.0,0.0,0.0,1.0,0.0,0.0,1.0,1.0,shortcut,"(2, 3)",,5
154,O_s2_final,0.0,0.0,0.0,0.0,1.0,0.0,0.0,1.0,0.0,0.0,1.0,1.0,shortcut,"(2, 3)",,3
155,O_s2_final,0.0,0.0,0.0,0.0,1.0,0.0,0.0,1.0,0.0,0.0,1.0,1.0,shortcut,"(2, 3)",,3
156,O_s2_final,0.0,0.0,0.0,0.0,1.0,0.0,0.0,1.0,0.0,0.0,1.0,2.0,shortcut,"(2, 3)",,4
157,O_s2_final,0.0,0.0,0.0,0.0,1.0,0.0,0.0,1.0,0.0,0.0,1.0,2.0,shortcut,"(2, 3)",,7
158,O_s2_final,0.0,0.0,0.0,0.0,1.0,0.0,0.0,1.0,0.0,0.0,1.0,1.0,shortcut,"(2, 3)",,4
159,O_s2_final,0.0,0.0,0.0,0.0,1.0,0.0,0.0,1.0,0.0,0.0,1.0,3.0,shortcut,"(2, 3)",,6
160,O_s2_final,0.0,0.0,0.0,0.0,1.0,0.0,0.0,1.0,0.0,0.0,1.0,1.0,shortcut,"(2, 3)",,5
161,O_s2_final,0.0,0.0,0.0,0.0,1.0,0.0,0.0,1.0,0.0,0.0,1.0,2.0,shortcut,"(2, 3)",,4
162,O_s2_final,0.0,0.0,0.0,0.0,1.0,0.0,0.0,1.0,0.0,0.0,1.0,1.0,shortcut,"(2, 3)",,3
163,O_s2_final,1.0,1.0,13.16293830696572,44.0,0.0,0.0,0.0,1.0,0.0,0.0,1.0,3.0,shortcut,"(2, 3)",7,
164,O_s2_final,1.0,1.0,12.42784641634072,43.0,0.0,0.0,0.0,1.0,0.0,0.0,1.0,3.0,shortcut,"(2, 3)",8,
165,O_s2_final,0.0,0.0,0.0,0.0,1.0,0.0,0.0,1.0,0.0,0.0,1.0,1.0,shortcut,"(2, 3)",,3
166,O_s2_final,0.0,0.0,0.0,0.0,1.0,0.0,0.0,1.0,0.0,0.0,1.0,1.0,shortcut,"(2, 3)",,3
167,O_s2_final,0.0,0.0,0.0,0.0,1.0,0.0,0.0,1.0,0.0,0.0,1.0,1.0,shortcut,"(2, 3)",,3
168,O_s2_final,1.0,1.0,9.268302247718463,38.0,0.0,1.0,0.0,0.0,0.0,1.0,0.0,3.0,lower,"(1, 2)",13,
169,O_s2_final,0.0,0.0,0.0,0.0,1.0,0.0,0.0,1.0,0.0,0.0,1.0,3.0,shortcut,"(2, 3)",,6
170,O_s2_final,1.0,1.0,13.16293830696572,44.0,0.0,0.0,0.0,1.0,0.0,0.0,1.0,3.0,shortcut,"(2, 3)",7,
171,O_s2_final,1.0,1.0,13.16293830696572,44.0,0.0,0.0,0.0,1.0,0.0,0.0,1.0,3.0,shortcut,"(2, 3)",7,
172,O_s2_final,0.0,0.0,0.0,0.0,1.0,0.0,0.0,1.0,0.0,0.0,1.0,2.0,shortcut,"(2, 3)",,4
173,O_s2_final,1.0,1.0,12.42784641634072,43.0,0.0,0.0,0.0,1.0,0.0,0.0,1.0,3.0,shortcut,"(2, 3)",8,
174,O_s2_final,0.0,0.0,0.0,0.0,1.0,0.0,0.0,1.0,0.0,0.0,1.0,6.0,shortcut,"(2, 3)",,8
175,O_s2_final,0.0,0.0,0.0,0.0,1.0,0.0,0.0,1.0,0.0,0.0,1.0,1.0,shortcut,"(2, 3)",,3
176,O_s2_final,1.0,1.0,13.16293830696572,44.0,0.0,0.0,0.0,1.0,0.0,0.0,1.0,3.0,shortcut,"(2, 3)",7,
177,O_s2_final,0.0,0.0,0.0,0.0,1.0,0.0,0.0,1.0,0.0,0.0,1.0,2.0,shortcut,"(2, 3)",,6
178,O_s2_final,1.0,1.0,13.16293830696572,44.0,0.0,0.0,0.0,1.0,0.0,0.0,1.0,3.0,shortcut,"(2, 3)",7,
179,O_s2_final,0.0,0.0,0.0,0.0,1.0,0.0,0.0,1.0,0.0,0.0,1.0,3.0,shortcut,"(2, 3)",,6
180,O_s2_final,0.0,0.0,0.0,0.0,1.0,0.0,0.0,1.0,0.0,0.0,1.0,1.0,shortcut,"(2, 3)",,5
181,O_s2_final,1.0,1.0,13.16293830696572,44.0,0.0,0.0,0.0,1.0,0.0,0.0,1.0,3.0,shortcut,"(2, 3)",7,
182,O_s2_final,1.0,1.0,13.16293830696572,44.0,0.0,0.0,0.0,1.0,0.0,0.0,1.0,4.0,shortcut,"(2, 3)",7,
183,O_s2_final,0.0,0.0,0.0,0.0,1.0,0.0,0.0,1.0,0.0,0.0,1.0,4.0,shortcut,"(2, 3)",,6
184,O_s2_final,1.0,1.0,12.42784641634072,43.0,0.0,0.0,0.0,1.0,0.0,0.0,1.0,5.0,shortcut,"(2, 3)",8,
185,O_s2_final,0.0,0.0,0.0,0.0,1.0,0.0,0.0,1.0,0.0,0.0,1.0,1.0,shortcut,"(2, 3)",,3
186,O_s2_final,1.0,1.0,13.16293830696572,44.0,0.0,0.0,0.0,1.0,0.0,0.0,1.0,3.0,shortcut,"(2, 3)",7,
187,O_s2_final,0.0,0.0,0.0,0.0,1.0,0.0,0.0,1.0,0.0,0.0,1.0,1.0,shortcut,"(2, 3)",,7
188,O_s2_final,1.0,1.0,13.16293830696572,44.0,0.0,0.0,0.0,1.0,0.0,0.0,1.0,3.0,shortcut,"(2, 3)",7,
189,O_s2_final,0.0,0.0,0.0,0.0,1.0,0.0,0.0,1.0,0.0,0.0,1.0,1.0,shortcut,"(2, 3)",,3
190,O_s2_final,0.0,0.0,0.0,0.0,1.0,0.0,0.0,1.0,0.0,0.0,1.0,2.0,shortcut,"(2, 3)",,6
191,O_s2_final,1.0,1.0,13.16293830696572,44.0,0.0,0.0,0.0,1.0,0.0,0.0,1.0,3.0,shortcut,"(2, 3)",7,
192,O_s2_final,1.0,0.0,0.6983372960937497,1.0,1.0,0.0,0.0,1.0,0.0,0.0,1.0,4.0,shortcut,"(2, 3)",8,10
193,O_s2_final,0.0,0.0,0.0,0.0,1.0,0.0,0.0,1.0,0.0,0.0,1.0,2.0,shortcut,"(2, 3)",,4
194,O_s2_final,1.0,1.0,13.16293830696572,44.0,0.0,0.0,0.0,1.0,0.0,0.0,1.0,3.0,shortcut,"(2, 3)",7,
195,O_s2_final,0.0,0.0,0.0,0.0,1.0,0.0,0.0,1.0,0.0,0.0,1.0,1.0,shortcut,"(2, 3)",,5
196,O_s2_final,0.0,0.0,0.0,0.0,1.0,0.0,0.0,1.0,0.0,0.0,1.0,1.0,shortcut,"(2, 3)",,3
197,O_s2_final,0.0,0.0,0.0,0.0,1.0,0.0,0.0,1.0,0.0,0.0,1.0,1.0,shortcut,"(2, 3)",,3
198,O_s2_final,0.0,0.0,0.0,0.0,1.0,0.0,0.0,1.0,0.0,0.0,1.0,3.0,shortcut,"(2, 3)",,5
199,O_s2_final,0.0,0.0,0.0,0.0,1.0,0.0,0.0,1.0,0.0,0.0,1.0,1.0,shortcut,"(2, 3)",,3
0,O_s2_best,1.0,1.0,10.4358392792333,40.0,0.0,1.0,1.0,0.0,0.0,1.0,0.0,0.0,lower,"(1, 2)",11,
1,O_s2_best,0.0,0.0,0.0,0.0,1.0,0.0,0.0,1.0,0.0,0.0,1.0,3.0,shortcut,"(2, 3)",,5
2,O_s2_best,1.0,1.0,12.42784641634072,43.0,0.0,1.0,1.0,0.0,0.0,1.0,0.0,0.0,lower,"(1, 2)",8,
3,O_s2_best,1.0,1.0,13.16293830696572,44.0,0.0,0.0,0.0,1.0,0.0,0.0,1.0,3.0,shortcut,"(2, 3)",7,
4,O_s2_best,0.0,0.0,0.0,0.0,1.0,1.0,0.0,0.0,0.0,1.0,0.0,1.0,lower,"(1, 2)",,7
5,O_s2_best,1.0,0.0,3.3258359669707995,5.0,1.0,0.0,0.0,1.0,0.0,0.0,1.0,6.0,shortcut,"(2, 3)",7,15
6,O_s2_best,0.0,0.0,0.0,0.0,1.0,0.0,0.0,1.0,0.0,0.0,1.0,2.0,shortcut,"(2, 3)",,5
7,O_s2_best,0.0,0.0,0.0,0.0,1.0,0.0,0.0,1.0,0.0,0.0,1.0,3.0,shortcut,"(2, 3)",,5
8,O_s2_best,0.0,0.0,0.0,0.0,1.0,0.0,0.0,1.0,0.0,0.0,1.0,3.0,shortcut,"(2, 3)",,6
9,O_s2_best,1.0,1.0,12.42784641634072,43.0,0.0,1.0,1.0,0.0,0.0,1.0,0.0,0.0,lower,"(1, 2)",8,
10,O_s2_best,0.0,0.0,0.0,0.0,1.0,0.0,0.0,1.0,0.0,0.0,1.0,1.0,shortcut,"(2, 3)",,3
11,O_s2_best,0.0,0.0,0.0,0.0,1.0,1.0,0.0,0.0,0.0,1.0,0.0,2.0,lower,"(1, 2)",,4
12,O_s2_best,1.0,1.0,13.16293830696572,44.0,0.0,0.0,0.0,1.0,0.0,0.0,1.0,4.0,shortcut,"(2, 3)",7,
13,O_s2_best,1.0,1.0,7.933338354131059,33.0,0.0,1.0,1.0,0.0,0.0,1.0,0.0,6.0,lower,"(1, 2)",9,
14,O_s2_best,0.0,0.0,0.0,0.0,1.0,0.0,0.0,1.0,0.0,0.0,1.0,3.0,shortcut,"(2, 3)",,6
15,O_s2_best,0.0,0.0,0.0,0.0,1.0,1.0,0.0,0.0,0.0,1.0,0.0,5.0,lower,"(1, 2)",,7
16,O_s2_best,1.0,1.0,11.066088688957908,41.0,0.0,1.0,1.0,0.0,0.0,1.0,0.0,0.0,lower,"(1, 2)",10,
17,O_s2_best,0.0,0.0,0.0,0.0,1.0,0.0,0.0,1.0,0.0,0.0,1.0,2.0,shortcut,"(2, 3)",,4
18,O_s2_best,0.0,0.0,0.0,0.0,1.0,1.0,0.0,0.0,0.0,1.0,0.0,1.0,lower,"(1, 2)",,5
19,O_s2_best,0.0,0.0,0.0,0.0,1.0,0.0,0.0,1.0,0.0,0.0,1.0,1.0,shortcut,"(2, 3)",,3
20,O_s2_best,0.0,0.0,0.0,0.0,1.0,0.0,0.0,1.0,0.0,0.0,1.0,6.0,shortcut,"(2, 3)",,9
21,O_s2_best,0.0,0.0,0.0,0.0,1.0,0.0,0.0,1.0,0.0,0.0,1.0,3.0,shortcut,"(2, 3)",,5
22,O_s2_best,0.0,0.0,0.0,0.0,1.0,0.0,0.0,1.0,0.0,0.0,1.0,1.0,shortcut,"(2, 3)",,3
23,O_s2_best,1.0,0.0,0.5688000922764597,1.0,1.0,0.0,0.0,1.0,0.0,0.0,1.0,6.0,shortcut,"(2, 3)",12,16
24,O_s2_best,1.0,1.0,13.16293830696572,44.0,0.0,1.0,1.0,0.0,0.0,1.0,0.0,0.0,lower,"(1, 2)",7,
25,O_s2_best,1.0,1.0,9.296742252332283,38.0,0.0,1.0,1.0,0.0,0.0,1.0,0.0,0.0,lower,"(1, 2)",12,
26,O_s2_best,1.0,0.0,2.7270990277324207,4.0,1.0,0.0,0.0,1.0,0.0,0.0,1.0,5.0,shortcut,"(2, 3)",7,13
27,O_s2_best,0.0,0.0,0.0,0.0,1.0,1.0,0.0,0.0,0.0,1.0,0.0,1.0,lower,"(1, 2)",,6
28,O_s2_best,1.0,1.0,13.16293830696572,44.0,0.0,0.0,0.0,1.0,0.0,0.0,1.0,3.0,shortcut,"(2, 3)",7,
29,O_s2_best,0.0,0.0,0.0,0.0,1.0,0.0,0.0,1.0,0.0,0.0,1.0,1.0,shortcut,"(2, 3)",,3
30,O_s2_best,0.0,0.0,0.0,0.0,1.0,0.0,0.0,1.0,0.0,0.0,1.0,1.0,shortcut,"(2, 3)",,3
31,O_s2_best,0.0,0.0,0.0,0.0,1.0,0.0,0.0,1.0,0.0,0.0,1.0,1.0,shortcut,"(2, 3)",,3
32,O_s2_best,0.0,0.0,0.0,0.0,1.0,0.0,0.0,1.0,0.0,0.0,1.0,2.0,shortcut,"(2, 3)",,4
33,O_s2_best,0.0,0.0,0.0,0.0,1.0,0.0,0.0,1.0,0.0,0.0,1.0,1.0,shortcut,"(2, 3)",,5
34,O_s2_best,1.0,1.0,13.16293830696572,44.0,0.0,1.0,0.0,0.0,0.0,1.0,0.0,3.0,lower,"(1, 2)",7,
35,O_s2_best,0.0,0.0,0.0,0.0,1.0,0.0,0.0,1.0,0.0,0.0,1.0,3.0,shortcut,"(2, 3)",,5
36,O_s2_best,0.0,0.0,0.0,0.0,1.0,0.0,0.0,1.0,0.0,0.0,1.0,2.0,shortcut,"(2, 3)",,4
37,O_s2_best,1.0,1.0,11.72950912024697,42.0,0.0,1.0,1.0,0.0,0.0,1.0,0.0,0.0,lower,"(1, 2)",9,
38,O_s2_best,0.0,0.0,0.0,0.0,1.0,0.0,0.0,1.0,0.0,0.0,1.0,3.0,shortcut,"(2, 3)",,5
39,O_s2_best,1.0,1.0,13.16293830696572,44.0,0.0,0.0,0.0,1.0,0.0,0.0,1.0,3.0,shortcut,"(2, 3)",7,
40,O_s2_best,1.0,1.0,13.16293830696572,44.0,0.0,1.0,0.0,0.0,0.0,1.0,0.0,3.0,lower,"(1, 2)",7,
41,O_s2_best,1.0,0.0,0.6634204312890623,1.0,1.0,1.0,0.0,0.0,0.0,1.0,0.0,6.0,lower,"(1, 2)",9,12
42,O_s2_best,1.0,1.0,12.42784641634072,43.0,0.0,0.0,0.0,1.0,0.0,0.0,1.0,3.0,shortcut,"(2, 3)",8,
43,O_s2_best,1.0,1.0,13.16293830696572,44.0,0.0,0.0,0.0,1.0,0.0,0.0,1.0,3.0,shortcut,"(2, 3)",7,
44,O_s2_best,1.0,1.0,13.16293830696572,44.0,0.0,0.0,0.0,1.0,0.0,0.0,1.0,3.0,shortcut,"(2, 3)",7,
45,O_s2_best,1.0,1.0,11.72950912024697,42.0,0.0,1.0,0.0,0.0,0.0,1.0,0.0,3.0,lower,"(1, 2)",9,
46,O_s2_best,0.0,0.0,0.0,0.0,1.0,0.0,0.0,1.0,0.0,0.0,1.0,3.0,shortcut,"(2, 3)",,5
47,O_s2_best,1.0,0.0,3.1311041640084367,5.0,1.0,1.0,1.0,0.0,0.0,1.0,0.0,1.0,lower,"(1, 2)",8,15
48,O_s2_best,0.0,0.0,0.0,0.0,1.0,1.0,0.0,0.0,0.0,1.0,0.0,1.0,lower,"(1, 2)",,3
49,O_s2_best,1.0,1.0,13.16293830696572,44.0,0.0,1.0,0.0,0.0,0.0,1.0,0.0,3.0,lower,"(1, 2)",7,
50,O_s2_best,1.0,1.0,13.16293830696572,44.0,0.0,0.0,0.0,1.0,0.0,0.0,1.0,3.0,shortcut,"(2, 3)",7,
51,O_s2_best,1.0,1.0,13.16293830696572,44.0,0.0,0.0,0.0,1.0,0.0,0.0,1.0,3.0,shortcut,"(2, 3)",7,
52,O_s2_best,1.0,1.0,9.268302247718463,38.0,0.0,1.0,1.0,0.0,0.0,1.0,0.0,0.0,lower,"(1, 2)",13,
53,O_s2_best,0.0,0.0,0.0,0.0,1.0,0.0,0.0,1.0,0.0,0.0,1.0,1.0,shortcut,"(2, 3)",,3
54,O_s2_best,1.0,1.0,9.867039186956841,39.0,0.0,1.0,1.0,0.0,0.0,1.0,0.0,0.0,lower,"(1, 2)",11,
55,O_s2_best,0.0,0.0,0.0,0.0,1.0,0.0,0.0,1.0,0.0,0.0,1.0,2.0,shortcut,"(2, 3)",,5
56,O_s2_best,0.0,0.0,0.0,0.0,1.0,1.0,0.0,0.0,0.0,1.0,0.0,2.0,lower,"(1, 2)",,5
57,O_s2_best,0.0,0.0,0.0,0.0,1.0,0.0,0.0,1.0,0.0,0.0,1.0,1.0,shortcut,"(2, 3)",,3
58,O_s2_best,0.0,0.0,0.0,0.0,1.0,0.0,0.0,1.0,0.0,0.0,1.0,3.0,shortcut,"(2, 3)",,5
59,O_s2_best,0.0,0.0,0.0,0.0,1.0,1.0,0.0,0.0,0.0,1.0,0.0,1.0,lower,"(1, 2)",,6
60,O_s2_best,0.0,0.0,0.0,0.0,1.0,0.0,0.0,1.0,0.0,0.0,1.0,1.0,shortcut,"(2, 3)",,5
61,O_s2_best,0.0,0.0,0.0,0.0,1.0,0.0,0.0,1.0,0.0,0.0,1.0,3.0,shortcut,"(2, 3)",,5
62,O_s2_best,1.0,1.0,11.066088688957908,41.0,0.0,1.0,1.0,0.0,0.0,1.0,0.0,0.0,lower,"(1, 2)",10,
63,O_s2_best,0.0,0.0,0.0,0.0,1.0,0.0,0.0,1.0,0.0,0.0,1.0,1.0,shortcut,"(2, 3)",,3
64,O_s2_best,1.0,1.0,9.268302247718463,38.0,0.0,0.0,0.0,1.0,0.0,0.0,1.0,6.0,shortcut,"(2, 3)",13,
65,O_s2_best,0.0,0.0,0.0,0.0,1.0,0.0,0.0,1.0,0.0,0.0,1.0,2.0,shortcut,"(2, 3)",,4
66,O_s2_best,0.0,0.0,0.0,0.0,1.0,0.0,0.0,1.0,0.0,0.0,1.0,2.0,shortcut,"(2, 3)",,5
67,O_s2_best,1.0,0.0,2.6086807625616384,5.0,1.0,1.0,1.0,0.0,0.0,1.0,0.0,3.0,lower,"(1, 2)",11,19
68,O_s2_best,1.0,1.0,12.42784641634072,43.0,0.0,1.0,0.0,0.0,0.0,1.0,0.0,3.0,lower,"(1, 2)",8,
69,O_s2_best,1.0,1.0,13.16293830696572,44.0,0.0,0.0,0.0,1.0,0.0,0.0,1.0,3.0,shortcut,"(2, 3)",7,
70,O_s2_best,1.0,1.0,13.16293830696572,44.0,0.0,0.0,0.0,1.0,0.0,0.0,1.0,3.0,shortcut,"(2, 3)",7,
71,O_s2_best,0.0,0.0,0.0,0.0,1.0,0.0,0.0,1.0,0.0,0.0,1.0,3.0,shortcut,"(2, 3)",,5
72,O_s2_best,1.0,1.0,7.461660674235062,28.0,0.0,1.0,1.0,0.0,0.0,1.0,0.0,6.0,lower,"(1, 2)",11,
73,O_s2_best,1.0,1.0,13.16293830696572,44.0,0.0,0.0,0.0,1.0,0.0,0.0,1.0,3.0,shortcut,"(2, 3)",7,
74,O_s2_best,1.0,0.0,3.1595441686222596,5.0,1.0,1.0,1.0,0.0,0.0,1.0,0.0,1.0,lower,"(1, 2)",8,14
75,O_s2_best,1.0,1.0,13.16293830696572,44.0,0.0,1.0,1.0,0.0,0.0,1.0,0.0,0.0,lower,"(1, 2)",7,
76,O_s2_best,0.0,0.0,0.0,0.0,1.0,0.0,0.0,1.0,0.0,0.0,1.0,1.0,shortcut,"(2, 3)",,3
77,O_s2_best,0.0,0.0,0.0,0.0,1.0,1.0,0.0,0.0,0.0,0.0,1.0,2.0,lower,"(2, 3)",,6
78,O_s2_best,0.0,0.0,0.0,0.0,1.0,0.0,0.0,1.0,0.0,0.0,1.0,2.0,shortcut,"(2, 3)",,4
79,O_s2_best,0.0,0.0,0.0,0.0,1.0,0.0,0.0,1.0,0.0,0.0,1.0,2.0,shortcut,"(2, 3)",,4
80,O_s2_best,0.0,0.0,0.0,0.0,1.0,0.0,0.0,1.0,0.0,0.0,1.0,2.0,shortcut,"(2, 3)",,4
81,O_s2_best,1.0,1.0,13.16293830696572,44.0,0.0,0.0,0.0,1.0,0.0,0.0,1.0,3.0,shortcut,"(2, 3)",7,
82,O_s2_best,1.0,1.0,12.42784641634072,43.0,0.0,0.0,0.0,1.0,0.0,0.0,1.0,4.0,shortcut,"(2, 3)",8,
83,O_s2_best,1.0,1.0,13.16293830696572,44.0,0.0,0.0,0.0,1.0,0.0,0.0,1.0,3.0,shortcut,"(2, 3)",7,
84,O_s2_best,1.0,1.0,13.16293830696572,44.0,0.0,1.0,1.0,0.0,0.0,1.0,0.0,0.0,lower,"(1, 2)",7,
85,O_s2_best,1.0,1.0,13.16293830696572,44.0,0.0,0.0,0.0,1.0,0.0,0.0,1.0,3.0,shortcut,"(2, 3)",7,
86,O_s2_best,0.0,0.0,0.0,0.0,1.0,0.0,0.0,1.0,0.0,0.0,1.0,1.0,shortcut,"(2, 3)",,4
87,O_s2_best,0.0,0.0,0.0,0.0,1.0,0.0,0.0,1.0,0.0,0.0,1.0,3.0,shortcut,"(2, 3)",,8
88,O_s2_best,1.0,1.0,11.72950912024697,42.0,0.0,0.0,0.0,1.0,0.0,0.0,1.0,3.0,shortcut,"(2, 3)",9,
89,O_s2_best,1.0,0.0,3.1722054117322624,6.0,1.0,1.0,1.0,0.0,0.0,0.0,1.0,1.0,lower,"(2, 3)",11,18
90,O_s2_best,1.0,1.0,2.8514886121815888,5.0,1.0,1.0,1.0,0.0,0.0,1.0,0.0,10.0,lower,"(1, 2)",10,28
91,O_s2_best,1.0,1.0,13.16293830696572,44.0,0.0,0.0,0.0,1.0,0.0,0.0,1.0,3.0,shortcut,"(2, 3)",7,
92,O_s2_best,0.0,0.0,0.0,0.0,1.0,0.0,0.0,1.0,0.0,0.0,1.0,1.0,shortcut,"(2, 3)",,3
93,O_s2_best,0.0,0.0,0.0,0.0,1.0,1.0,0.0,0.0,0.0,1.0,0.0,1.0,lower,"(1, 2)",,5
94,O_s2_best,0.0,0.0,0.0,0.0,1.0,0.0,0.0,1.0,0.0,0.0,1.0,2.0,shortcut,"(2, 3)",,5
95,O_s2_best,1.0,1.0,13.16293830696572,44.0,0.0,0.0,0.0,1.0,0.0,0.0,1.0,3.0,shortcut,"(2, 3)",7,
96,O_s2_best,0.0,0.0,0.0,0.0,1.0,0.0,0.0,1.0,0.0,0.0,1.0,1.0,shortcut,"(2, 3)",,3
97,O_s2_best,0.0,0.0,0.0,0.0,1.0,0.0,0.0,1.0,0.0,0.0,1.0,3.0,shortcut,"(2, 3)",,5
98,O_s2_best,1.0,1.0,13.16293830696572,44.0,0.0,0.0,0.0,1.0,0.0,0.0,1.0,3.0,shortcut,"(2, 3)",7,
99,O_s2_best,0.0,0.0,0.0,0.0,1.0,0.0,0.0,1.0,0.0,0.0,1.0,1.0,shortcut,"(2, 3)",,3
100,O_s2_best,0.0,0.0,0.0,0.0,1.0,1.0,0.0,0.0,0.0,0.0,1.0,2.0,lower,"(2, 3)",,9
101,O_s2_best,0.0,0.0,0.0,0.0,1.0,0.0,0.0,1.0,0.0,0.0,1.0,1.0,shortcut,"(2, 3)",,3
102,O_s2_best,1.0,1.0,13.16293830696572,44.0,0.0,0.0,0.0,1.0,0.0,0.0,1.0,3.0,shortcut,"(2, 3)",7,
103,O_s2_best,1.0,1.0,13.16293830696572,44.0,0.0,0.0,0.0,1.0,0.0,0.0,1.0,3.0,shortcut,"(2, 3)",7,
104,O_s2_best,0.0,0.0,0.0,0.0,1.0,0.0,0.0,1.0,0.0,0.0,1.0,2.0,shortcut,"(2, 3)",,4
105,O_s2_best,0.0,0.0,0.0,0.0,1.0,0.0,0.0,1.0,0.0,0.0,1.0,15.0,shortcut,"(2, 3)",,25
106,O_s2_best,0.0,0.0,0.0,0.0,1.0,0.0,0.0,1.0,0.0,0.0,1.0,2.0,shortcut,"(2, 3)",,4
107,O_s2_best,1.0,1.0,6.823507198849272,33.0,0.0,1.0,1.0,0.0,0.0,1.0,0.0,0.0,lower,"(1, 2)",18,
108,O_s2_best,0.0,0.0,0.0,0.0,1.0,0.0,0.0,1.0,0.0,0.0,1.0,3.0,shortcut,"(2, 3)",,5
109,O_s2_best,0.0,0.0,0.0,0.0,1.0,0.0,0.0,1.0,0.0,0.0,1.0,3.0,shortcut,"(2, 3)",,5
110,O_s2_best,0.0,0.0,0.0,0.0,1.0,0.0,0.0,1.0,0.0,0.0,1.0,3.0,shortcut,"(2, 3)",,5
111,O_s2_best,0.0,0.0,0.0,0.0,1.0,1.0,0.0,0.0,0.0,1.0,0.0,1.0,lower,"(1, 2)",,3
112,O_s2_best,1.0,1.0,9.837102339994921,39.0,0.0,1.0,1.0,0.0,0.0,1.0,0.0,0.0,lower,"(1, 2)",12,
113,O_s2_best,0.0,0.0,0.0,0.0,1.0,0.0,0.0,1.0,0.0,0.0,1.0,2.0,shortcut,"(2, 3)",,4
114,O_s2_best,1.0,1.0,10.4358392792333,40.0,0.0,1.0,1.0,0.0,0.0,1.0,0.0,0.0,lower,"(1, 2)",11,
115,O_s2_best,0.0,0.0,0.0,0.0,1.0,0.0,0.0,1.0,0.0,0.0,1.0,1.0,shortcut,"(2, 3)",,3
116,O_s2_best,1.0,1.0,13.16293830696572,44.0,0.0,0.0,0.0,1.0,0.0,0.0,1.0,3.0,shortcut,"(2, 3)",7,
117,O_s2_best,0.0,0.0,0.0,0.0,1.0,0.0,0.0,1.0,0.0,0.0,1.0,2.0,shortcut,"(2, 3)",,4
118,O_s2_best,0.0,0.0,0.0,0.0,1.0,1.0,0.0,0.0,0.0,1.0,0.0,1.0,lower,"(1, 2)",,5
119,O_s2_best,0.0,0.0,0.0,0.0,1.0,0.0,0.0,1.0,0.0,0.0,1.0,2.0,shortcut,"(2, 3)",,7
120,O_s2_best,1.0,1.0,10.4358392792333,40.0,0.0,1.0,1.0,0.0,0.0,0.0,1.0,0.0,lower,"(2, 3)",11,
121,O_s2_best,1.0,1.0,5.266336037113963,23.0,0.0,0.0,0.0,1.0,0.0,0.0,1.0,16.0,shortcut,"(2, 3)",7,
122,O_s2_best,0.0,0.0,0.0,0.0,1.0,0.0,0.0,1.0,0.0,0.0,1.0,1.0,shortcut,"(2, 3)",,3
123,O_s2_best,0.0,0.0,0.0,0.0,1.0,1.0,0.0,0.0,0.0,0.0,1.0,1.0,lower,"(2, 3)",,6
124,O_s2_best,1.0,1.0,4.6267381301238615,18.0,0.0,1.0,1.0,0.0,0.0,1.0,0.0,9.0,lower,"(1, 2)",9,
125,O_s2_best,1.0,1.0,13.16293830696572,44.0,0.0,0.0,0.0,1.0,0.0,0.0,1.0,3.0,shortcut,"(2, 3)",7,
126,O_s2_best,0.0,0.0,0.0,0.0,1.0,0.0,0.0,1.0,0.0,0.0,1.0,2.0,shortcut,"(2, 3)",,4
127,O_s2_best,1.0,1.0,11.72950912024697,42.0,0.0,1.0,1.0,0.0,0.0,1.0,0.0,0.0,lower,"(1, 2)",9,
128,O_s2_best,1.0,1.0,9.837102339994921,39.0,0.0,1.0,1.0,0.0,0.0,0.0,1.0,0.0,lower,"(2, 3)",12,
129,O_s2_best,1.0,1.0,13.16293830696572,44.0,0.0,1.0,0.0,0.0,0.0,1.0,0.0,3.0,lower,"(1, 2)",7,
130,O_s2_best,1.0,1.0,12.42784641634072,43.0,0.0,1.0,1.0,0.0,0.0,1.0,0.0,0.0,lower,"(1, 2)",8,
131,O_s2_best,0.0,0.0,0.0,0.0,1.0,0.0,0.0,1.0,0.0,0.0,1.0,2.0,shortcut,"(2, 3)",,4
132,O_s2_best,1.0,1.0,13.16293830696572,44.0,0.0,0.0,0.0,1.0,0.0,0.0,1.0,3.0,shortcut,"(2, 3)",7,
133,O_s2_best,0.0,0.0,0.0,0.0,1.0,0.0,0.0,1.0,0.0,0.0,1.0,3.0,shortcut,"(2, 3)",,5
134,O_s2_best,0.0,0.0,0.0,0.0,1.0,0.0,0.0,1.0,0.0,0.0,1.0,2.0,shortcut,"(2, 3)",,4
135,O_s2_best,1.0,1.0,10.535439636088672,40.0,0.0,1.0,1.0,0.0,0.0,1.0,0.0,0.0,lower,"(1, 2)",8,
136,O_s2_best,0.0,0.0,0.0,0.0,1.0,0.0,0.0,1.0,0.0,0.0,1.0,1.0,shortcut,"(2, 3)",,3
137,O_s2_best,1.0,1.0,12.42784641634072,43.0,0.0,1.0,1.0,0.0,0.0,1.0,0.0,0.0,lower,"(1, 2)",8,
138,O_s2_best,1.0,1.0,3.013595141145649,6.0,1.0,1.0,1.0,0.0,0.0,0.0,1.0,1.0,lower,"(2, 3)",12,19
139,O_s2_best,0.0,0.0,0.0,0.0,1.0,0.0,0.0,1.0,0.0,0.0,1.0,3.0,shortcut,"(2, 3)",,5
140,O_s2_best,0.0,0.0,0.0,0.0,1.0,0.0,0.0,1.0,0.0,0.0,1.0,1.0,shortcut,"(2, 3)",,3
141,O_s2_best,0.0,0.0,0.0,0.0,1.0,0.0,0.0,1.0,0.0,0.0,1.0,2.0,shortcut,"(2, 3)",,4
142,O_s2_best,1.0,1.0,11.72950912024697,42.0,0.0,1.0,1.0,0.0,0.0,1.0,0.0,0.0,lower,"(1, 2)",9,
143,O_s2_best,1.0,1.0,13.16293830696572,44.0,0.0,0.0,0.0,1.0,0.0,0.0,1.0,3.0,shortcut,"(2, 3)",7,
144,O_s2_best,0.0,0.0,0.0,0.0,1.0,0.0,0.0,1.0,0.0,0.0,1.0,1.0,shortcut,"(2, 3)",,3
145,O_s2_best,1.0,1.0,12.42784641634072,43.0,0.0,1.0,1.0,0.0,0.0,1.0,0.0,0.0,lower,"(1, 2)",8,
146,O_s2_best,0.0,0.0,0.0,0.0,1.0,1.0,0.0,0.0,0.0,1.0,0.0,5.0,lower,"(1, 2)",,9
147,O_s2_best,0.0,0.0,0.0,0.0,1.0,1.0,0.0,0.0,0.0,1.0,0.0,3.0,lower,"(1, 2)",,6
148,O_s2_best,1.0,1.0,13.16293830696572,44.0,0.0,0.0,0.0,1.0,0.0,0.0,1.0,3.0,shortcut,"(2, 3)",7,
149,O_s2_best,1.0,1.0,9.837102339994921,39.0,0.0,1.0,1.0,0.0,0.0,1.0,0.0,0.0,lower,"(1, 2)",12,
150,O_s2_best,1.0,1.0,12.42784641634072,43.0,0.0,0.0,0.0,1.0,0.0,0.0,1.0,3.0,shortcut,"(2, 3)",8,
151,O_s2_best,0.0,0.0,0.0,0.0,1.0,0.0,0.0,1.0,0.0,0.0,1.0,2.0,shortcut,"(2, 3)",,4
152,O_s2_best,0.0,0.0,0.0,0.0,1.0,1.0,0.0,0.0,0.0,1.0,0.0,2.0,lower,"(1, 2)",,4
153,O_s2_best,0.0,0.0,0.0,0.0,1.0,1.0,0.0,0.0,0.0,1.0,0.0,1.0,lower,"(1, 2)",,5
154,O_s2_best,1.0,1.0,12.42784641634072,43.0,0.0,1.0,1.0,0.0,0.0,1.0,0.0,0.0,lower,"(1, 2)",8,
155,O_s2_best,0.0,0.0,0.0,0.0,1.0,0.0,0.0,1.0,0.0,0.0,1.0,1.0,shortcut,"(2, 3)",,3
156,O_s2_best,1.0,1.0,10.4358392792333,40.0,0.0,1.0,1.0,0.0,0.0,1.0,0.0,0.0,lower,"(1, 2)",11,
157,O_s2_best,0.0,0.0,0.0,0.0,1.0,1.0,0.0,0.0,0.0,1.0,0.0,2.0,lower,"(1, 2)",,7
158,O_s2_best,0.0,0.0,0.0,0.0,1.0,0.0,0.0,1.0,0.0,0.0,1.0,1.0,shortcut,"(2, 3)",,5
159,O_s2_best,0.0,0.0,0.0,0.0,1.0,0.0,0.0,1.0,0.0,0.0,1.0,3.0,shortcut,"(2, 3)",,6
160,O_s2_best,0.0,0.0,0.0,0.0,1.0,0.0,0.0,1.0,0.0,0.0,1.0,1.0,shortcut,"(2, 3)",,5
161,O_s2_best,1.0,1.0,12.42784641634072,43.0,0.0,1.0,1.0,0.0,0.0,1.0,0.0,0.0,lower,"(1, 2)",8,
162,O_s2_best,0.0,0.0,0.0,0.0,1.0,0.0,0.0,1.0,0.0,0.0,1.0,1.0,shortcut,"(2, 3)",,3
163,O_s2_best,1.0,1.0,12.42784641634072,43.0,0.0,1.0,1.0,0.0,0.0,1.0,0.0,0.0,lower,"(1, 2)",8,
164,O_s2_best,1.0,1.0,11.72950912024697,42.0,0.0,0.0,0.0,1.0,0.0,0.0,1.0,3.0,shortcut,"(2, 3)",9,
165,O_s2_best,1.0,1.0,12.42784641634072,43.0,0.0,1.0,1.0,0.0,0.0,1.0,0.0,0.0,lower,"(1, 2)",8,
166,O_s2_best,0.0,0.0,0.0,0.0,1.0,0.0,0.0,1.0,0.0,0.0,1.0,1.0,shortcut,"(2, 3)",,3
167,O_s2_best,0.0,0.0,0.0,0.0,1.0,0.0,0.0,1.0,0.0,0.0,1.0,1.0,shortcut,"(2, 3)",,3
168,O_s2_best,1.0,1.0,8.727942160055825,37.0,0.0,1.0,1.0,0.0,0.0,1.0,0.0,0.0,lower,"(1, 2)",14,
169,O_s2_best,0.0,0.0,0.0,0.0,1.0,0.0,0.0,1.0,0.0,0.0,1.0,2.0,shortcut,"(2, 3)",,4
170,O_s2_best,1.0,1.0,13.16293830696572,44.0,0.0,1.0,1.0,0.0,0.0,1.0,0.0,0.0,lower,"(1, 2)",7,
171,O_s2_best,1.0,1.0,13.16293830696572,44.0,0.0,0.0,0.0,1.0,0.0,0.0,1.0,3.0,shortcut,"(2, 3)",7,
172,O_s2_best,0.0,0.0,0.0,0.0,1.0,0.0,0.0,1.0,0.0,0.0,1.0,2.0,shortcut,"(2, 3)",,4
173,O_s2_best,1.0,1.0,11.72950912024697,42.0,0.0,0.0,0.0,1.0,0.0,0.0,1.0,3.0,shortcut,"(2, 3)",9,
174,O_s2_best,0.0,0.0,0.0,0.0,1.0,0.0,0.0,1.0,0.0,0.0,1.0,8.0,shortcut,"(2, 3)",,11
175,O_s2_best,1.0,1.0,9.323760256715417,38.0,0.0,1.0,1.0,0.0,0.0,1.0,0.0,1.0,lower,"(1, 2)",12,
176,O_s2_best,0.0,0.0,0.0,0.0,1.0,1.0,0.0,0.0,0.0,1.0,0.0,1.0,lower,"(1, 2)",,4
177,O_s2_best,0.0,0.0,0.0,0.0,1.0,0.0,0.0,1.0,0.0,0.0,1.0,2.0,shortcut,"(2, 3)",,6
178,O_s2_best,1.0,1.0,13.16293830696572,44.0,0.0,0.0,0.0,1.0,0.0,0.0,1.0,3.0,shortcut,"(2, 3)",7,
179,O_s2_best,0.0,0.0,0.0,0.0,1.0,1.0,0.0,0.0,0.0,1.0,0.0,3.0,lower,"(1, 2)",,9
180,O_s2_best,1.0,1.0,10.4358392792333,40.0,0.0,1.0,1.0,0.0,0.0,1.0,0.0,0.0,lower,"(1, 2)",11,
181,O_s2_best,0.0,0.0,0.0,0.0,1.0,0.0,0.0,1.0,0.0,0.0,1.0,3.0,shortcut,"(2, 3)",,6
182,O_s2_best,0.0,0.0,0.0,0.0,1.0,0.0,0.0,1.0,0.0,0.0,1.0,3.0,shortcut,"(2, 3)",,5
183,O_s2_best,0.0,0.0,0.0,0.0,1.0,1.0,0.0,0.0,0.0,1.0,0.0,2.0,lower,"(1, 2)",,4
184,O_s2_best,0.0,0.0,0.0,0.0,1.0,1.0,0.0,0.0,0.0,1.0,0.0,2.0,lower,"(1, 2)",,9
185,O_s2_best,0.0,0.0,0.0,0.0,1.0,0.0,0.0,1.0,0.0,0.0,1.0,1.0,shortcut,"(2, 3)",,3
186,O_s2_best,1.0,1.0,13.16293830696572,44.0,0.0,0.0,0.0,1.0,0.0,0.0,1.0,3.0,shortcut,"(2, 3)",7,
187,O_s2_best,0.0,0.0,0.0,0.0,1.0,1.0,0.0,0.0,0.0,1.0,0.0,4.0,lower,"(1, 2)",,11
188,O_s2_best,1.0,1.0,13.16293830696572,44.0,0.0,0.0,0.0,1.0,0.0,0.0,1.0,3.0,shortcut,"(2, 3)",7,
189,O_s2_best,0.0,0.0,0.0,0.0,1.0,0.0,0.0,1.0,0.0,0.0,1.0,1.0,shortcut,"(2, 3)",,3
190,O_s2_best,0.0,0.0,0.0,0.0,1.0,0.0,0.0,1.0,0.0,0.0,1.0,2.0,shortcut,"(2, 3)",,6
191,O_s2_best,1.0,1.0,13.16293830696572,44.0,0.0,0.0,0.0,1.0,0.0,0.0,1.0,3.0,shortcut,"(2, 3)",7,
192,O_s2_best,0.0,0.0,0.0,0.0,1.0,0.0,0.0,1.0,0.0,0.0,1.0,8.0,shortcut,"(2, 3)",,16
193,O_s2_best,0.0,0.0,0.0,0.0,1.0,0.0,0.0,1.0,0.0,0.0,1.0,2.0,shortcut,"(2, 3)",,4
194,O_s2_best,0.0,0.0,0.0,0.0,1.0,0.0,0.0,1.0,0.0,0.0,1.0,2.0,shortcut,"(2, 3)",,6
195,O_s2_best,0.0,0.0,0.0,0.0,1.0,0.0,0.0,1.0,0.0,0.0,1.0,7.0,shortcut,"(2, 3)",,19
196,O_s2_best,0.0,0.0,0.0,0.0,1.0,0.0,0.0,1.0,0.0,0.0,1.0,1.0,shortcut,"(2, 3)",,3
197,O_s2_best,0.0,0.0,0.0,0.0,1.0,0.0,0.0,1.0,0.0,0.0,1.0,1.0,shortcut,"(2, 3)",,3
198,O_s2_best,1.0,1.0,9.268302247718463,38.0,0.0,1.0,0.0,0.0,0.0,1.0,0.0,3.0,lower,"(1, 2)",13,
199,O_s2_best,0.0,0.0,0.0,0.0,1.0,0.0,0.0,1.0,0.0,0.0,1.0,1.0,shortcut,"(2, 3)",,3
0,P_s2_final,0.0,0.0,0.0,0.0,1.0,0.0,0.0,1.0,0.0,0.0,1.0,3.0,shortcut,"(2, 3)",,5
1,P_s2_final,0.0,0.0,0.0,0.0,1.0,0.0,0.0,1.0,0.0,0.0,1.0,3.0,shortcut,"(2, 3)",,5
2,P_s2_final,1.0,1.0,11.72950912024697,42.0,0.0,1.0,1.0,0.0,0.0,1.0,0.0,0.0,lower,"(1, 2)",9,
3,P_s2_final,1.0,1.0,13.16293830696572,44.0,0.0,0.0,0.0,1.0,0.0,0.0,1.0,3.0,shortcut,"(2, 3)",7,
4,P_s2_final,1.0,1.0,7.751308846616568,35.0,0.0,1.0,1.0,0.0,0.0,1.0,0.0,0.0,lower,"(1, 2)",15,
5,P_s2_final,1.0,1.0,12.46460101087197,43.0,0.0,0.0,0.0,1.0,0.0,0.0,1.0,3.0,shortcut,"(2, 3)",7,
6,P_s2_final,1.0,1.0,13.16293830696572,44.0,0.0,0.0,0.0,1.0,0.0,0.0,1.0,3.0,shortcut,"(2, 3)",7,
7,P_s2_final,0.0,0.0,0.0,0.0,1.0,0.0,0.0,1.0,0.0,0.0,1.0,3.0,shortcut,"(2, 3)",,5
8,P_s2_final,1.0,1.0,13.16293830696572,44.0,0.0,0.0,0.0,1.0,0.0,0.0,1.0,3.0,shortcut,"(2, 3)",7,
9,P_s2_final,1.0,1.0,12.42784641634072,43.0,0.0,1.0,1.0,0.0,0.0,1.0,0.0,0.0,lower,"(1, 2)",8,
10,P_s2_final,0.0,0.0,0.0,0.0,1.0,0.0,0.0,1.0,0.0,0.0,1.0,1.0,shortcut,"(2, 3)",,3
11,P_s2_final,0.0,0.0,0.0,0.0,1.0,0.0,0.0,1.0,0.0,0.0,1.0,2.0,shortcut,"(2, 3)",,4
12,P_s2_final,0.0,0.0,0.0,0.0,1.0,0.0,0.0,1.0,0.0,0.0,1.0,3.0,shortcut,"(2, 3)",,5
13,P_s2_final,1.0,1.0,11.72950912024697,42.0,0.0,1.0,1.0,0.0,0.0,1.0,0.0,0.0,lower,"(1, 2)",9,
14,P_s2_final,0.0,0.0,0.0,0.0,1.0,0.0,0.0,1.0,0.0,0.0,1.0,2.0,shortcut,"(2, 3)",,4
15,P_s2_final,1.0,1.0,13.16293830696572,44.0,0.0,0.0,0.0,1.0,0.0,0.0,1.0,3.0,shortcut,"(2, 3)",7,
16,P_s2_final,1.0,1.0,11.72950912024697,42.0,0.0,1.0,1.0,0.0,0.0,1.0,0.0,0.0,lower,"(1, 2)",9,
17,P_s2_final,0.0,0.0,0.0,0.0,1.0,0.0,0.0,1.0,0.0,0.0,1.0,2.0,shortcut,"(2, 3)",,4
18,P_s2_final,0.0,0.0,0.0,0.0,1.0,0.0,0.0,1.0,0.0,0.0,1.0,1.0,shortcut,"(2, 3)",,5
19,P_s2_final,0.0,0.0,0.0,0.0,1.0,0.0,0.0,1.0,0.0,0.0,1.0,1.0,shortcut,"(2, 3)",,3
20,P_s2_final,1.0,1.0,13.16293830696572,44.0,0.0,0.0,0.0,1.0,0.0,0.0,1.0,3.0,shortcut,"(2, 3)",7,
21,P_s2_final,0.0,0.0,0.0,0.0,1.0,0.0,0.0,1.0,0.0,0.0,1.0,3.0,shortcut,"(2, 3)",,5
22,P_s2_final,0.0,0.0,0.0,0.0,1.0,0.0,0.0,1.0,0.0,0.0,1.0,1.0,shortcut,"(2, 3)",,3
23,P_s2_final,0.0,0.0,0.0,0.0,1.0,0.0,0.0,1.0,0.0,0.0,1.0,3.0,shortcut,"(2, 3)",,5
24,P_s2_final,1.0,1.0,10.4358392792333,40.0,0.0,1.0,1.0,0.0,0.0,1.0,0.0,0.0,lower,"(1, 2)",11,
25,P_s2_final,0.0,0.0,0.0,0.0,1.0,0.0,0.0,1.0,0.0,0.0,1.0,3.0,shortcut,"(2, 3)",,5
26,P_s2_final,1.0,1.0,13.16293830696572,44.0,0.0,0.0,0.0,1.0,0.0,0.0,1.0,3.0,shortcut,"(2, 3)",7,
27,P_s2_final,1.0,1.0,13.16293830696572,44.0,0.0,0.0,0.0,1.0,0.0,0.0,1.0,3.0,shortcut,"(2, 3)",7,
28,P_s2_final,1.0,1.0,13.16293830696572,44.0,0.0,0.0,0.0,1.0,0.0,0.0,1.0,3.0,shortcut,"(2, 3)",7,
29,P_s2_final,0.0,0.0,0.0,0.0,1.0,0.0,0.0,1.0,0.0,0.0,1.0,1.0,shortcut,"(2, 3)",,3
30,P_s2_final,0.0,0.0,0.0,0.0,1.0,0.0,0.0,1.0,0.0,0.0,1.0,1.0,shortcut,"(2, 3)",,3
31,P_s2_final,0.0,0.0,0.0,0.0,1.0,0.0,0.0,1.0,0.0,0.0,1.0,1.0,shortcut,"(2, 3)",,3
32,P_s2_final,0.0,0.0,0.0,0.0,1.0,0.0,0.0,1.0,0.0,0.0,1.0,2.0,shortcut,"(2, 3)",,4
33,P_s2_final,0.0,0.0,0.0,0.0,1.0,0.0,0.0,1.0,0.0,0.0,1.0,2.0,shortcut,"(2, 3)",,4
34,P_s2_final,1.0,1.0,13.16293830696572,44.0,0.0,0.0,0.0,1.0,0.0,0.0,1.0,3.0,shortcut,"(2, 3)",7,
35,P_s2_final,0.0,0.0,0.0,0.0,1.0,0.0,0.0,1.0,0.0,0.0,1.0,3.0,shortcut,"(2, 3)",,5
36,P_s2_final,0.0,0.0,0.0,0.0,1.0,0.0,0.0,1.0,0.0,0.0,1.0,2.0,shortcut,"(2, 3)",,4
37,P_s2_final,1.0,1.0,11.72950912024697,42.0,0.0,1.0,1.0,0.0,0.0,1.0,0.0,0.0,lower,"(1, 2)",9,
38,P_s2_final,0.0,0.0,0.0,0.0,1.0,0.0,0.0,1.0,0.0,0.0,1.0,3.0,shortcut,"(2, 3)",,5
39,P_s2_final,1.0,1.0,13.16293830696572,44.0,0.0,0.0,0.0,1.0,0.0,0.0,1.0,3.0,shortcut,"(2, 3)",7,
40,P_s2_final,1.0,1.0,13.16293830696572,44.0,0.0,0.0,0.0,1.0,0.0,0.0,1.0,3.0,shortcut,"(2, 3)",7,
41,P_s2_final,1.0,1.0,13.16293830696572,44.0,0.0,1.0,0.0,0.0,0.0,1.0,0.0,3.0,lower,"(1, 2)",7,
42,P_s2_final,1.0,1.0,12.42784641634072,43.0,0.0,0.0,0.0,1.0,0.0,0.0,1.0,3.0,shortcut,"(2, 3)",8,
43,P_s2_final,1.0,1.0,13.16293830696572,44.0,0.0,0.0,0.0,1.0,0.0,0.0,1.0,3.0,shortcut,"(2, 3)",7,
44,P_s2_final,1.0,1.0,13.16293830696572,44.0,0.0,0.0,0.0,1.0,0.0,0.0,1.0,3.0,shortcut,"(2, 3)",7,
45,P_s2_final,1.0,1.0,10.4358392792333,40.0,0.0,1.0,1.0,0.0,0.0,1.0,0.0,0.0,lower,"(1, 2)",11,
46,P_s2_final,0.0,0.0,0.0,0.0,1.0,0.0,0.0,1.0,0.0,0.0,1.0,3.0,shortcut,"(2, 3)",,5
47,P_s2_final,1.0,1.0,8.754960164438955,37.0,0.0,1.0,1.0,0.0,0.0,1.0,0.0,0.0,lower,"(1, 2)",13,
48,P_s2_final,0.0,0.0,0.0,0.0,1.0,0.0,0.0,1.0,0.0,0.0,1.0,1.0,shortcut,"(2, 3)",,3
49,P_s2_final,1.0,1.0,13.16293830696572,44.0,0.0,0.0,0.0,1.0,0.0,0.0,1.0,3.0,shortcut,"(2, 3)",7,
50,P_s2_final,1.0,1.0,13.16293830696572,44.0,0.0,0.0,0.0,1.0,0.0,0.0,1.0,3.0,shortcut,"(2, 3)",7,
51,P_s2_final,1.0,1.0,13.16293830696572,44.0,0.0,0.0,0.0,1.0,0.0,0.0,1.0,3.0,shortcut,"(2, 3)",7,
52,P_s2_final,0.0,0.0,0.0,0.0,1.0,0.0,0.0,1.0,0.0,0.0,1.0,2.0,shortcut,"(2, 3)",,4
53,P_s2_final,0.0,0.0,0.0,0.0,1.0,0.0,0.0,1.0,0.0,0.0,1.0,1.0,shortcut,"(2, 3)",,3
54,P_s2_final,0.0,0.0,0.0,0.0,1.0,0.0,0.0,1.0,0.0,0.0,1.0,1.0,shortcut,"(2, 3)",,3
55,P_s2_final,0.0,0.0,0.0,0.0,1.0,0.0,0.0,1.0,0.0,0.0,1.0,2.0,shortcut,"(2, 3)",,5
56,P_s2_final,0.0,0.0,0.0,0.0,1.0,1.0,0.0,0.0,0.0,1.0,0.0,3.0,lower,"(1, 2)",,7
57,P_s2_final,0.0,0.0,0.0,0.0,1.0,0.0,0.0,1.0,0.0,0.0,1.0,1.0,shortcut,"(2, 3)",,3
58,P_s2_final,0.0,0.0,0.0,0.0,1.0,0.0,0.0,1.0,0.0,0.0,1.0,3.0,shortcut,"(2, 3)",,5
59,P_s2_final,0.0,0.0,0.0,0.0,1.0,0.0,0.0,1.0,0.0,0.0,1.0,2.0,shortcut,"(2, 3)",,4
60,P_s2_final,1.0,1.0,8.214600076776321,36.0,0.0,1.0,1.0,0.0,0.0,1.0,0.0,0.0,lower,"(1, 2)",15,
61,P_s2_final,0.0,0.0,0.0,0.0,1.0,0.0,0.0,1.0,0.0,0.0,1.0,3.0,shortcut,"(2, 3)",,5
62,P_s2_final,1.0,1.0,11.72950912024697,42.0,0.0,1.0,1.0,0.0,0.0,1.0,0.0,0.0,lower,"(1, 2)",9,
63,P_s2_final,0.0,0.0,0.0,0.0,1.0,0.0,0.0,1.0,0.0,0.0,1.0,1.0,shortcut,"(2, 3)",,3
64,P_s2_final,0.0,0.0,0.0,0.0,1.0,0.0,0.0,1.0,0.0,0.0,1.0,3.0,shortcut,"(2, 3)",,5
65,P_s2_final,1.0,1.0,8.214600076776321,36.0,0.0,1.0,1.0,0.0,0.0,1.0,0.0,0.0,lower,"(1, 2)",15,
66,P_s2_final,0.0,0.0,0.0,0.0,1.0,0.0,0.0,1.0,0.0,0.0,1.0,2.0,shortcut,"(2, 3)",,5
67,P_s2_final,0.0,0.0,0.0,0.0,1.0,1.0,0.0,0.0,0.0,1.0,0.0,2.0,lower,"(1, 2)",,13
68,P_s2_final,1.0,1.0,13.16293830696572,44.0,0.0,0.0,0.0,1.0,0.0,0.0,1.0,3.0,shortcut,"(2, 3)",7,
69,P_s2_final,1.0,1.0,13.16293830696572,44.0,0.0,0.0,0.0,1.0,0.0,0.0,1.0,3.0,shortcut,"(2, 3)",7,
70,P_s2_final,1.0,1.0,13.16293830696572,44.0,0.0,0.0,0.0,1.0,0.0,0.0,1.0,3.0,shortcut,"(2, 3)",7,
71,P_s2_final,0.0,0.0,0.0,0.0,1.0,0.0,0.0,1.0,0.0,0.0,1.0,3.0,shortcut,"(2, 3)",,5
72,P_s2_final,0.0,0.0,0.0,0.0,1.0,0.0,0.0,1.0,0.0,0.0,1.0,3.0,shortcut,"(2, 3)",,5
73,P_s2_final,1.0,1.0,13.16293830696572,44.0,0.0,0.0,0.0,1.0,0.0,0.0,1.0,3.0,shortcut,"(2, 3)",7,
74,P_s2_final,1.0,1.0,12.42784641634072,43.0,0.0,1.0,1.0,0.0,0.0,1.0,0.0,0.0,lower,"(1, 2)",8,
75,P_s2_final,1.0,1.0,12.42784641634072,43.0,0.0,1.0,1.0,0.0,0.0,1.0,0.0,0.0,lower,"(1, 2)",8,
76,P_s2_final,0.0,0.0,0.0,0.0,1.0,0.0,0.0,1.0,0.0,0.0,1.0,1.0,shortcut,"(2, 3)",,3
77,P_s2_final,0.0,0.0,0.0,0.0,1.0,1.0,0.0,0.0,0.0,0.0,1.0,2.0,lower,"(2, 3)",,6
78,P_s2_final,0.0,0.0,0.0,0.0,1.0,0.0,0.0,1.0,0.0,0.0,1.0,2.0,shortcut,"(2, 3)",,4
79,P_s2_final,0.0,0.0,0.0,0.0,1.0,0.0,0.0,1.0,0.0,0.0,1.0,2.0,shortcut,"(2, 3)",,4
80,P_s2_final,0.0,0.0,0.0,0.0,1.0,0.0,0.0,1.0,0.0,0.0,1.0,2.0,shortcut,"(2, 3)",,4
81,P_s2_final,1.0,1.0,13.16293830696572,44.0,0.0,0.0,0.0,1.0,0.0,0.0,1.0,3.0,shortcut,"(2, 3)",7,
82,P_s2_final,0.0,0.0,0.0,0.0,1.0,1.0,0.0,0.0,0.0,1.0,0.0,3.0,lower,"(1, 2)",,6
83,P_s2_final,1.0,1.0,13.16293830696572,44.0,0.0,0.0,0.0,1.0,0.0,0.0,1.0,3.0,shortcut,"(2, 3)",7,
84,P_s2_final,1.0,1.0,12.42784641634072,43.0,0.0,1.0,1.0,0.0,0.0,1.0,0.0,0.0,lower,"(1, 2)",8,
85,P_s2_final,1.0,1.0,13.16293830696572,44.0,0.0,0.0,0.0,1.0,0.0,0.0,1.0,3.0,shortcut,"(2, 3)",7,
86,P_s2_final,0.0,0.0,0.0,0.0,1.0,0.0,0.0,1.0,0.0,0.0,1.0,2.0,shortcut,"(2, 3)",,4
87,P_s2_final,1.0,1.0,11.066088688957908,41.0,0.0,0.0,0.0,1.0,0.0,0.0,1.0,6.0,shortcut,"(2, 3)",10,
88,P_s2_final,1.0,1.0,12.42784641634072,43.0,0.0,0.0,0.0,1.0,0.0,0.0,1.0,3.0,shortcut,"(2, 3)",8,
89,P_s2_final,1.0,1.0,8.214600076776321,36.0,0.0,1.0,1.0,0.0,0.0,0.0,1.0,0.0,lower,"(2, 3)",15,
90,P_s2_final,1.0,1.0,11.72950912024697,42.0,0.0,1.0,1.0,0.0,0.0,1.0,0.0,0.0,lower,"(1, 2)",9,
91,P_s2_final,1.0,1.0,13.16293830696572,44.0,0.0,0.0,0.0,1.0,0.0,0.0,1.0,3.0,shortcut,"(2, 3)",7,
92,P_s2_final,0.0,0.0,0.0,0.0,1.0,0.0,0.0,1.0,0.0,0.0,1.0,1.0,shortcut,"(2, 3)",,3
93,P_s2_final,0.0,0.0,0.0,0.0,1.0,0.0,0.0,1.0,0.0,0.0,1.0,1.0,shortcut,"(2, 3)",,5
94,P_s2_final,0.0,0.0,0.0,0.0,1.0,0.0,0.0,1.0,0.0,0.0,1.0,1.0,shortcut,"(2, 3)",,3
95,P_s2_final,1.0,1.0,13.16293830696572,44.0,0.0,0.0,0.0,1.0,0.0,0.0,1.0,3.0,shortcut,"(2, 3)",7,
96,P_s2_final,0.0,0.0,0.0,0.0,1.0,0.0,0.0,1.0,0.0,0.0,1.0,1.0,shortcut,"(2, 3)",,3
97,P_s2_final,0.0,0.0,0.0,0.0,1.0,0.0,0.0,1.0,0.0,0.0,1.0,3.0,shortcut,"(2, 3)",,5
98,P_s2_final,1.0,1.0,13.16293830696572,44.0,0.0,0.0,0.0,1.0,0.0,0.0,1.0,3.0,shortcut,"(2, 3)",7,
99,P_s2_final,0.0,0.0,0.0,0.0,1.0,0.0,0.0,1.0,0.0,0.0,1.0,1.0,shortcut,"(2, 3)",,3
100,P_s2_final,1.0,1.0,8.214600076776321,36.0,0.0,1.0,1.0,0.0,0.0,0.0,1.0,0.0,lower,"(2, 3)",15,
101,P_s2_final,0.0,0.0,0.0,0.0,1.0,0.0,0.0,1.0,0.0,0.0,1.0,1.0,shortcut,"(2, 3)",,3
102,P_s2_final,1.0,1.0,13.16293830696572,44.0,0.0,0.0,0.0,1.0,0.0,0.0,1.0,3.0,shortcut,"(2, 3)",7,
103,P_s2_final,1.0,1.0,13.16293830696572,44.0,0.0,0.0,0.0,1.0,0.0,0.0,1.0,3.0,shortcut,"(2, 3)",7,
104,P_s2_final,0.0,0.0,0.0,0.0,1.0,0.0,0.0,1.0,0.0,0.0,1.0,2.0,shortcut,"(2, 3)",,4
105,P_s2_final,1.0,1.0,13.16293830696572,44.0,0.0,0.0,0.0,1.0,0.0,0.0,1.0,3.0,shortcut,"(2, 3)",7,
106,P_s2_final,0.0,0.0,0.0,0.0,1.0,0.0,0.0,1.0,0.0,0.0,1.0,2.0,shortcut,"(2, 3)",,4
107,P_s2_final,1.0,1.0,11.72950912024697,42.0,0.0,1.0,1.0,0.0,0.0,1.0,0.0,0.0,lower,"(1, 2)",9,
108,P_s2_final,1.0,1.0,13.16293830696572,44.0,0.0,0.0,0.0,1.0,0.0,0.0,1.0,4.0,shortcut,"(2, 3)",7,
109,P_s2_final,1.0,1.0,13.16293830696572,44.0,0.0,0.0,0.0,1.0,0.0,0.0,1.0,3.0,shortcut,"(2, 3)",7,
110,P_s2_final,0.0,0.0,0.0,0.0,1.0,0.0,0.0,1.0,0.0,0.0,1.0,4.0,shortcut,"(2, 3)",,6
111,P_s2_final,0.0,0.0,0.0,0.0,1.0,0.0,0.0,1.0,0.0,0.0,1.0,1.0,shortcut,"(2, 3)",,3
112,P_s2_final,0.0,0.0,0.0,0.0,1.0,0.0,0.0,1.0,0.0,0.0,1.0,3.0,shortcut,"(2, 3)",,5
113,P_s2_final,0.0,0.0,0.0,0.0,1.0,0.0,0.0,1.0,0.0,0.0,1.0,2.0,shortcut,"(2, 3)",,4
114,P_s2_final,1.0,1.0,13.16293830696572,44.0,0.0,0.0,0.0,1.0,0.0,0.0,1.0,3.0,shortcut,"(2, 3)",7,
115,P_s2_final,0.0,0.0,0.0,0.0,1.0,0.0,0.0,1.0,0.0,0.0,1.0,1.0,shortcut,"(2, 3)",,3
116,P_s2_final,1.0,1.0,13.16293830696572,44.0,0.0,0.0,0.0,1.0,0.0,0.0,1.0,3.0,shortcut,"(2, 3)",7,
117,P_s2_final,0.0,0.0,0.0,0.0,1.0,0.0,0.0,1.0,0.0,0.0,1.0,2.0,shortcut,"(2, 3)",,4
118,P_s2_final,1.0,1.0,12.42784641634072,43.0,0.0,1.0,0.0,0.0,0.0,1.0,0.0,3.0,lower,"(1, 2)",8,
119,P_s2_final,0.0,0.0,0.0,0.0,1.0,0.0,0.0,1.0,0.0,0.0,1.0,2.0,shortcut,"(2, 3)",,7
120,P_s2_final,1.0,1.0,12.42784641634072,43.0,0.0,0.0,0.0,1.0,0.0,0.0,1.0,3.0,shortcut,"(2, 3)",8,
121,P_s2_final,1.0,1.0,13.16293830696572,44.0,0.0,0.0,0.0,1.0,0.0,0.0,1.0,3.0,shortcut,"(2, 3)",7,
122,P_s2_final,0.0,0.0,0.0,0.0,1.0,0.0,0.0,1.0,0.0,0.0,1.0,1.0,shortcut,"(2, 3)",,3
123,P_s2_final,1.0,1.0,11.764425985051659,42.0,0.0,0.0,0.0,1.0,0.0,0.0,1.0,3.0,shortcut,"(2, 3)",8,
124,P_s2_final,0.0,0.0,0.0,0.0,1.0,0.0,0.0,1.0,0.0,0.0,1.0,3.0,shortcut,"(2, 3)",,7
125,P_s2_final,1.0,1.0,13.16293830696572,44.0,0.0,0.0,0.0,1.0,0.0,0.0,1.0,3.0,shortcut,"(2, 3)",7,
126,P_s2_final,0.0,0.0,0.0,0.0,1.0,0.0,0.0,1.0,0.0,0.0,1.0,2.0,shortcut,"(2, 3)",,4
127,P_s2_final,1.0,1.0,11.72950912024697,42.0,0.0,1.0,1.0,0.0,0.0,1.0,0.0,0.0,lower,"(1, 2)",9,
128,P_s2_final,1.0,1.0,13.16293830696572,44.0,0.0,0.0,0.0,1.0,0.0,0.0,1.0,3.0,shortcut,"(2, 3)",7,
129,P_s2_final,1.0,1.0,13.16293830696572,44.0,0.0,0.0,0.0,1.0,0.0,0.0,1.0,3.0,shortcut,"(2, 3)",7,
130,P_s2_final,1.0,1.0,11.72950912024697,42.0,0.0,1.0,1.0,0.0,0.0,1.0,0.0,0.0,lower,"(1, 2)",9,
131,P_s2_final,0.0,0.0,0.0,0.0,1.0,0.0,0.0,1.0,0.0,0.0,1.0,2.0,shortcut,"(2, 3)",,4
132,P_s2_final,1.0,1.0,13.16293830696572,44.0,0.0,0.0,0.0,1.0,0.0,0.0,1.0,3.0,shortcut,"(2, 3)",7,
133,P_s2_final,0.0,0.0,0.0,0.0,1.0,0.0,0.0,1.0,0.0,0.0,1.0,3.0,shortcut,"(2, 3)",,5
134,P_s2_final,0.0,0.0,0.0,0.0,1.0,0.0,0.0,1.0,0.0,0.0,1.0,2.0,shortcut,"(2, 3)",,4
135,P_s2_final,1.0,1.0,8.214600076776321,36.0,0.0,1.0,1.0,0.0,0.0,1.0,0.0,0.0,lower,"(1, 2)",15,
136,P_s2_final,0.0,0.0,0.0,0.0,1.0,0.0,0.0,1.0,0.0,0.0,1.0,1.0,shortcut,"(2, 3)",,3
137,P_s2_final,1.0,1.0,12.42784641634072,43.0,0.0,1.0,1.0,0.0,0.0,1.0,0.0,0.0,lower,"(1, 2)",8,
138,P_s2_final,0.0,0.0,0.0,0.0,1.0,0.0,0.0,1.0,0.0,0.0,1.0,2.0,shortcut,"(2, 3)",,6
139,P_s2_final,0.0,0.0,0.0,0.0,1.0,0.0,0.0,1.0,0.0,0.0,1.0,3.0,shortcut,"(2, 3)",,5
140,P_s2_final,0.0,0.0,0.0,0.0,1.0,0.0,0.0,1.0,0.0,0.0,1.0,1.0,shortcut,"(2, 3)",,3
141,P_s2_final,0.0,0.0,0.0,0.0,1.0,0.0,0.0,1.0,0.0,0.0,1.0,2.0,shortcut,"(2, 3)",,4
142,P_s2_final,1.0,1.0,12.42784641634072,43.0,0.0,1.0,1.0,0.0,0.0,1.0,0.0,0.0,lower,"(1, 2)",8,
143,P_s2_final,1.0,1.0,13.16293830696572,44.0,0.0,0.0,0.0,1.0,0.0,0.0,1.0,3.0,shortcut,"(2, 3)",7,
144,P_s2_final,0.0,0.0,0.0,0.0,1.0,0.0,0.0,1.0,0.0,0.0,1.0,1.0,shortcut,"(2, 3)",,3
145,P_s2_final,1.0,1.0,12.42784641634072,43.0,0.0,1.0,1.0,0.0,0.0,1.0,0.0,0.0,lower,"(1, 2)",8,
146,P_s2_final,1.0,1.0,11.72950912024697,42.0,0.0,0.0,0.0,1.0,0.0,0.0,1.0,4.0,shortcut,"(2, 3)",9,
147,P_s2_final,0.0,0.0,0.0,0.0,1.0,1.0,0.0,0.0,0.0,1.0,0.0,3.0,lower,"(1, 2)",,6
148,P_s2_final,1.0,1.0,13.16293830696572,44.0,0.0,0.0,0.0,1.0,0.0,0.0,1.0,3.0,shortcut,"(2, 3)",7,
149,P_s2_final,1.0,1.0,11.066088688957908,41.0,0.0,1.0,1.0,0.0,0.0,1.0,0.0,0.0,lower,"(1, 2)",10,
150,P_s2_final,1.0,1.0,13.16293830696572,44.0,0.0,0.0,0.0,1.0,0.0,0.0,1.0,3.0,shortcut,"(2, 3)",7,
151,P_s2_final,0.0,0.0,0.0,0.0,1.0,0.0,0.0,1.0,0.0,0.0,1.0,2.0,shortcut,"(2, 3)",,4
152,P_s2_final,0.0,0.0,0.0,0.0,1.0,0.0,0.0,1.0,0.0,0.0,1.0,2.0,shortcut,"(2, 3)",,4
153,P_s2_final,1.0,1.0,12.42784641634072,43.0,0.0,0.0,0.0,1.0,0.0,0.0,1.0,3.0,shortcut,"(2, 3)",8,
154,P_s2_final,0.0,0.0,0.0,0.0,1.0,0.0,0.0,1.0,0.0,0.0,1.0,1.0,shortcut,"(2, 3)",,3
155,P_s2_final,0.0,0.0,0.0,0.0,1.0,0.0,0.0,1.0,0.0,0.0,1.0,1.0,shortcut,"(2, 3)",,3
156,P_s2_final,1.0,1.0,10.4358392792333,40.0,0.0,1.0,1.0,0.0,0.0,1.0,0.0,0.0,lower,"(1, 2)",11,
157,P_s2_final,0.0,0.0,0.0,0.0,1.0,0.0,0.0,1.0,0.0,0.0,1.0,1.0,shortcut,"(2, 3)",,7
158,P_s2_final,0.0,0.0,0.0,0.0,1.0,0.0,0.0,1.0,0.0,0.0,1.0,1.0,shortcut,"(2, 3)",,4
159,P_s2_final,0.0,0.0,0.0,0.0,1.0,0.0,0.0,1.0,0.0,0.0,1.0,3.0,shortcut,"(2, 3)",,6
160,P_s2_final,1.0,1.0,10.4358392792333,40.0,0.0,0.0,0.0,1.0,0.0,0.0,1.0,3.0,shortcut,"(2, 3)",11,
161,P_s2_final,1.0,1.0,11.72950912024697,42.0,0.0,1.0,1.0,0.0,0.0,1.0,0.0,0.0,lower,"(1, 2)",9,
162,P_s2_final,0.0,0.0,0.0,0.0,1.0,0.0,0.0,1.0,0.0,0.0,1.0,1.0,shortcut,"(2, 3)",,3
163,P_s2_final,1.0,1.0,11.72950912024697,42.0,0.0,1.0,1.0,0.0,0.0,1.0,0.0,0.0,lower,"(1, 2)",9,
164,P_s2_final,0.0,0.0,0.0,0.0,1.0,0.0,0.0,1.0,0.0,0.0,1.0,2.0,shortcut,"(2, 3)",,7
165,P_s2_final,1.0,1.0,11.72950912024697,42.0,0.0,1.0,1.0,0.0,0.0,1.0,0.0,0.0,lower,"(1, 2)",9,
166,P_s2_final,0.0,0.0,0.0,0.0,1.0,0.0,0.0,1.0,0.0,0.0,1.0,1.0,shortcut,"(2, 3)",,3
167,P_s2_final,0.0,0.0,0.0,0.0,1.0,0.0,0.0,1.0,0.0,0.0,1.0,1.0,shortcut,"(2, 3)",,3
168,P_s2_final,0.0,0.0,0.0,0.0,1.0,1.0,0.0,0.0,0.0,1.0,0.0,1.0,lower,"(1, 2)",,16
169,P_s2_final,0.0,0.0,0.0,0.0,1.0,0.0,0.0,1.0,0.0,0.0,1.0,2.0,shortcut,"(2, 3)",,4
170,P_s2_final,1.0,1.0,11.72950912024697,42.0,0.0,1.0,1.0,0.0,0.0,1.0,0.0,0.0,lower,"(1, 2)",9,
171,P_s2_final,1.0,1.0,13.16293830696572,44.0,0.0,0.0,0.0,1.0,0.0,0.0,1.0,3.0,shortcut,"(2, 3)",7,
172,P_s2_final,0.0,0.0,0.0,0.0,1.0,0.0,0.0,1.0,0.0,0.0,1.0,2.0,shortcut,"(2, 3)",,4
173,P_s2_final,1.0,1.0,12.42784641634072,43.0,0.0,0.0,0.0,1.0,0.0,0.0,1.0,3.0,shortcut,"(2, 3)",8,
174,P_s2_final,0.0,0.0,0.0,0.0,1.0,0.0,0.0,1.0,0.0,0.0,1.0,5.0,shortcut,"(2, 3)",,7
175,P_s2_final,0.0,0.0,0.0,0.0,1.0,0.0,0.0,1.0,0.0,0.0,1.0,1.0,shortcut,"(2, 3)",,3
176,P_s2_final,0.0,0.0,0.0,0.0,1.0,0.0,0.0,1.0,0.0,0.0,1.0,1.0,shortcut,"(2, 3)",,4
177,P_s2_final,0.0,0.0,0.0,0.0,1.0,0.0,0.0,1.0,0.0,0.0,1.0,2.0,shortcut,"(2, 3)",,6
178,P_s2_final,1.0,1.0,13.16293830696572,44.0,0.0,0.0,0.0,1.0,0.0,0.0,1.0,3.0,shortcut,"(2, 3)",7,
179,P_s2_final,0.0,0.0,0.0,0.0,1.0,1.0,0.0,0.0,0.0,1.0,0.0,2.0,lower,"(1, 2)",,11
180,P_s2_final,1.0,1.0,11.72950912024697,42.0,0.0,1.0,1.0,0.0,0.0,1.0,0.0,0.0,lower,"(1, 2)",9,
181,P_s2_final,1.0,1.0,13.16293830696572,44.0,0.0,0.0,0.0,1.0,0.0,0.0,1.0,3.0,shortcut,"(2, 3)",7,
182,P_s2_final,0.0,0.0,0.0,0.0,1.0,0.0,0.0,1.0,0.0,0.0,1.0,3.0,shortcut,"(2, 3)",,5
183,P_s2_final,0.0,0.0,0.0,0.0,1.0,0.0,0.0,1.0,0.0,0.0,1.0,2.0,shortcut,"(2, 3)",,4
184,P_s2_final,1.0,1.0,13.16293830696572,44.0,0.0,0.0,0.0,1.0,0.0,0.0,1.0,3.0,shortcut,"(2, 3)",7,
185,P_s2_final,0.0,0.0,0.0,0.0,1.0,0.0,0.0,1.0,0.0,0.0,1.0,1.0,shortcut,"(2, 3)",,3
186,P_s2_final,1.0,1.0,13.16293830696572,44.0,0.0,0.0,0.0,1.0,0.0,0.0,1.0,3.0,shortcut,"(2, 3)",7,
187,P_s2_final,1.0,1.0,11.066088688957908,41.0,0.0,1.0,1.0,0.0,0.0,1.0,0.0,0.0,lower,"(1, 2)",10,
188,P_s2_final,1.0,1.0,13.16293830696572,44.0,0.0,0.0,0.0,1.0,0.0,0.0,1.0,3.0,shortcut,"(2, 3)",7,
189,P_s2_final,0.0,0.0,0.0,0.0,1.0,0.0,0.0,1.0,0.0,0.0,1.0,1.0,shortcut,"(2, 3)",,3
190,P_s2_final,0.0,0.0,0.0,0.0,1.0,0.0,0.0,1.0,0.0,0.0,1.0,2.0,shortcut,"(2, 3)",,4
191,P_s2_final,1.0,1.0,13.16293830696572,44.0,0.0,0.0,0.0,1.0,0.0,0.0,1.0,3.0,shortcut,"(2, 3)",7,
192,P_s2_final,1.0,1.0,9.995079548426034,39.0,0.0,0.0,0.0,1.0,0.0,0.0,1.0,5.0,shortcut,"(2, 3)",8,
193,P_s2_final,0.0,0.0,0.0,0.0,1.0,0.0,0.0,1.0,0.0,0.0,1.0,2.0,shortcut,"(2, 3)",,4
194,P_s2_final,1.0,1.0,12.42784641634072,43.0,0.0,0.0,0.0,1.0,0.0,0.0,1.0,3.0,shortcut,"(2, 3)",8,
195,P_s2_final,1.0,1.0,12.46460101087197,43.0,0.0,0.0,0.0,1.0,0.0,0.0,1.0,3.0,shortcut,"(2, 3)",7,
196,P_s2_final,0.0,0.0,0.0,0.0,1.0,0.0,0.0,1.0,0.0,0.0,1.0,1.0,shortcut,"(2, 3)",,3
197,P_s2_final,0.0,0.0,0.0,0.0,1.0,0.0,0.0,1.0,0.0,0.0,1.0,1.0,shortcut,"(2, 3)",,3
198,P_s2_final,0.0,0.0,0.0,0.0,1.0,0.0,0.0,1.0,0.0,0.0,1.0,3.0,shortcut,"(2, 3)",,5
199,P_s2_final,0.0,0.0,0.0,0.0,1.0,0.0,0.0,1.0,0.0,0.0,1.0,1.0,shortcut,"(2, 3)",,3
0,P_s2_best,1.0,1.0,11.72950912024697,42.0,0.0,1.0,1.0,0.0,0.0,1.0,0.0,0.0,lower,"(1, 2)",9,
1,P_s2_best,0.0,0.0,0.0,0.0,1.0,0.0,0.0,1.0,0.0,0.0,1.0,3.0,shortcut,"(2, 3)",,5
2,P_s2_best,1.0,1.0,13.16293830696572,44.0,0.0,1.0,1.0,0.0,0.0,1.0,0.0,0.0,lower,"(1, 2)",7,
3,P_s2_best,1.0,1.0,11.72950912024697,42.0,0.0,1.0,1.0,0.0,0.0,1.0,0.0,0.0,lower,"(1, 2)",9,
4,P_s2_best,1.0,1.0,11.066088688957908,41.0,0.0,1.0,1.0,0.0,0.0,1.0,0.0,0.0,lower,"(1, 2)",10,
5,P_s2_best,1.0,1.0,11.066088688957908,41.0,0.0,1.0,1.0,0.0,0.0,1.0,0.0,0.0,lower,"(1, 2)",10,
6,P_s2_best,1.0,1.0,13.16293830696572,44.0,0.0,0.0,0.0,1.0,0.0,0.0,1.0,3.0,shortcut,"(2, 3)",7,
7,P_s2_best,1.0,1.0,11.72950912024697,42.0,0.0,1.0,1.0,0.0,0.0,1.0,0.0,0.0,lower,"(1, 2)",9,
8,P_s2_best,1.0,1.0,13.16293830696572,44.0,0.0,0.0,0.0,1.0,0.0,0.0,1.0,3.0,shortcut,"(2, 3)",7,
9,P_s2_best,1.0,1.0,11.72950912024697,42.0,0.0,1.0,1.0,0.0,0.0,1.0,0.0,0.0,lower,"(1, 2)",9,
10,P_s2_best,1.0,1.0,11.72950912024697,42.0,0.0,1.0,1.0,0.0,0.0,1.0,0.0,0.0,lower,"(1, 2)",9,
11,P_s2_best,0.0,0.0,0.0,0.0,1.0,1.0,0.0,0.0,0.0,1.0,0.0,2.0,lower,"(1, 2)",,4
12,P_s2_best,1.0,1.0,10.4358392792333,40.0,0.0,1.0,1.0,0.0,0.0,1.0,0.0,0.0,lower,"(1, 2)",11,
13,P_s2_best,1.0,1.0,11.72950912024697,42.0,0.0,1.0,1.0,0.0,0.0,1.0,0.0,0.0,lower,"(1, 2)",9,
14,P_s2_best,0.0,0.0,0.0,0.0,1.0,0.0,0.0,1.0,0.0,0.0,1.0,2.0,shortcut,"(2, 3)",,4
15,P_s2_best,1.0,1.0,13.16293830696572,44.0,0.0,1.0,0.0,0.0,0.0,1.0,0.0,3.0,lower,"(1, 2)",7,
16,P_s2_best,1.0,1.0,12.42784641634072,43.0,0.0,1.0,1.0,0.0,0.0,1.0,0.0,0.0,lower,"(1, 2)",8,
17,P_s2_best,0.0,0.0,0.0,0.0,1.0,0.0,0.0,1.0,0.0,0.0,1.0,1.0,shortcut,"(2, 3)",,4
18,P_s2_best,1.0,1.0,10.4358392792333,40.0,0.0,1.0,0.0,0.0,0.0,1.0,0.0,4.0,lower,"(1, 2)",11,
19,P_s2_best,1.0,1.0,11.72950912024697,42.0,0.0,1.0,1.0,0.0,0.0,1.0,0.0,0.0,lower,"(1, 2)",9,
20,P_s2_best,1.0,1.0,13.16293830696572,44.0,0.0,0.0,0.0,1.0,0.0,0.0,1.0,3.0,shortcut,"(2, 3)",7,
21,P_s2_best,0.0,0.0,0.0,0.0,1.0,1.0,0.0,0.0,0.0,1.0,0.0,3.0,lower,"(1, 2)",,10
22,P_s2_best,1.0,1.0,12.42784641634072,43.0,0.0,1.0,1.0,0.0,0.0,1.0,0.0,0.0,lower,"(1, 2)",8,
23,P_s2_best,0.0,0.0,0.0,0.0,1.0,0.0,0.0,1.0,0.0,0.0,1.0,3.0,shortcut,"(2, 3)",,5
24,P_s2_best,1.0,1.0,13.16293830696572,44.0,0.0,1.0,1.0,0.0,0.0,1.0,0.0,0.0,lower,"(1, 2)",7,
25,P_s2_best,1.0,1.0,10.4358392792333,40.0,0.0,1.0,1.0,0.0,0.0,1.0,0.0,0.0,lower,"(1, 2)",11,
26,P_s2_best,1.0,1.0,11.72950912024697,42.0,0.0,1.0,1.0,0.0,0.0,1.0,0.0,0.0,lower,"(1, 2)",9,
27,P_s2_best,1.0,1.0,12.42784641634072,43.0,0.0,1.0,1.0,0.0,0.0,1.0,0.0,0.0,lower,"(1, 2)",8,
28,P_s2_best,1.0,1.0,12.42784641634072,43.0,0.0,1.0,1.0,0.0,0.0,1.0,0.0,0.0,lower,"(1, 2)",8,
29,P_s2_best,1.0,1.0,10.4358392792333,40.0,0.0,1.0,1.0,0.0,0.0,1.0,0.0,0.0,lower,"(1, 2)",11,
30,P_s2_best,0.0,0.0,0.0,0.0,1.0,0.0,0.0,1.0,0.0,0.0,1.0,1.0,shortcut,"(2, 3)",,3
31,P_s2_best,0.0,0.0,0.0,0.0,1.0,0.0,0.0,1.0,0.0,0.0,1.0,1.0,shortcut,"(2, 3)",,3
32,P_s2_best,1.0,1.0,11.066088688957908,41.0,0.0,1.0,1.0,0.0,0.0,1.0,0.0,0.0,lower,"(1, 2)",10,
33,P_s2_best,0.0,0.0,0.0,0.0,1.0,0.0,0.0,1.0,0.0,0.0,1.0,2.0,shortcut,"(2, 3)",,4
34,P_s2_best,1.0,1.0,13.16293830696572,44.0,0.0,1.0,0.0,0.0,0.0,1.0,0.0,3.0,lower,"(1, 2)",7,
35,P_s2_best,0.0,0.0,0.0,0.0,1.0,0.0,0.0,1.0,0.0,0.0,1.0,3.0,shortcut,"(2, 3)",,5
36,P_s2_best,0.0,0.0,0.0,0.0,1.0,0.0,0.0,1.0,0.0,0.0,1.0,2.0,shortcut,"(2, 3)",,4
37,P_s2_best,1.0,1.0,12.42784641634072,43.0,0.0,1.0,1.0,0.0,0.0,1.0,0.0,0.0,lower,"(1, 2)",8,
38,P_s2_best,1.0,1.0,11.066088688957908,41.0,0.0,1.0,1.0,0.0,0.0,1.0,0.0,0.0,lower,"(1, 2)",10,
39,P_s2_best,1.0,1.0,12.42784641634072,43.0,0.0,1.0,1.0,0.0,0.0,1.0,0.0,0.0,lower,"(1, 2)",8,
40,P_s2_best,1.0,1.0,11.72950912024697,42.0,0.0,1.0,0.0,0.0,0.0,1.0,0.0,3.0,lower,"(1, 2)",9,
41,P_s2_best,1.0,1.0,12.42784641634072,43.0,0.0,1.0,1.0,0.0,0.0,1.0,0.0,0.0,lower,"(1, 2)",8,
42,P_s2_best,1.0,1.0,10.4358392792333,40.0,0.0,1.0,1.0,0.0,0.0,1.0,0.0,0.0,lower,"(1, 2)",11,
43,P_s2_best,1.0,1.0,13.16293830696572,44.0,0.0,0.0,0.0,1.0,0.0,0.0,1.0,3.0,shortcut,"(2, 3)",7,
44,P_s2_best,1.0,1.0,13.16293830696572,44.0,0.0,0.0,0.0,1.0,0.0,0.0,1.0,3.0,shortcut,"(2, 3)",7,
45,P_s2_best,1.0,1.0,12.42784641634072,43.0,0.0,1.0,1.0,0.0,0.0,1.0,0.0,0.0,lower,"(1, 2)",8,
46,P_s2_best,0.0,0.0,0.0,0.0,1.0,0.0,0.0,1.0,0.0,0.0,1.0,3.0,shortcut,"(2, 3)",,5
47,P_s2_best,1.0,1.0,12.42784641634072,43.0,0.0,1.0,1.0,0.0,0.0,1.0,0.0,0.0,lower,"(1, 2)",8,
48,P_s2_best,0.0,0.0,0.0,0.0,1.0,1.0,0.0,0.0,0.0,1.0,0.0,1.0,lower,"(1, 2)",,3
49,P_s2_best,1.0,1.0,8.214600076776321,36.0,0.0,1.0,1.0,0.0,0.0,1.0,0.0,0.0,lower,"(1, 2)",15,
50,P_s2_best,1.0,1.0,11.72950912024697,42.0,0.0,1.0,1.0,0.0,0.0,1.0,0.0,0.0,lower,"(1, 2)",9,
51,P_s2_best,1.0,1.0,13.16293830696572,44.0,0.0,0.0,0.0,1.0,0.0,0.0,1.0,3.0,shortcut,"(2, 3)",7,
52,P_s2_best,1.0,1.0,11.72950912024697,42.0,0.0,1.0,1.0,0.0,0.0,1.0,0.0,0.0,lower,"(1, 2)",9,
53,P_s2_best,0.0,0.0,0.0,0.0,1.0,0.0,0.0,1.0,0.0,0.0,1.0,1.0,shortcut,"(2, 3)",,3
54,P_s2_best,1.0,1.0,12.42784641634072,43.0,0.0,1.0,1.0,0.0,0.0,1.0,0.0,0.0,lower,"(1, 2)",8,
55,P_s2_best,1.0,1.0,10.4358392792333,40.0,0.0,1.0,1.0,0.0,0.0,1.0,0.0,0.0,lower,"(1, 2)",11,
56,P_s2_best,1.0,1.0,11.066088688957908,41.0,0.0,1.0,0.0,0.0,0.0,1.0,0.0,3.0,lower,"(1, 2)",10,
57,P_s2_best,0.0,0.0,0.0,0.0,1.0,0.0,0.0,1.0,0.0,0.0,1.0,1.0,shortcut,"(2, 3)",,3
58,P_s2_best,0.0,0.0,0.0,0.0,1.0,0.0,0.0,1.0,0.0,0.0,1.0,3.0,shortcut,"(2, 3)",,5
59,P_s2_best,1.0,1.0,12.42784641634072,43.0,0.0,1.0,1.0,0.0,0.0,1.0,0.0,0.0,lower,"(1, 2)",8,
60,P_s2_best,1.0,1.0,11.066088688957908,41.0,0.0,1.0,1.0,0.0,0.0,1.0,0.0,0.0,lower,"(1, 2)",10,
61,P_s2_best,1.0,1.0,10.46735174971953,40.0,0.0,1.0,1.0,0.0,0.0,1.0,0.0,0.0,lower,"(1, 2)",10,
62,P_s2_best,1.0,1.0,11.066088688957908,41.0,0.0,1.0,1.0,0.0,0.0,1.0,0.0,0.0,lower,"(1, 2)",10,
63,P_s2_best,0.0,0.0,0.0,0.0,1.0,0.0,0.0,1.0,0.0,0.0,1.0,1.0,shortcut,"(2, 3)",,3
64,P_s2_best,0.0,0.0,0.0,0.0,1.0,0.0,0.0,1.0,0.0,0.0,1.0,3.0,shortcut,"(2, 3)",,5
65,P_s2_best,1.0,1.0,11.72950912024697,42.0,0.0,1.0,1.0,0.0,0.0,1.0,0.0,0.0,lower,"(1, 2)",9,
66,P_s2_best,0.0,0.0,0.0,0.0,1.0,0.0,0.0,1.0,0.0,0.0,1.0,2.0,shortcut,"(2, 3)",,5
67,P_s2_best,1.0,1.0,10.4358392792333,40.0,0.0,1.0,1.0,0.0,0.0,1.0,0.0,0.0,lower,"(1, 2)",11,
68,P_s2_best,1.0,1.0,11.72950912024697,42.0,0.0,1.0,1.0,0.0,0.0,1.0,0.0,0.0,lower,"(1, 2)",9,
69,P_s2_best,1.0,1.0,13.16293830696572,44.0,0.0,0.0,0.0,1.0,0.0,0.0,1.0,3.0,shortcut,"(2, 3)",7,
70,P_s2_best,1.0,1.0,11.72950912024697,42.0,0.0,1.0,1.0,0.0,0.0,1.0,0.0,0.0,lower,"(1, 2)",9,
71,P_s2_best,1.0,1.0,11.066088688957908,41.0,0.0,1.0,1.0,0.0,0.0,1.0,0.0,0.0,lower,"(1, 2)",10,
72,P_s2_best,1.0,1.0,11.72950912024697,42.0,0.0,1.0,1.0,0.0,0.0,1.0,0.0,0.0,lower,"(1, 2)",9,
73,P_s2_best,1.0,1.0,13.16293830696572,44.0,0.0,0.0,0.0,1.0,0.0,0.0,1.0,3.0,shortcut,"(2, 3)",7,
74,P_s2_best,1.0,1.0,12.42784641634072,43.0,0.0,1.0,1.0,0.0,0.0,1.0,0.0,0.0,lower,"(1, 2)",8,
75,P_s2_best,1.0,1.0,12.42784641634072,43.0,0.0,1.0,1.0,0.0,0.0,1.0,0.0,0.0,lower,"(1, 2)",8,
76,P_s2_best,1.0,1.0,12.42784641634072,43.0,0.0,1.0,1.0,0.0,0.0,1.0,0.0,0.0,lower,"(1, 2)",8,
77,P_s2_best,1.0,1.0,11.066088688957908,41.0,0.0,1.0,1.0,0.0,0.0,1.0,0.0,0.0,lower,"(1, 2)",10,
78,P_s2_best,0.0,0.0,0.0,0.0,1.0,0.0,0.0,1.0,0.0,0.0,1.0,2.0,shortcut,"(2, 3)",,4
79,P_s2_best,0.0,0.0,0.0,0.0,1.0,0.0,0.0,1.0,0.0,0.0,1.0,2.0,shortcut,"(2, 3)",,4
80,P_s2_best,0.0,0.0,0.0,0.0,1.0,0.0,0.0,1.0,0.0,0.0,1.0,2.0,shortcut,"(2, 3)",,4
81,P_s2_best,1.0,1.0,12.42784641634072,43.0,0.0,1.0,1.0,0.0,0.0,1.0,0.0,0.0,lower,"(1, 2)",8,
82,P_s2_best,0.0,0.0,0.0,0.0,1.0,1.0,0.0,0.0,0.0,1.0,0.0,3.0,lower,"(1, 2)",,6
83,P_s2_best,1.0,1.0,13.16293830696572,44.0,0.0,0.0,0.0,1.0,0.0,0.0,1.0,3.0,shortcut,"(2, 3)",7,
84,P_s2_best,1.0,1.0,13.16293830696572,44.0,0.0,1.0,1.0,0.0,0.0,1.0,0.0,0.0,lower,"(1, 2)",7,
85,P_s2_best,1.0,1.0,13.16293830696572,44.0,0.0,0.0,0.0,1.0,0.0,0.0,1.0,3.0,shortcut,"(2, 3)",7,
86,P_s2_best,0.0,0.0,0.0,0.0,1.0,0.0,0.0,1.0,0.0,0.0,1.0,2.0,shortcut,"(2, 3)",,4
87,P_s2_best,0.0,0.0,0.0,0.0,1.0,0.0,0.0,1.0,0.0,0.0,1.0,3.0,shortcut,"(2, 3)",,5
88,P_s2_best,1.0,1.0,11.72950912024697,42.0,0.0,1.0,0.0,0.0,0.0,0.0,1.0,3.0,lower,"(2, 3)",9,
89,P_s2_best,1.0,1.0,10.4358392792333,40.0,0.0,1.0,1.0,0.0,0.0,0.0,1.0,0.0,lower,"(2, 3)",11,
90,P_s2_best,1.0,1.0,12.42784641634072,43.0,0.0,1.0,1.0,0.0,0.0,1.0,0.0,0.0,lower,"(1, 2)",8,
91,P_s2_best,1.0,1.0,10.4358392792333,40.0,0.0,1.0,1.0,0.0,0.0,1.0,0.0,0.0,lower,"(1, 2)",11,
92,P_s2_best,0.0,0.0,0.0,0.0,1.0,0.0,0.0,1.0,0.0,0.0,1.0,1.0,shortcut,"(2, 3)",,3
93,P_s2_best,1.0,1.0,9.867039186956841,39.0,0.0,1.0,1.0,0.0,0.0,1.0,0.0,0.0,lower,"(1, 2)",11,
94,P_s2_best,1.0,1.0,11.066088688957908,41.0,0.0,1.0,1.0,0.0,0.0,1.0,0.0,0.0,lower,"(1, 2)",10,
95,P_s2_best,1.0,1.0,11.72950912024697,42.0,0.0,1.0,1.0,0.0,0.0,1.0,0.0,0.0,lower,"(1, 2)",9,
96,P_s2_best,0.0,0.0,0.0,0.0,1.0,0.0,0.0,1.0,0.0,0.0,1.0,1.0,shortcut,"(2, 3)",,3
97,P_s2_best,0.0,0.0,0.0,0.0,1.0,0.0,0.0,1.0,0.0,0.0,1.0,3.0,shortcut,"(2, 3)",,5
98,P_s2_best,1.0,1.0,13.16293830696572,44.0,0.0,0.0,0.0,1.0,0.0,0.0,1.0,3.0,shortcut,"(2, 3)",7,
99,P_s2_best,0.0,0.0,0.0,0.0,1.0,1.0,0.0,0.0,0.0,1.0,0.0,1.0,lower,"(1, 2)",,4
100,P_s2_best,1.0,1.0,8.214600076776321,36.0,0.0,1.0,1.0,0.0,0.0,0.0,1.0,0.0,lower,"(2, 3)",15,
101,P_s2_best,0.0,0.0,0.0,0.0,1.0,0.0,0.0,1.0,0.0,0.0,1.0,1.0,shortcut,"(2, 3)",,3
102,P_s2_best,1.0,1.0,13.16293830696572,44.0,0.0,0.0,0.0,1.0,0.0,0.0,1.0,3.0,shortcut,"(2, 3)",7,
103,P_s2_best,1.0,1.0,11.72950912024697,42.0,0.0,1.0,1.0,0.0,0.0,1.0,0.0,0.0,lower,"(1, 2)",9,
104,P_s2_best,0.0,0.0,0.0,0.0,1.0,0.0,0.0,1.0,0.0,0.0,1.0,2.0,shortcut,"(2, 3)",,4
105,P_s2_best,1.0,1.0,12.42784641634072,43.0,0.0,0.0,0.0,1.0,0.0,0.0,1.0,3.0,shortcut,"(2, 3)",8,
106,P_s2_best,0.0,0.0,0.0,0.0,1.0,0.0,0.0,1.0,0.0,0.0,1.0,2.0,shortcut,"(2, 3)",,4
107,P_s2_best,1.0,1.0,11.797597006616112,42.0,0.0,1.0,1.0,0.0,0.0,1.0,0.0,0.0,lower,"(1, 2)",8,
108,P_s2_best,1.0,1.0,11.066088688957908,41.0,0.0,1.0,1.0,0.0,0.0,1.0,0.0,0.0,lower,"(1, 2)",10,
109,P_s2_best,1.0,1.0,13.16293830696572,44.0,0.0,0.0,0.0,1.0,0.0,0.0,1.0,3.0,shortcut,"(2, 3)",7,
110,P_s2_best,0.0,0.0,0.0,0.0,1.0,0.0,0.0,1.0,0.0,0.0,1.0,2.0,shortcut,"(2, 3)",,5
111,P_s2_best,0.0,0.0,0.0,0.0,1.0,1.0,0.0,0.0,0.0,1.0,0.0,2.0,lower,"(1, 2)",,5
112,P_s2_best,1.0,1.0,11.72950912024697,42.0,0.0,1.0,1.0,0.0,0.0,1.0,0.0,0.0,lower,"(1, 2)",9,
113,P_s2_best,0.0,0.0,0.0,0.0,1.0,0.0,0.0,1.0,0.0,0.0,1.0,2.0,shortcut,"(2, 3)",,4
114,P_s2_best,1.0,1.0,11.72950912024697,42.0,0.0,1.0,1.0,0.0,0.0,1.0,0.0,0.0,lower,"(1, 2)",9,
115,P_s2_best,0.0,0.0,0.0,0.0,1.0,0.0,0.0,1.0,0.0,0.0,1.0,1.0,shortcut,"(2, 3)",,3
116,P_s2_best,1.0,1.0,10.49728859668145,40.0,0.0,1.0,1.0,0.0,0.0,1.0,0.0,0.0,lower,"(1, 2)",10,
117,P_s2_best,0.0,0.0,0.0,0.0,1.0,1.0,0.0,0.0,0.0,1.0,0.0,3.0,lower,"(1, 2)",,7
118,P_s2_best,1.0,1.0,12.42784641634072,43.0,0.0,1.0,1.0,0.0,0.0,1.0,0.0,0.0,lower,"(1, 2)",8,
119,P_s2_best,0.0,0.0,0.0,0.0,1.0,0.0,0.0,1.0,0.0,0.0,1.0,2.0,shortcut,"(2, 3)",,7
120,P_s2_best,1.0,1.0,10.4358392792333,40.0,0.0,1.0,1.0,0.0,0.0,1.0,0.0,0.0,lower,"(1, 2)",11,
121,P_s2_best,1.0,1.0,13.16293830696572,44.0,0.0,0.0,0.0,1.0,0.0,0.0,1.0,3.0,shortcut,"(2, 3)",7,
122,P_s2_best,0.0,0.0,0.0,0.0,1.0,0.0,0.0,1.0,0.0,0.0,1.0,1.0,shortcut,"(2, 3)",,3
123,P_s2_best,1.0,1.0,9.268302247718463,38.0,0.0,1.0,1.0,0.0,0.0,1.0,0.0,0.0,lower,"(1, 2)",13,
124,P_s2_best,1.0,1.0,8.727942160055825,37.0,0.0,1.0,1.0,0.0,0.0,1.0,0.0,0.0,lower,"(1, 2)",14,
125,P_s2_best,1.0,1.0,11.72950912024697,42.0,0.0,1.0,1.0,0.0,0.0,1.0,0.0,0.0,lower,"(1, 2)",9,
126,P_s2_best,0.0,0.0,0.0,0.0,1.0,0.0,0.0,1.0,0.0,0.0,1.0,2.0,shortcut,"(2, 3)",,5
127,P_s2_best,1.0,1.0,11.72950912024697,42.0,0.0,1.0,1.0,0.0,0.0,1.0,0.0,0.0,lower,"(1, 2)",9,
128,P_s2_best,1.0,1.0,12.42784641634072,43.0,0.0,0.0,0.0,1.0,0.0,0.0,1.0,3.0,shortcut,"(2, 3)",8,
129,P_s2_best,1.0,1.0,11.066088688957908,41.0,0.0,1.0,1.0,0.0,0.0,1.0,0.0,0.0,lower,"(1, 2)",10,
130,P_s2_best,1.0,1.0,11.72950912024697,42.0,0.0,1.0,1.0,0.0,0.0,1.0,0.0,0.0,lower,"(1, 2)",9,
131,P_s2_best,0.0,0.0,0.0,0.0,1.0,0.0,0.0,1.0,0.0,0.0,1.0,2.0,shortcut,"(2, 3)",,4
132,P_s2_best,1.0,1.0,13.16293830696572,44.0,0.0,0.0,0.0,1.0,0.0,0.0,1.0,3.0,shortcut,"(2, 3)",7,
133,P_s2_best,0.0,0.0,0.0,0.0,1.0,0.0,0.0,1.0,0.0,0.0,1.0,3.0,shortcut,"(2, 3)",,5
134,P_s2_best,0.0,0.0,0.0,0.0,1.0,0.0,0.0,1.0,0.0,0.0,1.0,2.0,shortcut,"(2, 3)",,4
135,P_s2_best,1.0,1.0,11.198860067377733,41.0,0.0,1.0,1.0,0.0,0.0,1.0,0.0,0.0,lower,"(1, 2)",8,
136,P_s2_best,0.0,0.0,0.0,0.0,1.0,0.0,0.0,1.0,0.0,0.0,1.0,1.0,shortcut,"(2, 3)",,3
137,P_s2_best,1.0,1.0,12.42784641634072,43.0,0.0,1.0,1.0,0.0,0.0,1.0,0.0,0.0,lower,"(1, 2)",8,
138,P_s2_best,1.0,1.0,9.837102339994921,39.0,0.0,1.0,1.0,0.0,0.0,0.0,1.0,0.0,lower,"(2, 3)",12,
139,P_s2_best,0.0,0.0,0.0,0.0,1.0,0.0,0.0,1.0,0.0,0.0,1.0,3.0,shortcut,"(2, 3)",,5
140,P_s2_best,0.0,0.0,0.0,0.0,1.0,1.0,0.0,0.0,0.0,1.0,0.0,3.0,lower,"(1, 2)",,6
141,P_s2_best,0.0,0.0,0.0,0.0,1.0,0.0,0.0,1.0,0.0,0.0,1.0,2.0,shortcut,"(2, 3)",,4
142,P_s2_best,1.0,1.0,12.42784641634072,43.0,0.0,1.0,1.0,0.0,0.0,1.0,0.0,0.0,lower,"(1, 2)",8,
143,P_s2_best,1.0,1.0,13.16293830696572,44.0,0.0,0.0,0.0,1.0,0.0,0.0,1.0,3.0,shortcut,"(2, 3)",7,
144,P_s2_best,0.0,0.0,0.0,0.0,1.0,0.0,0.0,1.0,0.0,0.0,1.0,1.0,shortcut,"(2, 3)",,3
145,P_s2_best,1.0,1.0,11.72950912024697,42.0,0.0,1.0,1.0,0.0,0.0,1.0,0.0,0.0,lower,"(1, 2)",9,
146,P_s2_best,1.0,1.0,11.066088688957908,41.0,0.0,1.0,1.0,0.0,0.0,1.0,0.0,0.0,lower,"(1, 2)",10,
147,P_s2_best,1.0,1.0,11.72950912024697,42.0,0.0,1.0,1.0,0.0,0.0,1.0,0.0,0.0,lower,"(1, 2)",9,
148,P_s2_best,1.0,1.0,12.42784641634072,43.0,0.0,1.0,1.0,0.0,0.0,1.0,0.0,0.0,lower,"(1, 2)",8,
149,P_s2_best,1.0,1.0,11.066088688957908,41.0,0.0,1.0,1.0,0.0,0.0,1.0,0.0,0.0,lower,"(1, 2)",10,
150,P_s2_best,1.0,1.0,10.4358392792333,40.0,0.0,1.0,1.0,0.0,0.0,1.0,0.0,0.0,lower,"(1, 2)",11,
151,P_s2_best,0.0,0.0,0.0,0.0,1.0,0.0,0.0,1.0,0.0,0.0,1.0,2.0,shortcut,"(2, 3)",,4
152,P_s2_best,0.0,0.0,0.0,0.0,1.0,1.0,0.0,0.0,0.0,1.0,0.0,2.0,lower,"(1, 2)",,5
153,P_s2_best,1.0,1.0,10.4358392792333,40.0,0.0,1.0,1.0,0.0,0.0,1.0,0.0,0.0,lower,"(1, 2)",11,
154,P_s2_best,1.0,1.0,12.42784641634072,43.0,0.0,1.0,1.0,0.0,0.0,1.0,0.0,0.0,lower,"(1, 2)",8,
155,P_s2_best,1.0,1.0,11.72950912024697,42.0,0.0,1.0,1.0,0.0,0.0,1.0,0.0,0.0,lower,"(1, 2)",9,
156,P_s2_best,1.0,1.0,10.4358392792333,40.0,0.0,1.0,1.0,0.0,0.0,1.0,0.0,0.0,lower,"(1, 2)",11,
157,P_s2_best,1.0,1.0,10.4358392792333,40.0,0.0,1.0,1.0,0.0,0.0,1.0,0.0,0.0,lower,"(1, 2)",11,
158,P_s2_best,0.0,0.0,0.0,0.0,1.0,0.0,0.0,1.0,0.0,0.0,1.0,1.0,shortcut,"(2, 3)",,4
159,P_s2_best,1.0,1.0,10.4358392792333,40.0,0.0,1.0,1.0,0.0,0.0,1.0,0.0,0.0,lower,"(1, 2)",11,
160,P_s2_best,1.0,1.0,10.4358392792333,40.0,0.0,1.0,0.0,0.0,0.0,1.0,0.0,3.0,lower,"(1, 2)",11,
161,P_s2_best,1.0,1.0,12.42784641634072,43.0,0.0,1.0,1.0,0.0,0.0,1.0,0.0,0.0,lower,"(1, 2)",8,
162,P_s2_best,0.0,0.0,0.0,0.0,1.0,0.0,0.0,1.0,0.0,0.0,1.0,1.0,shortcut,"(2, 3)",,3
163,P_s2_best,1.0,1.0,12.42784641634072,43.0,0.0,1.0,1.0,0.0,0.0,1.0,0.0,0.0,lower,"(1, 2)",8,
164,P_s2_best,1.0,1.0,7.356353072905378,34.0,0.0,1.0,1.0,0.0,0.0,1.0,0.0,0.0,lower,"(1, 2)",15,
165,P_s2_best,1.0,1.0,11.72950912024697,42.0,0.0,1.0,1.0,0.0,0.0,1.0,0.0,0.0,lower,"(1, 2)",9,
166,P_s2_best,0.0,0.0,0.0,0.0,1.0,1.0,0.0,0.0,0.0,1.0,0.0,1.0,lower,"(1, 2)",,3
167,P_s2_best,0.0,0.0,0.0,0.0,1.0,0.0,0.0,1.0,0.0,0.0,1.0,1.0,shortcut,"(2, 3)",,3
168,P_s2_best,1.0,1.0,8.727942160055825,37.0,0.0,1.0,1.0,0.0,0.0,1.0,0.0,0.0,lower,"(1, 2)",14,
169,P_s2_best,1.0,1.0,11.72950912024697,42.0,0.0,1.0,1.0,0.0,0.0,1.0,0.0,0.0,lower,"(1, 2)",9,
170,P_s2_best,1.0,1.0,13.16293830696572,44.0,0.0,1.0,1.0,0.0,0.0,1.0,0.0,0.0,lower,"(1, 2)",7,
171,P_s2_best,1.0,1.0,13.16293830696572,44.0,0.0,0.0,0.0,1.0,0.0,0.0,1.0,3.0,shortcut,"(2, 3)",7,
172,P_s2_best,1.0,1.0,12.42784641634072,43.0,0.0,1.0,1.0,0.0,0.0,1.0,0.0,0.0,lower,"(1, 2)",8,
173,P_s2_best,0.0,0.0,0.0,0.0,1.0,1.0,0.0,0.0,0.0,0.0,1.0,2.0,lower,"(2, 3)",,7
174,P_s2_best,0.0,0.0,0.0,0.0,1.0,0.0,0.0,1.0,0.0,0.0,1.0,5.0,shortcut,"(2, 3)",,7
175,P_s2_best,1.0,1.0,11.066088688957908,41.0,0.0,1.0,1.0,0.0,0.0,1.0,0.0,0.0,lower,"(1, 2)",10,
176,P_s2_best,1.0,1.0,11.066088688957908,41.0,0.0,1.0,1.0,0.0,0.0,1.0,0.0,0.0,lower,"(1, 2)",10,
177,P_s2_best,0.0,0.0,0.0,0.0,1.0,0.0,0.0,1.0,0.0,0.0,1.0,2.0,shortcut,"(2, 3)",,6
178,P_s2_best,1.0,1.0,13.16293830696572,44.0,0.0,0.0,0.0,1.0,0.0,0.0,1.0,3.0,shortcut,"(2, 3)",7,
179,P_s2_best,1.0,1.0,12.42784641634072,43.0,0.0,1.0,1.0,0.0,0.0,1.0,0.0,0.0,lower,"(1, 2)",8,
180,P_s2_best,1.0,1.0,11.066088688957908,41.0,0.0,1.0,1.0,0.0,0.0,1.0,0.0,0.0,lower,"(1, 2)",10,
181,P_s2_best,0.0,0.0,0.0,0.0,1.0,0.0,0.0,1.0,0.0,0.0,1.0,3.0,shortcut,"(2, 3)",,6
182,P_s2_best,0.0,0.0,0.0,0.0,1.0,0.0,0.0,1.0,0.0,0.0,1.0,3.0,shortcut,"(2, 3)",,5
183,P_s2_best,0.0,0.0,0.0,0.0,1.0,1.0,0.0,0.0,0.0,1.0,0.0,1.0,lower,"(1, 2)",,6
184,P_s2_best,1.0,1.0,11.72950912024697,42.0,0.0,1.0,1.0,0.0,0.0,1.0,0.0,0.0,lower,"(1, 2)",9,
185,P_s2_best,1.0,1.0,12.42784641634072,43.0,0.0,1.0,1.0,0.0,0.0,1.0,0.0,0.0,lower,"(1, 2)",8,
186,P_s2_best,1.0,1.0,11.066088688957908,41.0,0.0,1.0,1.0,0.0,0.0,1.0,0.0,0.0,lower,"(1, 2)",10,
187,P_s2_best,1.0,1.0,9.837102339994921,39.0,0.0,1.0,1.0,0.0,0.0,1.0,0.0,0.0,lower,"(1, 2)",12,
188,P_s2_best,1.0,1.0,11.72950912024697,42.0,0.0,1.0,1.0,0.0,0.0,1.0,0.0,0.0,lower,"(1, 2)",9,
189,P_s2_best,0.0,0.0,0.0,0.0,1.0,0.0,0.0,1.0,0.0,0.0,1.0,1.0,shortcut,"(2, 3)",,3
190,P_s2_best,0.0,0.0,0.0,0.0,1.0,0.0,0.0,1.0,0.0,0.0,1.0,2.0,shortcut,"(2, 3)",,4
191,P_s2_best,1.0,1.0,13.16293830696572,44.0,0.0,0.0,0.0,1.0,0.0,0.0,1.0,3.0,shortcut,"(2, 3)",7,
192,P_s2_best,1.0,0.0,0.6983372960937497,1.0,1.0,0.0,0.0,1.0,0.0,0.0,1.0,7.0,shortcut,"(2, 3)",8,12
193,P_s2_best,0.0,0.0,0.0,0.0,1.0,0.0,0.0,1.0,0.0,0.0,1.0,2.0,shortcut,"(2, 3)",,4
194,P_s2_best,0.0,0.0,0.0,0.0,1.0,0.0,0.0,1.0,0.0,0.0,1.0,1.0,shortcut,"(2, 3)",,6
195,P_s2_best,0.0,0.0,0.0,0.0,1.0,1.0,0.0,0.0,0.0,1.0,0.0,1.0,lower,"(1, 2)",,5
196,P_s2_best,0.0,0.0,0.0,0.0,1.0,0.0,0.0,1.0,0.0,0.0,1.0,1.0,shortcut,"(2, 3)",,3
197,P_s2_best,0.0,0.0,0.0,0.0,1.0,0.0,0.0,1.0,0.0,0.0,1.0,1.0,shortcut,"(2, 3)",,3
198,P_s2_best,1.0,1.0,11.72950912024697,42.0,0.0,1.0,1.0,0.0,0.0,1.0,0.0,0.0,lower,"(1, 2)",9,
199,P_s2_best,0.0,0.0,0.0,0.0,1.0,0.0,0.0,1.0,0.0,0.0,1.0,1.0,shortcut,"(2, 3)",,3
