{
  "ckpt": "D:/Users/trhua/Research/contrastive_rl/antmaze_umaze_s0/latest.pkl",
  "step": 150500,
  "n_states": 35,
  "primary_horizon": 5,
  "behavior_buffer_size": 17500,
  "mean_neighbor_state_dist": 4.87907965523856,
  "per_set": {
    "local_s0.01": {
      "spearman_median": 0.2734560977842886,
      "spearman_frac_pos": 0.9142857142857143,
      "cb_beats_random": 0.6285714285714286,
      "cb_beats_random_ci": [
        0.45714285714285713,
        0.7714285714285715
      ],
      "cb_beats_worst": 0.6857142857142857,
      "actor_beats_random": 0.9142857142857143,
      "cb_progress_mean@5": 0.0039021495279687583,
      "cb_progress_ci@5": [
        -0.005428835930055814,
        0.014044202472785526
      ],
      "cb_progress_mean@1": -0.0004843768790715686,
      "cb_progress_mean@3": 0.0014266504824573683,
      "top_decile_progress": 0.004499899855158054,
      "bot_decile_progress": 0.004513607208331276,
      "cb_dist_from_actor": 0.03273235011313643,
      "cb_support_score": 2.521902322769165
    },
    "local_s0.03": {
      "spearman_median": 0.24579403955319537,
      "spearman_frac_pos": 0.9428571428571428,
      "cb_beats_random": 0.5428571428571428,
      "cb_beats_random_ci": [
        0.37142857142857144,
        0.6857142857142857
      ],
      "cb_beats_worst": 0.7428571428571429,
      "actor_beats_random": 0.7428571428571429,
      "cb_progress_mean@5": 0.00457892224983352,
      "cb_progress_ci@5": [
        -0.0049957339607720665,
        0.015042042414287008
      ],
      "cb_progress_mean@1": -0.00047434086745464627,
      "cb_progress_mean@3": 0.0017055505463668106,
      "top_decile_progress": 0.004380340480189733,
      "bot_decile_progress": 0.0042528000053989054,
      "cb_dist_from_actor": 0.09827150702476502,
      "cb_support_score": 2.4894884790693013
    },
    "local_s0.05": {
      "spearman_median": 0.1777948177989379,
      "spearman_frac_pos": 0.9142857142857143,
      "cb_beats_random": 0.6857142857142857,
      "cb_beats_random_ci": [
        0.5142857142857142,
        0.8285714285714286
      ],
      "cb_beats_worst": 0.7714285714285715,
      "actor_beats_random": 0.7428571428571429,
      "cb_progress_mean@5": 0.004659376523312243,
      "cb_progress_ci@5": [
        -0.004884550540289464,
        0.01518660517186936
      ],
      "cb_progress_mean@1": -0.000500133555571474,
      "cb_progress_mean@3": 0.0019383330939708962,
      "top_decile_progress": 0.004402244822618272,
      "bot_decile_progress": 0.004222557826565823,
      "cb_dist_from_actor": 0.15584431609937122,
      "cb_support_score": 2.459896036556789
    },
    "local_s0.1": {
      "spearman_median": 0.161737776963926,
      "spearman_frac_pos": 0.9714285714285714,
      "cb_beats_random": 0.6857142857142857,
      "cb_beats_random_ci": [
        0.5428571428571428,
        0.8285714285714286
      ],
      "cb_beats_worst": 0.6,
      "actor_beats_random": 0.7714285714285715,
      "cb_progress_mean@5": 0.0052544608936907645,
      "cb_progress_ci@5": [
        -0.004656152024605967,
        0.01643141422255433
      ],
      "cb_progress_mean@1": -0.0004089887830615892,
      "cb_progress_mean@3": 0.002054313888869278,
      "top_decile_progress": 0.004676155598260502,
      "bot_decile_progress": 0.00402617315083492,
      "cb_dist_from_actor": 0.32361363896301815,
      "cb_support_score": 2.3597375086375645
    },
    "local_s0.2": {
      "spearman_median": 0.11570110785570409,
      "spearman_frac_pos": 0.9142857142857143,
      "cb_beats_random": 0.6857142857142857,
      "cb_beats_random_ci": [
        0.5428571428571428,
        0.8285714285714286
      ],
      "cb_beats_worst": 0.6571428571428571,
      "actor_beats_random": 0.7428571428571429,
      "cb_progress_mean@5": 0.0059423644372339456,
      "cb_progress_ci@5": [
        -0.003826870168343491,
        0.017121810240949983
      ],
      "cb_progress_mean@1": 0.00010464782562006495,
      "cb_progress_mean@3": 0.002851325891622133,
      "top_decile_progress": 0.004826545065343573,
      "bot_decile_progress": 0.003836417960802431,
      "cb_dist_from_actor": 0.6083724566868374,
      "cb_support_score": 2.2054470470973424
    },
    "replay_nbr": {
      "spearman_median": 0.8303030303030302,
      "spearman_frac_pos": 0.8285714285714286,
      "cb_beats_random": 0.5142857142857142,
      "cb_beats_random_ci": [
        0.34285714285714286,
        0.6857142857142857
      ],
      "cb_beats_worst": 0.8285714285714286,
      "actor_beats_random": 0.5714285714285714,
      "cb_progress_mean@5": 0.013138072048490004,
      "cb_progress_ci@5": [
        -0.005097041772120412,
        0.03132805328844194
      ],
      "cb_progress_mean@1": -0.0062011352345111796,
      "cb_progress_mean@3": 0.0011771729484729805,
      "top_decile_progress": 0.013138072048490004,
      "bot_decile_progress": -0.017076093694840803,
      "cb_dist_from_actor": 2.65477397441864,
      "cb_support_score": 0.0
    },
    "uniform": {
      "spearman_median": 0.2360888573521333,
      "spearman_frac_pos": 0.9428571428571428,
      "cb_beats_random": 0.6,
      "cb_beats_random_ci": [
        0.42857142857142855,
        0.7714285714285715
      ],
      "cb_beats_worst": 0.7714285714285715,
      "actor_beats_random": 0.42857142857142855,
      "cb_progress_mean@5": 0.038832658289112115,
      "cb_progress_ci@5": [
        0.016565272650520064,
        0.06228710818369326
      ],
      "cb_progress_mean@1": -0.005866736089918767,
      "cb_progress_mean@3": 0.007922876247355846,
      "top_decile_progress": 0.046082981849006076,
      "bot_decile_progress": -0.002849557601170015,
      "cb_dist_from_actor": 3.091583183833531,
      "cb_support_score": 2.154517800467355
    }
  },
  "replay_vs_local005_mean": 0.008478695525177762,
  "global_best_source_pct": {
    "local_s0.01": 0.0,
    "local_s0.03": 0.0,
    "local_s0.05": 0.0,
    "local_s0.1": 0.0,
    "local_s0.2": 0.02857142857142857,
    "replay_nbr": 0.17142857142857143,
    "uniform": 0.8
  },
  "global_best_dist_from_actor": 3.013162004947662,
  "global_best_support": 1.868666124343872,
  "verdict": "LOCAL_RANKING_WEAK"
}