{
  "git_commit": "1a14569acf4b2b409ab451ecacd25140b31c99bd",
  "rockfall_freeze_path": "artifacts/rockfall_pilot/rockfall_freeze.json",
  "rockfall_freeze_sha256": "c44a31dcb9904ed7b9e8228d5ec3b966b00c74991d9e216cf3d72e7fa8c07400",
  "rockfall_frozen_code_commit": "225b2b01ebc39a7418dcb6a0eb6c0bd68335d9e5",
  "walker_path": "artifacts/walker/phase1/walker_best.pkl",
  "walker_sha256": "70b0a460b2e38332821f1846b48c75fbcdc884dd315b29c97ebc69083388cdd5",
  "walker_step": 1950016,
  "base_policy_path": "offline_umaze_bc005_twinmin_s0_50k/checkpoints/best.pkl",
  "base_policy_sha256": "6bece3e37c6e994fa612d721ff6e4320bebf36df8fdf3a11d6ea354a39a286ac",
  "base_policy_step": 959000,
  "env_seed": 73500019,
  "dataset_rng_seed": 76230011,
  "mask_prescreen_freq": [
    0.2,
    0.20666666666666667,
    0.19333333333333333,
    0.21666666666666667
  ],
  "consumed_seeds_checked": [
    311,
    500,
    622,
    777,
    888,
    999,
    1234,
    8150023,
    5090023,
    9271033,
    6330047,
    12450067,
    14760053,
    25770061,
    28110043,
    60001,
    60002,
    60777,
    61020,
    61030,
    61040,
    61050,
    62001,
    62100,
    62200,
    62300,
    63001,
    64001,
    71717
  ],
  "seed_reuse": [],
  "mixture": {
    "sighted": 0.85,
    "blind": 0.05,
    "coverage": 0.1
  },
  "mixture_counts": {
    "sighted": 255,
    "blind": 15,
    "coverage": 30
  },
  "route_protocol": {
    "lane": 1.1,
    "v_side": 1.1,
    "v_center": 0.8,
    "handoff_x": 6.0,
    "center_unstick": {
      "window": 40,
      "min_dx": 0.25,
      "nudge_y": 0.35,
      "nudge_steps": 25
    }
  },
  "n_episodes": 300,
  "ep_len_obs": 701,
  "horizon": 700,
  "n_states_total": 207012,
  "n_transitions_total": 206712,
  "buffer_ready_transitions": 206712,
  "env_name": "offline_ant_umaze_rockfall",
  "obs_dim_learner": 58,
  "npz_sha256": "baab73b6b0c66ff46f2629956eac8497b1f9615fec23dfb5a815825dd88a2bc3",
  "sidecar_sha256": "7ead2f826721ab189000443faf4a50058990159bcd641df2ff0a0b5f5d34c89d",
  "fingerprint": {
    "path": "D:\\Users\\trhua\\Research\\contrastive_rl\\artifacts\\rockfall_dataset\\pilot\\antmaze_rockfall_pilot.npz",
    "sha256": "baab73b6b0c66ff46f2629956eac8497b1f9615fec23dfb5a815825dd88a2bc3",
    "n_episodes": 300,
    "n_transitions": 206712,
    "obs_shape": [
      300,
      701,
      58
    ],
    "act_shape": [
      300,
      701,
      8
    ],
    "obs_dtype": "float32",
    "act_dtype": "float32",
    "ep_len_obs": 701,
    "ep_lengths_min": 31,
    "ep_lengths_max": 701,
    "keys": {
      "learner": [
        "act",
        "obs"
      ],
      "audit": [],
      "meta": [
        "meta"
      ],
      "structural": [
        "eval_goals",
        "lengths"
      ],
      "other": []
    },
    "meta": {
      "env_name": "offline_ant_umaze_rockfall",
      "obs_dim": 29,
      "goal_dim": 29,
      "action_dim": 8,
      "ep_len_obs": 701,
      "start_index": 0,
      "end_index": -1,
      "goal_indices": [
        0,
        1,
        2,
        3,
        4,
        5,
        6,
        7,
        8,
        9,
        10,
        11,
        12,
        13,
        14,
        15,
        16,
        17,
        18,
        19,
        20,
        21,
        22,
        23,
        24,
        25,
        26,
        27,
        28
      ],
      "note": "Rockfall Stage-A pilot; learner keys are obs/act only."
    }
  },
  "integrity": {
    "litter_hard_ok": true,
    "rockfall_ok": true,
    "discrepancies": []
  },
  "code_locations": {
    "env": "crl/rockfall_ant.py RockfallOfflineAntUMazeEnv",
    "route_protocol": "scripts/rockfall_pilot.py (imported, not copied)",
    "collector": "scripts/collect_rockfall_pilot.py"
  }
}