{
  "ckpt": "D:/Users/trhua/Research/contrastive_rl/antmaze_umaze_s0/latest.pkl",
  "step": 150500,
  "verdict": "OUT_OF_DISTRIBUTION_ACTION_FAILURE",
  "audit1_path_equivalence": {
    "n": 110,
    "max_action_diff": 0.0,
    "mean_action_diff": 0.0,
    "max_score_diff": 1.9073486328125e-06,
    "mean_score_diff": 9.059905892172537e-07,
    "batching_changes_result": false,
    "paths_agree": true
  },
  "audit2_action_semantics": {
    "assertions_pass": true,
    "ctrl_action_sign_agreement": 1.0,
    "ctrl_action_scale_ratio_median": 1.0,
    "action_dim": 8,
    "ctrl_dim": 8,
    "examples_first3": [
      {
        "pre_tanh": [
          4.084799766540527,
          -0.5784000158309937,
          0.4271000027656555,
          2.451900005340576,
          1.80840003490448,
          -2.891900062561035,
          -5.366300106048584,
          -5.252999782562256
        ],
        "post_tanh": [
          0.9994000196456909,
          -0.5214999914169312,
          0.40290001034736633,
          0.9853000044822693,
          0.947700023651123,
          -0.9939000010490417,
          -1.0,
          -0.9998999834060669
        ],
        "a_eval": [
          0.9994000196456909,
          -0.5214999914169312,
          0.40290001034736633,
          0.9853000044822693,
          0.947700023651123,
          -0.9939000010490417,
          -1.0,
          -0.9998999834060669
        ],
        "ctrl": [
          0.9994,
          -0.5215,
          0.4029,
          0.9853,
          0.9477,
          -0.9939,
          -1.0,
          -0.9999
        ]
      },
      {
        "pre_tanh": [
          4.084799766540527,
          -0.5784000158309937,
          0.4271000027656555,
          2.451900005340576,
          1.80840003490448,
          -2.891900062561035,
          -5.366300106048584,
          -5.252999782562256
        ],
        "post_tanh": [
          0.9994000196456909,
          -0.5214999914169312,
          0.40290001034736633,
          0.9853000044822693,
          0.947700023651123,
          -0.9939000010490417,
          -1.0,
          -0.9998999834060669
        ],
        "a_eval": [
          0.9994000196456909,
          -0.5214999914169312,
          0.40290001034736633,
          0.9853000044822693,
          0.947700023651123,
          -0.9939000010490417,
          -1.0,
          -0.9998999834060669
        ],
        "ctrl": [
          0.9994,
          -0.5215,
          0.4029,
          0.9853,
          0.9477,
          -0.9939,
          -1.0,
          -0.9999
        ]
      },
      {
        "pre_tanh": [
          4.084799766540527,
          -0.5784000158309937,
          0.4271000027656555,
          2.451900005340576,
          1.80840003490448,
          -2.891900062561035,
          -5.366300106048584,
          -5.252999782562256
        ],
        "post_tanh": [
          0.9994000196456909,
          -0.5214999914169312,
          0.40290001034736633,
          0.9853000044822693,
          0.947700023651123,
          -0.9939000010490417,
          -1.0,
          -0.9998999834060669
        ],
        "a_eval": [
          0.9994000196456909,
          -0.5214999914169312,
          0.40290001034736633,
          0.9853000044822693,
          0.947700023651123,
          -0.9939000010490417,
          -1.0,
          -0.9998999834060669
        ],
        "ctrl": [
          0.9994,
          -0.5215,
          0.4029,
          0.9853,
          0.9477,
          -0.9939,
          -1.0,
          -0.9999
        ]
      }
    ]
  },
  "audit3_replay_roundtrip": {
    "n_transitions": 1200,
    "storage_lossless": true,
    "max_abs_diff_sent_vs_critic": 0.0,
    "mean_abs_diff": 0.0,
    "identical": true,
    "per_dim": [
      {
        "dim": 0,
        "corr": 1.0,
        "mad": 0.0,
        "scale_ratio": 1.0,
        "sign_agree": 1.0,
        "min": -1.0,
        "max": 0.9540305733680725
      },
      {
        "dim": 1,
        "corr": 1.0,
        "mad": 0.0,
        "scale_ratio": 1.0,
        "sign_agree": 1.0,
        "min": -0.9999996423721313,
        "max": 0.9859368801116943
      },
      {
        "dim": 2,
        "corr": 0.9999999999999999,
        "mad": 0.0,
        "scale_ratio": 1.0,
        "sign_agree": 1.0,
        "min": -1.0,
        "max": 0.9999638795852661
      },
      {
        "dim": 3,
        "corr": 1.0,
        "mad": 0.0,
        "scale_ratio": 1.0,
        "sign_agree": 1.0,
        "min": -1.0,
        "max": 0.9630134701728821
      },
      {
        "dim": 4,
        "corr": 1.0,
        "mad": 0.0,
        "scale_ratio": 1.0,
        "sign_agree": 1.0,
        "min": -0.999985933303833,
        "max": 1.0
      },
      {
        "dim": 5,
        "corr": 1.0,
        "mad": 0.0,
        "scale_ratio": 1.0,
        "sign_agree": 1.0,
        "min": -1.0,
        "max": 1.0
      },
      {
        "dim": 6,
        "corr": 1.0,
        "mad": 0.0,
        "scale_ratio": 1.0,
        "sign_agree": 1.0,
        "min": -1.0,
        "max": 0.9997280836105347
      },
      {
        "dim": 7,
        "corr": 1.0,
        "mad": 0.0,
        "scale_ratio": 1.0,
        "sign_agree": 1.0,
        "min": -0.999998927116394,
        "max": 1.0
      }
    ]
  },
  "audit4_goal_paths": {
    "all_goal_paths_identical": true,
    "relabel_uses_achieved_goal_indices": true,
    "goal_slice": [
      0,
      2
    ],
    "examples": [
      {
        "torso_xy": [
          0.263,
          4.69
        ],
        "env_goal": [
          -0.18299999833106995,
          3.0910000801086426
        ],
        "actor_goal": [
          -0.18299999833106995,
          3.0910000801086426
        ],
        "critic_goal": [
          -0.18299999833106995,
          3.0910000801086426
        ],
        "probe_goal": [
          -0.18299999833106995,
          3.0910000801086426
        ],
        "dist": 1.661,
        "dist_matches_d0": true
      },
      {
        "torso_xy": [
          0.263,
          4.69
        ],
        "env_goal": [
          -0.18299999833106995,
          3.0910000801086426
        ],
        "actor_goal": [
          -0.18299999833106995,
          3.0910000801086426
        ],
        "critic_goal": [
          -0.18299999833106995,
          3.0910000801086426
        ],
        "probe_goal": [
          -0.18299999833106995,
          3.0910000801086426
        ],
        "dist": 1.661,
        "dist_matches_d0": true
      },
      {
        "torso_xy": [
          0.263,
          4.69
        ],
        "env_goal": [
          -0.18299999833106995,
          3.0910000801086426
        ],
        "actor_goal": [
          -0.18299999833106995,
          3.0910000801086426
        ],
        "critic_goal": [
          -0.18299999833106995,
          3.0910000801086426
        ],
        "probe_goal": [
          -0.18299999833106995,
          3.0910000801086426
        ],
        "dist": 1.661,
        "dist_matches_d0": true
      },
      {
        "torso_xy": [
          2.373,
          4.763
        ],
        "env_goal": [
          -0.18299999833106995,
          3.0910000801086426
        ],
        "actor_goal": [
          -0.18299999833106995,
          3.0910000801086426
        ],
        "critic_goal": [
          -0.18299999833106995,
          3.0910000801086426
        ],
        "probe_goal": [
          -0.18299999833106995,
          3.0910000801086426
        ],
        "dist": 3.054,
        "dist_matches_d0": true
      },
      {
        "torso_xy": [
          0.263,
          4.69
        ],
        "env_goal": [
          -0.18299999833106995,
          3.0910000801086426
        ],
        "actor_goal": [
          -0.18299999833106995,
          3.0910000801086426
        ],
        "critic_goal": [
          -0.18299999833106995,
          3.0910000801086426
        ],
        "probe_goal": [
          -0.18299999833106995,
          3.0910000801086426
        ],
        "dist": 1.661,