{
  "git_commit": "b04d977f195968ea57fb1788dfb5bf6c636245c5",
  "rockfall_freeze_path": "artifacts/rockfall_pilot/rockfall_freeze.json",
  "rockfall_freeze_sha256": "c44a31dcb9904ed7b9e8228d5ec3b966b00c74991d9e216cf3d72e7fa8c07400",
  "rockfall_frozen_code_commit": "225b2b01ebc39a7418dcb6a0eb6c0bd68335d9e5",
  "walker_path": "artifacts/walker/phase1/walker_best.pkl",
  "walker_sha256": "70b0a460b2e38332821f1846b48c75fbcdc884dd315b29c97ebc69083388cdd5",
  "walker_step": 1950016,
  "base_policy_path": "offline_umaze_bc005_twinmin_s0_50k/checkpoints/best.pkl",
  "base_policy_sha256": "6bece3e37c6e994fa612d721ff6e4320bebf36df8fdf3a11d6ea354a39a286ac",
  "base_policy_step": 959000,
  "env_seed": 90100019,
  "dataset_rng_seed": 88140077,
  "mask_prescreen_freq": [
    0.21071428571428572,
    0.205,
    0.21071428571428572,
    0.20285714285714285
  ],
  "consumed_seeds_checked": [
    311,
    500,
    622,
    777,
    888,
    999,
    1234,
    8150023,
    5090023,
    9271033,
    6330047,
    12450067,
    14760053,
    25770061,
    28110043,
    60001,
    60002,
    60777,
    61020,
    61030,
    61040,
    61050,
    62001,
    62100,
    62200,
    62300,
    63001,
    64001,
    65001,
    66001,
    67001,
    68001,
    69001,
    71717,
    73500019,
    76230011
  ],
  "seed_reuse": [],
  "mixture": {
    "sighted": 0.85,
    "blind": 0.05,
    "coverage": 0.1
  },
  "mixture_counts": {
    "sighted": 1190,
    "blind": 70,
    "coverage": 140
  },
  "route_protocol": {
    "lane": 1.1,
    "v_side": 1.1,
    "v_center": 0.8,
    "handoff_x": 6.0,
    "center_unstick": {
      "window": 40,
      "min_dx": 0.25,
      "nudge_y": 0.35,
      "nudge_steps": 25
    }
  },
  "n_episodes": 1400,
  "ep_len_obs": 701,
  "horizon": 700,
  "n_states_total": 972916,
  "n_transitions_total": 971516,
  "buffer_ready_transitions": 971516,
  "env_name": "offline_ant_umaze_rockfall",
  "obs_dim_learner": 58,
  "npz_sha256": "d9722c91422c3b98eeb1a76e351352fc83a0b2086784c336b3f0928f2110c7f0",
  "sidecar_sha256": "d1bad66d2373e8174aa76c7ed1e3be5c8be08897b7a06f9b4c0849a8a256e055",
  "fingerprint": {
    "path": "D:\\Users\\trhua\\Research\\contrastive_rl\\artifacts\\rockfall_dataset\\full\\antmaze_rockfall_full.npz",
    "sha256": "d9722c91422c3b98eeb1a76e351352fc83a0b2086784c336b3f0928f2110c7f0",
    "n_episodes": 1400,
    "n_transitions": 971516,
    "obs_shape": [
      1400,
      701,
      58
    ],
    "act_shape": [
      1400,
      701,
      8
    ],
    "obs_dtype": "float32",
    "act_dtype": "float32",
    "ep_len_obs": 701,
    "ep_lengths_min": 28,
    "ep_lengths_max": 701,
    "keys": {
      "learner": [
        "act",
        "obs"
      ],
      "audit": [],
      "meta": [
        "meta"
      ],
      "structural": [
        "eval_goals",
        "lengths"
      ],
      "other": []
    },
    "meta": {
      "env_name": "offline_ant_umaze_rockfall",
      "obs_dim": 29,
      "goal_dim": 29,
      "action_dim": 8,
      "ep_len_obs": 701,
      "start_index": 0,
      "end_index": -1,
      "goal_indices": [
        0,
        1,
        2,
        3,
        4,
        5,
        6,
        7,
        8,
        9,
        10,
        11,
        12,
        13,
        14,
        15,
        16,
        17,
        18,
        19,
        20,
        21,
        22,
        23,
        24,
        25,
        26,
        27,
        28
      ],
      "note": "Rockfall dataset (antmaze_rockfall_full); learner keys are obs/act only."
    }
  },
  "integrity": {
    "litter_hard_ok": true,
    "rockfall_ok": true,
    "discrepancies": []
  },
  "code_locations": {
    "env": "crl/rockfall_ant.py RockfallOfflineAntUMazeEnv",
    "route_protocol": "scripts/rockfall_pilot.py (imported, not copied)",
    "collector": "scripts/collect_rockfall_pilot.py"
  }
}