group,ep,t,x,y,z,a01_best__f1,a01_best__f2,a01_best__f_min,a01_best__f_mean,a0_best__f1,a0_best__f2,a0_best__f_min,a0_best__f_mean
bad_k0,100000,24,2.6874,1.1106,0.5541,-13.45866,-17.00589,-17.00589,-15.23227,-7.16601,-22.28321,-22.28321,-14.72461
bad_k0,100001,30,2.6896,1.0054,0.5708,-13.90975,-17.42377,-17.42377,-15.66676,-11.10786,-22.38171,-22.38171,-16.74479
bad_k0,100002,24,2.6585,1.1598,0.5080,-13.79194,-18.91830,-18.91830,-16.35512,-14.76419,-24.17809,-24.17809,-19.47114
bad_k0,100003,28,2.7499,1.0729,0.5491,-16.73195,-18.59076,-18.59076,-17.66135,-12.73467,-22.74885,-22.74885,-17.74176
bad_k0,100004,26,2.7869,1.0690,0.5059,-14.68724,-17.15328,-17.15328,-15.92026,-10.83214,-22.48612,-22.48612,-16.65913
bad_k0,100005,62,4.0867,-1.0211,0.5100,-7.05677,-9.24727,-9.24727,-8.15202,-11.93255,-13.01968,-13.01968,-12.47612
bad_k0,100006,50,4.6137,-1.0246,0.4815,-9.90663,-10.72845,-10.72845,-10.31754,-11.71856,-14.62010,-14.62010,-13.16933
bad_k0,100007,28,2.7235,1.0923,0.5289,-11.54195,-16.55061,-16.55061,-14.04628,-6.15040,-24.82716,-24.82716,-15.48878
bad_k0,100008,34,3.2251,-1.0614,0.5328,-11.14400,-10.21677,-11.14400,-10.68038,-11.45763,-12.26214,-12.26214,-11.85989
bad_k0,100009,24,2.7108,1.1163,0.5535,-15.05689,-17.74529,-17.74529,-16.40109,-13.37255,-19.69523,-19.69523,-16.53389
bad_k0,100010,49,4.6583,-1.1056,0.4612,-11.96357,-12.48480,-12.48480,-12.22418,-8.89035,-14.22765,-14.22765,-11.55900
bad_k0,100011,25,2.6183,1.0346,0.5606,-14.51058,-20.74109,-20.74109,-17.62584,-14.76497,-29.29897,-29.29897,-22.03197
bad_k0,100012,54,4.7729,-1.0532,0.4749,-8.42291,-10.20090,-10.20090,-9.31190,-5.29928,-11.42561,-11.42561,-8.36245
bad_k0,100013,41,3.2118,-1.0291,0.4753,-10.49696,-12.55852,-12.55852,-11.52774,-12.96607,-14.68133,-14.68133,-13.82370
bad_k0,100014,24,2.6233,1.1056,0.5548,-9.89095,-13.00203,-13.00203,-11.44649,-11.74373,-22.93447,-22.93447,-17.33910
bad_k0,100015,25,2.7173,1.0052,0.5090,-14.26193,-19.25728,-19.25728,-16.75960,-18.31482,-23.83763,-23.83763,-21.07623
bad_k0,100016,50,4.5234,-1.1276,0.6189,-7.51452,-8.98612,-8.98612,-8.25032,-14.10812,-17.68494,-17.68494,-15.89653
bad_k0,100017,29,2.7321,1.0688,0.5431,-12.91684,-18.18191,-18.18191,-15.54938,-11.78316,-28.08845,-28.08845,-19.93580
bad_k0,100018,33,2.6700,1.0281,0.5719,-13.73379,-12.32708,-13.73379,-13.03044,-9.61145,-22.12683,-22.12683,-15.86914
bad_k0,100019,33,2.7793,1.1097,0.5128,-11.53066,-19.28695,-19.28695,-15.40881,-8.27067,-24.53195,-24.53195,-16.40131
bad_k0,100020,24,2.7026,1.0976,0.5629,-13.74797,-17.85657,-17.85657,-15.80227,-7.71067,-24.86535,-24.86535,-16.28801
bad_k0,100021,25,2.5988,1.0659,0.5471,-9.79704,-13.64812,-13.64812,-11.72258,-12.62131,-26.13369,-26.13369,-19.37750
bad_k0,100022,52,4.5306,-1.0234,0.4988,-9.61493,-8.81605,-9.61493,-9.21549,-9.94714,-9.01396,-9.94714,-9.48055
bad_k0,100023,78,5.1202,-1.0377,0.4928,-7.58696,-9.47562,-9.47562,-8.53129,-10.63163,-14.15123,-14.15123,-12.39143
bad_k0,100024,42,4.1235,0.9267,0.5871,-10.32945,-22.95060,-22.95060,-16.64002,-8.14572,-30.46866,-30.46866,-19.30719
bad_k0,100025,30,3.1773,-1.0791,0.5246,-10.30021,-9.54210,-10.30021,-9.92116,-13.53622,-12.28474,-13.53622,-12.91048
bad_k0,100026,29,2.6362,1.1047,0.5688,-14.21887,-15.53617,-15.53617,-14.87752,-10.79400,-22.11769,-22.11769,-16.45584
bad_k0,100027,34,2.8634,1.0105,0.5216,-10.26430,-13.57672,-13.57672,-11.92051,-8.63271,-23.81537,-23.81537,-16.22404
bad_k0,100028,30,2.6154,1.0311,0.5194,-13.26933,-14.99468,-14.99468,-14.13200,-8.18012,-20.95229,-20.95229,-14.56621
bad_k0,100029,48,4.7075,-1.1621,0.4641,-5.15704,-9.55826,-9.55826,-7.35765,-4.45146,-9.63943,-9.63943,-7.04545
bad_k0,100030,35,3.2068,-1.0709,0.4624,-9.04962,-10.30459,-10.30459,-9.67710,-10.50026,-12.54811,-12.54811,-11.52419
bad_k0,100031,30,2.6791,1.0777,0.5196,-11.90140,-17.86701,-17.86701,-14.88421,-8.41394,-26.92226,-26.92226,-17.66810
bad_k0,100032,36,2.9867,1.0130,0.5658,-11.35720,-16.06365,-16.06365,-13.71042,-8.40067,-20.58070,-20.58070,-14.49068
bad_k0,100033,29,2.7046,1.0488,0.5483,-12.02442,-16.20680,-16.20680,-14.11561,-10.02840,-23.11019,-23.11019,-16.56929
bad_k0,100034,42,3.3729,-1.0138,0.4350,-9.88423,-8.04622,-9.88423,-8.96522,-14.30969,-16.44855,-16.44855,-15.37912
bad_k0,100035,34,3.3387,-1.0681,0.4604,-11.00086,-12.19599,-12.19599,-11.59842,-14.30847,-12.50253,-14.30847,-13.40550
bad_k0,100036,32,2.8098,1.2480,0.5131,-12.85190,-19.13782,-19.13782,-15.99486,-5.46209,-25.97851,-25.97851,-15.72030
bad_k0,100037,28,2.8126,0.9122,0.5480,-12.69866,-17.11710,-17.11710,-14.90788,-14.35958,-23.02130,-23.02130,-18.69044
bad_k0,100038,49,4.6511,-0.9316,0.6306,-7.51649,-11.28889,-11.28889,-9.40269,-10.88137,-14.11138,-14.11138,-12.49637
bad_k0,100039,48,4.6343,-1.0729,0.5144,-11.24099,-12.57939,-12.57939,-11.91019,-10.94753,-17.43224,-17.43224,-14.18989
bad_k0,100040,43,4.5404,-1.1401,0.5011,-9.70839,-15.96608,-15.96608,-12.83723,-14.26565,-20.30429,-20.30429,-17.28497
bad_k0,100041,29,2.8515,1.1479,0.5229,-10.13379,-16.08709,-16.08709,-13.11044,-6.58231,-22.85944,-22.85944,-14.72088
bad_k0,100042,47,4.5170,-1.1331,0.5220,-9.93518,-10.22106,-10.22106,-10.07812,-15.33870,-14.31628,-15.33870,-14.82749
bad_k0,100043,32,2.6502,1.2127,0.5322,-5.89656,-16.54501,-16.54501,-11.22079,-8.16595,-18.85912,-18.85912,-13.51253
bad_k0,100044,24,2.6013,1.0717,0.5694,-13.99190,-16.56198,-16.56198,-15.27694,-11.91166,-21.83529,-21.83529,-16.87348
bad_k0,100045,25,2.6556,1.0126,0.5198,-11.63043,-17.32473,-17.32473,-14.47758,-14.51280,-19.53138,-19.53138,-17.02209
bad_k0,100046,48,4.4514,-1.0197,0.5074,-12.48850,-13.56003,-13.56003,-13.02426,-14.50898,-14.41046,-14.50898,-14.45972
bad_k0,100047,25,2.7199,1.0178,0.5108,-17.10447,-17.60364,-17.60364,-17.35406,-11.97484,-21.20301,-21.20301,-16.58892
bad_k0,100048,33,3.2294,-1.0059,0.4722,-9.51290,-9.88313,-9.88313,-9.69801,-14.20837,-13.16878,-14.20837,-13.68857
bad_k0,100049,32,2.7844,1.0122,0.5764,-13.43906,-13.33815,-13.43906,-13.38861,-12.01289,-19.98013,-19.98013,-15.99651
bad_k0,100050,94,5.4723,-1.0126,0.4917,-11.26660,-10.54575,-11.26660,-10.90617,-11.30112,-17.78667,-17.78667,-14.54390
bad_k0,100051,29,2.6807,1.0945,0.5339,-9.42977,-14.72562,-14.72562,-12.07770,-13.86281,-20.49108,-20.49108,-17.17694
bad_k0,100052,31,2.7483,1.0608,0.6054,-10.99221,-15.22525,-15.22525,-13.10873,-7.56064,-18.46535,-18.46535,-13.01300
bad_k0,100053,47,4.5730,-1.1290,0.5137,-8.14158,-8.94235,-8.94235,-8.54197,-13.24040,-16.45051,-16.45051,-14.84546
bad_k0,100054,49,4.5455,-1.0370,0.5442,-8.71405,-11.10641,-11.10641,-9.91023,-16.91005,-13.79294,-16.91005,-15.35149
bad_k0,100055,48,4.7139,-1.1183,0.4589,-9.87765,-13.52786,-13.52786,-11.70275,-11.60874,-14.94490,-14.94490,-13.27682
bad_k1,100000,25,2.9059,0.7968,0.3798,-12.68576,-14.72976,-14.72976,-13.70776,-14.40733,-25.60314,-25.60314,-20.00524
bad_k1,100001,31,2.8659,0.7685,0.3797,-14.62227,-15.39510,-15.39510,-15.00869,-14.67950,-29.48635,-29.48635,-22.08293
bad_k1,100002,25,2.8587,0.7531,0.3797,-12.85247,-14.55818,-14.55818,-13.70533,-14.22149,-29.26846,-29.26846,-21.74498
bad_k1,100003,29,2.9724,0.7902,0.3797,-10.72071,-15.48577,-15.48577,-13.10324,-15.68610,-29.26407,-29.26407,-22.47509
bad_k1,100004,27,2.9569,0.7905,0.3797,-11.69835,-13.84436,-13.84436,-12.77136,-14.06806,-26.04711,-26.04711,-20.05759
bad_k1,100005,63,4.2433,-0.7821,0.3796,-11.99267,-9.08649,-11.99267,-10.53958,-13.23182,-14.66914,-14.66914,-13.95048
bad_k1,100006,51,4.8371,-0.7405,0.3796,-14.21622,-12.15521,-14.21622,-13.18571,-14.08159,-17.21545,-17.21545,-15.64852
bad_k1,100007,29,2.8958,0.7909,0.3797,-12.40995,-14.48572,-14.48572,-13.44783,-13.29288,-27.48834,-27.48834,-20.39061
bad_k1,100008,35,3.4525,-0.7876,0.4541,-8.55447,-6.69327,-8.55447,-7.62387,-9.92959,-10.40524,-10.40524,-10.16742
bad_k1,100009,25,2.9547,0.8055,0.3798,-12.34334,-15.21439,-15.21439,-13.77886,-15.32370,-25.62698,-25.62698,-20.47534
bad_k1,100010,50,4.8886,-0.8388,0.3796,-10.47163,-10.99313,-10.99313,-10.73238,-10.17953,-16.26857,-16.26857,-13.22405
bad_k1,100011,26,2.8074,0.8332,0.3797,-9.88713,-15.14753,-15.14753,-12.51733,-13.47883,-29.63346,-29.63346,-21.55614
bad_k1,100012,55,4.9571,-0.7137,0.3796,-15.05499,-10.71627,-15.05499,-12.88563,-12.79448,-13.84523,-13.84523,-13.31986
bad_k1,100013,42,3.4567,-0.7589,0.3859,-9.69705,-7.43918,-9.69705,-8.56811,-11.34152,-11.21596,-11.34152,-11.27874
bad_k1,100014,25,2.8087,0.8208,0.3797,-10.65874,-12.73836,-12.73836,-11.69855,-11.36330,-23.86308,-23.86308,-17.61319
bad_k1,100015,26,2.8622,0.8044,0.3797,-11.90850,-15.41760,-15.41760,-13.66305,-13.81400,-29.88831,-29.88831,-21.85115
bad_k1,100016,51,4.7481,-0.7739,0.3797,-14.52121,-9.53252,-14.52121,-12.02687,-13.16644,-15.56310,-15.56310,-14.36477
bad_k1,100017,30,2.8967,0.7473,0.3796,-13.73279,-14.43396,-14.43396,-14.08338,-13.88401,-27.34592,-27.34592,-20.61496
bad_k1,100018,34,2.7695,0.7188,0.3796,-14.09998,-13.65847,-14.09998,-13.87922,-14.16298,-25.37227,-25.37227,-19.76763
bad_k1,100019,34,2.9999,0.7007,0.3796,-14.13250,-15.04077,-15.04077,-14.58664,-15.26105,-27.10049,-27.10049,-21.18077
bad_k1,100020,25,2.8388,0.7919,0.3796,-11.90677,-13.37549,-13.37549,-12.64113,-12.52052,-23.18877,-23.18877,-17.85464
bad_k1,100021,26,2.7675,0.8722,0.3797,-8.77431,-13.62680,-13.62680,-11.20056,-11.67894,-26.21177,-26.21177,-18.94536
bad_k1,100022,53,4.7018,-0.8172,0.3796,-10.19825,-8.94526,-10.19825,-9.57175,-11.24856,-13.48749,-13.48749,-12.36802
bad_k1,100023,79,5.2877,-0.6969,0.3796,-13.62667,-12.94995,-13.62667,-13.28831,-14.00966,-18.20954,-18.20954,-16.10960
bad_k1,100024,43,4.1939,0.8425,0.3797,-11.63406,-23.02976,-23.02976,-17.33191,-15.20305,-29.22272,-29.22272,-22.21289
bad_k1,100025,31,3.3632,-0.7800,0.3796,-10.78625,-6.77227,-10.78625,-8.77926,-10.71737,-10.17233,-10.71737,-10.44485
bad_k1,100026,30,2.8388,0.7873,0.3797,-12.61675,-14.48405,-14.48405,-13.55040,-13.40688,-25.90675,-25.90675,-19.65681
bad_k1,100027,35,2.9021,0.7399,0.3797,-14.41586,-15.32026,-15.32026,-14.86806,-14.72079,-29.08874,-29.08874,-21.90477
bad_k1,100028,31,2.7741,0.8307,0.3797,-10.48625,-12.35470,-12.35470,-11.42047,-15.10798,-27.76545,-27.76545,-21.43671
bad_k1,100029,49,4.7885,-0.8693,0.3797,-8.05896,-11.00676,-11.00676,-9.53286,-7.31070,-15.46270,-15.46270,-11.38670
bad_k1,100030,36,3.3665,-0.8067,0.4223,-10.43071,-7.09391,-10.43071,-8.76231,-11.23694,-12.54151,-12.54151,-11.88922
bad_k1,100031,31,2.7856,0.8234,0.3796,-11.78741,-14.64334,-14.64334,-13.21537,-12.15120,-27.75868,-27.75868,-19.95494
bad_k1,100032,37,3.1947,0.7919,0.3796,-10.57876,-16.06311,-16.06311,-13.32093,-14.29749,-24.21822,-24.21822,-19.25785
bad_k1,100033,30,2.9372,0.6576,0.3796,-15.88532,-13.92117,-15.88532,-14.90325,-15.42514,-24.90775,-24.90775,-20.16644
bad_k1,100034,43,3.4854,-0.7606,0.4296,-10.84493,-6.04244,-10.84493,-8.44368,-7.62428,-11.13401,-11.13401,-9.37914
bad_k1,100035,35,3.4504,-0.7656,0.3797,-13.46541,-9.42661,-13.46541,-11.44601,-14.36128,-13.49786,-14.36128,-13.92957
bad_k1,100036,33,2.7864,0.9510,0.3798,-16.98819,-21.62436,-21.62436,-19.30628,-9.61518,-37.04338,-37.04338,-23.32928
bad_k1,100037,29,2.8737,0.8242,0.3797,-9.44506,-14.08528,-14.08528,-11.76517,-15.07154,-29.36297,-29.36297,-22.21725
bad_k1,100038,50,4.6351,-0.8074,0.3818,-8.45560,-10.20742,-10.20742,-9.33151,-7.47326,-13.71367,-13.71367,-10.59346
bad_k1,100039,49,4.8399,-0.6822,0.3796,-17.15423,-12.12815,-17.15423,-14.64119,-15.61746,-18.28921,-18.28921,-16.95333
bad_k1,100040,44,4.7418,-0.8561,0.3797,-11.24340,-10.61550,-11.24340,-10.92945,-11.22154,-15.93368,-15.93368,-13.57761
bad_k1,100041,30,2.8832,0.8034,0.3798,-13.53178,-16.46626,-16.46626,-14.99902,-11.47640,-27.07219,-27.07219,-19.27430
bad_k1,100042,48,4.6585,-0.7999,0.3796,-12.64548,-11.96020,-12.64548,-12.30284,-12.37740,-16.51015,-16.51015,-14.44378
bad_k1,100043,33,2.6188,1.0232,0.3995,-17.20465,-16.24232,-17.20465,-16.72348,-19.22315,-28.21667,-28.21667,-23.71991
bad_k1,100044,25,2.8334,0.8318,0.3797,-11.98589,-15.53155,-15.53155,-13.75872,-15.16664,-32.42663,-32.42663,-23.79664
bad_k1,100045,26,2.8669,0.8113,0.3797,-11.01977,-13.59166,-13.59166,-12.30572,-13.55894,-26.44365,-26.44365,-20.00130
bad_k1,100046,49,4.6140,-0.7125,0.3796,-15.39661,-10.89853,-15.39661,-13.14757,-17.42999,-17.48619,-17.48619,-17.45809
bad_k1,100047,26,2.8647,0.7803,0.3797,-10.80791,-12.78326,-12.78326,-11.79559,-12.49882,-23.76959,-23.76959,-18.13420
bad_k1,100048,34,3.3294,-0.7676,0.4024,-12.25208,-6.37510,-12.25208,-9.31359,-11.40907,-13.91402,-13.91402,-12.66154
bad_k1,100049,33,2.9199,0.7767,0.3796,-12.61804,-13.88595,-13.88595,-13.25199,-12.55416,-19.97104,-19.97104,-16.26260
bad_k1,100050,95,5.6055,-0.7417,0.3796,-16.18024,-11.34900,-16.18024,-13.76462,-9.84483,-19.96057,-19.96057,-14.90270
bad_k1,100051,30,2.6146,0.8313,0.3798,-16.46358,-17.82814,-17.82814,-17.14586,-15.30232,-28.81644,-28.81644,-22.05938
bad_k1,100052,32,2.9380,0.8137,0.3796,-9.64886,-12.05432,-12.05432,-10.85159,-10.78393,-19.53875,-19.53875,-15.16134
bad_k1,100053,48,4.6935,-0.8197,0.3796,-11.08765,-10.20638,-11.08765,-10.64702,-13.06568,-16.40349,-16.40349,-14.73458
bad_k1,100054,50,4.7352,-0.8040,0.3796,-10.15208,-8.99628,-10.15208,-9.57418,-12.42930,-12.90971,-12.90971,-12.66951
bad_k1,100055,49,4.8425,-0.8029,0.3796,-12.59371,-11.48451,-12.59371,-12.03911,-13.97310,-17.90063,-17.90063,-15.93686
good,0,22,2.1706,1.1962,0.5398,-6.10480,-12.13742,-12.13742,-9.12111,-8.33316,-16.70547,-16.70547,-12.51931
good,0,32,3.3480,1.1458,0.5369,-8.34074,-12.77574,-12.77574,-10.55824,-10.56069,-18.18357,-18.18357,-14.37213
good,0,42,3.8264,0.9227,0.5337,-8.72001,-11.97393,-11.97393,-10.34697,-9.62801,-20.69362,-20.69362,-15.16082
good,0,52,4.0047,0.7641,0.7636,-18.54928,-17.43631,-18.54928,-17.99279,-15.69193,-20.42433,-20.42433,-18.05813
good,0,62,4.1749,0.6896,0.5852,-18.49820,-17.36369,-18.49820,-17.93095,-16.54428,-21.23702,-21.23702,-18.89065
good,0,72,4.2911,0.7641,0.5130,-20.52970,-14.58586,-20.52970,-17.55778,-14.20012,-22.66148,-22.66148,-18.43080
good,0,82,4.4377,0.7572,0.5412,-18.89454,-17.11244,-18.89454,-18.00349,-12.67370,-22.77020,-22.77020,-17.72195
good,0,92,4.5544,0.7338,0.5603,-20.08764,-18.09477,-20.08764,-19.09120,-10.01097,-20.93752,-20.93752,-15.47425
good,0,102,4.6962,0.6858,0.5842,-22.26390,-18.58936,-22.26390,-20.42663,-11.62553,-17.00590,-17.00590,-14.31571
good,0,112,4.7713,0.6723,0.5409,-22.21868,-19.34612,-22.21868,-20.78240,-14.03094,-22.38296,-22.38296,-18.20695
good,0,122,4.8853,0.6912,0.6514,-25.57257,-21.23632,-25.57257,-23.40445,-13.10691,-21.57250,-21.57250,-17.33971
good,0,132,4.9809,0.6614,0.6251,-24.29509,-19.32453,-24.29509,-21.80981,-13.12322,-19.88260,-19.88260,-16.50291
good,0,142,5.0941,0.6327,0.6114,-29.21490,-18.30320,-29.21490,-23.75905,-14.64212,-23.08402,-23.08402,-18.86307
good,0,152,5.1745,0.7092,0.6557,-22.49543,-16.17470,-22.49543,-19.33506,-14.92005,-22.92764,-22.92764,-18.92385
good,0,162,5.2809,0.7250,0.6320,-23.18565,-18.27307,-23.18565,-20.72936,-13.47364,-20.44581,-20.44581,-16.95972
good,0,172,5.4189,0.8041,0.6041,-20.81090,-17.78154,-20.81090,-19.29622,-8.07008,-19.60657,-19.60657,-13.83832
good,0,182,5.5640,0.8004,0.4868,-21.66678,-16.15808,-21.66678,-18.91243,-10.80922,-20.53419,-20.53419,-15.67170
good,0,274,4.9110,8.4444,0.5586,-11.06755,-11.02724,-11.06755,-11.04739,-9.31054,-9.84026,-9.84026,-9.57540
good,0,284,3.0297,7.8967,0.6526,-9.61690,-11.03648,-11.03648,-10.32669,-9.60427,-14.21843,-14.21843,-11.91135
good,2,23,2.2667,-1.1552,0.5432,-5.83307,-10.99180,-10.99180,-8.41244,-10.58666,-14.88257,-14.88257,-12.73462
good,2,33,3.3823,-1.0666,0.5433,-6.28091,-9.08836,-9.08836,-7.68463,-9.05517,-11.95080,-11.95080,-10.50298
good,2,43,4.1837,-1.0862,0.5670,-7.08301,-10.41570,-10.41570,-8.74936,-8.58331,-12.56799,-12.56799,-10.57565
good,2,53,5.0896,-1.1184,0.5735,-4.11447,-10.66069,-10.66069,-7.38758,-7.47713,-12.70967,-12.70967,-10.09340
good,2,142,5.3854,9.0743,0.5378,-5.62195,-5.79213,-5.79213,-5.70704,-9.29309,-12.18080,-12.18080,-10.73695
good,2,152,3.8972,8.9164,0.6723,-6.78543,-1.04293,-6.78543,-3.91418,-9.39930,-9.22778,-9.39930,-9.31354
good,2,162,2.4916,8.9756,0.5759,-0.45126,1.36786,-0.45126,0.45830,-16.45246,-14.34637,-16.45246,-15.39942
good,3,30,2.2555,0.0579,0.5148,-24.55177,-18.41732,-24.55177,-21.48455,-16.70811,-21.63017,-21.63017,-19.16914
good,3,40,2.4498,-0.0464,0.5513,-20.52635,-17.45819,-20.52635,-18.99227,-15.37891,-23.17125,-23.17125,-19.27508
good,3,50,2.5332,-0.0687,0.5533,-21.49405,-17.93213,-21.49405,-19.71309,-15.75320,-23.43157,-23.43157,-19.59238
good,3,60,2.6012,-0.0717,0.5793,-21.14502,-17.85826,-21.14502,-19.50164,-16.66878,-23.76047,-23.76047,-20.21462
good,3,70,2.6488,-0.0101,0.5921,-20.38236,-17.01890,-20.38236,-18.70063,-15.21697,-23.86257,-23.86257,-19.53977
good,3,80,2.7225,-0.0475,0.7245,-19.94884,-17.11074,-19.94884,-18.52979,-14.86471,-21.40182,-21.40182,-18.13326
good,3,90,2.7892,-0.0847,0.6740,-20.53934,-17.31436,-20.53934,-18.92685,-15.72469,-22.75278,-22.75278,-19.23874
good,3,100,2.8712,-0.1155,0.6001,-22.12104,-17.32798,-22.12104,-19.72451,-15.85818,-21.48813,-21.48813,-18.67315
good,3,110,2.9370,-0.0970,0.5116,-21.90422,-17.20549,-21.90422,-19.55486,-17.99265,-20.19025,-20.19025,-19.09145
good,3,120,3.0091,-0.0947,0.5589,-20.42466,-15.99574,-20.42466,-18.21020,-17.32731,-19.30050,-19.30050,-18.31391
good,3,130,3.0727,-0.0749,0.5603,-21.29564,-16.67074,-21.29564,-18.98319,-18.24292,-18.95769,-18.95769,-18.60031
good,3,140,3.1322,-0.0603,0.5207,-20.16566,-16.70460,-20.16566,-18.43513,-17.58347,-19.54347,-19.54347,-18.56347
good,3,150,3.1852,-0.0290,0.5795,-22.29446,-17.64142,-22.29446,-19.96794,-18.26559,-23.23811,-23.23811,-20.75185
good,3,160,3.2440,-0.0111,0.4756,-20.99764,-16.26614,-20.99764,-18.63189,-16.39018,-20.36703,-20.36703,-18.37861
good,3,170,3.3148,-0.0190,0.5913,-24.38694,-17.84690,-24.38694,-21.11692,-17.72165,-19.61909,-19.61909,-18.67037
good,3,180,3.3614,-0.0376,0.6298,-23.40921,-17.67332,-23.40921,-20.54126,-18.08339,-19.59603,-19.59603,-18.83971
good,3,190,3.4073,-0.0691,0.5792,-24.50048,-17.25499,-24.50048,-20.87774,-18.13855,-18.82987,-18.82987,-18.48421
good,3,200,3.4607,-0.0645,0.5796,-25.43170,-15.93671,-25.43170,-20.68421,-19.69710,-17.70814,-19.69710,-18.70262
good,3,210,3.5115,-0.0701,0.5807,-26.29503,-16.07067,-26.29503,-21.18285,-22.25331,-22.13354,-22.25331,-22.19343
good,3,220,3.5849,-0.0248,0.5472,-26.21242,-18.55492,-26.21242,-22.38367,-21.01894,-19.22796,-21.01894,-20.12345
good,3,230,3.6335,0.0442,0.6255,-26.32744,-17.32127,-26.32744,-21.82435,-19.39136,-18.33775,-19.39136,-18.86456
good,3,240,3.7132,0.0759,0.6144,-27.49313,-17.66376,-27.49313,-22.57844,-21.21662,-17.93433,-21.21662,-19.57548
good,3,250,3.7762,0.0592,0.4777,-27.11047,-17.80141,-27.11047,-22.45594,-20.32372,-20.24543,-20.32372,-20.28457
good,3,260,3.8648,0.0526,0.5631,-27.76950,-18.39610,-27.76950,-23.08280,-21.77465,-19.20781,-21.77465,-20.49123
good,3,270,3.9247,0.0314,0.6021,-31.50154,-19.33387,-31.50154,-25.41771,-20.93088,-17.16074,-20.93088,-19.04581
good,3,280,4.0068,0.0221,0.5829,-31.24733,-18.49702,-31.24733,-24.87217,-20.15115,-17.58927,-20.15115,-18.87021
good,3,290,4.0641,0.0448,0.5357,-28.17284,-17.57844,-28.17284,-22.87564,-21.02098,-17.09607,-21.02098,-19.05852
good,3,300,4.1398,0.0471,0.5312,-29.30992,-19.24888,-29.30992,-24.27940,-20.42363,-19.40226,-20.42363,-19.91294
good,3,310,4.2080,0.0520,0.5770,-30.90467,-18.11410,-30.90467,-24.50939,-20.60563,-16.49283,-20.60563,-18.54923
good,3,320,4.2657,0.0591,0.5187,-32.51195,-18.77460,-32.51195,-25.64328,-22.53151,-15.06264,-22.53151,-18.79707
good,3,330,4.3393,0.0025,0.4807,-30.15307,-18.82745,-30.15307,-24.49026,-21.03438,-18.15278,-21.03438,-19.59358
good,3,340,4.3931,-0.0560,0.6602,-29.28335,-18.66709,-29.28335,-23.97522,-20.27495,-13.17343,-20.27495,-16.72419
good,3,350,4.4541,-0.0579,0.5373,-31.68995,-21.02491,-31.68995,-26.35743,-21.83928,-13.42936,-21.83928,-17.63432
good,3,360,4.5060,-0.0651,0.6003,-35.75190,-20.49429,-35.75190,-28.12309,-24.38234,-13.75120,-24.38234,-19.06677
good,3,370,4.5846,-0.0042,0.5381,-33.62970,-22.07455,-33.62970,-27.85213,-22.95850,-15.02757,-22.95850,-18.99304
good,3,380,4.6148,0.0531,0.5744,-36.78847,-19.90265,-36.78847,-28.34556,-25.72760,-20.16582,-25.72760,-22.94671
good,3,390,4.6820,0.0754,0.5706,-37.11421,-20.97589,-37.11421,-29.04505,-20.58753,-16.15988,-20.58753,-18.37370
good,3,400,4.7731,0.0832,0.5176,-36.20383,-20.32969,-36.20383,-28.26676,-20.18830,-16.95239,-20.18830,-18.57034
good,3,410,4.8277,0.0375,0.5758,-34.56235,-22.20602,-34.56235,-28.38419,-20.48201,-14.64991,-20.48201,-17.56596
good,3,420,4.8669,-0.0076,0.6320,-35.50645,-21.10847,-35.50645,-28.30746,-20.81753,-13.12295,-20.81753,-16.97024
good,3,430,4.9298,-0.0558,0.5226,-37.48678,-22.03554,-37.48678,-29.76116,-22.85350,-16.20905,-22.85350,-19.53127
good,3,440,5.0014,-0.0405,0.5977,-34.56402,-21.07164,-34.56402,-27.81783,-18.49268,-13.81736,-18.49268,-16.15502
good,3,450,5.0804,-0.0234,0.5798,-36.41708,-21.14777,-36.41708,-28.78242,-18.63874,-12.59680,-18.63874,-15.61777
good,3,460,5.1348,0.0296,0.6232,-38.25092,-23.48106,-38.25092,-30.86599,-16.80963,-17.67944,-17.67944,-17.24454
good,3,470,5.1798,0.0626,0.5440,-38.71105,-20.27189,-38.71105,-29.49147,-14.62337,-16.27296,-16.27296,-15.44816
good,3,480,5.2696,0.0298,0.5883,-33.52131,-19.40258,-33.52131,-26.46195,-15.22433,-14.28189,-15.22433,-14.75311
good,3,490,5.3202,0.0005,0.6936,-33.17437,-20.98851,-33.17437,-27.08144,-14.61340,-17.23253,-17.23253,-15.92297
good,3,500,5.4018,-0.0326,0.7112,-36.22630,-20.93771,-36.22630,-28.58200,-14.40526,-16.03621,-16.03621,-15.22074
good,3,510,5.4654,-0.0587,0.6450,-35.92913,-20.03027,-35.92913,-27.97970,-14.12589,-13.56248,-14.12589,-13.84418
good,3,520,5.5457,-0.0854,0.5509,-33.72940,-19.06094,-33.72940,-26.39517,-15.28212,-15.77152,-15.77152,-15.52682
good,3,596,5.7235,8.5252,0.6362,-4.40374,-7.32476,-7.32476,-5.86425,-2.65988,-12.00425,-12.00425,-7.33206
good,3,606,5.1387,8.8894,0.5553,-3.56421,-3.61652,-3.61652,-3.59036,-4.69413,-13.30744,-13.30744,-9.00079
good,3,616,4.4227,8.9268,0.6097,-1.12324,-2.36471,-2.36471,-1.74397,-0.56713,-12.50084,-12.50084,-6.53399
good,3,626,4.0506,8.9708,0.4926,0.14201,-6.09870,-6.09870,-2.97834,-6.71542,-11.76223,-11.76223,-9.23882
good,3,636,3.5266,9.1244,0.5522,0.99610,1.09225,0.99610,1.04417,-4.97925,-11.95341,-11.95341,-8.46633
good,3,646,3.0808,8.9826,0.4600,0.85706,-6.02493,-6.02493,-2.58394,-3.72206,-9.21741,-9.21741,-6.46973
good,3,656,2.5114,8.6954,0.5071,-5.29456,-8.08778,-8.08778,-6.69117,-19.01224,-16.61842,-19.01224,-17.81533
good,4,24,2.2885,-0.8993,0.5292,-6.78856,-8.77606,-8.77606,-7.78231,-8.59983,-12.40732,-12.40732,-10.50357
good,4,34,3.2703,-0.9050,0.4969,-6.07368,-7.95040,-7.95040,-7.01204,-8.63274,-12.54485,-12.54485,-10.58880
good,4,44,4.2107,-1.1270,0.5576,-4.12944,-12.00922,-12.00922,-8.06933,-6.48259,-10.99733,-10.99733,-8.73996
good,4,54,5.4261,-1.0526,0.5623,-4.49520,-10.48568,-10.48568,-7.49044,-7.63481,-15.36152,-15.36152,-11.49816
good,4,154,4.5776,8.1350,0.5667,-8.96849,-3.65813,-8.96849,-6.31331,-7.31903,-7.00703,-7.31903,-7.16303
good,4,164,2.8623,8.1704,0.6448,-7.70189,-9.91166,-9.91166,-8.80678,-7.99652,-10.08145,-10.08145,-9.03899
good,6,26,2.2601,1.2231,0.5062,-11.64865,-17.86654,-17.86654,-14.75760,-13.58755,-24.79200,-24.79200,-19.18978
good,6,36,3.3029,1.1278,0.5600,-2.07250,-16.96746,-16.96746,-9.51998,-7.80701,-23.93061,-23.93061,-15.86881
good,6,46,4.2948,1.1305,0.5565,-5.87565,-15.16129,-15.16129,-10.51847,-8.74118,-21.10161,-21.10161,-14.92139
good,6,56,5.2343,0.9662,0.5606,-6.34868,-14.94899,-14.94899,-10.64883,-3.76556,-17.98143,-17.98143,-10.87350
good,6,135,5.2039,8.6052,0.4843,-8.43212,-14.43457,-14.43457,-11.43334,-10.68190,-17.22749,-17.22749,-13.95469
good,6,145,3.2888,8.4644,0.6642,-14.68063,-9.37485,-14.68063,-12.02774,-10.83472,-13.85299,-13.85299,-12.34385
good,7,23,2.2440,-0.8337,0.5339,-10.55534,-10.20196,-10.55534,-10.37865,-10.13446,-15.75615,-15.75615,-12.94531
good,7,33,3.0622,-0.8346,0.6041,-10.89209,-9.42382,-10.89209,-10.15795,-11.60485,-12.44435,-12.44435,-12.02460
good,7,43,3.2516,-0.8398,0.5872,-10.08912,-8.95879,-10.08912,-9.52396,-11.82720,-12.62583,-12.62583,-12.22652
good,7,53,3.4716,-0.8236,0.4833,-10.11530,-8.54838,-10.11530,-9.33184,-9.42323,-11.88360,-11.88360,-10.65342
good,7,63,3.8242,-0.7756,0.5429,-10.66266,-8.11146,-10.66266,-9.38706,-10.64429,-10.64249,-10.64429,-10.64339
good,7,73,4.0281,-0.7785,0.5308,-11.17674,-8.52481,-11.17674,-9.85077,-11.69047,-10.97346,-11.69047,-11.33196
good,7,83,4.2029,-0.8297,0.4710,-10.45988,-9.18197,-10.45988,-9.82093,-11.82693,-11.96217,-11.96217,-11.89455
good,7,93,4.3817,-0.7879,0.5153,-12.19732,-8.76048,-12.19732,-10.47890,-11.74739,-9.76441,-11.74739,-10.75590
good,7,103,4.5415,-0.7795,0.5461,-11.56527,-7.96107,-11.56527,-9.76317,-11.36632,-8.84079,-11.36632,-10.10355
good,7,113,4.7176,-0.8853,0.5874,-10.49653,-8.44612,-10.49653,-9.47132,-10.68100,-8.81804,-10.68100,-9.74952
good,7,123,5.0028,-0.8489,0.5719,-7.54380,-7.05849,-7.54380,-7.30115,-9.24724,-7.40857,-9.24724,-8.32790
good,7,133,5.3861,-1.0201,0.5529,-5.81855,-7.69056,-7.69056,-6.75456,-10.45083,-6.64494,-10.45083,-8.54788
good,7,214,5.2944,7.9151,0.9927,-12.37828,-12.84056,-12.84056,-12.60942,-7.45233,-18.50534,-18.50534,-12.97884
good,7,224,4.1936,8.3592,0.6469,-7.68908,-11.76189,-11.76189,-9.72549,-14.20641,-11.55118,-14.20641,-12.87879
good,7,234,2.5503,8.1450,0.6009,-10.48149,-11.29268,-11.29268,-10.88708,-11.88292,-13.80346,-13.80346,-12.84319
good,7,319,2.5942,8.9453,0.2592,-31.75423,-31.36893,-31.75423,-31.56158,-24.05103,-31.11032,-31.11032,-27.58068
good,7,329,2.5468,8.9745,0.2702,-33.70923,-37.13274,-37.13274,-35.42098,-31.51162,-27.38462,-31.51162,-29.44812
good,7,339,2.5243,8.9503,0.2669,-23.64097,-27.56296,-27.56296,-25.60196,-36.20526,-27.62288,-36.20526,-31.91407
good,7,349,2.4971,8.9239,0.2669,-26.82134,-34.17211,-34.17211,-30.49672,-49.74948,-46.99884,-49.74948,-48.37416
good,7,359,2.6351,8.8856,0.2664,-43.60738,-35.92305,-43.60738,-39.76521,-60.63207,-50.59236,-60.63207,-55.61222
good,7,369,2.6912,8.9137,0.2667,-42.39442,-48.49636,-48.49636,-45.44539,-57.29875,-38.80889,-57.29875,-48.05382
good,7,379,2.6316,8.8684,0.2671,-15.95510,-29.37576,-29.37576,-22.66543,-40.99653,-27.53340,-40.99653,-34.26497
good,7,389,2.6184,8.8641,0.2742,-34.82640,-45.44408,-45.44408,-40.13524,-48.29440,-49.20225,-49.20225,-48.74833
good,7,399,2.6509,8.8152,0.2669,-39.11554,-46.07675,-46.07675,-42.59615,-54.74913,-29.81674,-54.74913,-42.28294
good,7,409,2.7581,8.8558,0.2668,-47.43560,-39.80527,-47.43560,-43.62044,-62.35023,-42.67738,-62.35023,-52.51381
good,7,419,2.7491,8.8880,0.2666,-35.36250,-45.71451,-45.71451,-40.53850,-55.82637,-65.81939,-65.81939,-60.82288
good,7,429,2.7688,8.8302,0.2669,-28.63759,-22.40678,-28.63759,-25.52219,-57.80194,-30.77991,-57.80194,-44.29092
good,7,439,2.5617,8.7973,0.2669,-47.30966,-49.84904,-49.84904,-48.57935,-72.40742,-57.04595,-72.40742,-64.72668
good,7,449,2.6857,8.7877,0.2688,-34.81911,-42.93339,-42.93339,-38.87625,-63.02558,-52.73271,-63.02558,-57.87914
good,7,459,2.6721,8.8047,0.2668,-47.83796,-38.78021,-47.83796,-43.30908,-63.00438,-51.80535,-63.00438,-57.40487
good,7,469,2.6259,8.7973,0.2668,-36.70557,-40.29659,-40.29659,-38.50108,-62.44062,-35.57941,-62.44062,-49.01002
good,7,479,2.6044,8.8015,0.2670,-42.56073,-45.46717,-45.46717,-44.01395,-68.10906,-50.48593,-68.10906,-59.29750
good,7,489,2.6282,8.8222,0.2668,-45.46806,-43.54631,-45.46806,-44.50718,-62.50835,-43.55806,-62.50835,-53.03320
good,7,499,2.6049,8.9295,0.2676,-44.75669,-37.36932,-44.75669,-41.06301,-67.82352,-36.52427,-67.82352,-52.17389
good,7,509,2.5879,8.9221,0.2675,-46.00002,-38.46508,-46.00002,-42.23255,-66.89769,-39.23856,-66.89769,-53.06812
good,7,519,2.5883,8.9157,0.2676,-45.60086,-36.57891,-45.60086,-41.08988,-62.46399,-36.04605,-62.46399,-49.25502
good,7,529,2.5946,8.8987,0.2667,-54.62564,-42.47120,-54.62564,-48.54842,-63.70757,-61.77895,-63.70757,-62.74326
good,7,539,2.6063,8.7781,0.2669,-45.65512,-43.76754,-45.65512,-44.71133,-72.60723,-50.58455,-72.60723,-61.59589
good,7,549,2.5789,8.8150,0.2680,-41.28849,-41.15325,-41.28849,-41.22087,-68.02834,-47.42491,-68.02834,-57.72662
good,7,559,2.5635,8.8747,0.2673,-45.44087,-45.08559,-45.44087,-45.26323,-69.78793,-46.05198,-69.78793,-57.91995
good,7,569,2.6008,8.8098,0.2668,-47.37325,-48.32905,-48.32905,-47.85115,-65.04580,-55.04403,-65.04580,-60.04491
good,7,579,2.5583,8.7817,0.2695,-35.17875,-39.69583,-39.69583,-37.43729,-58.88877,-34.65959,-58.88877,-46.77418
good,7,589,2.5760,8.9247,0.2673,-41.99734,-37.56129,-41.99734,-39.77931,-62.16864,-38.44644,-62.16864,-50.30754
good,7,599,2.5427,8.8891,0.2677,-43.37506,-38.74688,-43.37506,-41.06097,-60.58739,-36.09217,-60.58739,-48.33978
good,7,609,2.5430,8.8929,0.2674,-43.39745,-38.66262,-43.39745,-41.03004,-59.98679,-35.99136,-59.98679,-47.98907
good,7,619,2.5430,8.8929,0.2674,-43.39745,-38.66262,-43.39745,-41.03004,-59.98677,-35.99137,-59.98677,-47.98907
good,7,629,2.5430,8.8929,0.2674,-43.39745,-38.66262,-43.39745,-41.03004,-59.98677,-35.99137,-59.98677,-47.98907
good,7,639,2.5430,8.8929,0.2674,-43.39745,-38.66262,-43.39745,-41.03004,-59.98677,-35.99137,-59.98677,-47.98907
good,7,649,2.5430,8.8929,0.2674,-43.39745,-38.66262,-43.39745,-41.03004,-59.98677,-35.99137,-59.98677,-47.98907
good,7,659,2.5430,8.8929,0.2674,-43.39745,-38.66262,-43.39745,-41.03004,-59.98677,-35.99137,-59.98677,-47.98907
good,7,669,2.5430,8.8929,0.2674,-43.39745,-38.66262,-43.39745,-41.03004,-59.98677,-35.99137,-59.98677,-47.98907
good,7,679,2.5430,8.8929,0.2674,-43.39745,-38.66262,-43.39745,-41.03004,-59.98677,-35.99137,-59.98677,-47.98907
good,7,689,2.5430,8.8929,0.2674,-43.39745,-38.66262,-43.39745,-41.03004,-59.98677,-35.99137,-59.98677,-47.98907
good,7,699,2.5430,8.8929,0.2674,-43.39745,-38.66262,-43.39745,-41.03004,-59.98677,-35.99137,-59.98677,-47.98907
good,7,709,2.5430,8.8929,0.2674,-43.39745,-38.66262,-43.39745,-41.03004,-59.98677,-35.99137,-59.98677,-47.98907
good,7,719,2.5430,8.8929,0.2674,-43.39745,-38.66262,-43.39745,-41.03004,-59.98677,-35.99137,-59.98677,-47.98907
good,7,729,2.5430,8.8929,0.2674,-43.39745,-38.66262,-43.39745,-41.03004,-59.98677,-35.99137,-59.98677,-47.98907
good,7,739,2.5430,8.8929,0.2674,-43.39745,-38.66262,-43.39745,-41.03004,-59.98677,-35.99137,-59.98677,-47.98907
good,7,749,2.5430,8.8929,0.2674,-43.39745,-38.66262,-43.39745,-41.03004,-59.98677,-35.99137,-59.98677,-47.98907
good,7,759,2.5430,8.8929,0.2674,-43.39745,-38.66262,-43.39745,-41.03004,-59.98677,-35.99137,-59.98677,-47.98907
good,7,769,2.5430,8.8929,0.2674,-43.39745,-38.66262,-43.39745,-41.03004,-59.98677,-35.99137,-59.98677,-47.98907
good,7,779,2.5430,8.8929,0.2674,-43.39745,-38.66262,-43.39745,-41.03004,-59.98677,-35.99137,-59.98677,-47.98907
good,7,789,2.5430,8.8929,0.2674,-43.39745,-38.66262,-43.39745,-41.03004,-59.98677,-35.99137,-59.98677,-47.98907
good,7,799,2.5430,8.8929,0.2674,-43.39745,-38.66262,-43.39745,-41.03004,-59.98677,-35.99137,-59.98677,-47.98907
good,8,23,2.2691,0.9596,0.6292,-13.02176,-16.22310,-16.22310,-14.62243,-16.51061,-23.59184,-23.59184,-20.05123
good,8,33,2.5355,0.7824,0.5802,-16.63609,-13.47366,-16.63609,-15.05488,-17.39486,-28.26282,-28.26282,-22.82884
good,8,43,2.7350,0.7505,0.6860,-16.70969,-15.47878,-16.70969,-16.09423,-18.09267,-27.55781,-27.55781,-22.82524
good,8,53,2.9155,0.7464,0.5671,-19.02759,-17.13149,-19.02759,-18.07954,-19.67323,-25.26011,-25.26011,-22.46667
good,8,63,3.0330,0.7778,0.5905,-15.31577,-14.82264,-15.31577,-15.06921,-16.30425,-25.27028,-25.27028,-20.78727
good,8,73,3.1961,0.7787,0.5379,-17.12313,-14.73754,-17.12313,-15.93033,-19.33598,-26.93337,-26.93337,-23.13468
good,8,83,3.3218,0.7394,0.5237,-20.56688,-17.59594,-20.56688,-19.08141,-19.51128,-29.12127,-29.12127,-24.31628
good,8,93,3.4121,0.7186,0.5423,-20.65794,-15.99101,-20.65794,-18.32447,-18.95810,-23.23394,-23.23394,-21.09602
good,8,103,3.5478,0.6939,0.4747,-21.81448,-15.82256,-21.81448,-18.81852,-21.33679,-27.54187,-27.54187,-24.43933
good,8,113,3.5863,0.6551,0.5184,-22.26191,-15.12486,-22.26191,-18.69338,-19.41735,-26.75840,-26.75840,-23.08787
good,8,123,3.6943,0.6334,0.5990,-25.81158,-16.14231,-25.81158,-20.97695,-20.27972,-25.60196,-25.60196,-22.94084
good,8,133,3.7687,0.6668,0.4868,-21.13025,-11.74864,-21.13025,-16.43944,-22.31917,-24.72779,-24.72779,-23.52348
good,8,143,3.8717,0.7254,0.6038,-23.93822,-14.95570,-23.93822,-19.44696,-20.32734,-21.40578,-21.40578,-20.86656
good,8,153,3.9758,0.7688,0.5621,-19.59835,-12.71557,-19.59835,-16.15696,-22.41543,-24.11169,-24.11169,-23.26356
good,8,163,4.1215,0.7875,0.6688,-14.62976,-14.20174,-14.62976,-14.41575,-15.51891,-23.77409,-23.77409,-19.64650
good,8,173,4.2883,0.8575,0.6248,-12.96185,-14.58452,-14.58452,-13.77319,-17.22233,-22.13518,-22.13518,-19.67875
good,8,183,4.4288,0.8394,0.5414,-20.48926,-12.97569,-20.48926,-16.73248,-19.82284,-24.82304,-24.82304,-22.32294
good,8,193,4.5412,0.8115,0.5334,-21.11066,-16.57538,-21.11066,-18.84302,-20.43818,-31.34842,-31.34842,-25.89330
good,8,203,4.7514,0.9057,0.5252,-18.76832,-16.62095,-18.76832,-17.69463,-24.50772,-31.56704,-31.56704,-28.03738
good,8,213,5.2743,0.9127,0.5909,-23.90711,-16.19177,-23.90711,-20.04944,-27.97204,-31.88156,-31.88156,-29.92680
good,8,223,5.3832,0.8878,0.6437,-18.08991,-16.52779,-18.08991,-17.30885,-20.63008,-34.72715,-34.72715,-27.67862
good,8,233,5.5884,0.7921,0.5255,-28.32335,-18.76127,-28.32335,-23.54231,-15.93329,-26.16374,-26.16374,-21.04852
good,8,329,4.9096,7.7719,0.5149,-8.59227,-13.18761,-13.18761,-10.88994,-9.13722,-24.18169,-24.18169,-16.65945
good,9,21,2.2962,0.9200,0.5449,-13.13722,-16.91377,-16.91377,-15.02550,-9.64705,-19.88543,-19.88543,-14.76624
good,9,31,2.8934,0.8618,0.5424,-15.76288,-14.80053,-15.76288,-15.28170,-10.85937,-20.73739,-20.73739,-15.79838
good,9,41,2.9797,0.7395,0.5171,-16.89695,-16.09703,-16.89695,-16.49699,-15.46375,-26.74188,-26.74188,-21.10282
good,9,51,3.0696,0.6800,0.5361,-18.20595,-15.03148,-18.20595,-16.61872,-12.35347,-24.67220,-24.67220,-18.51283
good,9,61,3.1908,0.7809,0.6227,-15.44131,-14.13365,-15.44131,-14.78748,-13.55628,-22.25810,-22.25810,-17.90719
good,9,71,3.2730,0.7988,0.5639,-17.81416,-14.30020,-17.81416,-16.05718,-13.59473,-21.31675,-21.31675,-17.45574
good,9,81,3.3808,0.7384,0.6849,-17.61810,-13.29858,-17.61810,-15.45834,-15.92397,-25.81971,-25.81971,-20.87184
good,9,91,3.4850,0.7577,0.5251,-16.48975,-12.94186,-16.48975,-14.71581,-14.13890,-19.42803,-19.42803,-16.78347
good,9,101,3.5867,0.7275,0.4717,-20.75001,-12.80793,-20.75001,-16.77897,-12.01652,-24.60316,-24.60316,-18.30984
good,9,111,3.7028,0.7782,0.5605,-17.99195,-15.24951,-17.99195,-16.62073,-12.23530,-23.19596,-23.19596,-17.71563
good,9,121,3.8343,0.8069,0.6114,-15.31901,-16.05569,-16.05569,-15.68735,-12.26312,-18.08785,-18.08785,-15.17548
good,9,131,4.1622,1.0508,0.5345,-4.99565,-11.85874,-11.85874,-8.42719,-4.26365,-19.08039,-19.08039,-11.67202
good,9,141,4.6793,0.9785,0.5353,-8.93370,-14.47448,-14.47448,-11.70409,-5.89998,-17.04495,-17.04495,-11.47247
good,9,151,5.0613,1.0450,0.5282,-6.44348,-13.15136,-13.15136,-9.79742,-7.55488,-18.61081,-18.61081,-13.08284
good,9,242,5.8684,8.8838,0.5950,-8.00253,-7.73472,-8.00253,-7.86862,-5.35039,-10.24244,-10.24244,-7.79641
good,9,252,4.5035,8.8643,0.5793,-5.61982,-0.09158,-5.61982,-2.85570,2.26674,-0.34362,-0.34362,0.96156
good,10,24,2.1931,-1.1022,0.5367,-7.88242,-11.31126,-11.31126,-9.59684,-10.00535,-15.15890,-15.15890,-12.58212
good,10,34,3.2887,-1.1489,0.5429,-5.24721,-9.68466,-9.68466,-7.46593,-6.93020,-13.58792,-13.58792,-10.25906
good,10,44,4.3884,-0.9799,0.6405,-11.56291,-11.52708,-11.56291,-11.54500,-12.67442,-16.84389,-16.84389,-14.75915
good,10,54,4.6046,-0.8715,0.5189,-12.17061,-8.55552,-12.17061,-10.36306,-9.17996,-13.22252,-13.22252,-11.20124
good,10,64,5.0037,-0.8137,0.6015,-14.24647,-8.41666,-14.24647,-11.33157,-12.13726,-11.87907,-12.13726,-12.00816
good,10,74,5.2108,-0.8179,0.7308,-12.80957,-8.05501,-12.80957,-10.43229,-11.42346,-9.93063,-11.42346,-10.67704
good,10,84,5.4182,-0.7860,0.5787,-14.40988,-8.09015,-14.40988,-11.25002,-8.90042,-10.03521,-10.03521,-9.46782
good,10,94,5.5324,-0.8466,0.6567,-14.27612,-9.27126,-14.27612,-11.77369,-6.56466,-14.93043,-14.93043,-10.74755
good,10,193,4.8401,8.6012,0.4924,-5.03616,-3.51554,-5.03616,-4.27585,-6.73263,-4.55317,-6.73263,-5.64290
good,10,203,3.4063,8.1253,0.4589,-12.74266,-9.37017,-12.74266,-11.05642,-7.40076,-8.22023,-8.22023,-7.81049
good,11,23,2.1969,1.1563,0.5471,-16.54137,-20.53071,-20.53071,-18.53604,-12.04988,-22.45011,-22.45011,-17.25000
good,11,33,3.0112,0.9831,0.5264,-8.07323,-15.97311,-15.97311,-12.02317,-10.07175,-25.53010,-25.53010,-17.80092
good,11,43,3.3910,0.9375,0.5388,-16.54730,-19.37417,-19.37417,-17.96073,-12.72276,-31.20989,-31.20989,-21.96633
good,11,53,3.5692,0.8436,0.4977,-13.47850,-16.36296,-16.36296,-14.92073,-11.37869,-28.48260,-28.48260,-19.93064
good,11,63,3.6956,0.8400,0.5372,-16.74335,-17.52391,-17.52391,-17.13363,-13.74168,-25.14871,-25.14871,-19.44519
good,11,73,3.8859,0.8429,0.5845,-18.06172,-21.54522,-21.54522,-19.80347,-14.90945,-26.07866,-26.07866,-20.49405
good,11,83,4.1081,0.8278,0.6733,-15.29338,-22.67665,-22.67665,-18.98501,-12.90800,-29.00668,-29.00668,-20.95734
good,11,93,4.3186,0.7475,0.6020,-20.41588,-19.34193,-20.41588,-19.87891,-15.05733,-24.59808,-24.59808,-19.82771
good,11,103,4.4387,0.7813,0.5495,-17.51735,-21.60556,-21.60556,-19.56145,-16.44489,-24.50990,-24.50990,-20.47739
good,11,113,4.6067,0.7453,0.4915,-23.77663,-22.14821,-23.77663,-22.96242,-15.76727,-27.29136,-27.29136,-21.52931
good,11,123,4.7427,0.7853,0.5906,-20.06398,-21.37246,-21.37246,-20.71822,-11.05939,-27.27352,-27.27352,-19.16645
good,11,133,4.8288,0.7617,0.5588,-25.91402,-23.05177,-25.91402,-24.48289,-13.08581,-25.54926,-25.54926,-19.31754
good,11,143,4.9059,0.7462,0.5499,-27.15092,-22.91606,-27.15092,-25.03349,-12.02645,-25.53008,-25.53008,-18.77826
good,11,153,5.0375,0.7149,0.6661,-27.11324,-19.00357,-27.11324,-23.05840,-11.86304,-27.74181,-27.74181,-19.80243
good,11,163,5.1505,0.7600,0.5409,-24.08772,-22.65687,-24.08772,-23.37229,-19.62441,-27.57977,-27.57977,-23.60209
good,11,173,5.2788,0.7809,0.5809,-25.32012,-21.46073,-25.32012,-23.39042,-16.38510,-29.31867,-29.31867,-22.85188
good,11,183,5.4714,0.8025,0.5600,-26.43838,-19.64175,-26.43838,-23.04007,-14.33158,-26.29420,-26.29420,-20.31289
good,11,193,5.5575,0.8395,0.5093,-24.82197,-22.22055,-24.82197,-23.52126,-12.53969,-27.22627,-27.22627,-19.88298
good,11,285,5.2320,8.2607,0.4725,-12.56745,-15.01100,-15.01100,-13.78923,-4.97527,-20.44064,-20.44064,-12.70796
good,11,295,4.0685,8.7448,0.6351,-4.68929,-6.62885,-6.62885,-5.65907,-7.60568,-19.09915,-19.09915,-13.35241
good,11,305,2.8675,8.8306,0.5724,-7.66565,0.43879,-7.66565,-3.61343,-9.52128,-4.13464,-9.52128,-6.82796
good,12,23,2.2683,-1.0741,0.5401,-7.84457,-12.94733,-12.94733,-10.39595,-11.99411,-14.97536,-14.97536,-13.48473
good,12,33,2.9279,-0.8848,0.5660,-9.87469,-12.35518,-12.35518,-11.11493,-12.42475,-15.68289,-15.68289,-14.05382
good,12,43,3.1511,-0.8040,0.5304,-9.61199,-11.70399,-11.70399,-10.65799,-12.10655,-16.75143,-16.75143,-14.42899
good,12,53,3.4020,-0.8095,0.6077,-11.19283,-9.74898,-11.19283,-10.47091,-12.06204,-13.32205,-13.32205,-12.69205
good,12,63,3.4793,-0.7833,0.5518,-11.07498,-10.01508,-11.07498,-10.54503,-12.01375,-15.87725,-15.87725,-13.94550
good,12,73,3.6356,-0.8102,0.5229,-10.47091,-8.92993,-10.47091,-9.70042,-11.92452,-15.81149,-15.81149,-13.86800
good,12,83,3.8193,-0.7583,0.5917,-11.97978,-10.87283,-11.97978,-11.42631,-11.57488,-14.07349,-14.07349,-12.82418
good,12,93,4.0004,-0.7250,0.5572,-10.74091,-9.61605,-10.74091,-10.17848,-11.91486,-14.73796,-14.73796,-13.32641
good,12,103,4.1792,-0.7523,0.5484,-8.74224,-11.13922,-11.13922,-9.94073,-12.18263,-13.11158,-13.11158,-12.64710
good,12,113,4.3270,-0.7693,0.4582,-9.32875,-9.95755,-9.95755,-9.64315,-11.49690,-14.88399,-14.88399,-13.19044
good,12,123,4.5023,-0.7500,0.6002,-11.32728,-10.07991,-11.32728,-10.70359,-12.93024,-14.79980,-14.79980,-13.86502
good,12,133,4.6587,-0.7958,0.6459,-12.06777,-10.39343,-12.06777,-11.23060,-10.52823,-11.13387,-11.13387,-10.83105
good,12,143,4.8151,-0.8267,0.4904,-10.78909,-10.73487,-10.78909,-10.76198,-14.55010,-18.37701,-18.37701,-16.46355
good,12,153,5.0820,-0.8143,0.6376,-11.79517,-10.18169,-11.79517,-10.98843,-12.56650,-11.93328,-12.56650,-12.24989
good,12,163,5.2549,-0.8661,0.5609,-13.53254,-11.10383,-13.53254,-12.31818,-12.90513,-15.22423,-15.22423,-14.06468
good,12,173,5.4013,-0.7866,0.5321,-16.48807,-12.13449,-16.48807,-14.31128,-11.27283,-12.82051,-12.82051,-12.04667
good,12,183,5.5544,-0.6923,0.5295,-15.18514,-10.81523,-15.18514,-13.00019,-10.87967,-15.53733,-15.53733,-13.20850
good,12,274,4.9762,7.8459,0.5298,-10.57580,-18.85714,-18.85714,-14.71647,-9.59174,-13.83898,-13.83898,-11.71536
good,12,284,3.2524,7.2203,0.4703,-11.61649,-15.06595,-15.06595,-13.34122,-8.25895,-19.41434,-19.41434,-13.83664
good,12,487,2.4889,8.1891,0.3549,-117.35530,-96.02790,-117.35530,-106.69160,-91.81673,-77.18658,-91.81673,-84.50166
good,12,503,2.3593,8.0702,0.2669,-107.75416,-100.48531,-107.75416,-104.11974,-93.62276,-81.99837,-93.62276,-87.81056
good,12,513,2.3625,8.0746,0.2681,-90.71539,-94.22247,-94.22247,-92.46893,-78.34800,-78.14939,-78.34800,-78.24870
good,13,22,2.2278,-0.9444,0.5497,-7.24544,-10.50624,-10.50624,-8.87584,-10.16392,-16.44505,-16.44505,-13.30449
good,13,32,3.2831,-0.8940,0.5133,-6.49171,-7.74068,-7.74068,-7.11619,-9.41909,-13.10466,-13.10466,-11.26188
good,13,42,3.9933,-0.9114,0.6086,-8.11458,-8.97523,-8.97523,-8.54491,-12.27273,-11.87518,-12.27273,-12.07395
good,13,52,4.6313,-0.8490,0.5650,-10.45479,-9.35496,-10.45479,-9.90487,-10.57166,-14.21703,-14.21703,-12.39435
good,13,62,4.8670,-0.7753,0.5125,-14.11150,-8.10718,-14.11150,-11.10934,-13.49551,-11.86566,-13.49551,-12.68058
good,13,72,5.0497,-0.7932,0.5338,-15.60915,-9.22215,-15.60915,-12.41565,-15.14689,-15.86835,-15.86835,-15.50762
good,13,82,5.2279,-0.7727,0.5283,-17.47148,-8.82961,-17.47148,-13.15055,-11.69695,-12.27948,-12.27948,-11.98822
good,13,92,5.4346,-0.7445,0.6011,-14.60424,-8.96555,-14.60424,-11.78489,-13.13385,-15.62987,-15.62987,-14.38186
good,13,102,5.5931,-0.7044,0.5946,-14.64201,-9.38972,-14.64201,-12.01586,-12.03279,-10.95051,-12.03279,-11.49165
good,13,202,4.9033,8.5597,0.5899,-6.52674,-4.79581,-6.52674,-5.66127,-2.67346,-5.46077,-5.46077,-4.06712
good,13,212,2.9724,8.2653,0.4329,-9.44549,-5.35535,-9.44549,-7.40042,-6.91344,-9.22153,-9.22153,-8.06749
good,14,23,2.2767,1.2315,0.5324,-12.30933,-18.80768,-18.80768,-15.55851,-13.28690,-20.38655,-20.38655,-16.83673
good,14,33,2.9501,0.9941,0.5299,-12.07093,-15.63004,-15.63004,-13.85048,-15.31841,-24.07417,-24.07417,-19.69629
good,14,43,3.3114,0.9438,0.5308,-10.81619,-16.63009,-16.63009,-13.72314,-7.55152,-23.99607,-23.99607,-15.77380
good,14,53,3.5531,0.9378,0.5126,-13.61881,-19.31192,-19.31192,-16.46536,-8.06165,-24.71923,-24.71923,-16.39044
good,14,63,3.7871,0.8172,0.5635,-17.34479,-19.19280,-19.19280,-18.26879,-17.08323,-27.07027,-27.07027,-22.07675
good,14,73,3.9447,0.8207,0.6220,-13.72482,-20.77939,-20.77939,-17.25211,-12.44682,-29.76469,-29.76469,-21.10575
good,14,83,4.1964,0.8227,0.7147,-16.54730,-22.37249,-22.37249,-19.45990,-14.35434,-30.00161,-30.00161,-22.17798
good,14,93,4.3760,0.7497,0.5135,-16.71105,-18.90442,-18.90442,-17.80774,-14.42655,-29.85810,-29.85810,-22.14233
good,14,103,4.5019,0.7338,0.5871,-24.58733,-20.06249,-24.58733,-22.32491,-16.15850,-24.05660,-24.05660,-20.10755
good,14,113,4.6409,0.8075,0.4729,-17.63869,-19.22606,-19.22606,-18.43237,-10.59647,-27.03941,-27.03941,-18.81794
good,14,123,4.7488,0.8541,0.5599,-11.65539,-21.58541,-21.58541,-16.62040,-12.35255,-28.96653,-28.96653,-20.65954
good,14,133,5.0153,0.8979,0.5444,-15.51948,-21.18303,-21.18303,-18.35126,-10.69052,-26.73798,-26.73798,-18.71425
good,14,143,5.1949,0.8538,0.5334,-17.75667,-18.71386,-18.71386,-18.23526,-12.67131,-23.55149,-23.55149,-18.11140
good,14,153,5.3204,0.8633,0.4714,-18.99180,-16.19892,-18.99180,-17.59536,-15.54450,-28.02118,-28.02118,-21.78284
good,14,163,5.4962,0.9177,0.4876,-16.74384,-16.74853,-16.74853,-16.74618,-14.98149,-23.27637,-23.27637,-19.12893
good,14,256,4.5678,8.8941,0.5140,-6.69604,-13.21695,-13.21695,-9.95650,-3.12709,-14.31237,-14.31237,-8.71973
good,14,266,2.5725,8.8039,0.4801,-3.90978,-10.41598,-10.41598,-7.16288,-10.57548,-21.47265,-21.47265,-16.02407
good,15,26,2.2922,-1.0576,0.5881,-8.45501,-9.00545,-9.00545,-8.73023,-11.02039,-14.99688,-14.99688,-13.00863
good,15,36,3.3227,-1.1364,0.5547,-3.68719,-12.14073,-12.14073,-7.91396,-13.14517,-16.12668,-16.12668,-14.63592
good,15,46,4.1335,-0.9284,0.5371,-11.06879,-10.67142,-11.06879,-10.87010,-13.55292,-14.00610,-14.00610,-13.77951
good,15,56,4.7114,-0.7973,0.5533,-11.17756,-9.34400,-11.17756,-10.26078,-15.15932,-13.19465,-15.15932,-14.17699
good,15,66,4.8884,-0.7790,0.5000,-14.90005,-9.65684,-14.90005,-12.27845,-13.42015,-15.71831,-15.71831,-14.56923
good,15,76,5.1004,-0.8088,0.5332,-14.15353,-7.72580,-14.15353,-10.93967,-12.87406,-14.55736,-14.55736,-13.71571
good,15,86,5.3375,-0.8494,0.5497,-13.61649,-6.91090,-13.61649,-10.26369,-11.97782,-13.69348,-13.69348,-12.83565
good,15,96,5.5795,-0.7629,0.5394,-14.67617,-6.66471,-14.67617,-10.67044,-11.37476,-12.76434,-12.76434,-12.06955
good,15,175,4.9383,8.4782,0.6597,-10.16219,-5.22734,-10.16219,-7.69476,-9.17536,-11.85438,-11.85438,-10.51487
good,15,185,3.1267,8.8733,0.5932,-10.43344,-1.75666,-10.43344,-6.09505,-13.30034,-16.15489,-16.15489,-14.72761
good,16,24,2.2865,0.9586,0.5714,-10.93938,-18.97542,-18.97542,-14.95740,-13.60908,-26.46404,-26.46404,-20.03656
good,16,34,3.5045,0.9829,0.5935,-7.33420,-19.46127,-19.46127,-13.39773,-8.43730,-24.45021,-24.45021,-16.44376
good,16,44,4.4768,0.8779,0.4871,-4.63023,-17.37429,-17.37429,-11.00226,-10.07281,-19.39506,-19.39506,-14.73393
good,16,54,4.9191,0.8635,0.5001,-7.96867,-15.59430,-15.59430,-11.78149,-7.07862,-22.67135,-22.67135,-14.87498
good,16,64,5.3743,0.8728,0.5804,-11.52627,-17.60988,-17.60988,-14.56808,-12.11413,-18.03065,-18.03065,-15.07239
good,16,156,5.0379,8.1154,0.6705,-10.36849,-9.59580,-10.36849,-9.98215,-7.36692,-18.66051,-18.66051,-13.01372
good,16,166,3.5093,8.3367,0.5506,-9.07500,-9.31900,-9.31900,-9.19700,-7.84996,-15.66583,-15.66583,-11.75789
good,17,23,2.2539,-0.9236,0.5684,-9.13064,-10.95120,-10.95120,-10.04092,-11.38787,-14.58610,-14.58610,-12.98698
good,17,33,3.1697,-0.8210,0.5821,-11.40262,-10.28520,-11.40262,-10.84391,-13.12137,-14.83544,-14.83544,-13.97841
good,17,43,3.4062,-0.7925,0.5830,-11.15734,-10.66931,-11.15734,-10.91332,-11.54024,-12.63835,-12.63835,-12.08929
good,17,53,3.5647,-0.7834,0.5991,-9.55704,-7.52365,-9.55704,-8.54035,-12.35735,-13.14348,-13.14348,-12.75042
good,17,63,3.6920,-0.8029,0.6416,-11.71633,-10.24647,-11.71633,-10.98140,-13.32060,-13.54424,-13.54424,-13.43242
good,17,73,3.8890,-0.8430,0.5625,-11.54667,-9.51610,-11.54667,-10.53139,-12.24655,-11.99559,-12.24655,-12.12107
good,17,83,4.0580,-0.7866,0.5326,-12.67882,-9.77672,-12.67882,-11.22777,-15.03182,-13.66164,-15.03182,-14.34673
good,17,93,4.2835,-0.7620,0.6022,-11.44239,-10.67387,-11.44239,-11.05813,-13.60821,-13.43997,-13.60821,-13.52409
good,17,103,4.3952,-0.7342,0.5803,-12.29438,-9.27313,-12.29438,-10.78376,-13.93297,-10.22016,-13.93297,-12.07656
good,17,113,4.5489,-0.7433,0.5820,-13.72636,-10.65843,-13.72636,-12.19239,-14.27996,-13.45459,-14.27996,-13.86728
good,17,123,4.7025,-0.7801,0.5548,-16.59613,-13.13831,-16.59613,-14.86722,-14.18623,-12.24667,-14.18623,-13.21645
good,17,133,4.8171,-0.7533,0.5344,-17.67277,-11.87251,-17.67277,-14.77264,-17.72788,-12.66346,-17.72788,-15.19567
good,17,143,4.9606,-0.7840,0.5759,-15.48106,-10.09311,-15.48106,-12.78709,-15.73305,-15.25407,-15.73305,-15.49356
good,17,153,5.1332,-0.7402,0.6173,-17.38411,-10.26975,-17.38411,-13.82693,-13.65921,-12.62324,-13.65921,-13.14122
good,17,163,5.1762,-0.7812,0.6404,-17.51657,-11.11219,-17.51657,-14.31438,-12.34027,-15.29870,-15.29870,-13.81949
good,17,173,5.3299,-0.7323,0.6055,-16.56887,-10.61667,-16.56887,-13.59277,-13.00416,-13.79588,-13.79588,-13.40002
good,17,183,5.4859,-0.7388,0.6290,-14.74742,-9.04074,-14.74742,-11.89408,-12.23508,-13.61089,-13.61089,-12.92298
good,17,193,5.5968,-0.7185,0.5613,-16.86783,-9.38097,-16.86783,-13.12440,-7.45785,-15.07912,-15.07912,-11.26849
good,17,290,3.9366,7.7854,0.5347,-11.35999,-14.38632,-14.38632,-12.87315,-16.66597,-15.87425,-16.66597,-16.27011
good,18,26,2.2701,-0.8921,0.5147,-9.06701,-11.75790,-11.75790,-10.41246,-11.05085,-12.25818,-12.25818,-11.65452
good,18,36,3.1481,-0.9619,0.5370,-7.73228,-9.99554,-9.99554,-8.86391,-9.55012,-11.80682,-11.80682,-10.67847
good,18,46,3.9697,-1.0660,0.5585,-4.41301,-9.61512,-9.61512,-7.01406,-8.20744,-10.01376,-10.01376,-9.11060
good,18,56,4.9921,-1.2559,0.5506,-0.62432,-11.57937,-11.57937,-6.10184,-3.98840,-9.76162,-9.76162,-6.87501
good,18,156,5.0838,8.7242,0.5526,-13.50108,-5.82812,-13.50108,-9.66460,-15.52353,-22.90441,-22.90441,-19.21397
good,18,166,3.1220,8.8074,0.6554,-10.24751,-19.76558,-19.76558,-15.00654,-18.57648,-16.62538,-18.57648,-17.60093
good,19,24,2.2470,-1.0613,0.5313,-11.19212,-10.27835,-11.19212,-10.73524,-9.11679,-15.46946,-15.46946,-12.29313
good,19,34,3.1445,-0.9645,0.5407,-5.71326,-6.61810,-6.61810,-6.16568,-11.15808,-12.96229,-12.96229,-12.06018
good,19,44,4.0790,-1.0311,0.5673,-3.10860,-11.04833,-11.04833,-7.07846,-9.56447,-15.98524,-15.98524,-12.77486
good,19,54,5.2112,-0.9649,0.5699,-5.97406,-7.03453,-7.03453,-6.50429,-9.07381,-10.95177,-10.95177,-10.01278
good,19,139,4.9881,8.6574,0.5134,-10.50996,-10.20097,-10.50996,-10.35547,-13.88820,-16.73447,-16.73447,-15.31133
good,19,149,3.1499,7.9918,0.9062,-10.24762,-5.54817,-10.24762,-7.89790,-16.22964,3.18788,-16.22964,-6.52088
good,19,159,2.4483,8.0409,0.4449,-19.65353,-20.53107,-20.53107,-20.09230,-24.00491,-21.14304,-24.00491,-22.57397
good,20,31,2.2380,0.0566,0.5295,-23.89869,-21.17326,-23.89869,-22.53597,-17.80792,-25.08466,-25.08466,-21.44629
good,20,41,2.4792,0.1534,0.4855,-24.89095,-18.31226,-24.89095,-21.60160,-18.65341,-26.62168,-26.62168,-22.63754
good,20,51,2.5467,0.1315,0.5489,-26.05042,-19.10036,-26.05042,-22.57539,-21.21103,-28.34200,-28.34200,-24.77652
good,20,61,2.5906,0.1200,0.6847,-24.62090,-18.52034,-24.62090,-21.57062,-19.96095,-29.72792,-29.72792,-24.84444
good,20,71,2.6532,0.0727,0.5505,-23.96117,-18.02581,-23.96117,-20.99349,-20.10142,-28.27278,-28.27278,-24.18710
good,20,81,2.7073,0.0747,0.6202,-25.88753,-17.72183,-25.88753,-21.80468,-20.16085,-26.19435,-26.19435,-23.17760
good,20,91,2.7785,0.0575,0.5749,-25.54842,-18.59296,-25.54842,-22.07069,-19.73480,-28.20712,-28.20712,-23.97096
good,20,101,2.7961,0.0632,0.5594,-25.25950,-19.14827,-25.25950,-22.20388,-19.98225,-26.11626,-26.11626,-23.04926
good,20,111,2.8652,0.0694,0.5425,-24.40052,-18.51338,-24.40052,-21.45695,-19.54404,-24.64188,-24.64188,-22.09296
good,20,121,2.9183,0.0511,0.6444,-25.21428,-19.96381,-25.21428,-22.58905,-21.79983,-25.28325,-25.28325,-23.54154
good,20,131,2.9981,0.0738,0.5516,-24.09103,-18.51761,-24.09103,-21.30432,-21.48052,-23.08619,-23.08619,-22.28336
good,20,141,3.0752,0.0980,0.6354,-26.63759,-19.00999,-26.63759,-22.82379,-20.04851,-26.85966,-26.85966,-23.45408
good,20,151,3.1258,0.0889,0.5421,-24.91154,-18.07775,-24.91154,-21.49464,-19.46717,-27.53405,-27.53405,-23.50061
good,20,161,3.1862,0.0853,0.5528,-26.47800,-17.25628,-26.47800,-21.86714,-19.66846,-24.75319,-24.75319,-22.21082
good,20,171,3.2355,0.0778,0.5895,-24.66767,-16.37743,-24.66767,-20.52255,-20.01941,-24.81818,-24.81818,-22.41879
good,20,181,3.2801,0.0238,0.5723,-25.97955,-19.64548,-25.97955,-22.81252,-21.11566,-22.41963,-22.41963,-21.76764
good,20,191,3.3582,0.0043,0.5692,-26.19203,-18.12619,-26.19203,-22.15911,-19.26816,-23.31477,-23.31477,-21.29146
good,20,201,3.4100,-0.0476,0.5747,-26.01515,-18.06575,-26.01515,-22.04045,-21.19971,-19.16171,-21.19971,-20.18071
good,20,211,3.4668,0.0292,0.5697,-28.51347,-18.01718,-28.51347,-23.26533,-22.04689,-22.62927,-22.62927,-22.33808
good,20,221,3.5226,0.0403,0.5419,-28.35665,-18.57377,-28.35665,-23.46521,-19.64100,-18.52864,-19.64100,-19.08482
good,20,231,3.5830,0.0739,0.5304,-30.78295,-17.63125,-30.78295,-24.20710,-23.00366,-19.43174,-23.00366,-21.21770
good,20,241,3.6792,0.0425,0.4402,-29.81097,-19.29035,-29.81097,-24.55066,-21.15829,-21.09286,-21.15829,-21.12558
good,20,251,3.7355,0.0752,0.5958,-32.00790,-18.86749,-32.00790,-25.43769,-22.57147,-21.09255,-22.57147,-21.83201
good,20,261,3.8259,0.0610,0.5855,-32.76620,-19.07039,-32.76620,-25.91829,-20.01704,-19.99800,-20.01704,-20.00752
good,20,271,3.8900,0.0379,0.6094,-32.11170,-19.78468,-32.11170,-25.94819,-23.62012,-18.28275,-23.62012,-20.95143
good,20,281,3.9525,0.0448,0.5916,-37.19165,-21.19863,-37.19165,-29.19514,-24.19977,-18.54925,-24.19977,-21.37451
good,20,291,4.0165,0.1207,0.5715,-33.38551,-17.98159,-33.38551,-25.68355,-25.61304,-18.23788,-25.61304,-21.92546
good,20,301,4.0611,0.1049,0.5945,-35.90600,-19.07481,-35.90600,-27.49041,-22.50686,-19.22046,-22.50686,-20.86366
good,20,311,4.0982,0.0655,0.5614,-40.02169,-20.33258,-40.02169,-30.17713,-27.29890,-15.80455,-27.29890,-21.55172
good,20,321,4.1659,0.0999,0.5818,-39.56822,-21.07171,-39.56822,-30.31997,-25.08628,-16.82817,-25.08628,-20.95722
good,20,331,4.2027,0.0967,0.6527,-39.70545,-21.38346,-39.70545,-30.54446,-23.47907,-15.04143,-23.47907,-19.26025
good,20,341,4.2372,0.1457,0.6184,-39.96083,-23.59902,-39.96083,-31.77992,-24.08388,-16.41427,-24.08388,-20.24908
good,20,351,4.2853,0.1440,0.5346,-42.51006,-23.71631,-42.51006,-33.11318,-24.55019,-17.40750,-24.55019,-20.97885
good,20,361,4.3579,0.1527,0.6025,-41.96277,-20.37144,-41.96277,-31.16711,-23.20672,-18.23825,-23.20672,-20.72249
good,20,371,4.4239,0.1661,0.5141,-43.01264,-22.13391,-43.01264,-32.57328,-24.02348,-17.87183,-24.02348,-20.94765
good,20,381,4.4624,0.1578,0.6414,-41.87057,-23.58135,-41.87057,-32.72596,-22.85996,-17.01762,-22.85996,-19.93879
good,20,391,4.4998,0.1557,0.5721,-41.52142,-20.10378,-41.52142,-30.81260,-23.80333,-14.58961,-23.80333,-19.19647
good,20,401,4.5426,0.1277,0.6140,-46.14067,-24.77804,-46.14067,-35.45936,-21.36792,-13.85225,-21.36792,-17.61009
good,20,411,4.6033,0.1224,0.4764,-44.50143,-23.62641,-44.50143,-34.06392,-22.18597,-17.63346,-22.18597,-19.90971
good,20,421,4.6655,0.1238,0.6812,-43.40797,-24.08453,-43.40797,-33.74625,-22.09489,-17.36137,-22.09489,-19.72813
good,20,431,4.7335,0.1736,0.5823,-43.88131,-23.83874,-43.88131,-33.86002,-22.91994,-20.30728,-22.91994,-21.61361
good,20,441,4.7913,0.2370,0.5840,-45.11427,-23.60282,-45.11427,-34.35854,-16.04269,-14.21182,-16.04269,-15.12726
good,20,451,4.8727,0.1652,0.5510,-42.28720,-24.42250,-42.28720,-33.35485,-18.64226,-16.40644,-18.64226,-17.52435
good,20,461,4.9247,0.1160,0.5755,-39.86674,-21.56323,-39.86674,-30.71498,-14.16043,-16.50563,-16.50563,-15.33303
good,20,471,4.9528,0.1529,0.6332,-37.39899,-22.78518,-37.39899,-30.09208,-16.12431,-14.43965,-16.12431,-15.28198
good,20,481,5.0314,0.0761,0.4208,-38.30165,-23.97105,-38.30165,-31.13635,-18.50330,-13.40359,-18.50330,-15.95344
good,20,491,5.0919,0.0513,0.6167,-41.06919,-25.15240,-41.06919,-33.11080,-18.68771,-15.21569,-18.68771,-16.95170
good,20,501,5.1626,0.0529,0.5564,-43.53268,-23.56619,-43.53268,-33.54943,-15.19405,-13.86231,-15.19405,-14.52818
good,20,511,5.2208,0.1123,0.5843,-41.72104,-23.55847,-41.72104,-32.63976,-15.08123,-18.40095,-18.40095,-16.74109
good,20,521,5.2858,0.1376,0.5584,-44.09867,-23.13900,-44.09867,-33.61884,-16.32337,-15.03095,-16.32337,-15.67716
good,20,531,5.3753,0.1198,0.5947,-42.04462,-22.22468,-42.04462,-32.13465,-13.20446,-14.70740,-14.70740,-13.95593
good,20,541,5.4464,0.1271,0.6382,-43.35482,-23.07641,-43.35482,-33.21561,-16.56926,-14.10202,-16.56926,-15.33564
good,20,551,5.5085,0.1036,0.5701,-42.74257,-23.10789,-42.74257,-32.92523,-14.24818,-15.70413,-15.70413,-14.97616
good,20,561,5.5743,0.1000,0.5769,-45.65474,-23.61004,-45.65474,-34.63239,-10.90854,-14.99996,-14.99996,-12.95425
good,20,647,5.5060,8.7437,0.7658,-7.26089,-6.68240,-7.26089,-6.97165,-2.99974,-2.66636,-2.99974,-2.83305
good,20,657,4.4405,8.7945,0.5167,-10.93630,-8.74241,-10.93630,-9.83935,-8.31234,-4.12389,-8.31234,-6.21811
good,20,667,2.8565,8.6927,0.6285,-2.57249,-1.81591,-2.57249,-2.19420,-3.52527,-5.38226,-5.38226,-4.45376
good,21,26,2.2402,0.1152,0.5304,-25.47467,-20.84179,-25.47467,-23.15823,-17.89786,-23.90151,-23.90151,-20.89968
good,21,36,2.4826,0.1785,0.4987,-24.59993,-18.45416,-24.59993,-21.52704,-15.75678,-29.01328,-29.01328,-22.38503
good,21,46,2.5255,0.1346,0.6017,-24.49425,-18.02944,-24.49425,-21.26185,-17.07510,-31.11860,-31.11860,-24.09685
good,21,56,2.5930,0.1052,0.5532,-24.18053,-19.39403,-24.18053,-21.78728,-20.63607,-27.35791,-27.35791,-23.99699
good,21,66,2.6547,0.1258,0.5310,-24.53849,-17.25221,-24.53849,-20.89535,-16.71434,-26.97842,-26.97842,-21.84638
good,21,76,2.7245,0.0937,0.6728,-24.68979,-18.00788,-24.68979,-21.34884,-19.59411,-27.35167,-27.35167,-23.47289
good,21,86,2.7877,0.0657,0.7064,-25.23236,-18.04221,-25.23236,-21.63729,-19.32135,-28.78840,-28.78840,-24.05487
good,21,96,2.8470,0.0213,0.6101,-22.81462,-17.74314,-22.81462,-20.27888,-20.06190,-25.42782,-25.42782,-22.74486
good,21,106,2.9158,0.0480,0.6062,-24.88237,-17.74025,-24.88237,-21.31131,-20.84770,-27.56384,-27.56384,-24.20577
good,21,116,2.9854,0.0393,0.5210,-25.38845,-19.46765,-25.38845,-22.42805,-17.70113,-25.00401,-25.00401,-21.35257
good,21,126,3.0314,0.1236,0.5970,-27.01349,-17.57541,-27.01349,-22.29445,-20.92766,-25.02869,-25.02869,-22.97818
good,21,136,3.1014,0.1559,0.6335,-25.70689,-17.55773,-25.70689,-21.63231,-21.69581,-27.25853,-27.25853,-24.47717
good,21,146,3.1206,0.1267,0.5045,-25.78302,-17.76675,-25.78302,-21.77488,-18.86116,-26.97981,-26.97981,-22.92048
good,21,156,3.1590,0.1164,0.6048,-28.36503,-16.20537,-28.36503,-22.28520,-18.70308,-28.04887,-28.04887,-23.37598
good,21,166,3.2194,0.0918,0.6114,-26.93483,-15.54568,-26.93483,-21.24026,-21.86851,-25.32748,-25.32748,-23.59799
good,21,176,3.2585,0.0557,0.6379,-24.90827,-16.21036,-24.90827,-20.55931,-19.28959,-23.76957,-23.76957,-21.52958
good,21,186,3.3227,0.0514,0.6139,-24.80015,-18.43196,-24.80015,-21.61605,-21.12346,-24.76191,-24.76191,-22.94268
good,21,196,3.3546,0.0338,0.5561,-28.51350,-17.92558,-28.51350,-23.21954,-20.06605,-22.87439,-22.87439,-21.47022
good,21,206,3.4180,0.1137,0.6444,-27.47341,-18.69884,-27.47341,-23.08613,-19.78535,-23.69122,-23.69122,-21.73829
good,21,216,3.4881,0.1245,0.5868,-30.06382,-17.04148,-30.06382,-23.55265,-23.35414,-23.15324,-23.35414,-23.25369
good,21,226,3.5700,0.1151,0.7996,-29.75212,-16.54878,-29.75212,-23.15045,-20.94452,-22.09065,-22.09065,-21.51759
good,21,236,3.6424,0.1249,0.4713,-29.56347,-19.06636,-29.56347,-24.31491,-19.00238,-21.86736,-21.86736,-20.43487
good,21,246,3.7066,0.0889,0.6196,-32.80901,-18.56377,-32.80901,-25.68639,-22.62087,-18.92465,-22.62087,-20.77276
good,21,256,3.7677,0.0775,0.5477,-34.93152,-19.15801,-34.93152,-27.04477,-21.13220,-19.66909,-21.13220,-20.40065
good,21,266,3.8363,0.0565,0.5958,-33.22454,-19.74409,-33.22454,-26.48432,-21.03462,-18.09809,-21.03462,-19.56635
good,21,276,3.9095,0.0541,0.4963,-32.21151,-18.87821,-32.21151,-25.54486,-23.27067,-17.64265,-23.27067,-20.45666
good,21,286,3.9762,0.0491,0.5890,-35.66461,-19.85361,-35.66461,-27.75911,-24.81522,-16.85870,-24.81522,-20.83696
good,21,296,4.0346,0.0769,0.5639,-37.35285,-19.98476,-37.35285,-28.66881,-25.76978,-19.11102,-25.76978,-22.44040
good,21,306,4.0875,0.0350,0.5741,-36.42347,-20.69759,-36.42347,-28.56053,-24.00315,-16.41775,-24.00315,-20.21045
good,21,316,4.1503,0.0247,0.5661,-35.55522,-20.76484,-35.55522,-28.16003,-27.22886,-16.16982,-27.22886,-21.69934
good,21,326,4.1911,-0.0020,0.6096,-39.44200,-20.61576,-39.44200,-30.02888,-26.81702,-16.89179,-26.81702,-21.85440
good,21,336,4.2786,-0.0003,0.6089,-37.21882,-22.44925,-37.21882,-29.83404,-25.96347,-13.46913,-25.96347,-19.71630
good,21,346,4.3536,0.0364,0.6038,-37.29276,-23.20461,-37.29276,-30.24868,-26.99424,-16.28239,-26.99424,-21.63832
good,21,356,4.4034,0.0731,0.5623,-38.23169,-20.78128,-38.23169,-29.50648,-28.32359,-17.16353,-28.32359,-22.74356
good,21,366,4.4894,0.0667,0.6217,-39.57283,-21.75512,-39.57283,-30.66398,-22.35890,-14.63579,-22.35890,-18.49734
good,21,376,4.5634,0.0548,0.5369,-38.93250,-22.52646,-38.93250,-30.72948,-24.02460,-14.25472,-24.02460,-19.13966
good,21,386,4.6508,0.0363,0.5695,-41.17396,-23.79573,-41.17396,-32.48485,-25.02636,-15.19142,-25.02636,-20.10889
good,21,396,4.6866,0.0239,0.4948,-40.78389,-23.54876,-40.78389,-32.16632,-25.26896,-14.05903,-25.26896,-19.66400
good,21,406,4.7323,0.0033,0.5549,-43.09424,-24.19554,-43.09424,-33.64489,-26.06487,-11.48997,-26.06487,-18.77742
good,21,416,4.7944,-0.0016,0.5031,-42.41229,-23.61890,-42.41229,-33.01560,-25.66176,-12.64353,-25.66176,-19.15265
good,21,426,4.8069,-0.0331,0.5466,-42.96972,-21.95191,-42.96972,-32.46082,-26.32717,-10.96219,-26.32717,-18.64468
good,21,436,4.8526,-0.0451,0.6652,-41.45475,-22.85365,-41.45475,-32.15420,-23.30672,-14.68583,-23.30672,-18.99627
good,21,446,4.9002,-0.0386,0.5319,-37.35384,-23.30227,-37.35384,-30.32806,-27.50591,-13.50069,-27.50591,-20.50330
good,21,456,4.9607,0.0207,0.6089,-43.26317,-25.59321,-43.26317,-34.42819,-23.05259,-17.46177,-23.05259,-20.25718
good,21,466,5.0354,0.0351,0.6700,-44.04996,-23.13079,-44.04996,-33.59038,-23.97363,-15.19014,-23.97363,-19.58189
good,21,476,5.0919,0.0480,0.4709,-39.24011,-23.13329,-39.24011,-31.18670,-20.68086,-11.92384,-20.68086,-16.30235
good,21,486,5.1657,0.0387,0.6348,-43.67707,-23.24001,-43.67707,-33.45854,-20.98393,-13.66488,-20.98393,-17.32440
good,21,496,5.2171,0.0435,0.5676,-43.32465,-22.68332,-43.32465,-33.00399,-20.82052,-14.86453,-20.82052,-17.84253
good,21,506,5.2739,0.0317,0.5346,-40.72883,-22.56067,-40.72883,-31.64475,-19.99294,-13.63374,-19.99294,-16.81334
good,21,516,5.3162,-0.0098,0.5411,-42.45276,-19.41064,-42.45276,-30.93170,-17.15663,-13.53644,-17.15663,-15.34653
good,21,526,5.3863,-0.0015,0.5429,-42.41691,-21.66551,-42.41691,-32.04121,-17.64087,-11.84478,-17.64087,-14.74282
good,21,536,5.4421,-0.0034,0.6811,-44.91168,-24.17948,-44.91168,-34.54558,-20.81343,-13.66295,-20.81343,-17.23819
good,21,546,5.4938,0.0191,0.6159,-44.21784,-23.77463,-44.21784,-33.99623,-19.82192,-14.56060,-19.82192,-17.19126
good,21,556,5.5504,0.0539,0.5258,-41.01844,-22.83447,-41.01844,-31.92645,-19.54078,-16.24264,-19.54078,-17.89171
good,21,641,5.7126,8.4953,0.5642,-4.72108,-11.50373,-11.50373,-8.11240,-14.67895,-14.96919,-14.96919,-14.82407
good,21,651,3.8474,8.6147,0.4593,-12.40416,-7.57025,-12.40416,-9.98720,-17.69861,-15.41127,-17.69861,-16.55494
good,22,25,2.2210,0.9269,0.5574,-8.39372,-19.07967,-19.07967,-13.73669,-7.18594,-23.20417,-23.20417,-15.19506
good,22,35,3.3433,0.9606,0.5338,-6.15405,-19.60456,-19.60456,-12.87931,-9.79461,-17.24366,-17.24366,-13.51913
good,22,45,4.2877,0.9211,0.5122,-2.81422,-17.05887,-17.05887,-9.93654,-10.33447,-23.11564,-23.11564,-16.72506
good,22,55,4.8656,0.8761,0.5068,-8.86513,-20.62562,-20.62562,-14.74537,-9.41461,-21.91105,-21.91105,-15.66283
good,22,65,5.4039,0.8939,0.5361,-9.86217,-15.08487,-15.08487,-12.47352,-7.37802,-21.77781,-21.77781,-14.57792
good,22,163,5.6448,7.3416,0.4382,-18.03082,-25.87917,-25.87917,-21.95500,-30.78087,-29.97262,-30.78087,-30.37675
good,22,173,4.8916,7.6797,0.6459,-16.19533,-18.20982,-18.20982,-17.20258,-16.69565,-24.53453,-24.53453,-20.61509
good,22,183,3.0958,8.0113,0.5824,-7.30167,-16.29958,-16.29958,-11.80062,-13.46812,-16.09984,-16.09984,-14.78398
good,23,24,2.2062,-0.9952,0.5589,-8.36073,-9.65639,-9.65639,-9.00856,-11.91063,-12.48188,-12.48188,-12.19626
good,23,34,3.0876,-0.8496,0.6572,-10.42345,-8.18425,-10.42345,-9.30385,-12.71278,-13.49516,-13.49516,-13.10397
good,23,44,3.3066,-0.7325,0.5461,-12.06795,-9.06779,-12.06795,-10.56787,-12.77467,-12.34710,-12.77467,-12.56089
good,23,54,3.4678,-0.7656,0.6119,-12.13705,-8.76957,-12.13705,-10.45331,-13.44586,-8.73158,-13.44586,-11.08872
good,23,64,3.6301,-0.7815,0.5671,-12.02186,-9.00105,-12.02186,-10.51146,-13.35552,-10.02915,-13.35552,-11.69234
good,23,74,3.8052,-0.7742,0.5621,-11.08189,-8.11892,-11.08189,-9.60041,-13.63961,-8.88838,-13.63961,-11.26399
good,23,84,3.9981,-0.7854,0.5817,-10.82092,-6.99453,-10.82092,-8.90773,-11.94823,-11.57218,-11.94823,-11.76021
good,23,94,4.2123,-0.7834,0.5688,-11.67352,-8.25379,-11.67352,-9.96366,-14.27460,-10.25300,-14.27460,-12.26380
good,23,104,4.3684,-0.7630,0.5365,-11.84658,-7.95613,-11.84658,-9.90135,-13.75287,-9.58394,-13.75287,-11.66840
good,23,114,4.5380,-0.8328,0.5647,-8.39069,-6.36046,-8.39069,-7.37558,-12.50052,-8.71971,-12.50052,-10.61012
good,23,124,4.8230,-0.8523,0.5622,-8.73670,-5.32703,-8.73670,-7.03187,-9.28618,-8.03093,-9.28618,-8.65855
good,23,215,5.7033,8.2346,0.5676,-5.41350,-14.63846,-14.63846,-10.02598,-15.51608,-12.63980,-15.51608,-14.07794
good,23,225,3.9118,8.2109,0.4038,-13.30093,-5.86160,-13.30093,-9.58126,-12.14432,-8.35960,-12.14432,-10.25196
good,24,23,2.1998,-0.9737,0.5545,-9.64512,-12.79439,-12.79439,-11.21976,-13.95749,-16.09184,-16.09184,-15.02467
good,24,33,3.3046,-0.9684,0.5618,-7.68597,-9.30954,-9.30954,-8.49776,-13.26718,-15.56626,-15.56626,-14.41672
good,24,43,4.3157,-0.9098,0.5592,-10.26873,-10.18875,-10.26873,-10.22874,-14.27917,-15.18214,-15.18214,-14.73065
good,24,53,4.6933,-0.8152,0.5399,-13.92631,-9.31875,-13.92631,-11.62253,-15.72834,-13.95115,-15.72834,-14.83975
good,24,63,4.9521,-0.8306,0.5665,-13.77634,-11.77992,-13.77634,-12.77813,-11.60464,-12.62321,-12.62321,-12.11393
good,24,73,5.1873,-0.7597,0.5560,-14.86659,-10.53416,-14.86659,-12.70038,-14.75562,-17.43212,-17.43212,-16.09387
good,24,83,5.3088,-0.7391,0.5983,-16.88403,-9.32733,-16.88403,-13.10568,-14.87996,-15.72904,-15.72904,-15.30450
good,24,93,5.4315,-0.7590,0.5178,-12.15489,-10.00786,-12.15489,-11.08137,-8.63659,-13.35188,-13.35188,-10.99424
good,24,103,5.5744,-0.7163,0.5790,-20.64987,-9.76297,-20.64987,-15.20642,-13.28777,-14.23039,-14.23039,-13.75908
good,24,191,5.2557,8.8391,0.8246,-6.48129,-10.16156,-10.16156,-8.32143,-4.39835,-12.06451,-12.06451,-8.23143
good,24,201,3.9912,8.5999,0.4963,-7.77490,-9.55990,-9.55990,-8.66740,-15.02862,-5.95051,-15.02862,-10.48956
good,24,211,2.7470,8.6334,0.5666,-8.46891,-6.87756,-8.46891,-7.67323,-0.84529,-1.75252,-1.75252,-1.29891
good,24,377,2.9132,8.8786,0.3808,-65.66885,-62.83671,-65.66885,-64.25278,-77.32558,-53.86435,-77.32558,-65.59496
good,24,387,2.6585,8.8091,0.2673,-51.29539,-49.57286,-51.29539,-50.43412,-62.33712,-48.79665,-62.33712,-55.56689
good,24,397,2.7020,8.8593,0.2663,-53.22614,-61.32161,-61.32161,-57.27388,-75.85011,-50.61744,-75.85011,-63.23377
good,24,407,2.8044,8.8475,0.2675,-74.64588,-57.89318,-74.64588,-66.26953,-72.47969,-46.24103,-72.47969,-59.36036
good,24,417,2.7641,8.8522,0.2671,-62.30593,-63.13145,-63.13145,-62.71869,-78.50423,-75.25788,-78.50423,-76.88106
good,24,427,2.7572,8.7752,0.2670,-67.98113,-69.12890,-69.12890,-68.55502,-66.65277,-62.49443,-66.65277,-64.57360
good,24,437,2.7327,8.8228,0.2674,-75.15251,-66.66273,-75.15251,-70.90762,-69.30380,-59.65764,-69.30380,-64.48072
good,24,447,2.7348,8.8206,0.2673,-76.08432,-65.90360,-76.08432,-70.99396,-68.34034,-60.71873,-68.34034,-64.52953
good,24,457,2.7348,8.8185,0.2672,-75.68669,-64.97963,-75.68669,-70.33316,-70.02859,-62.59800,-70.02859,-66.31329
good,24,467,2.7353,8.8158,0.2672,-75.99975,-65.37753,-75.99975,-70.68864,-71.24448,-64.32460,-71.24448,-67.78454
good,24,477,2.7369,8.8133,0.2672,-73.77568,-65.18515,-73.77568,-69.48042,-79.89770,-74.29279,-79.89770,-77.09525
good,24,487,2.7172,8.8221,0.2673,-69.41238,-63.51186,-69.41238,-66.46212,-83.99415,-100.18921,-100.18921,-92.09167
good,24,497,2.8792,8.8262,0.2744,-76.43591,-75.23699,-76.43591,-75.83645,-103.59653,-98.39548,-103.59653,-100.99600
good,24,507,2.7825,8.7018,0.2670,-90.26042,-84.10723,-90.26042,-87.18382,-97.81166,-90.03416,-97.81166,-93.92291
good,24,517,2.7692,8.7774,0.2676,-98.11353,-84.25459,-98.11353,-91.18407,-106.71122,-111.67320,-111.67320,-109.19221
good,24,527,2.7716,8.7540,0.2677,-86.02411,-83.23577,-86.02411,-84.62994,-118.18465,-86.53291,-118.18465,-102.35878
good,24,537,2.9804,8.7406,0.2691,-61.00174,-59.60559,-61.00174,-60.30366,-85.42672,-67.40758,-85.42672,-76.41714
good,24,547,2.7838,8.6694,0.2775,-65.96967,-69.58139,-69.58139,-67.77553,-91.48238,-87.53848,-91.48238,-89.51042
good,24,557,2.9084,8.7279,0.2670,-74.28806,-73.68394,-74.28806,-73.98599,-104.91438,-89.21556,-104.91438,-97.06497
good,24,567,2.8435,8.7594,0.2668,-75.25019,-70.59092,-75.25019,-72.92056,-86.73720,-69.55272,-86.73720,-78.14496
good,24,577,2.8351,8.7670,0.2690,-76.09384,-69.43858,-76.09384,-72.76620,-96.80886,-69.44221,-96.80886,-83.12553
good,24,587,2.8211,8.7255,0.2669,-80.95506,-84.36217,-84.36217,-82.65862,-91.78285,-84.59753,-91.78285,-88.19019
good,24,597,2.8489,8.7975,0.2679,-70.00195,-80.75317,-80.75317,-75.37756,-90.28513,-89.86888,-90.28513,-90.07701
good,24,607,2.9632,8.7940,0.2684,-70.05145,-64.19650,-70.05145,-67.12398,-96.14310,-90.71758,-96.14310,-93.43034
good,24,617,2.8856,8.8069,0.2672,-65.99946,-70.28813,-70.28813,-68.14380,-90.81803,-80.01736,-90.81803,-85.41769
good,24,627,2.9247,8.7960,0.2669,-77.04213,-72.28621,-77.04213,-74.66417,-103.03111,-89.85051,-103.03111,-96.44081
good,24,637,2.8271,8.7632,0.2671,-82.03757,-79.55877,-82.03757,-80.79817,-91.39913,-96.37140,-96.37140,-93.88527
good,24,647,2.9399,8.8844,0.2657,-65.08695,-57.18794,-65.08695,-61.13745,-88.61286,-73.43003,-88.61286,-81.02145
good,24,657,3.0717,8.8307,0.2642,-88.53512,-71.37317,-88.53512,-79.95415,-79.71426,-78.78669,-79.71426,-79.25047
good,24,667,2.9294,8.6960,0.2596,-56.93025,-62.04215,-62.04215,-59.48620,-63.24963,-72.92004,-72.92004,-68.08484
good,24,677,3.0069,8.8102,0.2668,-48.42223,-53.45257,-53.45257,-50.93740,-78.54965,-70.40913,-78.54965,-74.47939
good,24,687,3.0160,8.8087,0.2760,-53.36819,-49.52821,-53.36819,-51.44820,-80.52304,-67.90662,-80.52304,-74.21483
good,24,697,3.0896,8.8845,0.2676,-30.92098,-30.95744,-30.95744,-30.93921,-64.00694,-62.13283,-64.00694,-63.06989
good,24,707,3.1758,8.9212,0.2672,-51.13971,-66.51250,-66.51250,-58.82611,-72.04380,-61.20281,-72.04380,-66.62331
good,24,717,3.3132,8.8473,0.2669,-77.00889,-66.53117,-77.00889,-71.77003,-74.52206,-76.16759,-76.16759,-75.34483
good,24,727,3.2002,8.8663,0.2659,-95.18033,-84.63898,-95.18033,-89.90965,-83.71494,-75.26080,-83.71494,-79.48787
good,24,737,3.2701,8.8125,0.2672,-43.99540,-62.63346,-62.63346,-53.31443,-81.37540,-83.98033,-83.98033,-82.67786
good,24,747,3.3069,8.7406,0.2668,-54.21355,-68.06859,-68.06859,-61.14107,-80.75290,-49.16436,-80.75290,-64.95863
good,24,757,3.1988,8.8361,0.2671,-58.90940,-65.38112,-65.38112,-62.14526,-79.32896,-51.98872,-79.32896,-65.65884
good,24,767,3.2654,8.8757,0.2672,-87.72932,-77.89018,-87.72932,-82.80975,-93.93867,-73.79346,-93.93867,-83.86607
good,24,777,3.2441,8.8488,0.2671,-90.20774,-85.78370,-90.20774,-87.99572,-88.69884,-57.16936,-88.69884,-72.93410
good,24,787,3.1368,8.8215,0.2680,-75.11335,-82.81323,-82.81323,-78.96329,-87.60436,-77.64618,-87.60436,-82.62527
good,24,797,3.1275,8.7974,0.2669,-58.01929,-59.78502,-59.78502,-58.90215,-78.81692,-66.98827,-78.81692,-72.90260
good,25,20,2.2493,0.9481,0.5392,-9.86067,-23.39649,-23.39649,-16.62858,-8.42200,-21.31060,-21.31060,-14.86630
good,25,30,3.3414,0.9578,0.5798,-9.18730,-22.01384,-22.01384,-15.60057,-6.02560,-24.96246,-24.96246,-15.49403
good,25,40,4.3469,0.9178,0.5032,-4.84249,-14.52409,-14.52409,-9.68329,-7.08324,-21.26969,-21.26969,-14.17646
good,25,50,5.1154,0.8998,0.5466,-7.18495,-15.35693,-15.35693,-11.27094,-7.32016,-20.14152,-20.14152,-13.73084
good,25,132,5.5414,9.1186,0.6175,-9.44210,-2.43979,-9.44210,-5.94095,-11.53932,-23.58215,-23.58215,-17.56074
good,25,142,4.4794,8.9120,0.6735,-12.07291,-10.02346,-12.07291,-11.04819,-14.22591,-13.70149,-14.22591,-13.96370
good,25,152,4.2083,8.8769,0.5863,-17.05666,-14.74837,-17.05666,-15.90251,-13.66654,-18.71758,-18.71758,-16.19206
good,25,162,3.8828,8.4705,0.5086,-17.92896,-12.47408,-17.92896,-15.20152,-26.05496,-27.79675,-27.79675,-26.92585
good,25,172,3.0106,8.9058,0.8751,-16.98102,-16.25632,-16.98102,-16.61867,-28.66620,-27.41497,-28.66620,-28.04058
good,25,182,2.8265,8.2505,0.6909,-17.27941,-13.67557,-17.27941,-15.47749,-31.02753,-23.03712,-31.02753,-27.03232
good,25,192,3.3346,8.7974,0.8251,-5.90946,-9.28730,-9.28730,-7.59838,-22.78513,-19.24175,-22.78513,-21.01344
good,25,720,2.2134,8.8388,0.7525,-30.67884,-20.05538,-30.67884,-25.36711,-41.15301,-31.91298,-41.15301,-36.53299
good,25,730,2.6798,8.9361,0.2670,-27.08502,-30.91669,-30.91669,-29.00086,-39.18303,-29.92282,-39.18303,-34.55293
good,25,740,2.6051,8.9765,0.2670,-37.06692,-33.48546,-37.06692,-35.27619,-52.63796,-34.32397,-52.63796,-43.48096
good,25,750,2.5179,8.9697,0.2858,-6.12332,-26.98349,-26.98349,-16.55340,-26.95597,-33.08930,-33.08930,-30.02264
good,25,760,2.4316,8.9189,0.2665,-32.40331,-35.36333,-35.36333,-33.88332,-41.36613,-47.13630,-47.13630,-44.25121
good,25,770,2.5078,8.8932,0.2698,-31.47243,-34.71675,-34.71675,-33.09459,-43.13562,-36.38941,-43.13562,-39.76251
good,25,780,2.4358,8.9104,0.2668,-35.99865,-37.12170,-37.12170,-36.56017,-44.53597,-42.01405,-44.53597,-43.27501
good,25,790,2.3288,8.9265,0.2685,-40.04959,-42.09275,-42.09275,-41.07117,-43.74833,-43.79535,-43.79535,-43.77184
good,26,21,2.2345,-1.2205,0.5185,-6.79242,-10.12062,-10.12062,-8.45652,-10.11637,-15.39033,-15.39033,-12.75335
good,26,31,3.3904,-1.0352,0.5170,-9.59737,-10.15734,-10.15734,-9.87735,-9.21296,-12.31495,-12.31495,-10.76396
good,26,41,3.7182,-0.8656,0.5336,-7.72048,-6.62274,-7.72048,-7.17161,-8.06873,-11.08072,-11.08072,-9.57472
good,26,51,3.9251,-0.9191,0.5955,-8.11314,-6.69593,-8.11314,-7.40454,-12.80956,-11.63824,-12.80956,-12.22390
good,26,61,4.1669,-0.7826,0.4704,-10.63543,-7.35527,-10.63543,-8.99535,-9.89266,-10.64068,-10.64068,-10.26667
good,26,71,4.3536,-0.8217,0.5669,-11.10305,-9.25479,-11.10305,-10.17892,-11.63695,-10.94050,-11.63695,-11.28872
good,26,81,4.5274,-0.7642,0.6107,-12.46606,-8.22915,-12.46606,-10.34760,-12.61432,-9.28464,-12.61432,-10.94948
good,26,91,4.7637,-0.7868,0.6727,-11.55463,-7.88110,-11.55463,-9.71787,-10.10606,-8.35750,-10.10606,-9.23178
good,26,101,4.8692,-0.7158,0.5928,-18.32087,-11.15656,-18.32087,-14.73871,-14.49655,-12.31272,-14.49655,-13.40464
good,26,111,4.9967,-0.6750,0.6219,-16.01361,-10.15183,-16.01361,-13.08272,-12.61353,-10.67346,-12.61353,-11.64350
good,26,121,5.0830,-0.6768,0.5545,-16.69720,-9.61451,-16.69720,-13.15586,-14.48158,-8.56576,-14.48158,-11.52367
good,26,131,5.1846,-0.6939,0.5872,-15.21444,-8.56569,-15.21444,-11.89007,-13.48235,-12.67085,-13.48235,-13.07660
good,26,141,5.3411,-0.7460,0.5364,-14.83196,-9.17341,-14.83196,-12.00269,-11.55010,-11.59191,-11.59191,-11.57100
good,26,151,5.4805,-0.7308,0.6204,-16.12358,-9.39985,-16.12358,-12.76171,-8.68927,-13.74813,-13.74813,-11.21870
good,26,161,5.6261,-0.6463,0.5241,-17.06434,-6.48410,-17.06434,-11.77422,-10.36041,-9.92132,-10.36041,-10.14087
good,26,273,4.5614,7.0691,0.4551,-10.19416,-10.99903,-10.99903,-10.59659,-9.70395,-12.88334,-12.88334,-11.29364
good,26,283,2.7386,7.7144,0.6609,-5.54271,-9.57101,-9.57101,-7.55686,-11.70337,-14.37875,-14.37875,-13.04106
good,28,24,2.2310,-0.9924,0.5479,-6.51575,-11.06339,-11.06339,-8.78957,-8.78282,-15.91274,-15.91274,-12.34778
good,28,34,3.2013,-1.0327,0.5489,-3.47019,-7.96271,-7.96271,-5.71645,-6.59561,-12.46348,-12.46348,-9.52955
good,28,44,4.0172,-0.9556,0.6064,-3.09436,-9.39978,-9.39978,-6.24707,-6.83985,-11.10693,-11.10693,-8.97339
good,28,54,4.9652,-0.9938,0.5335,-4.99069,-9.79836,-9.79836,-7.39452,-11.39671,-8.25110,-11.39671,-9.82390
good,28,146,5.2820,7.9785,0.6543,-11.49932,-12.43822,-12.43822,-11.96877,-6.33757,-18.70451,-18.70451,-12.52104
good,28,156,3.1056,8.1831,0.8180,-6.49252,-10.79333,-10.79333,-8.64292,-8.73108,-14.82970,-14.82970,-11.78039
good,29,29,2.2719,0.1887,0.5114,-24.74996,-21.27745,-24.74996,-23.01371,-20.14246,-26.41304,-26.41304,-23.27775
good,29,39,2.4973,0.1057,0.5218,-25.44401,-21.18813,-25.44401,-23.31607,-18.04108,-28.45844,-28.45844,-23.24976
good,29,49,2.5640,0.0825,0.5539,-25.36692,-19.13659,-25.36692,-22.25175,-20.52862,-29.86659,-29.86659,-25.19760
good,29,59,2.6337,0.0900,0.5917,-25.74674,-19.06416,-25.74674,-22.40545,-19.99667,-31.39051,-31.39051,-25.69359
good,29,69,2.7140,0.0659,0.6018,-27.96112,-20.74209,-27.96112,-24.35161,-22.19906,-30.41678,-30.41678,-26.30792
good,29,79,2.7836,0.0562,0.5971,-25.10160,-20.48067,-25.10160,-22.79114,-19.24669,-27.45011,-27.45011,-23.34840
good,29,89,2.8793,0.0272,0.5288,-26.23797,-20.02963,-26.23797,-23.13380,-21.02329,-26.46516,-26.46516,-23.74422
good,29,99,2.9262,0.0271,0.6176,-24.78211,-21.04553,-24.78211,-22.91382,-22.58164,-26.69613,-26.69613,-24.63889
good,29,109,2.9929,0.0746,0.5728,-25.38551,-18.40156,-25.38551,-21.89354,-20.41193,-24.90886,-24.90886,-22.66039
good,29,119,3.0602,0.0518,0.5795,-27.61134,-18.92362,-27.61134,-23.26748,-22.61144,-25.09001,-25.09001,-23.85072
good,29,129,3.1287,0.0583,0.5436,-25.12855,-17.54901,-25.12855,-21.33878,-21.90193,-26.36256,-26.36256,-24.13224
good,29,139,3.1919,0.0217,0.6275,-26.34047,-18.85024,-26.34047,-22.59535,-19.76412,-24.46663,-24.46663,-22.11538
good,29,149,3.2599,-0.0169,0.6628,-27.87797,-18.19211,-27.87797,-23.03504,-21.21397,-24.50253,-24.50253,-22.85825
good,29,159,3.3311,-0.0269,0.4761,-27.40424,-17.74030,-27.40424,-22.57227,-22.86641,-24.49296,-24.49296,-23.67969
good,29,169,3.4190,-0.0093,0.6191,-29.10513,-21.03489,-29.10513,-25.07001,-24.55130,-21.90426,-24.55130,-23.22778
good,29,179,3.4790,-0.0160,0.4801,-28.70991,-20.91739,-28.70991,-24.81365,-23.12026,-21.11804,-23.12026,-22.11915
good,29,189,3.5334,-0.0345,0.5693,-30.28812,-19.44518,-30.28812,-24.86665,-23.43778,-20.12823,-23.43778,-21.78300
good,29,199,3.5521,-0.0325,0.5231,-32.36438,-18.98951,-32.36438,-25.67694,-24.01946,-18.65691,-24.01946,-21.33818
good,29,209,3.6048,-0.0104,0.6103,-29.62434,-20.02674,-29.62434,-24.82554,-28.46937,-18.79421,-28.46937,-23.63179
good,29,219,3.6605,0.0426,0.5516,-31.41627,-19.02156,-31.41627,-25.21891,-25.17230,-23.04532,-25.17230,-24.10881
good,29,229,3.7333,0.0676,0.5034,-33.81383,-18.34379,-33.81383,-26.07881,-23.09004,-17.92443,-23.09004,-20.50723
good,29,239,3.8155,0.0901,0.5816,-38.66683,-18.81686,-38.66683,-28.74184,-24.30483,-19.41980,-24.30483,-21.86232
good,29,249,3.8895,0.0777,0.7724,-34.23923,-18.77985,-34.23923,-26.50954,-24.99203,-20.53674,-24.99203,-22.76438
good,29,259,3.9304,0.0944,0.5947,-36.43108,-19.52057,-36.43108,-27.97583,-26.95352,-17.71974,-26.95352,-22.33663
good,29,269,3.9873,0.0489,0.5594,-36.15498,-19.71601,-36.15498,-27.93550,-26.43771,-18.85202,-26.43771,-22.64486
good,29,279,4.0551,0.0067,0.6235,-36.75359,-21.65232,-36.75359,-29.20295,-27.29715,-15.71575,-27.29715,-21.50645
good,29,289,4.1091,0.0339,0.5545,-38.47591,-21.54463,-38.47591,-30.01027,-28.83514,-16.60295,-28.83514,-22.71905
good,29,299,4.1836,0.0150,0.5595,-36.48232,-21.44197,-36.48232,-28.96215,-28.11090,-15.43939,-28.11090,-21.77514
good,29,309,4.2460,0.0216,0.5446,-41.25272,-23.51637,-41.25272,-32.38454,-29.53898,-17.10680,-29.53898,-23.32289
good,29,319,4.3100,0.0480,0.5895,-38.09233,-18.40866,-38.09233,-28.25050,-27.85463,-15.72182,-27.85463,-21.78822
good,29,329,4.3931,0.0806,0.6020,-45.69250,-24.18020,-45.69250,-34.93635,-26.07454,-16.60645,-26.07454,-21.34050
good,29,339,4.4602,0.0871,0.5072,-44.50341,-22.76159,-44.50341,-33.63250,-25.80239,-16.44419,-25.80239,-21.12329
good,29,349,4.5375,0.0883,0.5671,-40.74584,-22.73633,-40.74584,-31.74109,-26.69815,-15.48468,-26.69815,-21.09142
good,29,359,4.5914,0.0615,0.5350,-46.37303,-23.64446,-46.37303,-35.00875,-26.24034,-15.52436,-26.24034,-20.88235
good,29,369,4.6474,0.0893,0.5877,-44.14650,-21.97635,-44.14650,-33.06143,-26.15492,-15.82855,-26.15492,-20.99173
good,29,379,4.6781,0.0199,0.6062,-41.38467,-21.81900,-41.38467,-31.60184,-27.79904,-11.21537,-27.79904,-19.50720
good,29,389,4.7131,-0.0561,0.6113,-40.12516,-22.16158,-40.12516,-31.14337,-28.28327,-12.16115,-28.28327,-20.22221
good,29,399,4.7878,-0.0803,0.6295,-43.51051,-23.58783,-43.51051,-33.54917,-27.85977,-14.03991,-27.85977,-20.94984
good,29,409,4.8498,-0.0820,0.6351,-44.85555,-25.13146,-44.85555,-34.99350,-29.65805,-13.04738,-29.65805,-21.35272
good,29,419,4.9226,-0.0198,0.5906,-46.03986,-24.21075,-46.03986,-35.12531,-25.56315,-14.77280,-25.56315,-20.16798
good,29,429,5.0002,-0.0035,0.5451,-46.26400,-22.09473,-46.26400,-34.17936,-21.15092,-13.04618,-21.15092,-17.09855
good,29,439,5.0760,0.0171,0.5768,-43.55418,-20.58306,-43.55418,-32.06862,-21.62584,-15.07378,-21.62584,-18.34981
good,29,449,5.1299,0.0139,0.6217,-44.81712,-22.36992,-44.81712,-33.59352,-21.78524,-11.03362,-21.78524,-16.40943
good,29,459,5.1918,0.0011,0.5189,-41.56866,-19.40389,-41.56866,-30.48628,-20.36958,-13.13221,-20.36958,-16.75089
good,29,469,5.2799,-0.0739,0.5514,-38.03971,-21.99791,-38.03971,-30.01881,-22.99986,-17.43209,-22.99986,-20.21598
good,29,479,5.3528,-0.1124,0.4729,-35.22722,-19.95603,-35.22722,-27.59162,-19.93681,-9.95363,-19.93681,-14.94522
good,29,489,5.4086,-0.0882,0.6122,-40.72135,-20.22414,-40.72135,-30.47274,-20.72882,-13.72551,-20.72882,-17.22716
good,29,499,5.4931,-0.0997,0.5235,-38.61954,-17.69550,-38.61954,-28.15752,-17.97125,-12.13768,-17.97125,-15.05446
good,29,509,5.5638,-0.0672,0.5562,-40.70383,-19.94913,-40.70383,-30.32648,-18.30672,-14.22056,-18.30672,-16.26364
good,29,614,5.3792,8.9214,0.6708,-9.82351,-13.14876,-13.14876,-11.48613,-16.46300,-6.55786,-16.46300,-11.51043
good,29,624,4.4054,8.6438,0.6220,-1.62114,-11.40831,-11.40831,-6.51473,-23.69586,-10.67203,-23.69586,-17.18394
good,29,634,3.5039,8.7706,0.5294,-7.40828,-12.47089,-12.47089,-9.93958,-19.70855,-17.07727,-19.70855,-18.39291
good,29,644,2.9105,8.7069,0.6174,-11.60650,-11.19723,-11.60650,-11.40186,-22.93635,-8.56510,-22.93635,-15.75073
good,30,25,2.2798,1.1949,0.5525,-7.49654,-13.65816,-13.65816,-10.57735,-5.86716,-15.84354,-15.84354,-10.85535
good,30,35,3.1905,1.0652,0.5580,-4.56999,-13.86126,-13.86126,-9.21563,-5.84717,-14.02684,-14.02684,-9.93700
good,30,45,3.7938,0.8964,0.5381,-6.55109,-13.49535,-13.49535,-10.02322,-9.93801,-20.05392,-20.05392,-14.99597
good,30,55,4.1118,0.9622,0.5372,-6.57951,-9.10645,-9.10645,-7.84298,-10.55544,-16.49911,-16.49911,-13.52728
good,30,65,4.4738,0.8999,0.5604,-8.04926,-14.45998,-14.45998,-11.25462,-13.52416,-19.97656,-19.97656,-16.75036
good,30,75,4.7258,0.8756,0.5541,-11.35437,-13.99537,-13.99537,-12.67487,-12.35071,-17.86497,-17.86497,-15.10784
good,30,85,4.8716,0.7610,0.6033,-15.35955,-15.11784,-15.35955,-15.23870,-15.07796,-23.68579,-23.68579,-19.38187
good,30,95,4.9974,0.8597,0.6112,-13.31382,-10.41696,-13.31382,-11.86539,-8.81016,-19.46782,-19.46782,-14.13899
good,30,105,5.5399,0.8698,0.5335,-13.00030,-15.55983,-15.55983,-14.28006,-9.77224,-20.31111,-20.31111,-15.04167
good,30,192,5.0760,7.9427,0.5806,-7.70122,-8.97294,-8.97294,-8.33708,-4.00517,-6.15344,-6.15344,-5.07931
good,30,202,3.8191,8.2077,0.5228,-5.69650,-11.34157,-11.34157,-8.51903,-6.99230,-10.10762,-10.10762,-8.54996
good,31,24,2.2291,0.9527,0.5531,-8.85610,-13.30208,-13.30208,-11.07909,-7.95960,-15.08056,-15.08056,-11.52008
good,31,34,3.0527,1.0791,0.5333,-5.59917,-12.88602,-12.88602,-9.24259,-5.35526,-18.45483,-18.45483,-11.90505
good,31,44,3.5902,0.9398,0.5572,-9.32909,-13.26566,-13.26566,-11.29738,-11.24923,-14.57592,-14.57592,-12.91258
good,31,54,4.0431,1.0349,0.5775,-5.45670,-10.65108,-10.65108,-8.05389,-7.94913,-19.13945,-19.13945,-13.54429
good,31,64,4.5590,1.0558,0.5749,-5.17575,-11.64029,-11.64029,-8.40802,-5.80078,-17.22445,-17.22445,-11.51261
good,31,74,5.2216,1.0184,0.5724,-5.59079,-13.04736,-13.04736,-9.31907,-7.05757,-15.81679,-15.81679,-11.43718
good,31,150,5.7072,8.9978,0.8225,-3.53060,1.37535,-3.53060,-1.07763,-0.34506,-9.46185,-9.46185,-4.90345
good,31,160,4.8029,8.8894,0.4773,-4.80676,-2.22289,-4.80676,-3.51483,-12.35553,-2.51646,-12.35553,-7.43600
good,31,170,3.5626,9.1733,0.7068,-6.17090,-8.44327,-8.44327,-7.30709,-15.58628,-13.26405,-15.58628,-14.42517
good,31,180,2.9846,8.7775,0.7841,1.74456,-6.61853,-6.61853,-2.43699,-12.49931,-8.33574,-12.49931,-10.41752
good,31,190,2.8184,9.1281,0.4649,-13.46900,-10.63373,-13.46900,-12.05136,-13.22471,-15.81619,-15.81619,-14.52045
good,33,25,2.2991,1.0472,0.5809,-11.13855,-14.71904,-14.71904,-12.92880,-9.34610,-25.21473,-25.21473,-17.28042
good,33,35,2.7514,0.8617,0.5694,-12.51385,-15.13083,-15.13083,-13.82234,-14.40948,-22.45431,-22.45431,-18.43189
good,33,45,2.8438,0.7553,0.5719,-13.93302,-14.84279,-14.84279,-14.38790,-14.11453,-23.37604,-23.37604,-18.74529
good,33,55,2.9768,0.7351,0.5684,-18.01295,-13.40914,-18.01295,-15.71104,-17.97863,-21.52377,-21.52377,-19.75120
good,33,65,3.1432,0.7767,0.5508,-14.13896,-13.39023,-14.13896,-13.76460,-11.17660,-22.30379,-22.30379,-16.74019
good,33,75,3.2812,0.7177,0.5494,-17.61992,-15.00217,-17.61992,-16.31104,-12.21881,-20.89419,-20.89419,-16.55650
good,33,85,3.3779,0.7163,0.5886,-17.53764,-12.37845,-17.53764,-14.95804,-16.27449,-22.15800,-22.15800,-19.21625
good,33,95,3.4992,0.6702,0.4363,-15.85325,-15.43798,-15.85325,-15.64562,-18.81730,-24.35550,-24.35550,-21.58640
good,33,105,3.6050,0.6632,0.5906,-18.72674,-16.33759,-18.72674,-17.53217,-16.57316,-23.94118,-23.94118,-20.25717
good,33,115,3.6950,0.6837,0.4919,-16.29203,-13.58120,-16.29203,-14.93661,-21.47483,-22.36994,-22.36994,-21.92239
good,33,125,3.8457,0.7259,0.5842,-20.38738,-15.50408,-20.38738,-17.94573,-17.08651,-20.71239,-20.71239,-18.89944
good,33,135,3.9349,0.7074,0.5526,-22.09331,-16.10676,-22.09331,-19.10004,-17.31991,-20.69148,-20.69148,-19.00570
good,33,145,4.0568,0.6502,0.6035,-25.09966,-17.57995,-25.09966,-21.33981,-18.78154,-19.74599,-19.74599,-19.26377
good,33,155,4.1811,0.6873,0.6652,-25.52422,-20.34879,-25.52422,-22.93650,-16.85350,-22.60416,-22.60416,-19.72883
good,33,165,4.2884,0.6801,0.5227,-23.82222,-18.90804,-23.82222,-21.36513,-18.20795,-22.54729,-22.54729,-20.37762
good,33,175,4.3975,0.7140,0.5897,-28.34889,-21.88650,-28.34889,-25.11769,-16.96841,-23.19886,-23.19886,-20.08364
good,33,185,4.4930,0.6821,0.5237,-29.22562,-19.00029,-29.22562,-24.11295,-16.59463,-21.25271,-21.25271,-18.92367
good,33,195,4.5695,0.7251,0.5072,-28.28227,-18.93960,-28.28227,-23.61094,-17.98228,-22.02335,-22.02335,-20.00282
good,33,205,4.6863,0.6692,0.5748,-28.22152,-20.19051,-28.22152,-24.20602,-15.54760,-20.57837,-20.57837,-18.06299
good,33,215,4.7986,0.6162,0.5874,-33.42138,-20.04354,-33.42138,-26.73246,-17.92445,-22.13952,-22.13952,-20.03199
good,33,225,4.8973,0.6762,0.5202,-25.72309,-17.48358,-25.72309,-21.60333,-16.99167,-20.71129,-20.71129,-18.85148
good,33,235,5.0005,0.6384,0.6398,-31.73100,-21.73325,-31.73100,-26.73212,-16.45096,-22.29833,-22.29833,-19.37465
good,33,245,5.1095,0.6199,0.6010,-32.42093,-20.72624,-32.42093,-26.57359,-18.73125,-20.41261,-20.41261,-19.57193
good,33,255,5.1949,0.6547,0.6594,-26.74602,-19.51278,-26.74602,-23.12940,-16.24675,-21.58289,-21.58289,-18.91482
good,33,265,5.2863,0.7463,0.5172,-27.78007,-18.62437,-27.78007,-23.20222,-13.87205,-24.41370,-24.41370,-19.14287
good,33,275,5.2806,0.8108,0.4964,-20.29442,-16.31141,-20.29442,-18.30292,-21.04146,-27.89243,-27.89243,-24.46694
good,33,285,5.3397,0.8418,0.5157,-20.34741,-16.81180,-20.34741,-18.57961,-19.38612,-20.85085,-20.85085,-20.11848
good,33,295,5.5109,0.9231,0.5699,-11.75780,-6.86746,-11.75780,-9.31263,-19.77498,-23.26455,-23.26455,-21.51976
good,33,305,5.5787,0.8932,0.5589,-18.21433,-14.31368,-18.21433,-16.26400,-22.10487,-22.82928,-22.82928,-22.46708
good,33,315,5.5674,0.9978,0.6068,-24.33504,-10.29144,-24.33504,-17.31324,-20.09070,-24.04131,-24.04131,-22.06601
good,33,326,5.6879,1.0003,0.7310,-16.31510,-14.22024,-16.31510,-15.26767,-20.50458,-24.96108,-24.96108,-22.73283
good,33,411,4.4214,8.1983,0.6748,-13.58791,-16.68920,-16.68920,-15.13855,-22.49835,-12.09868,-22.49835,-17.29852
good,33,585,2.3902,8.8826,0.4695,-21.86415,-17.35292,-21.86415,-19.60854,-34.67913,-17.51768,-34.67913,-26.09840
good,34,22,2.2315,-0.9027,0.5273,-7.03146,-7.50957,-7.50957,-7.27052,-13.10484,-12.31571,-13.10484,-12.71027
good,34,32,3.1143,-0.8334,0.5991,-12.18898,-9.54073,-12.18898,-10.86486,-12.77563,-12.66638,-12.77563,-12.72101
good,34,42,3.4199,-0.8226,0.6029,-13.56571,-9.88655,-13.56571,-11.72613,-12.58289,-13.00004,-13.00004,-12.79147
good,34,52,3.5683,-0.8025,0.6390,-13.29121,-9.25707,-13.29121,-11.27414,-14.08209,-10.96307,-14.08209,-12.52258
good,34,62,3.7397,-0.8080,0.6631,-13.11319,-8.26060,-13.11319,-10.68690,-12.35212,-11.75035,-12.35212,-12.05124
good,34,72,3.8924,-0.7887,0.6390,-14.11231,-8.74084,-14.11231,-11.42658,-14.92962,-11.16928,-14.92962,-13.04945
good,34,82,4.0708,-0.7991,0.6696,-14.29680,-7.75585,-14.29680,-11.02632,-15.78881,-9.43262,-15.78881,-12.61071
good,34,92,4.2250,-0.7425,0.5199,-12.11077,-8.14528,-12.11077,-10.12802,-15.18333,-12.27428,-15.18333,-13.72881
good,34,102,4.3951,-0.8071,0.5359,-12.05270,-8.01186,-12.05270,-10.03228,-17.07090,-11.22039,-17.07090,-14.14565
good,34,112,4.5994,-0.8050,0.5469,-11.52074,-8.72876,-11.52074,-10.12475,-14.88076,-10.50269,-14.88076,-12.69172
good,34,122,4.7785,-0.7833,0.5719,-15.47184,-7.99304,-15.47184,-11.73244,-16.32821,-11.39890,-16.32821,-13.86355
good,34,132,4.9380,-0.7184,0.5194,-16.28677,-8.43767,-16.28677,-12.36222,-13.50178,-10.17474,-13.50178,-11.83826
good,34,142,5.1041,-0.7551,0.5212,-14.49725,-8.36623,-14.49725,-11.43174,-14.78853,-12.93513,-14.78853,-13.86183
good,34,152,5.2078,-0.7578,0.5034,-13.69722,-7.93265,-13.69722,-10.81493,-15.43711,-11.84449,-15.43711,-13.64080
good,34,162,5.3836,-0.8231,0.5371,-15.03588,-8.78817,-15.03588,-11.91202,-14.27066,-11.48012,-14.27066,-12.87539
good,34,172,5.5298,-0.7590,0.5180,-14.93848,-8.86423,-14.93848,-11.90136,-14.15894,-10.61703,-14.15894,-12.38798
good,34,254,4.8594,8.1617,0.4849,-9.70850,-13.64474,-13.64474,-11.67662,-13.50735,-10.35114,-13.50735,-11.92924
good,34,264,2.5123,7.9557,0.5610,-19.06510,-16.17512,-19.06510,-17.62011,-19.76205,-7.91969,-19.76205,-13.84087
good,35,23,2.2333,-0.8660,0.5249,-9.89301,-11.64653,-11.64653,-10.76977,-10.93081,-18.19250,-18.19250,-14.56166
good,35,33,3.2214,-0.8537,0.6527,-13.05997,-10.50566,-13.05997,-11.78282,-15.02648,-15.76866,-15.76866,-15.39757
good,35,43,3.3067,-0.8664,0.5035,-16.40466,-12.42704,-16.40466,-14.41585,-17.83860,-15.54256,-17.83860,-16.69058
good,35,53,3.4566,-0.8297,0.5548,-14.25930,-11.68867,-14.25930,-12.97398,-16.61448,-14.73115,-16.61448,-15.67281
good,35,63,3.6903,-0.7872,0.6097,-15.35935,-8.56153,-15.35935,-11.96044,-16.01583,-14.49786,-16.01583,-15.25685
good,35,73,3.9033,-0.7838,0.5922,-11.56482,-9.69437,-11.56482,-10.62959,-12.86209,-13.30702,-13.30702,-13.08455
good,35,83,4.0876,-0.8232,0.6296,-12.97346,-10.57931,-12.97346,-11.77639,-13.80842,-13.74734,-13.80842,-13.77788
good,35,93,4.3058,-0.7864,0.5599,-12.66437,-10.73944,-12.66437,-11.70191,-15.69917,-15.34475,-15.69917,-15.52196
good,35,103,4.5329,-0.8305,0.6171,-14.05519,-10.48267,-14.05519,-12.26893,-14.11306,-14.20881,-14.20881,-14.16094
good,35,113,4.6770,-0.7920,0.4760,-12.86809,-12.59640,-12.86809,-12.73225,-17.54257,-14.41586,-17.54257,-15.97921
good,35,123,4.8162,-0.8080,0.6221,-20.87654,-12.92742,-20.87654,-16.90198,-18.32514,-19.21284,-19.21284,-18.76899
good,35,133,4.9783,-0.8028,0.5479,-14.61291,-10.05345,-14.61291,-12.33318,-13.93272,-18.00628,-18.00628,-15.96950
good,35,143,5.1508,-0.7507,0.6114,-17.53966,-11.73960,-17.53966,-14.63963,-16.13670,-15.57524,-16.13670,-15.85597
good,35,153,5.2171,-0.7647,0.6966,-20.40246,-11.17715,-20.40246,-15.78980,-17.93839,-17.79669,-17.93839,-17.86754
good,35,163,5.3450,-0.7567,0.5800,-17.15536,-8.96682,-17.15536,-13.06109,-13.78544,-16.52352,-16.52352,-15.15448
good,35,173,5.4205,-0.7685,0.5417,-17.36154,-9.70716,-17.36154,-13.53435,-15.19341,-15.82845,-15.82845,-15.51093
good,35,183,5.5319,-0.7174,0.5877,-16.07424,-8.46049,-16.07424,-12.26737,-13.08814,-16.26961,-16.26961,-14.67887
good,35,267,5.2146,7.9497,0.6438,-17.73732,-22.52175,-22.52175,-20.12953,-26.42995,-29.27055,-29.27055,-27.85025
good,35,277,3.4228,8.5507,0.5259,-15.44192,-16.15894,-16.15894,-15.80043,-19.73532,-23.94552,-23.94552,-21.84042
good,36,22,2.2104,-0.9007,0.5671,-8.48932,-11.27634,-11.27634,-9.88283,-7.77589,-14.14272,-14.14272,-10.95931
good,36,32,3.3640,-0.8932,0.5149,-5.14589,-9.27664,-9.27664,-7.21126,-6.89854,-12.36475,-12.36475,-9.63165
good,36,42,4.2197,-0.9409,0.5321,-3.82260,-10.09838,-10.09838,-6.96049,-3.36218,-9.50202,-9.50202,-6.43210
good,36,52,5.2348,-0.9684,0.5158,-3.38227,-10.27893,-10.27893,-6.83060,-7.07650,-8.81939,-8.81939,-7.94795
good,36,150,4.8953,7.5683,0.6029,-15.43480,-17.73603,-17.73603,-16.58542,-5.57748,-22.47841,-22.47841,-14.02795
good,36,160,3.2874,7.5156,0.6009,-8.51810,-12.86175,-12.86175,-10.68992,-12.00656,-9.31007,-12.00656,-10.65832
good,37,21,2.2035,1.2003,0.5186,-8.45298,-12.94982,-12.94982,-10.70140,-5.60657,-15.75912,-15.75912,-10.68284
good,37,31,3.0804,0.9962,0.5363,-7.12977,-12.76365,-12.76365,-9.94671,-6.38143,-16.39345,-16.39345,-11.38744
good,37,41,3.4997,0.9849,0.5692,-5.41674,-11.44371,-11.44371,-8.43022,-11.04848,-14.18430,-14.18430,-12.61639
good,37,51,3.8564,0.9256,0.5532,-12.15803,-13.33362,-13.33362,-12.74582,-11.89373,-18.09826,-18.09826,-14.99600
good,37,61,4.1983,0.9309,0.5765,-5.34331,-12.73566,-12.73566,-9.03948,-8.52354,-17.46914,-17.46914,-12.99634
good,37,71,4.4717,0.9347,0.5519,-12.43476,-11.50106,-12.43476,-11.96791,-12.71689,-17.35197,-17.35197,-15.03443
good,37,81,4.8591,1.0405,0.5636,-5.06129,-12.12788,-12.12788,-8.59459,-9.53884,-14.96976,-14.96976,-12.25430
good,37,91,5.4489,0.9975,0.5410,-11.36399,-14.42600,-14.42600,-12.89499,-8.32128,-18.96902,-18.96902,-13.64515
good,37,168,4.6842,8.3960,0.5652,-17.11995,-5.74335,-17.11995,-11.43165,-9.93461,-12.45274,-12.45274,-11.19368
good,37,178,3.1006,8.1403,0.5184,-8.57122,-9.07223,-9.07223,-8.82173,-10.96182,-5.06778,-10.96182,-8.01480
good,38,22,2.2243,1.1801,0.4893,-9.93957,-13.67912,-13.67912,-11.80934,-10.84271,-18.87155,-18.87155,-14.85713
good,38,32,2.7609,0.8882,0.5464,-11.34845,-13.71014,-13.71014,-12.52930,-10.37249,-19.43770,-19.43770,-14.90510
good,38,42,2.9483,0.8576,0.5710,-13.97743,-12.85407,-13.97743,-13.41575,-11.37494,-23.21704,-23.21704,-17.29599
good,38,52,3.1256,0.8294,0.5702,-11.27612,-13.07080,-13.07080,-12.17346,-11.87453,-22.88173,-22.88173,-17.37812
good,38,62,3.2746,0.7874,0.5394,-13.13104,-13.12388,-13.13104,-13.12746,-11.08460,-23.29346,-23.29346,-17.18903
good,38,72,3.4566,0.7884,0.5592,-15.23888,-13.25157,-15.23888,-14.24522,-12.03789,-21.50180,-21.50180,-16.76985
good,38,82,3.5704,0.7637,0.5538,-15.49819,-13.35731,-15.49819,-14.42775,-13.96157,-18.53093,-18.53093,-16.24625
good,38,92,3.7312,0.7076,0.5555,-20.19540,-14.35957,-20.19540,-17.27748,-14.26397,-22.97139,-22.97139,-18.61768
good,38,102,3.8286,0.7387,0.5500,-19.20301,-14.66163,-19.20301,-16.93232,-14.00309,-21.16587,-21.16587,-17.58448
good,38,112,3.9230,0.8123,0.5385,-9.08448,-13.17442,-13.17442,-11.12945,-10.66762,-16.39771,-16.39771,-13.53266
good,38,122,4.1335,0.9473,0.5606,-9.08621,-12.04347,-12.04347,-10.56484,-12.40121,-18.22009,-18.22009,-15.31065
good,38,132,4.4464,0.8786,0.5573,-12.77591,-14.52881,-14.52881,-13.65236,-7.32623,-13.71879,-13.71879,-10.52251
good,38,142,4.9476,1.1245,0.5625,-5.18475,-13.00820,-13.00820,-9.09648,-5.58259,-15.09830,-15.09830,-10.34044
good,38,152,5.5400,0.9933,0.6020,-4.72435,-12.26652,-12.26652,-8.49544,-8.04624,-12.87244,-12.87244,-10.45934
good,38,232,4.3348,8.1158,0.7213,-9.43799,-8.68851,-9.43799,-9.06325,-3.98231,-9.77718,-9.77718,-6.87974
good,39,25,2.2877,-0.9705,0.5262,-13.26763,-11.80635,-13.26763,-12.53699,-13.04961,-12.03738,-13.04961,-12.54350
good,39,35,3.2276,-0.9406,0.5179,-7.86037,-9.31157,-9.31157,-8.58597,-10.26521,-13.43185,-13.43185,-11.84853
good,39,45,4.2071,-1.0513,0.5329,-6.04070,-11.24501,-11.24501,-8.64285,-5.68802,-10.15849,-10.15849,-7.92326
good,39,55,5.0171,-1.0151,0.5676,-5.94813,-8.83646,-8.83646,-7.39229,-7.34258,-11.57932,-11.57932,-9.46095
good,39,132,5.2786,8.2015,0.5547,-13.05795,-13.21841,-13.21841,-13.13818,-9.28205,-9.72180,-9.72180,-9.50193
good,39,142,3.6037,7.7157,0.6038,-21.46202,-13.61698,-21.46202,-17.53950,-16.94041,-22.81427,-22.81427,-19.87734
good,39,172,2.3708,8.9265,0.6056,-0.11773,-5.04872,-5.04872,-2.58323,-22.56571,-14.07909,-22.56571,-18.32240
good,40,25,2.2615,0.9462,0.5073,-10.60909,-17.78434,-17.78434,-14.19671,-7.65816,-18.20959,-18.20959,-12.93388
good,40,35,3.3020,0.9584,0.5510,-6.52528,-13.74463,-13.74463,-10.13496,-6.69378,-12.66519,-12.66519,-9.67948
good,40,45,3.8887,0.8719,0.5711,-6.50985,-16.86261,-16.86261,-11.68623,-10.28052,-12.02766,-12.02766,-11.15409
good,40,55,4.3515,0.9566,0.5338,-5.87404,-14.97397,-14.97397,-10.42401,-11.73589,-14.92729,-14.92729,-13.33159
good,40,65,4.9087,0.9806,0.5474,-5.27916,-14.60513,-14.60513,-9.94214,-7.12067,-16.42837,-16.42837,-11.77452
good,40,75,5.4470,1.0339,0.5665,-4.94723,-15.86675,-15.86675,-10.40699,-6.63756,-16.84031,-16.84031,-11.73893
good,40,156,4.2248,8.0454,0.5876,-10.54321,-16.63231,-16.63231,-13.58776,-1.21745,-4.01391,-4.01391,-2.61568
good,41,26,2.2983,-0.9877,0.5707,-8.00559,-12.22811,-12.22811,-10.11685,-9.79506,-14.35465,-14.35465,-12.07485
good,41,36,3.1978,-0.8113,0.5698,-9.33854,-10.57275,-10.57275,-9.95565,-10.47261,-15.44097,-15.44097,-12.95679
good,41,46,3.3966,-0.7748,0.5935,-9.65103,-11.20411,-11.20411,-10.42757,-11.52397,-13.31853,-13.31853,-12.42125
good,41,56,3.5701,-0.7670,0.5286,-9.86575,-11.64567,-11.64567,-10.75571,-10.56289,-12.34428,-12.34428,-11.45358
good,41,66,3.7858,-0.7772,0.5158,-10.46435,-11.06972,-11.06972,-10.76704,-12.06736,-13.45114,-13.45114,-12.75925
good,41,76,4.0131,-0.7898,0.5062,-10.25037,-10.45194,-10.45194,-10.35115,-11.27468,-13.39329,-13.39329,-12.33399
good,41,86,4.2621,-0.7538,0.5397,-10.47730,-10.62038,-10.62038,-10.54884,-12.19743,-14.16176,-14.16176,-13.17959
good,41,96,4.4506,-0.7527,0.5623,-11.10860,-8.90825,-11.10860,-10.00842,-9.68475,-12.27148,-12.27148,-10.97812
good,41,106,4.6261,-0.7769,0.5512,-11.56079,-8.76084,-11.56079,-10.16082,-8.97182,-10.08711,-10.08711,-9.52946
good,41,116,4.8121,-0.8064,0.5317,-11.07524,-12.19033,-12.19033,-11.63279,-6.44245,-17.14092,-17.14092,-11.79168
good,41,126,4.9262,-0.8589,0.5144,-9.60926,-7.80601,-9.60926,-8.70763,-7.89498,-11.16203,-11.16203,-9.52850
good,41,136,5.2010,-0.8367,0.5065,-9.74730,-8.01375,-9.74730,-8.88052,-7.23594,-11.43789,-11.43789,-9.33691
good,41,236,5.6582,7.2324,0.6683,-2.18688,-13.45148,-13.45148,-7.81918,-13.85826,-16.61253,-16.61253,-15.23540
good,41,246,5.0196,7.5830,0.5033,-8.16040,-19.52090,-19.52090,-13.84065,-11.59915,-15.16132,-15.16132,-13.38024
good,41,256,4.1861,7.8416,0.5047,-6.05414,-10.39306,-10.39306,-8.22360,-9.19347,-17.26457,-17.26457,-13.22902
good,41,266,2.6702,8.0355,0.4549,-7.27231,-14.54874,-14.54874,-10.91052,-7.25031,-19.03063,-19.03063,-13.14047
good,42,23,2.2296,1.0368,0.5381,-7.63205,-13.54762,-13.54762,-10.58983,-6.70461,-17.43571,-17.43571,-12.07016
good,42,33,3.4190,0.9757,0.5247,-3.57434,-15.93906,-15.93906,-9.75670,-7.71592,-20.37731,-20.37731,-14.04662
good,42,43,4.4177,0.9238,0.5312,-2.37421,-12.63662,-12.63662,-7.50541,-6.81776,-16.07360,-16.07360,-11.44568
good,42,53,5.1062,0.8952,0.5546,-11.18544,-13.99449,-13.99449,-12.58996,-4.66683,-15.56354,-15.56354,-10.11519
good,42,63,5.5829,0.9016,0.5416,-6.89676,-12.47674,-12.47674,-9.68675,-4.71061,-14.69127,-14.69127,-9.70094
good,42,153,4.4258,7.9821,0.4393,-8.63626,-11.63708,-11.63708,-10.13667,-14.13019,-13.99069,-14.13019,-14.06044
good,42,163,2.9364,8.1144,0.4560,-10.74002,-6.41140,-10.74002,-8.57571,-15.04833,-8.69186,-15.04833,-11.87010
good,43,21,2.2354,1.0594,0.5307,-14.76134,-19.86620,-19.86620,-17.31377,-8.11984,-24.08210,-24.08210,-16.10097
good,43,31,2.9796,0.8759,0.5527,-14.82486,-14.63899,-14.82486,-14.73193,-9.99624,-26.24492,-26.24492,-18.12058
good,43,41,3.1537,0.8532,0.5502,-20.02333,-17.08655,-20.02333,-18.55494,-15.67382,-24.72148,-24.72148,-20.19765
good,43,51,3.4061,0.8161,0.5762,-17.25402,-14.72756,-17.25402,-15.99079,-13.41465,-23.72768,-23.72768,-18.57117
good,43,61,3.5555,0.8423,0.5317,-16.46024,-18.09380,-18.09380,-17.27702,-13.37470,-26.45921,-26.45921,-19.91696
good,43,71,3.6722,0.7255,0.5551,-23.84577,-19.32544,-23.84577,-21.58561,-15.50379,-25.99646,-25.99646,-20.75012
good,43,81,3.7577,0.7155,0.5389,-22.64622,-19.29128,-22.64622,-20.96875,-15.81972,-24.38511,-24.38511,-20.10242
good,43,91,3.8795,0.7491,0.5377,-21.73872,-17.80882,-21.73872,-19.77377,-17.74148,-25.19103,-25.19103,-21.46625
good,43,101,3.9846,0.6934,0.5643,-23.59730,-21.68956,-23.59730,-22.64342,-17.38478,-24.62546,-24.62546,-21.00512
good,43,111,4.0906,0.7421,0.5790,-24.59728,-21.82498,-24.59728,-23.21113,-17.16780,-23.72351,-23.72351,-20.44566
good,43,121,4.2311,0.7233,0.5574,-26.89189,-21.40960,-26.89189,-24.15074,-17.79289,-27.31433,-27.31433,-22.55361
good,43,131,4.3300,0.7105,0.5886,-29.15282,-23.46715,-29.15282,-26.30999,-12.23297,-30.86393,-30.86393,-21.54845
good,43,141,4.4328,0.7312,0.5884,-26.85164,-23.25852,-26.85164,-25.05508,-15.86432,-25.19841,-25.19841,-20.53136
good,43,151,4.5634,0.7776,0.5200,-24.51478,-22.79680,-24.51478,-23.65579,-14.63039,-28.06063,-28.06063,-21.34551
good,43,161,4.7453,0.7421,0.5654,-23.71538,-22.69525,-23.71538,-23.20531,-13.60530,-29.58987,-29.58987,-21.59758
good,43,171,4.8373,0.7277,0.5776,-27.19860,-24.80155,-27.19860,-26.00007,-14.54637,-24.30984,-24.30984,-19.42810
good,43,181,5.0038,0.7604,0.5525,-21.30357,-21.26524,-21.30357,-21.28441,-12.82440,-26.19132,-26.19132,-19.50786
good,43,191,5.1621,0.7699,0.5491,-20.41947,-20.53967,-20.53967,-20.47957,-18.26767,-28.65778,-28.65778,-23.46272
good,43,201,5.2981,0.7764,0.5765,-24.41167,-20.84934,-24.41167,-22.63050,-13.29380,-25.49335,-25.49335,-19.39358
good,43,211,5.4729,0.7931,0.6476,-27.85742,-23.20957,-27.85742,-25.53349,-11.87050,-26.74212,-26.74212,-19.30631
good,43,221,5.5873,0.8396,0.5499,-18.80497,-20.97180,-20.97180,-19.88839,-12.18398,-24.35810,-24.35810,-18.27104
good,43,308,4.7702,8.3116,0.6145,-9.44190,-9.27287,-9.44190,-9.35738,-22.26872,-20.66577,-22.26872,-21.46725
good,43,318,4.7507,8.5226,0.5475,-8.41094,-12.36877,-12.36877,-10.38985,-24.99097,-19.62663,-24.99097,-22.30880
good,43,328,4.5334,8.9593,0.5693,-6.61181,-6.70200,-6.70200,-6.65691,-18.52239,-21.77915,-21.77915,-20.15077
good,43,338,3.9340,8.7612,0.4509,-5.29501,-8.39877,-8.39877,-6.84689,-12.73818,-8.82611,-12.73818,-10.78214
good,43,348,4.0072,9.0308,0.5499,-3.17464,-10.79185,-10.79185,-6.98324,-20.30164,-17.84238,-20.30164,-19.07201
good,43,358,3.7894,8.3961,0.6286,-5.18538,-14.42780,-14.42780,-9.80659,-16.72231,-18.92315,-18.92315,-17.82273
good,43,368,3.7271,8.9413,0.5401,-4.35507,-5.35539,-5.35539,-4.85523,-12.59105,-13.47399,-13.47399,-13.03252
good,43,378,3.4754,9.0561,0.4275,-5.11164,-5.68831,-5.68831,-5.39997,-9.67306,-14.54346,-14.54346,-12.10826
good,43,388,3.1008,9.0533,0.5498,-1.37772,-5.94714,-5.94714,-3.66243,-9.91003,-19.18581,-19.18581,-14.54792
good,43,398,2.7017,9.0206,0.5906,-7.74353,-7.69753,-7.74353,-7.72053,-28.73398,-11.68452,-28.73398,-20.20925
good,43,430,2.2882,8.8562,0.5044,-11.60757,-7.82296,-11.60757,-9.71526,-15.56505,-18.92929,-18.92929,-17.24717
good,43,479,2.2997,8.8952,0.6242,-16.09941,-11.13658,-16.09941,-13.61799,-27.18508,-25.70759,-27.18508,-26.44633
good,43,489,2.4110,8.6904,0.6175,-14.88839,-11.64400,-14.88839,-13.26620,-31.35309,-39.33725,-39.33725,-35.34517
good,43,771,2.7192,8.3714,0.3807,-76.75484,-86.19791,-86.19791,-81.47638,-107.50368,-107.76996,-107.76996,-107.63683
good,43,781,2.4909,8.5055,0.2713,-80.39973,-88.15928,-88.15928,-84.27950,-100.33257,-83.97529,-100.33257,-92.15393
good,43,791,2.5715,8.5444,0.2670,-87.64995,-79.23632,-87.64995,-83.44313,-96.45606,-78.55679,-96.45606,-87.50642
good,44,22,2.2707,-1.0237,0.5330,-11.84225,-10.91480,-11.84225,-11.37853,-12.47329,-13.20852,-13.20852,-12.84091
good,44,32,2.9919,-0.8481,0.5576,-10.41301,-9.17654,-10.41301,-9.79477,-11.85940,-12.22619,-12.22619,-12.04279
good,44,42,3.1740,-0.8120,0.5811,-10.65582,-7.52917,-10.65582,-9.09250,-13.81054,-11.56365,-13.81054,-12.68710
good,44,52,3.3688,-0.7903,0.5716,-9.81185,-7.96603,-9.81185,-8.88894,-12.82596,-11.56667,-12.82596,-12.19632
good,44,62,3.5690,-0.7996,0.4950,-10.33901,-8.60438,-10.33901,-9.47170,-12.15773,-11.33932,-12.15773,-11.74852
good,44,72,3.8122,-0.7745,0.5703,-11.42068,-8.57779,-11.42068,-9.99923,-13.84564,-8.68657,-13.84564,-11.26611
good,44,82,3.9508,-0.7401,0.5300,-9.60294,-8.61733,-9.60294,-9.11013,-12.33919,-9.99674,-12.33919,-11.16796
good,44,92,4.0677,-0.7862,0.5445,-12.46397,-7.64299,-12.46397,-10.05348,-13.92807,-10.60581,-13.92807,-12.26694
good,44,102,4.1731,-0.7488,0.5540,-13.72477,-7.79801,-13.72477,-10.76139,-12.92843,-10.70019,-12.92843,-11.81431
good,44,112,4.2625,-0.7428,0.6024,-14.47653,-8.27819,-14.47653,-11.37736,-12.69499,-8.41294,-12.69499,-10.55396
good,44,122,4.4330,-0.7558,0.4977,-15.35311,-8.05233,-15.35311,-11.70272,-14.98603,-9.19785,-14.98603,-12.09194
good,44,132,4.5218,-0.8555,0.5744,-11.17905,-5.07090,-11.17905,-8.12498,-11.15097,-7.23214,-11.15097,-9.19155
good,44,142,4.7233,-0.8252,0.5537,-10.10187,-7.08714,-10.10187,-8.59451,-11.76557,-9.87993,-11.76557,-10.82275
good,44,152,5.1240,-0.8323,0.5127,-9.51998,-5.74785,-9.51998,-7.63392,-8.10106,-7.51528,-8.10106,-7.80817
good,44,231,5.3705,7.9222,0.5309,-17.50199,-15.02328,-17.50199,-16.26263,-15.50577,-11.10888,-15.50577,-13.30733
good,44,241,3.4515,7.9476,0.6856,-16.07150,-12.97142,-16.07150,-14.52146,-18.03129,-18.25961,-18.25961,-18.14545
good,44,577,2.2957,8.9910,0.5675,-10.22173,-14.35674,-14.35674,-12.28924,-29.64713,-20.52645,-29.64713,-25.08679
good,44,587,2.3577,9.0751,0.7019,-19.44383,-13.29721,-19.44383,-16.37052,-24.18702,-20.53544,-24.18702,-22.36123
good,44,746,3.3336,8.8414,0.4853,-12.42758,-7.09160,-12.42758,-9.75959,-24.31870,-14.05525,-24.31870,-19.18697
good,44,756,3.1183,8.9719,0.4685,-8.84772,-11.26488,-11.26488,-10.05630,-15.88330,-10.03174,-15.88330,-12.95752
good,44,776,2.2427,8.7082,0.4400,-6.68185,-10.70566,-10.70566,-8.69375,-19.50297,-12.29033,-19.50297,-15.89665
good,45,22,2.2560,-1.1979,0.5113,-7.84128,-10.01236,-10.01236,-8.92682,-9.95049,-10.79454,-10.79454,-10.37251
good,45,32,3.1194,-1.2014,0.5073,-5.62796,-8.41172,-8.41172,-7.01984,-4.88722,-13.45449,-13.45449,-9.17086
good,45,42,4.3245,-1.1472,0.5360,-6.54582,-11.83450,-11.83450,-9.19016,-8.35066,-12.48753,-12.48753,-10.41910
good,45,52,5.1971,-1.1650,0.5804,-5.37999,-9.30028,-9.30028,-7.34014,-6.77774,-11.55798,-11.55798,-9.16786
good,45,140,4.8261,8.6826,0.7492,-9.25711,-8.53138,-9.25711,-8.89425,-10.20560,-8.43312,-10.20560,-9.31936
good,45,150,4.0389,8.8157,0.4880,-4.49235,-10.47974,-10.47974,-7.48605,2.39833,-19.50978,-19.50978,-8.55573
good,45,160,3.8376,8.9734,0.5236,-7.26332,-6.03695,-7.26332,-6.65013,-9.39582,-13.68459,-13.68459,-11.54020
good,45,170,3.7572,8.8102,0.5624,-1.42540,-5.54113,-5.54113,-3.48327,-10.02115,-7.80799,-10.02115,-8.91457
good,45,180,3.2704,8.7972,0.5325,-1.36691,-7.91970,-7.91970,-4.64331,-7.35609,-13.71621,-13.71621,-10.53615
good,45,190,2.9530,9.1027,0.4057,-3.02944,-1.87235,-3.02944,-2.45089,-10.01277,-10.23837,-10.23837,-10.12557
good,45,200,2.6512,8.9627,0.6557,-7.04556,-9.20126,-9.20126,-8.12341,-11.70643,-8.81868,-11.70643,-10.26256
good,45,210,2.6494,9.0001,0.4730,-5.27828,-4.02262,-5.27828,-4.65045,-10.44699,-9.21627,-10.44699,-9.83163
good,45,227,2.2297,9.1885,0.6092,-13.69744,-10.01252,-13.69744,-11.85498,-20.40683,-19.44967,-20.40683,-19.92825
good,45,237,2.6971,8.8627,0.5854,-7.78623,-11.54314,-11.54314,-9.66469,-18.22028,-17.62396,-18.22028,-17.92212
good,45,247,2.7271,8.8989,0.5534,-8.63915,-5.72127,-8.63915,-7.18021,-13.17790,-20.04332,-20.04332,-16.61061
good,45,257,2.5510,8.7595,0.5881,-7.19339,-13.88991,-13.88991,-10.54165,-7.45649,-24.12995,-24.12995,-15.79322
good,46,24,2.2896,1.0672,0.5573,-13.44129,-15.03105,-15.03105,-14.23617,-11.89797,-19.51107,-19.51107,-15.70452
good,46,34,2.7660,0.9080,0.5587,-12.71456,-15.81216,-15.81216,-14.26336,-11.79337,-21.96149,-21.96149,-16.87743
good,46,44,2.9735,0.8752,0.5708,-14.11021,-14.81152,-14.81152,-14.46086,-11.92954,-25.99463,-25.99463,-18.96208
good,46,54,3.1608,0.9039,0.5262,-13.47095,-16.20182,-16.20182,-14.83639,-12.83869,-26.29251,-26.29251,-19.56561
good,46,64,3.3315,0.8082,0.4935,-15.95874,-16.32596,-16.32596,-16.14235,-14.52114,-26.20147,-26.20147,-20.36131
good,46,74,3.4930,0.7997,0.5499,-17.30282,-14.48174,-17.30282,-15.89228,-15.69958,-22.37571,-22.37571,-19.03765
good,46,84,3.6574,0.7620,0.5427,-18.51931,-16.82007,-18.51931,-17.66969,-13.97002,-21.27216,-21.27216,-17.62109
good,46,94,3.8207,0.8120,0.5506,-13.50016,-16.41108,-16.41108,-14.95562,-16.91825,-25.00810,-25.00810,-20.96318
good,46,104,3.9994,0.8409,0.6418,-12.60406,-17.02683,-17.02683,-14.81544,-11.98578,-16.17890,-16.17890,-14.08234
good,46,114,4.1387,0.9395,0.5173,-11.86820,-8.06288,-11.86820,-9.96554,-17.34354,-21.42685,-21.42685,-19.38519
good,46,124,4.5632,1.0849,0.5497,-6.15742,-12.77140,-12.77140,-9.46441,-8.71193,-19.95675,-19.95675,-14.33434
good,46,134,5.4122,1.1395,0.5575,-3.17204,-13.32850,-13.32850,-8.25027,-8.00145,-16.10905,-16.10905,-12.05525
good,46,233,4.8560,8.0625,0.6008,-15.42840,-13.60035,-15.42840,-14.51438,-11.93754,-22.43339,-22.43339,-17.18547
good,46,243,2.6466,8.3027,0.4629,-18.24600,-8.57030,-18.24600,-13.40815,-4.51753,-20.86524,-20.86524,-12.69139
good,46,306,2.3692,8.8712,0.5721,-7.29191,-9.47090,-9.47090,-8.38141,-15.78951,-5.48643,-15.78951,-10.63797
good,46,329,2.4144,9.0445,0.5451,-2.98878,-5.39626,-5.39626,-4.19252,-18.14592,-6.65161,-18.14592,-12.39876
good,46,339,2.5674,8.7614,0.6915,-4.58449,-7.81504,-7.81504,-6.19976,-16.93426,-10.32425,-16.93426,-13.62925
good,46,349,2.7229,8.9074,0.6289,-8.16438,-7.77698,-8.16438,-7.97068,-20.00065,-15.81328,-20.00065,-17.90697
good,46,359,2.4426,8.9263,0.5220,-10.87501,-9.76346,-10.87501,-10.31924,-21.71146,-15.58993,-21.71146,-18.65070
good,47,23,2.2992,1.0565,0.5382,-8.82171,-16.54655,-16.54655,-12.68413,-7.32329,-17.49607,-17.49607,-12.40968
good,47,33,3.0294,0.9302,0.5754,-10.83928,-16.15974,-16.15974,-13.49951,-16.71127,-15.15406,-16.71127,-15.93266
good,47,43,3.4155,0.8170,0.5394,-11.49022,-15.79342,-15.79342,-13.64182,-12.02395,-22.12236,-22.12236,-17.07315
good,47,53,3.6167,0.7799,0.6095,-14.17889,-14.34537,-14.34537,-14.26213,-12.63437,-21.49284,-21.49284,-17.06360
good,47,63,3.8064,0.8227,0.6002,-17.28879,-18.22180,-18.22180,-17.75529,-11.68165,-21.26915,-21.26915,-16.47540
good,47,73,3.9267,0.7433,0.4665,-18.01137,-16.94151,-18.01137,-17.47644,-12.94560,-29.47741,-29.47741,-21.21150
good,47,83,4.0255,0.7402,0.5321,-19.45927,-16.31483,-19.45927,-17.88705,-14.62500,-23.52389,-23.52389,-19.07445
good,47,93,4.1420,0.7600,0.5591,-21.24068,-16.51108,-21.24068,-18.87588,-19.58163,-24.95989,-24.95989,-22.27076
good,47,103,4.2774,0.6730,0.6197,-23.46304,-19.36452,-23.46304,-21.41378,-18.13593,-21.29379,-21.29379,-19.71486
good,47,113,4.3654,0.6887,0.6126,-23.14882,-21.33741,-23.14882,-22.24312,-19.48236,-26.73104,-26.73104,-23.10670
good,47,123,4.4503,0.6624,0.4729,-23.30457,-21.48099,-23.30457,-22.39278,-14.60469,-23.96512,-23.96512,-19.28490
good,47,133,4.5479,0.6441,0.6065,-26.73833,-19.71700,-26.73833,-23.22766,-18.66181,-25.22363,-25.22363,-21.94272
good,47,143,4.6654,0.7372,0.5353,-23.49218,-18.50189,-23.49218,-20.99703,-12.82555,-22.84971,-22.84971,-17.83763
good,47,153,4.7951,0.7538,0.5180,-23.21972,-19.81930,-23.21972,-21.51951,-13.23840,-22.88069,-22.88069,-18.05955
good,47,163,4.9447,0.6904,0.5351,-24.90927,-18.30926,-24.90927,-21.60927,-17.17476,-28.28089,-28.28089,-22.72783
good,47,173,5.0540,0.6438,0.6992,-25.06996,-17.10158,-25.06996,-21.08577,-9.06679,-21.23442,-21.23442,-15.15060
good,47,183,5.1497,0.6418,0.4910,-20.83958,-17.18355,-20.83958,-19.01157,-9.90564,-22.68832,-22.68832,-16.29698
good,47,193,5.2367,0.7155,0.6457,-24.66005,-18.85192,-24.66005,-21.75599,-11.13809,-19.94861,-19.94861,-15.54335
good,47,203,5.3645,0.7506,0.5370,-22.08611,-20.00631,-22.08611,-21.04621,-7.11116,-23.35130,-23.35130,-15.23123
good,47,213,5.4926,0.7549,0.5963,-23.46145,-19.52634,-23.46145,-21.49390,-3.32352,-24.57397,-24.57397,-13.94874
good,47,311,5.7917,8.8079,0.5717,-7.29135,-9.97228,-9.97228,-8.63182,-7.08103,-13.64758,-13.64758,-10.36430
good,47,321,4.2448,8.5604,0.5712,-11.35892,-6.61690,-11.35892,-8.98791,-8.64804,-22.05658,-22.05658,-15.35231
good,47,331,3.2282,8.6352,0.5658,-2.97113,-8.89661,-8.89661,-5.93387,-9.52634,-14.84602,-14.84602,-12.18618
good,48,21,2.2124,-0.9843,0.5410,-8.04533,-10.12828,-10.12828,-9.08681,-10.11929,-11.33669,-11.33669,-10.72799
good,48,31,2.9921,-1.0515,0.5663,-6.70688,-9.30092,-9.30092,-8.00390,-9.52641,-13.07577,-13.07577,-11.30109
good,48,41,4.1289,-1.1369,0.5271,-6.22618,-10.37884,-10.37884,-8.30251,-6.91748,-10.83495,-10.83495,-8.87621
good,48,51,4.9612,-0.9626,0.5694,-7.78362,-9.40786,-9.40786,-8.59574,-9.67665,-11.37590,-11.37590,-10.52627
good,48,127,5.5816,8.1126,0.5432,-10.04615,-6.06531,-10.04615,-8.05573,-14.91002,-15.38684,-15.38684,-15.14843
good,48,137,3.8132,7.8152,0.5466,-11.09590,-10.99020,-11.09590,-11.04305,-18.92228,-18.08856,-18.92228,-18.50542
good,49,23,2.2720,-0.8934,0.5738,-8.27510,-11.65899,-11.65899,-9.96704,-8.90921,-14.23708,-14.23708,-11.57314
good,49,33,3.2786,-0.9223,0.5623,-6.94584,-8.16647,-8.16647,-7.55615,-8.55137,-13.37284,-13.37284,-10.96210
good,49,43,4.1158,-0.9068,0.5671,-6.69294,-7.64648,-7.64648,-7.16971,-9.24453,-10.16462,-10.16462,-9.70457
good,49,53,5.0217,-0.9284,0.5225,-5.09663,-10.03762,-10.03762,-7.56713,-2.35339,-10.45982,-10.45982,-6.40660
good,49,147,5.1561,9.1014,0.6648,-15.28529,-6.52238,-15.28529,-10.90384,4.35453,-7.26130,-7.26130,-1.45338
good,49,157,3.9224,8.5613,0.5460,-11.75656,-5.70594,-11.75656,-8.73125,-7.27094,-14.36968,-14.36968,-10.82031
good,49,167,3.2778,8.7560,0.4994,-3.87656,-2.46289,-3.87656,-3.16973,-1.28245,-7.32734,-7.32734,-4.30489
good,49,177,3.3159,9.0159,0.4600,-3.03665,2.30243,-3.03665,-0.36711,2.21369,-16.20266,-16.20266,-6.99449
good,50,21,2.1975,-1.2269,0.5245,-8.42923,-11.03740,-11.03740,-9.73331,-9.77030,-12.34300,-12.34300,-11.05665
good,50,31,3.1231,-1.2642,0.4498,-6.13290,-11.05121,-11.05121,-8.59205,-5.53257,-10.77065,-10.77065,-8.15161
good,50,41,4.2749,-1.1762,0.4892,-5.77896,-11.29581,-11.29581,-8.53739,-7.13960,-11.72220,-11.72220,-9.43090
good,50,51,5.0940,-1.1687,0.5587,-5.21529,-9.48665,-9.48665,-7.35097,-6.07797,-11.15622,-11.15622,-8.61710
good,50,125,5.0615,8.8840,0.5864,-12.03125,-8.28236,-12.03125,-10.15681,0.29656,-12.94046,-12.94046,-6.32195
good,50,135,4.2022,8.7285,0.5714,-0.73906,-3.43447,-3.43447,-2.08677,-1.53634,-8.07211,-8.07211,-4.80422
good,50,145,4.0781,8.9643,0.5236,1.45309,-2.25227,-2.25227,-0.39959,0.21082,-1.59062,-1.59062,-0.68990
good,50,155,3.8187,9.0578,0.5281,-2.78280,-3.08613,-3.08613,-2.93446,0.42214,-17.81645,-17.81645,-8.69715
good,50,165,4.0987,8.5557,0.4791,5.18979,-4.27074,-4.27074,0.45953,-1.35777,-10.54499,-10.54499,-5.95138
good,50,175,3.9196,8.7183,0.4911,-7.16009,-8.43083,-8.43083,-7.79546,-1.35425,-14.61718,-14.61718,-7.98571
good,51,23,2.2015,-0.9049,0.5240,-9.33683,-12.81891,-12.81891,-11.07787,-10.30133,-16.10518,-16.10518,-13.20325
good,51,33,3.3201,-0.9174,0.5070,-5.05630,-11.06588,-11.06588,-8.06109,-8.87213,-13.47888,-13.47888,-11.17550
good,51,43,4.2858,-0.9122,0.6573,-9.70642,-13.07839,-13.07839,-11.39240,-9.44571,-19.17158,-19.17158,-14.30864
good,51,53,4.6772,-0.9195,0.5302,-10.44316,-10.83693,-10.83693,-10.64004,-11.28361,-12.44014,-12.44014,-11.86188
good,51,63,4.8422,-0.9581,0.6159,-7.15000,-9.79586,-9.79586,-8.47293,-9.82779,-12.83663,-12.83663,-11.33221
good,51,73,5.2053,-0.8478,0.5602,-10.40724,-9.79931,-10.40724,-10.10328,-7.12236,-15.93571,-15.93571,-11.52904
good,51,83,5.2703,-0.8446,0.5785,-11.61015,-11.05645,-11.61015,-11.33330,-8.27024,-16.11869,-16.11869,-12.19446
good,51,93,5.3855,-0.7501,0.5524,-15.95458,-11.73564,-15.95458,-13.84511,-8.63054,-17.77665,-17.77665,-13.20359
good,51,103,5.5049,-0.7357,0.5816,-14.48149,-11.69839,-14.48149,-13.08994,-9.89655,-11.48243,-11.48243,-10.68949
good,51,189,5.3815,8.5721,0.5770,-10.51336,-13.46351,-13.46351,-11.98843,-6.55979,-8.65903,-8.65903,-7.60941
good,51,199,3.9371,8.6414,0.6016,-5.23647,-5.71591,-5.71591,-5.47619,5.11986,-10.26745,-10.26745,-2.57380
good,52,22,2.2093,-0.9321,0.5679,-8.36781,-8.87264,-8.87264,-8.62023,-10.35348,-11.95130,-11.95130,-11.15239
good,52,32,3.1759,-0.8487,0.6060,-9.48269,-9.56233,-9.56233,-9.52251,-12.77157,-11.01465,-12.77157,-11.89311
good,52,42,3.2817,-0.8183,0.5779,-10.86372,-8.78132,-10.86372,-9.82252,-11.97035,-13.10551,-13.10551,-12.53793
good,52,52,3.4699,-0.8034,0.5290,-10.90169,-10.22575,-10.90169,-10.56372,-12.85364,-10.44924,-12.85364,-11.65144
good,52,62,3.6692,-0.7611,0.5348,-11.70905,-7.75660,-11.70905,-9.73282,-13.16738,-10.76891,-13.16738,-11.96814
good,52,72,3.8901,-0.7525,0.5284,-10.28204,-8.29295,-10.28204,-9.28749,-12.05285,-9.05021,-12.05285,-10.55153
good,52,82,4.0765,-0.7799,0.5141,-10.11242,-8.78035,-10.11242,-9.44638,-13.11637,-9.75299,-13.11637,-11.43468
good,52,92,4.2738,-0.7982,0.5613,-11.77440,-7.65516,-11.77440,-9.71478,-13.75224,-10.41617,-13.75224,-12.08420
good,52,102,4.4886,-0.7986,0.5447,-12.18104,-6.90411,-12.18104,-9.54257,-11.93867,-10.73022,-11.93867,-11.33445
good,52,112,4.7184,-0.8732,0.6044,-9.45586,-8.77765,-9.45586,-9.11676,-10.97325,-6.05226,-10.97325,-8.51276
good,52,122,4.8955,-0.7815,0.6045,-13.04577,-8.90731,-13.04577,-10.97654,-16.64519,-11.28251,-16.64519,-13.96385
good,52,132,5.0808,-0.7570,0.6431,-13.63033,-9.28372,-13.63033,-11.45702,-12.64104,-11.61409,-12.64104,-12.12757
good,52,142,5.2353,-0.7375,0.5923,-14.69353,-8.12416,-14.69353,-11.40885,-12.78075,-11.43550,-12.78075,-12.10812
good,52,152,5.3423,-0.7709,0.5456,-13.89717,-8.57244,-13.89717,-11.23481,-11.47681,-11.77971,-11.77971,-11.62826
good,52,162,5.4720,-0.7098,0.5734,-14.12923,-7.66961,-14.12923,-10.89942,-14.64201,-12.85044,-14.64201,-13.74622
good,52,231,5.7627,7.5451,0.5138,-11.80997,-11.64421,-11.80997,-11.72709,-11.39739,-12.88397,-12.88397,-12.14068
good,52,241,3.8967,7.6851,0.5060,-13.16762,-7.39495,-13.16762,-10.28129,-13.87936,-6.99861,-13.87936,-10.43899
good,53,23,2.2801,0.9345,0.5236,-10.17933,-15.82394,-15.82394,-13.00163,-6.44380,-21.35037,-21.35037,-13.89709
good,53,33,3.1447,0.9343,0.5561,-5.33427,-16.39959,-16.39959,-10.86693,-9.45923,-16.98006,-16.98006,-13.21964
good,53,43,3.9721,0.9108,0.5585,-7.92285,-19.95997,-19.95997,-13.94141,-13.54707,-14.71189,-14.71189,-14.12948
good,53,53,4.4774,0.9310,0.5336,-7.29246,-14.04458,-14.04458,-10.66852,-8.79286,-19.63993,-19.63993,-14.21639
good,53,63,4.8994,1.0563,0.5719,-5.33971,-19.61876,-19.61876,-12.47924,-12.93425,-19.78732,-19.78732,-16.36078
good,53,73,5.3878,1.1044,0.5264,-5.63411,-17.31711,-17.31711,-11.47561,-11.89820,-19.14042,-19.14042,-15.51931
good,53,182,4.6040,7.9418,0.5913,-9.02814,-16.84455,-16.84455,-12.93635,-5.48629,-16.51671,-16.51671,-11.00150
good,53,192,3.3875,8.2509,0.5011,-3.82399,-11.39982,-11.39982,-7.61190,-6.82302,-13.99230,-13.99230,-10.40766
good,53,286,2.3331,8.9460,0.2799,-7.37449,-16.91861,-16.91861,-12.14655,-0.34226,-12.99360,-12.99360,-6.66793
good,53,322,2.3538,8.9646,0.2667,-28.84650,-36.56682,-36.56682,-32.70666,-40.18587,-37.93410,-40.18587,-39.05998
good,53,332,2.4658,9.0590,0.2863,-40.07894,-45.97165,-45.97165,-43.02530,-53.67767,-37.80412,-53.67767,-45.74089
good,53,342,2.6270,8.9249,0.2672,-55.03370,-56.83075,-56.83075,-55.93222,-50.69182,-70.60983,-70.60983,-60.65082
good,53,352,2.6586,8.8419,0.2732,-67.27940,-74.76444,-74.76444,-71.02192,-57.08164,-56.53897,-57.08164,-56.81030
good,53,362,2.5901,8.9678,0.2669,-74.92624,-57.08141,-74.92624,-66.00382,-43.34798,-63.03822,-63.03822,-53.19310
good,53,372,2.5931,8.9592,0.2672,-72.82417,-59.38939,-72.82417,-66.10678,-31.80456,-52.19389,-52.19389,-41.99923
good,53,382,2.6033,8.9329,0.2669,-74.01653,-54.58679,-74.01653,-64.30166,-36.46802,-54.57413,-54.57413,-45.52108
good,53,392,2.6110,8.9144,0.2672,-79.83801,-62.35939,-79.83801,-71.09870,-46.34007,-52.44058,-52.44058,-49.39032
good,53,402,2.6640,8.8335,0.2674,-72.51111,-74.28895,-74.28895,-73.40002,-50.56256,-56.29604,-56.29604,-53.42930
good,53,412,2.6564,8.8437,0.2672,-71.87782,-69.83266,-71.87782,-70.85524,-42.87189,-56.73431,-56.73431,-49.80310
good,53,422,2.6630,8.8351,0.2672,-74.10619,-72.91600,-74.10619,-73.51109,-46.92715,-58.71394,-58.71394,-52.82054
good,53,432,2.6632,8.8347,0.2673,-69.83781,-71.69306,-71.69306,-70.76544,-49.51490,-58.34126,-58.34126,-53.92808
good,53,442,2.6627,8.8352,0.2672,-71.39479,-71.26400,-71.39479,-71.32939,-45.40281,-57.16657,-57.16657,-51.28469
good,53,452,2.6609,8.8373,0.2672,-74.76497,-74.30274,-74.76497,-74.53386,-47.59020,-59.52820,-59.52820,-53.55920
good,53,462,2.6625,8.8350,0.2672,-69.85137,-70.02389,-70.02389,-69.93763,-43.07274,-55.65299,-55.65299,-49.36286
good,53,472,2.6608,8.8370,0.2672,-75.51540,-73.56902,-75.51540,-74.54221,-46.26500,-59.15803,-59.15803,-52.71152
good,53,482,2.6621,8.8351,0.2673,-68.79831,-69.76698,-69.76698,-69.28264,-45.23058,-55.41966,-55.41966,-50.32512
good,53,492,2.6609,8.8365,0.2672,-74.12846,-72.45558,-74.12846,-73.29202,-46.12669,-58.43482,-58.43482,-52.28075
good,53,502,2.6608,8.8364,0.2672,-70.02708,-71.08614,-71.08614,-70.55661,-48.78870,-56.81815,-56.81815,-52.80342
good,53,512,2.6609,8.8361,0.2672,-71.27853,-71.07057,-71.27853,-71.17455,-45.32786,-57.05098,-57.05098,-51.18942
good,53,522,2.6590,8.8385,0.2672,-74.32035,-73.92558,-74.32035,-74.12296,-47.51204,-59.23304,-59.23304,-53.37254
good,53,532,2.6607,8.8360,0.2672,-69.57990,-69.72853,-69.72853,-69.65421,-42.69037,-55.39023,-55.39023,-49.04030
good,53,542,2.6590,8.8381,0.2672,-75.36025,-73.36562,-75.36025,-74.36293,-46.01156,-58.89504,-58.89504,-52.45330
good,53,552,2.6604,8.8360,0.2673,-68.51843,-69.54392,-69.54392,-69.03117,-44.99483,-55.25579,-55.25579,-50.12531
good,53,562,2.6591,8.8376,0.2672,-74.08148,-72.25431,-74.08148,-73.16789,-45.87717,-58.16749,-58.16749,-52.02233
good,53,572,2.6587,8.8378,0.2672,-69.86940,-70.76489,-70.76489,-70.31715,-48.43645,-56.57325,-56.57325,-52.50485
good,53,582,2.6592,8.8370,0.2672,-70.99929,-70.75898,-70.99929,-70.87914,-44.90479,-56.75679,-56.75679,-50.83080
good,53,592,2.6574,8.8392,0.2672,-73.77676,-73.41626,-73.77676,-73.59651,-47.32705,-58.82825,-58.82825,-53.07765
good,53,602,2.6590,8.8368,0.2672,-69.32549,-69.45041,-69.45041,-69.38795,-42.38306,-55.17122,-55.17122,-48.77714
good,53,612,2.6574,8.8388,0.2672,-74.80667,-72.94145,-74.80667,-73.87406,-45.96976,-58.52253,-58.52253,-52.24615
good,53,622,2.6588,8.8367,0.2673,-67.98344,-69.01385,-69.01385,-68.49865,-44.44046,-54.75569,-54.75569,-49.59808
good,53,632,2.6572,8.8386,0.2672,-73.59698,-71.86811,-73.59698,-72.73254,-45.55762,-57.60691,-57.60691,-51.58227
good,53,642,2.6573,8.8383,0.2672,-70.44081,-71.30716,-71.30716,-70.87399,-48.12036,-57.26992,-57.26992,-52.69514
good,53,652,2.6574,8.8380,0.2672,-70.48442,-70.31291,-70.48442,-70.39867,-44.06757,-56.26969,-56.26969,-50.16863
good,53,662,2.6561,8.8395,0.2672,-73.22483,-72.45542,-73.22483,-72.84013,-46.88863,-57.98948,-57.98948,-52.43905
good,53,672,2.6572,8.8378,0.2673,-68.84789,-68.83547,-68.84789,-68.84167,-42.57771,-54.81790,-54.81790,-48.69780
good,53,682,2.6560,8.8393,0.2672,-73.86689,-72.05243,-73.86689,-72.95966,-45.77041,-57.84303,-57.84303,-51.80672
good,53,692,2.6568,8.8380,0.2673,-68.17834,-69.77420,-69.77420,-68.97627,-47.19583,-56.09339,-56.09339,-51.64461
good,53,702,2.6559,8.8390,0.2672,-72.52286,-71.26103,-72.52286,-71.89194,-45.30779,-57.01737,-57.01737,-51.16258
good,53,712,2.6549,8.8401,0.2672,-70.82294,-71.25204,-71.25204,-71.03749,-47.64585,-57.19886,-57.19886,-52.42236
good,53,722,2.6558,8.8388,0.2672,-69.91650,-69.74705,-69.91650,-69.83177,-43.30790,-55.96941,-55.96941,-49.63865
good,53,732,2.6542,8.8407,0.2672,-73.73442,-72.55506,-73.73442,-73.14474,-46.35170,-58.02839,-58.02839,-52.19004
good,53,742,2.6556,8.8386,0.2673,-68.52580,-68.92953,-68.92953,-68.72766,-42.62037,-54.66512,-54.66512,-48.64275
good,53,752,2.6540,8.8407,0.2672,-74.07742,-71.95358,-74.07742,-73.01550,-45.42150,-57.72226,-57.72226,-51.57188
good,53,762,2.6552,8.8388,0.2673,-67.81956,-69.12012,-69.12012,-68.46984,-45.78476,-55.14153,-55.14153,-50.46314
good,53,772,2.6541,8.8401,0.2672,-72.58716,-71.12830,-72.58716,-71.85773,-45.04462,-56.80279,-56.80279,-50.92371
good,53,782,2.6531,8.8412,0.2672,-70.48483,-70.92580,-70.92580,-70.70532,-47.41920,-56.80458,-56.80458,-52.11189
good,53,792,2.6540,8.8398,0.2672,-69.75717,-69.51463,-69.75717,-69.63589,-42.99581,-55.71706,-55.71706,-49.35643
good,54,23,2.2681,-0.9873,0.5601,-8.92922,-11.78635,-11.78635,-10.35779,-11.60768,-15.95484,-15.95484,-13.78126
good,54,33,3.3126,-0.9256,0.5350,-7.33710,-8.74198,-8.74198,-8.03954,-9.55631,-13.99581,-13.99581,-11.77606
good,54,43,4.2230,-0.8664,0.5314,-8.85201,-7.66069,-8.85201,-8.25635,-6.87210,-8.53796,-8.53796,-7.70503
good,54,53,4.9769,-0.8941,0.5277,-9.06655,-7.03779,-9.06655,-8.05217,-8.50643,-12.01215,-12.01215,-10.25929
good,54,144,5.5496,8.6288,0.5273,-9.90155,-8.59246,-9.90155,-9.24700,-6.13190,-8.46514,-8.46514,-7.29852
good,54,154,4.3289,8.3610,0.4868,-13.62997,-12.18950,-13.62997,-12.90974,-11.70187,-8.52172,-11.70187,-10.11180
good,55,22,2.2518,-0.9919,0.5592,-9.77771,-11.30340,-11.30340,-10.54055,-9.95575,-13.48187,-13.48187,-11.71881
good,55,32,3.2434,-0.9540,0.5689,-7.41881,-7.60624,-7.60624,-7.51252,-7.52334,-13.57480,-13.57480,-10.54907
good,55,42,4.1417,-0.9820,0.5828,-4.04217,-9.46325,-9.46325,-6.75271,-5.73145,-12.07890,-12.07890,-8.90517
good,55,52,5.2070,-1.0091,0.5338,-3.47503,-9.50619,-9.50619,-6.49061,-6.82035,-12.45565,-12.45565,-9.63800
good,55,158,4.9321,9.3347,0.4707,-4.37382,-0.39010,-4.37382,-2.38196,-1.54089,-11.27111,-11.27111,-6.40600
good,55,168,4.1179,8.3821,0.5595,-1.77798,-8.33508,-8.33508,-5.05653,-10.32974,-16.24232,-16.24232,-13.28603
good,55,178,3.4151,8.9657,0.5621,-8.63281,-7.93215,-8.63281,-8.28248,-5.35557,-13.67732,-13.67732,-9.51645
good,55,188,2.7718,8.9834,0.6591,-2.43314,-6.31731,-6.31731,-4.37522,-12.18569,-9.40762,-12.18569,-10.79665
good,55,210,2.3822,8.9553,0.6202,-5.26659,-7.80142,-7.80142,-6.53401,-21.38694,-19.32173,-21.38694,-20.35434
good,55,220,2.6991,8.7712,0.7096,-5.94429,-4.83415,-5.94429,-5.38922,-13.43531,-13.99445,-13.99445,-13.71488
good,55,320,2.5772,8.3574,0.4421,-15.59607,-11.87405,-15.59607,-13.73506,-19.24262,-19.42741,-19.42741,-19.33501
good,55,330,2.6164,8.8700,0.5529,-14.09303,-11.08014,-14.09303,-12.58659,-16.62788,-16.49332,-16.62788,-16.56060
good,55,341,2.3214,8.9274,0.4872,-6.23526,-11.39780,-11.39780,-8.81653,-16.36270,-6.10606,-16.36270,-11.23438
good,56,22,2.1830,1.1307,0.5249,-7.45103,-15.83061,-15.83061,-11.64082,-7.95441,-21.98577,-21.98577,-14.97009
good,56,32,3.0172,1.0110,0.5245,-7.07459,-14.35911,-14.35911,-10.71685,-7.53977,-21.06441,-21.06441,-14.30209
good,56,42,3.4058,0.9574,0.5477,-7.71273,-12.29896,-12.29896,-10.00585,-8.44061,-18.84247,-18.84247,-13.64154
good,56,52,3.9216,1.0443,0.5674,-4.83439,-12.65725,-12.65725,-8.74582,-4.41196,-19.17391,-19.17391,-11.79294
good,56,62,4.5139,1.1118,0.5178,-7.80972,-15.42736,-15.42736,-11.61854,-7.30819,-18.94628,-18.94628,-13.12724
good,56,72,5.2736,1.0676,0.5404,-5.20597,-13.46216,-13.46216,-9.33407,-4.12564,-16.17631,-16.17631,-10.15098
good,56,166,5.6019,7.7344,0.4221,-10.39345,-17.14326,-17.14326,-13.76835,-15.15566,-14.83718,-15.15566,-14.99642
good,56,176,3.3779,7.5239,0.5728,-14.97830,-12.35646,-14.97830,-13.66738,-23.72228,-16.49819,-23.72228,-20.11024
good,56,425,2.3103,8.8456,0.5243,-13.82151,-14.86292,-14.86292,-14.34222,-35.66230,-29.04925,-35.66230,-32.35577
good,56,442,2.4106,8.8610,0.6385,-9.77159,-6.16531,-9.77159,-7.96845,-29.74225,-14.82204,-29.74225,-22.28215
good,56,712,2.3370,8.9137,0.6716,-14.08219,-19.35191,-19.35191,-16.71705,-40.08150,-32.41754,-40.08150,-36.24952
good,57,23,2.2266,-1.0273,0.5533,-9.97017,-13.35518,-13.35518,-11.66268,-12.63570,-13.50423,-13.50423,-13.06997
good,57,33,3.1162,-1.1314,0.5712,-7.59417,-10.06771,-10.06771,-8.83094,-9.81879,-15.60665,-15.60665,-12.71272
good,57,43,4.1131,-1.2228,0.5056,-2.45376,-10.11382,-10.11382,-6.28379,-7.28108,-12.59295,-12.59295,-9.93702
good,57,53,5.0733,-1.2429,0.4387,-2.70221,-9.27746,-9.27746,-5.98984,-7.61742,-7.99347,-7.99347,-7.80544
good,57,129,5.0768,8.7535,0.4311,-3.23765,-8.57527,-8.57527,-5.90646,-4.02094,-14.80014,-14.80014,-9.41054
good,57,139,3.7639,8.9953,0.4969,-7.84444,-7.97752,-7.97752,-7.91098,-8.28140,-13.18599,-13.18599,-10.73370
good,58,29,2.2134,0.0350,0.5410,-26.58895,-22.02205,-26.58895,-24.30550,-18.67774,-25.35315,-25.35315,-22.01544
good,58,39,2.4570,-0.0428,0.5723,-25.55260,-20.43118,-25.55260,-22.99189,-16.80841,-27.03541,-27.03541,-21.92191
good,58,49,2.5128,-0.0445,0.5120,-24.30763,-20.11175,-24.30763,-22.20969,-18.88256,-27.29699,-27.29699,-23.08977
good,58,59,2.6066,-0.0959,0.5471,-24.06169,-20.55823,-24.06169,-22.30996,-19.35271,-25.22388,-25.22388,-22.28830
good,58,69,2.6705,-0.0421,0.5695,-24.80410,-19.90411,-24.80410,-22.35410,-18.12636,-26.11001,-26.11001,-22.11819
good,58,79,2.7420,-0.0125,0.5782,-25.33243,-19.83597,-25.33243,-22.58420,-21.15891,-24.18026,-24.18026,-22.66958
good,58,89,2.7769,-0.0430,0.5928,-20.43694,-18.45160,-20.43694,-19.44427,-19.45999,-26.62872,-26.62872,-23.04436
good,58,99,2.8206,-0.0733,0.6816,-26.36153,-18.63241,-26.36153,-22.49697,-21.04717,-27.49061,-27.49061,-24.26889
good,58,109,2.9069,-0.0968,0.6601,-26.15639,-20.29092,-26.15639,-23.22365,-18.55123,-26.27440,-26.27440,-22.41282
good,58,119,2.9698,-0.0488,0.6220,-23.39911,-18.96439,-23.39911,-21.18175,-16.84819,-22.18563,-22.18563,-19.51691
good,58,129,3.0249,-0.0429,0.5896,-26.72410,-20.54692,-26.72410,-23.63551,-19.71137,-24.44980,-24.44980,-22.08059
good,58,139,3.0713,0.0004,0.6570,-25.73857,-18.88064,-25.73857,-22.30960,-19.38039,-29.62791,-29.62791,-24.50415
good,58,149,3.1180,0.0132,0.6112,-25.14115,-19.77034,-25.14115,-22.45574,-20.20130,-25.59281,-25.59281,-22.89706
good,58,159,3.2000,0.0074,0.6344,-25.64793,-20.67548,-25.64793,-23.16171,-20.68812,-24.14242,-24.14242,-22.41527
good,58,169,3.2863,-0.0179,0.4797,-26.16102,-20.05535,-26.16102,-23.10818,-19.87183,-23.10511,-23.10511,-21.48847
good,58,179,3.3287,-0.0617,0.6485,-25.75343,-20.08954,-25.75343,-22.92149,-19.83662,-21.06083,-21.06083,-20.44872
good,58,189,3.3823,-0.0657,0.5809,-25.65617,-18.08936,-25.65617,-21.87276,-21.82182,-19.36870,-21.82182,-20.59526
good,58,199,3.4421,-0.0551,0.6607,-27.50608,-20.08465,-27.50608,-23.79537,-23.53942,-22.36428,-23.53942,-22.95185
good,58,209,3.4842,-0.0561,0.5616,-28.47923,-19.71759,-28.47923,-24.09841,-21.96198,-20.25574,-21.96198,-21.10886
good,58,219,3.5408,0.0368,0.6319,-28.04131,-18.18203,-28.04131,-23.11167,-23.70441,-17.39610,-23.70441,-20.55025
good,58,229,3.5975,0.1022,0.5752,-30.94641,-19.02117,-30.94641,-24.98379,-23.88196,-21.40517,-23.88196,-22.64356
good,58,239,3.6581,0.0866,0.4874,-26.89476,-18.89352,-26.89476,-22.89414,-23.02053,-23.59913,-23.59913,-23.30983
good,58,249,3.7362,0.1053,0.5805,-31.65979,-18.97445,-31.65979,-25.31712,-23.57224,-23.87772,-23.87772,-23.72498
good,58,259,3.7932,0.0712,0.6208,-27.64110,-20.29573,-27.64110,-23.96841,-22.24787,-24.20674,-24.20674,-23.22731
good,58,269,3.8726,0.0282,0.6807,-35.95749,-20.55060,-35.95749,-28.25405,-26.51873,-22.53563,-26.51873,-24.52718
good,58,279,3.9529,0.0164,0.4394,-36.75197,-20.76115,-36.75197,-28.75656,-28.26086,-20.39843,-28.26086,-24.32965
good,58,289,4.0113,-0.0016,0.5659,-36.35130,-22.66282,-36.35130,-29.50706,-23.85140,-19.66291,-23.85140,-21.75715
good,58,299,4.0923,-0.0001,0.5892,-35.40363,-20.76601,-35.40363,-28.08482,-22.84550,-17.99778,-22.84550,-20.42164
good,58,309,4.1466,-0.0036,0.6716,-36.18693,-21.54224,-36.18693,-28.86458,-22.14953,-20.18979,-22.14953,-21.16966
good,58,319,4.1968,0.0217,0.5392,-36.66840,-21.37109,-36.66840,-29.01974,-25.01877,-15.84945,-25.01877,-20.43411
good,58,329,4.2434,0.0580,0.5818,-39.03118,-23.50859,-39.03118,-31.26989,-26.19348,-18.64499,-26.19348,-22.41923
good,58,339,4.3036,0.0513,0.4779,-36.07758,-22.20655,-36.07758,-29.14206,-25.91357,-18.57143,-25.91357,-22.24250
good,58,349,4.3717,0.0349,0.6088,-40.97402,-24.26919,-40.97402,-32.62160,-26.63251,-19.28071,-26.63251,-22.95661
good,58,359,4.4458,0.0440,0.5829,-38.51709,-21.51960,-38.51709,-30.01834,-26.31935,-20.30010,-26.31935,-23.30972
good,58,369,4.4940,0.0086,0.6627,-39.18036,-24.08374,-39.18036,-31.63205,-28.74497,-19.34845,-28.74497,-24.04671
good,58,379,4.5432,-0.0122,0.5992,-35.75636,-22.63290,-35.75636,-29.19463,-23.70116,-17.90704,-23.70116,-20.80410
good,58,389,4.6086,-0.0095,0.5958,-42.67918,-25.37964,-42.67918,-34.02941,-23.98905,-15.65838,-23.98905,-19.82371
good,58,399,4.6761,-0.0071,0.5144,-38.76765,-22.37645,-38.76765,-30.57205,-24.11909,-16.53171,-24.11909,-20.32540
good,58,409,4.7349,0.0335,0.5854,-42.87680,-22.66922,-42.87680,-32.77301,-21.52024,-18.14894,-21.52024,-19.83459
good,58,419,4.8036,0.0747,0.5283,-44.31393,-23.39042,-44.31393,-33.85217,-25.38153,-18.33084,-25.38153,-21.85619
good,58,429,4.8964,0.0616,0.5185,-37.57811,-22.85767,-37.57811,-30.21789,-21.89218,-18.82714,-21.89218,-20.35966
good,58,439,4.9527,0.0572,0.6175,-42.99891,-23.57228,-42.99891,-33.28559,-19.32635,-19.85881,-19.85881,-19.59258
good,58,449,4.9740,0.0276,0.5235,-44.05042,-24.66429,-44.05042,-34.35735,-26.64202,-16.90808,-26.64202,-21.77505
good,58,459,5.0140,0.0152,0.5532,-43.59357,-24.04763,-43.59357,-33.82060,-26.16830,-11.39501,-26.16830,-18.78166
good,58,469,5.0542,-0.0074,0.6576,-45.06867,-25.50478,-45.06867,-35.28673,-22.47334,-16.89593,-22.47334,-19.68464
good,58,479,5.1274,-0.0028,0.5530,-45.13837,-26.91613,-45.13837,-36.02725,-26.17904,-14.69864,-26.17904,-20.43884
good,58,489,5.1731,0.0204,0.6426,-42.91119,-24.34050,-42.91119,-33.62585,-23.37483,-18.82180,-23.37483,-21.09832
good,58,499,5.2572,0.0653,0.6748,-42.81389,-26.18196,-42.81389,-34.49793,-18.50341,-15.24055,-18.50341,-16.87198
good,58,509,5.3250,0.0931,0.5920,-41.78440,-22.02543,-41.78440,-31.90492,-10.63256,-16.44346,-16.44346,-13.53801
good,58,519,5.3789,0.0994,0.5385,-38.64649,-24.43425,-38.64649,-31.54037,-17.23461,-17.20432,-17.23461,-17.21947
good,58,529,5.4382,0.1225,0.5677,-43.95379,-23.31996,-43.95379,-33.63687,-11.70676,-16.40295,-16.40295,-14.05485
good,58,539,5.4908,0.0994,0.5457,-42.11020,-21.85620,-42.11020,-31.98320,-17.72823,-12.15729,-17.72823,-14.94276
good,58,549,5.5080,0.0556,0.6105,-38.67402,-23.69555,-38.67402,-31.18479,-13.52719,-13.89194,-13.89194,-13.70956
good,58,559,5.5807,0.0632,0.5920,-39.73158,-20.19680,-39.73158,-29.96419,-16.27090,-14.16897,-16.27090,-15.21993
good,58,569,5.6361,-0.0158,0.5072,-39.74813,-20.87676,-39.74813,-30.31245,-16.30546,-12.32192,-16.30546,-14.31369
good,58,647,3.8794,7.9009,0.7803,-14.46584,-15.29645,-15.29645,-14.88114,-17.25944,-9.37746,-17.25944,-13.31845
good,59,25,2.2426,-0.9585,0.5172,-9.21903,-11.47096,-11.47096,-10.34500,-10.88410,-15.61205,-15.61205,-13.24807
good,59,35,3.2718,-0.8466,0.6190,-10.30640,-9.15595,-10.30640,-9.73118,-12.63506,-15.00228,-15.00228,-13.81867
good,59,45,3.3560,-0.9065,0.5119,-12.02513,-10.51980,-12.02513,-11.27247,-12.22595,-16.58977,-16.58977,-14.40786
good,59,55,3.5527,-0.8495,0.5788,-11.99792,-7.75483,-11.99792,-9.87637,-12.61407,-13.18413,-13.18413,-12.89910
good,59,65,3.7436,-0.8899,0.5534,-9.83876,-8.38943,-9.83876,-9.11410,-12.39293,-14.33307,-14.33307,-13.36300
good,59,75,3.9433,-0.7682,0.5308,-11.28441,-9.90920,-11.28441,-10.59681,-13.85821,-11.59507,-13.85821,-12.72664
good,59,85,4.0722,-0.7740,0.6340,-13.44617,-8.97821,-13.44617,-11.21219,-11.65814,-9.47533,-11.65814,-10.56673
good,59,95,4.2171,-0.7653,0.6859,-13.55933,-10.44396,-13.55933,-12.00165,-10.09496,-12.53603,-12.53603,-11.31549
good,59,105,4.3498,-0.7363,0.5284,-11.90411,-9.57941,-11.90411,-10.74176,-14.23536,-12.29397,-14.23536,-13.26466
good,59,115,4.4592,-0.6992,0.5744,-13.28263,-9.62154,-13.28263,-11.45208,-12.22851,-9.21615,-12.22851,-10.72233
good,59,125,4.5222,-0.7343,0.6506,-12.91855,-9.58976,-12.91855,-11.25415,-11.32927,-13.08734,-13.08734,-12.20830
good,59,135,4.6751,-0.7785,0.6943,-14.73949,-10.03020,-14.73949,-12.38485,-14.10429,-11.90296,-14.10429,-13.00362
good,59,145,4.7927,-0.7573,0.5739,-14.56158,-9.33369,-14.56158,-11.94764,-10.63220,-12.07982,-12.07982,-11.35601
good,59,155,4.9705,-0.7440,0.5471,-18.09942,-9.96116,-18.09942,-14.03029,-13.20467,-14.15736,-14.15736,-13.68101
good,59,165,5.0471,-0.7414,0.5177,-17.27274,-10.46052,-17.27274,-13.86663,-14.03300,-14.93635,-14.93635,-14.48467
good,59,175,5.2008,-0.7500,0.5970,-17.48018,-11.47873,-17.48018,-14.47945,-14.50574,-13.62433,-14.50574,-14.06503
good,59,185,5.3560,-0.7768,0.5418,-15.98798,-9.50966,-15.98798,-12.74882,-13.06150,-14.90501,-14.90501,-13.98326
good,59,195,5.5130,-0.8296,0.6662,-15.68361,-10.26265,-15.68361,-12.97313,-9.55647,-16.08980,-16.08980,-12.82313
good,59,312,5.2262,8.5473,0.5896,-10.05105,-5.78993,-10.05105,-7.92049,-6.10251,-14.27566,-14.27566,-10.18909
good,59,322,3.7207,8.7533,0.6822,-2.17631,-0.90032,-2.17631,-1.53831,-9.08892,-7.47985,-9.08892,-8.28439
good,59,332,2.5712,8.8555,0.7085,-0.69709,-8.24697,-8.24697,-4.47203,-21.36598,-19.71417,-21.36598,-20.54008
good,60,27,2.2932,-1.2457,0.4748,-9.34543,-13.52396,-13.52396,-11.43469,-12.55987,-14.41861,-14.41861,-13.48924
good,60,37,2.9507,-1.0208,0.5002,-8.91568,-12.42213,-12.42213,-10.66891,-9.23746,-14.84921,-14.84921,-12.04333
good,60,47,3.3825,-0.8927,0.6865,-11.52345,-10.72777,-11.52345,-11.12561,-11.83722,-14.69209,-14.69209,-13.26466
good,60,57,3.7644,-0.8459,0.5528,-12.39073,-11.03640,-12.39073,-11.71357,-12.26758,-11.67026,-12.26758,-11.96892
good,60,67,3.9620,-0.7891,0.4983,-9.89843,-11.28967,-11.28967,-10.59405,-10.88199,-12.43864,-12.43864,-11.66032
good,60,77,4.1059,-0.8620,0.5837,-9.79500,-8.32728,-9.79500,-9.06114,-10.46888,-10.73272,-10.73272,-10.60080
good,60,87,4.3196,-0.8847,0.6029,-10.48909,-8.65465,-10.48909,-9.57187,-12.27435,-13.21236,-13.21236,-12.74336
good,60,97,4.5351,-0.9251,0.5480,-12.24722,-9.50009,-12.24722,-10.87366,-13.39420,-15.04331,-15.04331,-14.21876
good,60,107,4.7958,-1.0132,0.5973,-3.69622,-4.48225,-4.48225,-4.08923,-7.68891,-10.88471,-10.88471,-9.28681
good,60,200,5.7787,8.6952,0.5720,-8.76665,-13.30583,-13.30583,-11.03624,-5.32999,-12.32523,-12.32523,-8.82761
good,60,210,4.4272,7.6651,0.5682,-15.14471,-19.28428,-19.28428,-17.21449,-11.52470,-9.06940,-11.52470,-10.29705
good,61,21,2.2681,1.0539,0.5232,-16.22201,-18.85754,-18.85754,-17.53978,-17.54331,-27.26071,-27.26071,-22.40201
good,61,31,2.7211,0.9727,0.5727,-10.00614,-13.12463,-13.12463,-11.56538,-10.85599,-21.95136,-21.95136,-16.40367
good,61,41,2.9621,0.7927,0.6101,-13.58915,-14.53479,-14.53479,-14.06197,-14.59982,-21.97585,-21.97585,-18.28783
good,61,51,3.0900,0.7284,0.5287,-17.97218,-13.71536,-17.97218,-15.84377,-15.13050,-25.08568,-25.08568,-20.10809
good,61,61,3.2117,0.7456,0.6133,-18.53719,-15.47212,-18.53719,-17.00465,-16.46386,-25.94831,-25.94831,-21.20609
good,61,71,3.3185,0.6888,0.5269,-19.88679,-17.22227,-19.88679,-18.55453,-18.32079,-24.22653,-24.22653,-21.27366
good,61,81,3.4214,0.7117,0.5358,-19.70345,-13.17002,-19.70345,-16.43674,-17.63959,-23.91803,-23.91803,-20.77880
good,61,91,3.5263,0.7354,0.5464,-17.45341,-13.21856,-17.45341,-15.33599,-19.65276,-24.54389,-24.54389,-22.09832
good,61,101,3.6507,0.7531,0.5367,-14.91481,-11.68157,-14.91481,-13.29819,-16.35350,-25.21603,-25.21603,-20.78477
good,61,111,3.7952,0.7029,0.6059,-19.33112,-14.34931,-19.33112,-16.84021,-20.29573,-24.36178,-24.36178,-22.32875
good,61,121,3.8800,0.7579,0.5035,-16.59060,-11.93250,-16.59060,-14.26155,-20.92839,-24.58723,-24.58723,-22.75781
good,61,131,4.0586,0.8369,0.5582,-16.77055,-14.63173,-16.77055,-15.70114,-14.38257,-20.41297,-20.41297,-17.39777
good,61,141,4.1328,0.7857,0.6472,-20.49227,-13.58803,-20.49227,-17.04015,-24.07657,-27.19331,-27.19331,-25.63494
good,61,151,4.3959,0.8344,0.5045,-22.27653,-12.26439,-22.27653,-17.27046,-20.78805,-21.35587,-21.35587,-21.07196
good,61,161,4.5283,0.7889,0.6534,-18.83716,-13.92602,-18.83716,-16.38159,-22.53134,-29.47020,-29.47020,-26.00077
good,61,171,4.6999,0.7462,0.4965,-22.76370,-15.48371,-22.76370,-19.12370,-22.00395,-24.05615,-24.05615,-23.03005
good,61,181,4.8082,0.7548,0.6033,-26.73890,-20.40255,-26.73890,-23.57072,-26.80457,-23.27513,-26.80457,-25.03985
good,61,191,4.9581,0.7004,0.7713,-22.91208,-20.96534,-22.91208,-21.93871,-19.44581,-26.77359,-26.77359,-23.10970
good,61,201,5.1443,0.7564,0.6273,-27.05405,-26.08026,-27.05405,-26.56715,-22.28141,-22.66181,-22.66181,-22.47161
good,61,211,5.3197,0.8497,0.5311,-15.56442,-20.28625,-20.28625,-17.92534,-12.37791,-22.94138,-22.94138,-17.65965
good,61,221,5.5099,0.7907,0.5871,-25.49684,-22.63036,-25.49684,-24.06360,-18.77886,-23.53167,-23.53167,-21.15527
good,61,343,5.2327,8.6786,0.5287,2.09451,-9.19942,-9.19942,-3.55246,-19.36502,-18.11955,-19.36502,-18.74229
good,61,353,4.6509,8.7149,0.6500,-6.38574,-7.02390,-7.02390,-6.70482,-17.73602,-15.28022,-17.73602,-16.50812
good,61,363,3.9161,8.7372,0.5393,-5.27681,-3.14040,-5.27681,-4.20861,-19.16269,-12.70630,-19.16269,-15.93450
good,61,373,3.3131,8.8520,0.6828,-10.85101,-10.76461,-10.85101,-10.80781,-24.61126,-23.61601,-24.61126,-24.11364
good,61,383,2.9942,8.8106,0.5305,-19.94384,-8.38882,-19.94384,-14.16633,-30.66269,-21.20648,-30.66269,-25.93459
good,61,738,2.6370,8.4260,0.8755,-103.73530,-83.42630,-103.73530,-93.58080,-70.63308,-99.20633,-99.20633,-84.91971
good,61,748,3.6535,8.3554,0.5978,-124.51505,-108.08709,-124.51505,-116.30107,-134.64180,-102.00174,-134.64180,-118.32177
good,61,758,3.6818,8.3265,0.2668,-112.19619,-105.66739,-112.19619,-108.93179,-104.65836,-83.86243,-104.65836,-94.26040
good,61,768,3.7848,8.3456,0.2666,-111.26543,-113.85588,-113.85588,-112.56065,-94.97249,-81.25010,-94.97249,-88.11130
good,61,778,3.7616,8.3810,0.2680,-114.61556,-104.93083,-114.61556,-109.77319,-110.47660,-89.67804,-110.47660,-100.07732
good,61,788,3.7921,8.3623,0.2668,-100.04398,-99.59422,-100.04398,-99.81911,-85.08755,-69.59624,-85.08755,-77.34190
good,61,798,3.6650,8.2978,0.2679,-100.55888,-91.99033,-100.55888,-96.27460,-89.78091,-78.96721,-89.78091,-84.37405
good,62,23,2.2554,-0.9068,0.5296,-6.92344,-11.79562,-11.79562,-9.35953,-8.33133,-13.87670,-13.87670,-11.10402
good,62,33,3.3992,-0.9340,0.4940,-6.32188,-10.36560,-10.36560,-8.34374,-10.64455,-12.70484,-12.70484,-11.67470
good,62,43,4.2284,-0.8636,0.5865,-9.44976,-10.35948,-10.35948,-9.90462,-15.31985,-15.94839,-15.94839,-15.63412
good,62,53,4.5523,-0.8072,0.6140,-12.11892,-10.50710,-12.11892,-11.31301,-12.04802,-11.90443,-12.04802,-11.97622
good,62,63,4.7568,-0.8403,0.5045,-14.21478,-10.20894,-14.21478,-12.21186,-13.07364,-15.28810,-15.28810,-14.18087
good,62,73,4.9320,-0.7925,0.6347,-18.61719,-10.23487,-18.61719,-14.42603,-12.24436,-16.97316,-16.97316,-14.60876
good,62,83,5.0983,-0.8144,0.5634,-15.26095,-10.57028,-15.26095,-12.91561,-13.31673,-16.79690,-16.79690,-15.05681
good,62,93,5.3520,-0.8476,0.5705,-17.15612,-10.73417,-17.15612,-13.94515,-13.31923,-15.43664,-15.43664,-14.37793
good,62,103,5.5541,-0.7774,0.5499,-17.83767,-10.84917,-17.83767,-14.34342,-11.05545,-16.92129,-16.92129,-13.98837
good,62,202,5.3288,8.3093,0.6652,-13.25112,-12.11793,-13.25112,-12.68452,-3.60650,-12.44033,-12.44033,-8.02341
good,62,212,4.3159,7.9346,0.4122,-13.74276,-12.94063,-13.74276,-13.34170,-8.46796,-15.56929,-15.56929,-12.01863
good,62,222,2.8494,8.0524,0.5205,-11.92534,-13.21683,-13.21683,-12.57109,-8.27639,-17.36724,-17.36724,-12.82181
good,62,795,3.0330,8.7041,0.3735,0.26236,-1.67888,-1.67888,-0.70826,-2.80049,-9.46676,-9.46676,-6.13363
good,63,20,2.2611,0.9620,0.5648,-11.47908,-21.45637,-21.45637,-16.46772,-13.37484,-33.33419,-33.33419,-23.35452
good,63,30,3.4262,0.9411,0.5280,-14.00429,-20.07196,-20.07196,-17.03812,-12.05419,-22.14733,-22.14733,-17.10076
good,63,40,4.0008,0.7595,0.4970,-26.31482,-31.01899,-31.01899,-28.66690,-37.12792,-45.44338,-45.44338,-41.28565
good,63,50,4.1515,0.8478,0.5477,-29.33575,-34.11710,-34.11710,-31.72642,-33.01873,-39.69846,-39.69846,-36.35859
good,63,60,4.2556,0.8340,0.5751,-20.65040,-32.78783,-32.78783,-26.71912,-37.99783,-43.95133,-43.95133,-40.97458
good,63,70,4.3961,0.8282,0.5233,-41.56235,-32.73350,-41.56235,-37.14793,-52.15219,-52.63383,-52.63383,-52.39301
good,63,80,4.4835,0.7471,0.4164,-25.39389,-33.81772,-33.81772,-29.60581,-40.65520,-49.10929,-49.10929,-44.88225
good,63,90,4.5561,0.7193,0.5067,-31.01882,-33.24558,-33.24558,-32.13220,-52.11356,-40.68064,-52.11356,-46.39710
good,63,100,4.6620,0.7533,0.5401,-40.63676,-32.31765,-40.63676,-36.47721,-41.70946,-43.63554,-43.63554,-42.67250
good,63,110,4.8144,0.7656,0.4884,-33.22538,-32.27819,-33.22538,-32.75179,-35.86720,-37.66459,-37.66459,-36.76590
good,63,120,4.8771,0.6949,0.4908,-35.77501,-33.42470,-35.77501,-34.59985,-45.36168,-45.48658,-45.48658,-45.42413
good,63,130,5.0466,0.7249,0.5069,-35.33900,-33.19851,-35.33900,-34.26875,-35.19772,-35.83717,-35.83717,-35.51745
good,63,140,5.1066,0.6792,0.5107,-33.09343,-36.11930,-36.11930,-34.60637,-53.09631,-46.47419,-53.09631,-49.78525
good,63,150,5.2502,0.7256,0.4567,-39.48911,-31.66558,-39.48911,-35.57735,-39.89228,-42.57956,-42.57956,-41.23592
good,63,160,5.3284,0.7327,0.4942,-34.99508,-47.51710,-47.51710,-41.25609,-75.85624,-61.20650,-75.85624,-68.53137
good,63,170,5.4522,0.7688,0.5776,-32.62668,-40.01083,-40.01083,-36.31876,-51.17622,-44.19796,-51.17622,-47.68709
good,63,180,5.5653,0.8144,0.5793,-29.19238,-37.10883,-37.10883,-33.15061,-50.04482,-47.63659,-50.04482,-48.84071
good,63,307,5.4658,6.9389,0.4328,-26.85052,-35.07835,-35.07835,-30.96443,-50.74671,-49.70654,-50.74671,-50.22662
good,63,317,4.5944,7.3596,0.5033,-37.58448,-31.61763,-37.58448,-34.60106,-73.75732,-46.43372,-73.75732,-60.09552
good,63,327,4.2127,8.1509,0.4041,-15.31300,-24.05259,-24.05259,-19.68279,-55.00799,-31.67993,-55.00799,-43.34396
good,63,337,3.9271,8.5319,0.4166,-11.37217,-24.04068,-24.04068,-17.70643,-38.86051,-31.77057,-38.86051,-35.31554
good,63,347,2.8417,8.3397,0.5777,-26.79593,-20.91130,-26.79593,-23.85361,-65.10837,-41.59565,-65.10837,-53.35201
good,64,24,2.2928,-0.9982,0.5111,-9.69098,-11.08768,-11.08768,-10.38933,-8.48084,-12.75670,-12.75670,-10.61877
good,64,34,3.2534,-0.9038,0.5335,-6.63818,-8.65570,-8.65570,-7.64694,-9.74065,-12.47871,-12.47871,-11.10968
good,64,44,3.9707,-0.9770,0.5862,-5.76596,-7.96717,-7.96717,-6.86657,-10.25019,-13.45218,-13.45218,-11.85119
good,64,54,4.8120,-0.9768,0.5601,-7.24321,-7.28259,-7.28259,-7.26290,-7.65141,-13.31523,-13.31523,-10.48332
good,64,137,5.7818,8.1999,0.5619,-11.60622,-9.17682,-11.60622,-10.39152,-13.96758,-19.86468,-19.86468,-16.91613
good,64,147,4.1759,7.5960,0.6219,-14.87513,-16.11849,-16.11849,-15.49681,-11.49025,-14.47403,-14.47403,-12.98214
good,64,157,2.9644,8.2674,0.6790,-8.87850,-14.26408,-14.26408,-11.57129,-7.24577,-25.78107,-25.78107,-16.51342
good,64,435,2.3891,8.7902,0.2669,-32.74710,-42.95914,-42.95914,-37.85312,-50.33886,-54.58959,-54.58959,-52.46423
good,65,31,2.2513,-0.0067,0.5511,-29.10356,-22.14808,-29.10356,-25.62582,-22.91956,-27.29629,-27.29629,-25.10793
good,65,41,2.4711,-0.0619,0.6129,-27.16639,-20.17664,-27.16639,-23.67151,-21.94995,-27.56363,-27.56363,-24.75679
good,65,51,2.5311,-0.0605,0.5666,-27.38186,-21.26303,-27.38186,-24.32244,-19.62133,-28.53659,-28.53659,-24.07896
good,65,61,2.5936,-0.0541,0.4968,-25.73696,-20.62047,-25.73696,-23.17871,-21.35468,-24.80591,-24.80591,-23.08030
good,65,71,2.6767,-0.0593,0.5789,-24.93888,-20.96525,-24.93888,-22.95206,-21.24133,-25.74716,-25.74716,-23.49425
good,65,81,2.7057,-0.0848,0.5501,-25.90626,-21.09700,-25.90626,-23.50163,-20.20859,-25.98708,-25.98708,-23.09783
good,65,91,2.8054,-0.0783,0.5699,-24.64563,-21.06154,-24.64563,-22.85359,-19.60151,-23.98332,-23.98332,-21.79242
good,65,101,2.8473,-0.0879,0.6460,-25.24227,-19.83622,-25.24227,-22.53924,-22.53667,-25.06413,-25.06413,-23.80040
good,65,111,2.9136,-0.0555,0.6011,-23.73379,-18.73462,-23.73379,-21.23420,-19.78549,-22.56369,-22.56369,-21.17459
good,65,121,2.9849,-0.0418,0.6753,-28.31263,-20.82233,-28.31263,-24.56748,-23.92853,-24.47245,-24.47245,-24.20049
good,65,131,3.0529,0.0648,0.5732,-26.90106,-18.15173,-26.90106,-22.52640,-22.26060,-26.27902,-26.27902,-24.26981
good,65,141,3.1031,0.0983,0.5865,-26.41997,-19.14066,-26.41997,-22.78032,-22.02707,-25.40761,-25.40761,-23.71734
good,65,151,3.1649,0.0419,0.5637,-25.63149,-16.37566,-25.63149,-21.00357,-19.55942,-25.78952,-25.78952,-22.67447
good,65,161,3.2462,0.0222,0.5496,-28.55413,-17.95481,-28.55413,-23.25447,-20.33166,-23.85685,-23.85685,-22.09425
good,65,171,3.3274,-0.0127,0.5789,-24.61622,-19.23885,-24.61622,-21.92754,-21.46093,-22.53421,-22.53421,-21.99757
good,65,181,3.3678,-0.0554,0.5408,-28.91800,-18.47968,-28.91800,-23.69884,-21.60888,-20.68577,-21.60888,-21.14732
good,65,191,3.4230,-0.0474,0.5618,-28.32480,-19.92360,-28.32480,-24.12420,-24.46989,-17.41418,-24.46989,-20.94204
good,65,201,3.4934,-0.0267,0.6200,-31.48517,-20.84826,-31.48517,-26.16671,-23.74185,-20.17326,-23.74185,-21.95756
good,65,211,3.5575,0.0300,0.6586,-31.31304,-19.25115,-31.31304,-25.28210,-26.31770,-20.48969,-26.31770,-23.40369
good,65,221,3.6198,0.0623,0.6872,-32.90566,-19.86605,-32.90566,-26.38586,-23.51927,-20.22211,-23.51927,-21.87069
good,65,231,3.6939,0.0493,0.6431,-33.03616,-17.64615,-33.03616,-25.34115,-24.15649,-21.09629,-24.15649,-22.62639
good,65,241,3.7688,0.0855,0.5845,-36.12019,-21.19771,-36.12019,-28.65895,-23.88381,-21.86761,-23.88381,-22.87571
good,65,251,3.8214,0.0763,0.5635,-36.73650,-18.93538,-36.73650,-27.83594,-23.76017,-19.59325,-23.76017,-21.67671
good,65,261,3.8589,0.0132,0.4907,-33.42642,-19.01665,-33.42642,-26.22154,-27.10780,-21.31580,-27.10780,-24.21180
good,65,271,3.9098,0.0399,0.5858,-34.68009,-19.30991,-34.68009,-26.99500,-23.70181,-20.64186,-23.70181,-22.17184
good,65,281,3.9819,0.0519,0.6065,-34.04616,-20.70474,-34.04616,-27.37545,-23.76868,-18.10117,-23.76868,-20.93493
good,65,291,4.0738,0.0772,0.5778,-37.44292,-21.69372,-37.44292,-29.56832,-26.48566,-18.83626,-26.48566,-22.66096
good,65,301,4.1486,0.0906,0.6219,-43.38246,-23.39619,-43.38246,-33.38933,-28.90553,-19.95512,-28.90553,-24.43032
good,65,311,4.1846,0.1051,0.6060,-41.66518,-23.94551,-41.66518,-32.80534,-27.14831,-18.75360,-27.14831,-22.95095
good,65,321,4.2727,0.1450,0.5751,-41.16943,-22.78335,-41.16943,-31.97639,-27.52761,-20.59044,-27.52761,-24.05902
good,65,331,4.3304,0.1397,0.5243,-43.98060,-23.05663,-43.98060,-33.51862,-26.41355,-18.84921,-26.41355,-22.63138
good,65,341,4.3797,0.1253,0.4803,-40.86819,-22.15575,-40.86819,-31.51197,-25.43837,-20.33000,-25.43837,-22.88419
good,65,351,4.4536,0.1115,0.5638,-44.54167,-24.35707,-44.54167,-34.44937,-28.07929,-18.63920,-28.07929,-23.35924
good,65,361,4.5249,0.0738,0.5012,-41.69551,-26.43506,-41.69551,-34.06528,-26.00855,-20.87568,-26.00855,-23.44212
good,65,371,4.6053,0.0645,0.5373,-44.30394,-23.69315,-44.30394,-33.99854,-26.13066,-14.18689,-26.13066,-20.15878
good,65,381,4.6804,0.0382,0.6600,-44.02215,-24.24859,-44.02215,-34.13537,-27.85549,-12.89820,-27.85549,-20.37685
good,65,391,4.7464,0.0877,0.5783,-46.86443,-24.94091,-46.86443,-35.90267,-23.80025,-12.98970,-23.80025,-18.39497
good,65,401,4.8036,0.0719,0.5586,-43.11020,-25.58386,-43.11020,-34.34703,-27.51075,-19.56300,-27.51075,-23.53687
good,65,411,4.8304,0.0923,0.4732,-41.73621,-25.18573,-41.73621,-33.46097,-25.24044,-21.07500,-25.24044,-23.15772
good,65,421,4.8888,0.1002,0.6467,-44.17233,-25.53519,-44.17233,-34.85376,-25.22198,-17.55117,-25.22198,-21.38658
good,65,431,4.9571,0.1075,0.6052,-43.74535,-23.56540,-43.74535,-33.65538,-22.51966,-19.02592,-22.51966,-20.77279
good,65,441,5.0210,0.0831,0.5110,-43.90562,-24.69112,-43.90562,-34.29837,-18.35283,-15.45782,-18.35283,-16.90532
good,65,451,5.0924,0.0758,0.5339,-45.38664,-23.90392,-45.38664,-34.64528,-22.45644,-18.40292,-22.45644,-20.42968
good,65,461,5.1639,-0.0056,0.5881,-43.16931,-26.95949,-43.16931,-35.06440,-24.95820,-11.51748,-24.95820,-18.23784
good,65,471,5.2081,-0.0243,0.5469,-41.50554,-25.86978,-41.50554,-33.68766,-25.93229,-12.49416,-25.93229,-19.21323
good,65,481,5.2700,0.0088,0.5381,-45.62815,-24.58640,-45.62815,-35.10728,-19.53172,-12.32935,-19.53172,-15.93053
good,65,491,5.3444,0.0469,0.5549,-44.10950,-23.09366,-44.10950,-33.60159,-17.38609,-14.44074,-17.38609,-15.91342
good,65,501,5.4067,0.0790,0.5003,-43.83408,-23.40157,-43.83408,-33.61782,-18.79233,-14.43034,-18.79233,-16.61134
good,65,511,5.4756,0.1115,0.6121,-46.74247,-25.13997,-46.74247,-35.94122,-16.68316,-19.10606,-19.10606,-17.89461
good,65,521,5.5492,0.1092,0.5130,-48.79707,-23.50629,-48.79707,-36.15168,-14.74183,-18.84044,-18.84044,-16.79113
good,65,531,5.5617,0.1113,0.6258,-46.06467,-27.08639,-46.06467,-36.57553,-15.55874,-14.34046,-15.55874,-14.94960
good,65,620,5.5286,8.6043,0.7157,-13.41011,-10.77460,-13.41011,-12.09235,-15.04254,-19.53023,-19.53023,-17.28639
good,65,630,4.1330,8.1488,0.7486,-18.08936,-9.57953,-18.08936,-13.83444,-28.75909,-16.71790,-28.75909,-22.73849
good,65,640,3.6791,7.8460,0.4955,-14.25433,-18.05386,-18.05386,-16.15409,-14.69823,-25.12708,-25.12708,-19.91266
good,67,30,2.2850,-0.0838,0.5157,-26.89924,-23.99736,-26.89924,-25.44830,-21.04983,-25.91175,-25.91175,-23.48079
good,67,40,2.4358,0.0328,0.6249,-26.39136,-19.91349,-26.39136,-23.15242,-21.48106,-29.83262,-29.83262,-25.65684
good,67,50,2.4910,0.0299,0.5672,-28.11278,-20.19926,-28.11278,-24.15602,-20.96054,-30.19407,-30.19407,-25.57730
good,67,60,2.5638,-0.0066,0.5483,-26.46253,-20.79478,-26.46253,-23.62866,-21.25172,-27.84094,-27.84094,-24.54633
good,67,70,2.6149,0.0165,0.6042,-27.02886,-20.14962,-27.02886,-23.58924,-20.22987,-28.33523,-28.33523,-24.28255
good,67,80,2.6804,-0.0296,0.5847,-25.75297,-19.64877,-25.75297,-22.70087,-24.04006,-26.86341,-26.86341,-25.45174
good,67,90,2.7474,-0.0590,0.5392,-24.09782,-18.38754,-24.09782,-21.24268,-21.20597,-29.57717,-29.57717,-25.39157
good,67,100,2.8240,-0.0851,0.5898,-22.70217,-20.54553,-22.70217,-21.62385,-21.74132,-24.95905,-24.95905,-23.35018
good,67,110,2.8889,-0.1044,0.6170,-27.86688,-22.16182,-27.86688,-25.01435,-21.45348,-23.90010,-23.90010,-22.67679
good,67,120,2.9584,-0.0960,0.5638,-25.96371,-20.21496,-25.96371,-23.08933,-21.64044,-27.39058,-27.39058,-24.51551
good,67,130,2.9962,-0.0429,0.5250,-29.39865,-17.66633,-29.39865,-23.53249,-24.67881,-24.89828,-24.89828,-24.78854
good,67,140,3.0732,-0.0166,0.5709,-27.08324,-18.39285,-27.08324,-22.73804,-24.83968,-23.84728,-24.83968,-24.34348
good,67,150,3.1333,0.0409,0.5751,-27.28365,-20.15668,-27.28365,-23.72016,-27.39416,-26.19087,-27.39416,-26.79252
good,67,160,3.1902,0.0209,0.6151,-26.68538,-18.29375,-26.68538,-22.48956,-25.90304,-23.79056,-25.90304,-24.84680
good,67,170,3.2385,0.0244,0.5558,-28.38161,-18.52290,-28.38161,-23.45225,-22.33690,-23.74200,-23.74200,-23.03945
good,67,180,3.3076,-0.0481,0.5724,-28.15895,-20.54743,-28.15895,-24.35319,-21.97543,-21.97719,-21.97719,-21.97631
good,67,190,3.3370,-0.0738,0.4642,-29.00432,-20.91892,-29.00432,-24.96162,-24.53144,-22.08787,-24.53144,-23.30966
good,67,200,3.4138,-0.0623,0.5342,-33.94693,-18.76504,-33.94693,-26.35598,-27.11874,-22.89610,-27.11874,-25.00742
good,67,210,3.4641,-0.0573,0.5161,-30.59556,-20.50296,-30.59556,-25.54926,-23.62561,-20.57555,-23.62561,-22.10058
good,67,220,3.5242,-0.0392,0.5944,-34.59718,-16.11993,-34.59718,-25.35855,-28.13140,-25.08082,-28.13140,-26.60611
good,67,230,3.5895,-0.0219,0.4804,-30.82213,-20.43711,-30.82213,-25.62962,-25.75848,-22.71466,-25.75848,-24.23657
good,67,240,3.6430,-0.0038,0.5091,-33.60755,-19.54122,-33.60755,-26.57439,-23.97606,-19.34959,-23.97606,-21.66283
good,67,250,3.7289,-0.0233,0.5800,-31.21399,-21.69877,-31.21399,-26.45638,-28.14117,-20.96136,-28.14117,-24.55127
good,67,260,3.7829,-0.0545,0.5939,-36.45955,-21.49566,-36.45955,-28.97760,-28.85388,-17.03440,-28.85388,-22.94415
good,67,270,3.8369,-0.0883,0.6040,-36.89624,-20.58964,-36.89624,-28.74294,-29.48746,-16.11695,-29.48746,-22.80221
good,67,280,3.8961,-0.0693,0.6280,-34.02971,-21.74792,-34.02971,-27.88881,-29.36540,-15.44819,-29.36540,-22.40680
good,67,290,3.9612,-0.0838,0.6138,-34.93527,-20.77867,-34.93527,-27.85697,-27.81342,-15.50631,-27.81342,-21.65986
good,67,300,4.0424,-0.1002,0.5860,-35.95618,-21.87403,-35.95618,-28.91511,-27.50768,-14.08609,-27.50768,-20.79689
good,67,310,4.0876,-0.0539,0.5950,-38.17126,-21.23340,-38.17126,-29.70233,-31.21751,-16.73296,-31.21751,-23.97523
good,67,320,4.1624,-0.0271,0.5043,-38.80779,-19.44351,-38.80779,-29.12565,-27.71439,-15.48699,-27.71439,-21.60069
good,67,330,4.2247,-0.0208,0.6677,-36.79812,-20.78218,-36.79812,-28.79015,-28.15270,-15.82456,-28.15270,-21.98863
good,67,340,4.2863,-0.0593,0.5546,-38.18861,-22.28146,-38.18861,-30.23503,-32.87832,-17.78592,-32.87832,-25.33212
good,67,350,4.3474,-0.0984,0.6001,-41.32214,-24.17774,-41.32214,-32.74994,-30.11631,-15.21554,-30.11631,-22.66592
good,67,360,4.4248,-0.1077,0.5341,-37.89832,-22.02292,-37.89832,-29.96062,-29.87707,-13.00765,-29.87707,-21.44236
good,67,370,4.4778,-0.0978,0.5567,-40.31396,-22.96267,-40.31396,-31.63832,-29.97953,-11.49244,-29.97953,-20.73598
good,67,380,4.5096,-0.0118,0.5335,-41.84369,-22.93328,-41.84369,-32.38848,-34.43725,-18.06381,-34.43725,-26.25053
good,67,390,4.5684,0.0321,0.6036,-45.74031,-23.88217,-45.74031,-34.81124,-29.04318,-16.52114,-29.04318,-22.78216
good,67,400,4.6376,0.0190,0.5786,-45.29363,-23.66629,-45.29363,-34.47996,-30.56312,-13.07410,-30.56312,-21.81861
good,67,410,4.6899,0.0169,0.5874,-44.53918,-24.73508,-44.53918,-34.63713,-29.09472,-17.05782,-29.09472,-23.07627
good,67,420,4.7550,0.0233,0.5308,-46.56654,-21.50312,-46.56654,-34.03483,-30.39052,-13.14256,-30.39052,-21.76654
good,67,430,4.8080,-0.0391,0.6091,-42.98057,-23.42522,-42.98057,-33.20290,-26.00860,-14.70087,-26.00860,-20.35473
good,67,440,4.8885,-0.0846,0.6764,-46.15015,-24.10239,-46.15015,-35.12627,-33.56701,-12.36592,-33.56701,-22.96647
good,67,450,4.9495,-0.0252,0.6245,-48.35221,-25.79650,-48.35221,-37.07435,-28.41835,-15.12868,-28.41835,-21.77351
good,67,460,4.9860,-0.0045,0.5617,-46.56407,-27.37057,-46.56407,-36.96732,-29.89953,-14.58727,-29.89953,-22.24340
good,67,470,5.0165,0.0513,0.5862,-46.35782,-24.78621,-46.35782,-35.57202,-28.52077,-19.49652,-28.52077,-24.00865
good,67,480,5.0935,0.0909,0.5382,-46.05081,-23.50449,-46.05081,-34.77765,-21.62764,-19.97290,-21.62764,-20.80027
good,67,490,5.1631,0.1064,0.6266,-48.89694,-26.66764,-48.89694,-37.78229,-20.80444,-19.92625,-20.80444,-20.36535
good,67,500,5.2263,0.0994,0.5411,-47.22353,-24.79478,-47.22353,-36.00916,-19.59504,-15.22229,-19.59504,-17.40866
good,67,510,5.2728,0.0443,0.3975,-46.09547,-27.31780,-46.09547,-36.70663,-22.68753,-18.25119,-22.68753,-20.46936
good,67,520,5.3253,-0.0426,0.5471,-40.07541,-23.23149,-40.07541,-31.65345,-23.37802,-11.68451,-23.37802,-17.53126
good,67,530,5.3752,-0.0393,0.5908,-47.31919,-21.72603,-47.31919,-34.52261,-28.68633,-18.24495,-28.68633,-23.46564
good,67,540,5.4523,-0.0426,0.4815,-40.58728,-21.69937,-40.58728,-31.14332,-22.22725,-16.35794,-22.22725,-19.29259
good,67,550,5.5144,0.0058,0.5748,-46.70695,-23.35785,-46.70695,-35.03240,-23.97236,-17.10739,-23.97236,-20.53988
good,67,560,5.5266,-0.0034,0.7151,-41.67647,-19.59902,-41.67647,-30.63774,-20.11705,-18.17668,-20.11705,-19.14687
good,67,570,5.5642,0.0196,0.5714,-38.77042,-17.06482,-38.77042,-27.91762,-13.29491,-16.01298,-16.01298,-14.65394
good,67,682,4.6514,8.3761,0.4700,-10.23107,-15.33062,-15.33062,-12.78085,-14.36987,-8.35159,-14.36987,-11.36073
good,67,753,2.2546,9.0102,0.5439,-12.07267,-11.57373,-12.07267,-11.82320,-30.36075,-18.26275,-30.36075,-24.31175
good,67,763,2.5903,8.8448,0.6488,-8.89616,-13.80289,-13.80289,-11.34953,-22.86303,-16.96365,-22.86303,-19.91334
good,67,776,2.4370,9.0186,0.5269,-8.56844,-16.00404,-16.00404,-12.28624,-23.90413,-18.84864,-23.90413,-21.37638
good,67,788,2.4983,9.2287,0.7356,4.58936,-11.99822,-11.99822,-3.70443,-43.37851,-4.05222,-43.37851,-23.71537
good,67,798,2.5072,9.0816,0.3375,-5.14117,-11.56316,-11.56316,-8.35217,-7.13733,-16.92980,-16.92980,-12.03357
good,68,25,2.2709,-1.1098,0.5716,-9.04487,-10.01039,-10.01039,-9.52763,-9.85326,-14.82425,-14.82425,-12.33876
good,68,35,3.1167,-0.8824,0.5985,-12.36124,-10.80943,-12.36124,-11.58534,-10.12607,-12.63903,-12.63903,-11.38255
good,68,45,3.4465,-0.7717,0.5419,-10.11041,-9.03564,-10.11041,-9.57302,-10.31341,-14.22503,-14.22503,-12.26922
good,68,55,3.6190,-0.7431,0.5023,-9.35948,-8.30739,-9.35948,-8.83343,-9.84518,-11.92483,-11.92483,-10.88500
good,68,65,3.7765,-0.7175,0.5651,-10.26999,-8.61547,-10.26999,-9.44273,-11.17278,-11.81038,-11.81038,-11.49158
good,68,75,3.8568,-0.7349,0.4942,-8.41503,-5.66896,-8.41503,-7.04199,-8.05576,-10.39075,-10.39075,-9.22326
good,68,85,3.9856,-0.7136,0.5883,-10.19531,-8.73943,-10.19531,-9.46737,-11.35252,-8.47458,-11.35252,-9.91355
good,68,95,4.1520,-0.7741,0.5724,-11.67372,-10.04856,-11.67372,-10.86114,-8.64130,-8.67848,-8.67848,-8.65989
good,68,105,4.3012,-0.7518,0.7424,-12.68917,-8.75082,-12.68917,-10.71999,-10.18981,-10.33652,-10.33652,-10.26317
good,68,115,4.4001,-0.6898,0.4793,-11.05390,-9.44722,-11.05390,-10.25056,-9.77213,-7.76066,-9.77213,-8.76640
good,68,125,4.5261,-0.7199,0.5451,-11.37366,-6.84464,-11.37366,-9.10915,-9.76514,-8.31618,-9.76514,-9.04066
good,68,135,4.6871,-0.8061,0.5299,-9.61756,-7.21333,-9.61756,-8.41545,-5.05418,-9.08946,-9.08946,-7.07182
good,68,145,5.2132,-0.9439,0.5705,-7.31446,-7.57178,-7.57178,-7.44312,-9.40097,-8.18873,-9.40097,-8.79485
good,68,252,5.0601,8.7646,0.5977,1.59954,-1.72685,-1.72685,-0.06365,0.83932,-4.92151,-4.92151,-2.04109
good,68,262,3.7380,8.9978,0.5501,-0.63947,-3.45196,-3.45196,-2.04571,-1.44198,-5.23296,-5.23296,-3.33747
good,69,22,2.2614,-0.8979,0.5287,-9.34671,-12.01715,-12.01715,-10.68193,-11.38766,-17.00473,-17.00473,-14.19620
good,69,32,3.3037,-0.8546,0.6711,-10.24689,-13.15939,-13.15939,-11.70314,-12.17624,-18.00831,-18.00831,-15.09228
good,69,42,3.5401,-0.8388,0.6760,-12.36663,-11.21479,-12.36663,-11.79071,-12.46289,-13.27532,-13.27532,-12.86911
good,69,52,3.6542,-0.7670,0.5679,-8.85715,-9.55515,-9.55515,-9.20615,-13.36311,-16.07760,-16.07760,-14.72035
good,69,62,3.8344,-0.8012,0.5706,-12.90511,-10.03223,-12.90511,-11.46867,-11.67761,-14.62739,-14.62739,-13.15250
good,69,72,4.0058,-0.7645,0.6197,-11.84685,-10.94042,-11.84685,-11.39364,-9.44880,-12.92612,-12.92612,-11.18746
good,69,82,4.1079,-0.7933,0.5003,-12.74827,-12.96846,-12.96846,-12.85837,-10.99909,-11.05836,-11.05836,-11.02873
good,69,92,4.2576,-0.7932,0.6301,-14.74405,-12.33894,-14.74405,-13.54150,-13.78209,-14.86124,-14.86124,-14.32166
good,69,102,4.3970,-0.8089,0.6333,-12.67321,-11.06422,-12.67321,-11.86872,-13.24715,-14.71099,-14.71099,-13.97907
good,69,112,4.6418,-0.9578,0.5838,-9.25014,-9.90607,-9.90607,-9.57810,-8.69636,-11.52349,-11.52349,-10.10993
good,69,122,5.0615,-1.1087,0.6258,-6.38265,-9.28144,-9.28144,-7.83205,-8.36903,-12.89191,-12.89191,-10.63047
good,69,206,4.9097,8.7340,0.6094,-12.19153,-13.26816,-13.26816,-12.72985,-16.37653,-19.82098,-19.82098,-18.09875
good,69,216,3.9428,8.9597,0.4831,-3.27730,-8.28216,-8.28216,-5.77973,-7.49669,-13.46213,-13.46213,-10.47941
good,69,226,3.3075,9.0624,0.6391,-3.74331,-6.19729,-6.19729,-4.97030,0.47036,-10.61598,-10.61598,-5.07281
good,69,236,2.5649,8.8558,0.6301,-10.12177,-8.40131,-10.12177,-9.26154,-17.34882,-14.64203,-17.34882,-15.99543
good,69,494,2.4556,8.9436,0.5526,-7.34432,-9.57541,-9.57541,-8.45987,-16.57292,-13.41184,-16.57292,-14.99238
good,69,505,2.4251,8.9601,0.4037,3.25635,-4.14756,-4.14756,-0.44560,-5.48361,-15.73015,-15.73015,-10.60688
good,69,516,2.4008,8.3041,0.4384,-11.49139,-11.79347,-11.79347,-11.64243,-20.22951,-17.08560,-20.22951,-18.65755
good,69,551,2.3950,8.9558,0.5310,-4.47406,-6.79678,-6.79678,-5.63542,-0.26959,-10.91899,-10.91899,-5.59429
good,70,24,2.2913,1.2290,0.5525,-13.48846,-18.16545,-18.16545,-15.82696,-10.33485,-27.89506,-27.89506,-19.11495
good,70,34,2.8076,0.9416,0.5478,-13.44005,-16.90330,-16.90330,-15.17167,-10.63392,-27.20835,-27.20835,-18.92113
good,70,44,3.0721,0.8767,0.5953,-12.06451,-13.29323,-13.29323,-12.67887,-14.43371,-29.59803,-29.59803,-22.01587
good,70,54,3.2213,0.8392,0.5302,-15.51941,-15.66757,-15.66757,-15.59349,-12.41654,-31.96492,-31.96492,-22.19073
good,70,64,3.4012,0.8762,0.5286,-17.59645,-17.80522,-17.80522,-17.70083,-14.26870,-27.70583,-27.70583,-20.98727
good,70,74,3.5813,0.8027,0.4982,-16.86236,-14.96741,-16.86236,-15.91489,-14.43139,-30.96821,-30.96821,-22.69980
good,70,84,3.7059,0.7440,0.7010,-21.92096,-16.74038,-21.92096,-19.33067,-17.47264,-25.10682,-25.10682,-21.28973
good,70,94,3.8433,0.7205,0.5208,-22.42783,-19.80462,-22.42783,-21.11623,-20.26704,-23.73280,-23.73280,-21.99992
good,70,104,3.9879,0.7535,0.5388,-21.63805,-19.02679,-21.63805,-20.33242,-18.15226,-22.58869,-22.58869,-20.37048
good,70,114,4.1072,0.7246,0.5735,-24.40419,-19.59405,-24.40419,-21.99912,-18.76515,-28.37593,-28.37593,-23.57054
good,70,124,4.2649,0.7361,0.4887,-23.82953,-15.87175,-23.82953,-19.85064,-19.67418,-30.46369,-30.46369,-25.06894
good,70,134,4.3555,0.6756,0.5981,-29.02990,-19.82200,-29.02990,-24.42595,-19.92090,-25.16778,-25.16778,-22.54434
good,70,144,4.4693,0.6871,0.5449,-30.23730,-21.19447,-30.23730,-25.71589,-18.43270,-27.34789,-27.34789,-22.89030
good,70,154,4.5488,0.6864,0.6523,-35.10860,-19.60749,-35.10860,-27.35804,-19.86131,-37.35082,-37.35082,-28.60606
good,70,164,4.6661,0.6557,0.5913,-31.45764,-22.19785,-31.45764,-26.82774,-18.87621,-24.24741,-24.24741,-21.56181
good,70,174,4.7418,0.6545,0.6271,-31.32488,-21.24389,-31.32488,-26.28439,-21.18318,-25.04917,-25.04917,-23.11617
good,70,184,4.8408,0.6893,0.4717,-29.45869,-24.02723,-29.45869,-26.74296,-15.32848,-24.22467,-24.22467,-19.77658
good,70,194,4.9255,0.6207,0.5904,-33.25202,-22.29029,-33.25202,-27.77116,-16.30564,-22.95686,-22.95686,-19.63125
good,70,204,5.0222,0.6600,0.5126,-32.07126,-20.75998,-32.07126,-26.41562,-19.46598,-26.67414,-26.67414,-23.07006
good,70,214,5.1261,0.6719,0.5426,-33.47762,-25.26311,-33.47762,-29.37036,-19.80993,-25.77956,-25.77956,-22.79475
good,70,224,5.2274,0.6752,0.6126,-27.02763,-23.43694,-27.02763,-25.23229,-13.34881,-24.35530,-24.35530,-18.85206
good,70,234,5.3405,0.7075,0.5185,-20.03709,-28.81851,-28.81851,-24.42780,-19.40107,-34.01783,-34.01783,-26.70945
good,70,244,5.4935,0.7889,0.5742,-31.15862,-23.14563,-31.15862,-27.15212,-20.40692,-22.91174,-22.91174,-21.65933
good,70,334,5.4154,8.8674,0.5255,-7.34178,-6.65657,-7.34178,-6.99918,-16.67715,-21.02509,-21.02509,-18.85112
good,70,344,4.0797,8.7211,0.6054,-19.19587,-6.19290,-19.19587,-12.69438,-4.62628,-16.31231,-16.31231,-10.46930
good,70,354,2.7317,8.5128,0.9371,-6.82378,-14.72681,-14.72681,-10.77530,-22.62597,-16.94901,-22.62597,-19.78749
good,70,364,2.7046,8.8349,0.5767,1.74134,-8.90617,-8.90617,-3.58241,-5.47080,-9.61750,-9.61750,-7.54415
good,70,374,2.9929,8.9222,0.4388,-9.71323,-7.53164,-9.71323,-8.62243,-14.05655,-16.73244,-16.73244,-15.39450
good,70,384,2.8105,8.9298,0.5523,-6.42142,-4.88044,-6.42142,-5.65093,-8.37021,-17.42571,-17.42571,-12.89796
good,70,394,2.8954,9.0523,0.5815,-4.02467,-2.53860,-4.02467,-3.28164,-6.53831,-6.63557,-6.63557,-6.58694
good,71,22,2.2973,0.8859,0.5616,-15.37427,-14.56219,-15.37427,-14.96823,-11.85893,-22.38326,-22.38326,-17.12109
good,71,32,2.5904,0.8144,0.5625,-14.87099,-12.41186,-14.87099,-13.64142,-12.55740,-23.22223,-23.22223,-17.88982
good,71,42,2.7365,0.7385,0.6085,-14.72218,-13.08948,-14.72218,-13.90583,-12.16682,-20.39494,-20.39494,-16.28088
good,71,52,2.8428,0.7344,0.4958,-15.21539,-12.27370,-15.21539,-13.74454,-12.16517,-22.06940,-22.06940,-17.11729
good,71,62,2.9847,0.7102,0.6470,-14.40673,-13.46803,-14.40673,-13.93738,-13.64208,-20.87647,-20.87647,-17.25928
good,71,72,3.0918,0.6748,0.5518,-17.86552,-13.82318,-17.86552,-15.84435,-15.37744,-22.21969,-22.21969,-18.79857
good,71,82,3.1922,0.6460,0.5804,-19.08713,-15.62269,-19.08713,-17.35491,-13.20574,-27.49149,-27.49149,-20.34862
good,71,92,3.2919,0.6879,0.4690,-16.67605,-13.44514,-16.67605,-15.06060,-14.09300,-19.76412,-19.76412,-16.92856
good,71,102,3.4207,0.6909,0.6207,-15.52549,-13.71331,-15.52549,-14.61940,-14.59880,-18.91435,-18.91435,-16.75658
good,71,112,3.5606,0.7077,0.5900,-17.04622,-12.40800,-17.04622,-14.72711,-17.69073,-14.59583,-17.69073,-16.14328
good,71,122,3.6312,0.6963,0.5117,-18.40565,-15.21177,-18.40565,-16.80871,-14.89415,-20.54224,-20.54224,-17.71819
good,71,132,3.7262,0.6900,0.5899,-17.26307,-12.50321,-17.26307,-14.88314,-14.94189,-18.87041,-18.87041,-16.90615
good,71,142,3.8436,0.7191,0.5453,-17.31656,-14.75951,-17.31656,-16.03803,-13.47487,-18.42340,-18.42340,-15.94914
good,71,152,3.9355,0.7401,0.4818,-19.16770,-15.58894,-19.16770,-17.37832,-16.74983,-19.41401,-19.41401,-18.08192
good,71,162,4.0663,0.7140,0.6203,-21.87967,-15.72436,-21.87967,-18.80201,-13.03115,-19.94035,-19.94035,-16.48575
good,71,172,4.1926,0.7329,0.5648,-21.81181,-16.23832,-21.81181,-19.02507,-16.01582,-21.65317,-21.65317,-18.83449
good,71,182,4.3003,0.7410,0.5833,-18.62986,-16.75465,-18.62986,-17.69225,-15.99754,-21.78826,-21.78826,-18.89290
good,71,192,4.4131,0.7758,0.5516,-21.08746,-16.43927,-21.08746,-18.76337,-13.54857,-19.21001,-19.21001,-16.37929
good,71,202,4.5080,0.7040,0.6506,-23.07819,-17.81630,-23.07819,-20.44725,-14.44637,-17.34039,-17.34039,-15.89338
good,71,212,4.6127,0.6912,0.4687,-27.28197,-18.01626,-27.28197,-22.64911,-14.61268,-18.00679,-18.00679,-16.30974
good,71,222,4.7253,0.6487,0.5506,-23.40578,-17.23055,-23.40578,-20.31816,-12.97295,-18.99538,-18.99538,-15.98416
good,71,232,4.8422,0.6558,0.5893,-23.22419,-17.77122,-23.22419,-20.49770,-15.21249,-20.48480,-20.48480,-17.84864
good,71,242,4.9702,0.6809,0.6426,-25.60241,-18.41695,-25.60241,-22.00968,-13.41044,-20.08296,-20.08296,-16.74670
good,71,252,5.1047,0.7201,0.5743,-25.44406,-16.47316,-25.44406,-20.95861,-14.29246,-18.02601,-18.02601,-16.15924
good,71,262,5.1840,0.7277,0.6446,-22.80405,-16.64865,-22.80405,-19.72635,-13.55403,-18.68274,-18.68274,-16.11838
good,71,272,5.2949,0.7682,0.6685,-21.33698,-15.55318,-21.33698,-18.44508,-14.61785,-18.30389,-18.30389,-16.46087
good,71,282,5.3903,0.8335,0.5389,-18.82820,-17.53300,-18.82820,-18.18060,-14.38105,-21.70172,-21.70172,-18.04139
good,71,292,5.5128,0.8833,0.6325,-16.50907,-15.38092,-16.50907,-15.94499,-12.13367,-20.22891,-20.22891,-16.18129
good,71,369,5.3701,8.8163,0.4536,-9.73423,-9.20189,-9.73423,-9.46806,-20.77974,-17.73833,-20.77974,-19.25904
good,71,379,4.5638,8.9774,0.5639,-6.32391,-10.60392,-10.60392,-8.46391,-14.71801,-7.35559,-14.71801,-11.03680
good,71,389,3.8628,8.7355,0.4756,-11.62522,-7.88164,-11.62522,-9.75343,-13.25826,-8.77413,-13.25826,-11.01620
good,71,399,3.5162,9.0543,0.4825,-7.46729,-9.98806,-9.98806,-8.72767,-20.64327,-17.43835,-20.64327,-19.04081
good,71,409,3.1061,8.9845,0.5188,0.39518,-4.57139,-4.57139,-2.08810,-13.91646,-4.72034,-13.91646,-9.31840
good,71,419,2.7407,8.8471,0.4970,-9.23269,-4.29874,-9.23269,-6.76572,-15.03139,-10.14406,-15.03139,-12.58772
good,72,23,2.2795,-1.0737,0.5338,-9.58932,-10.03037,-10.03037,-9.80984,-8.94344,-13.06380,-13.06380,-11.00362
good,72,33,3.1022,-1.1378,0.5542,-5.65813,-8.73462,-8.73462,-7.19638,-6.54832,-9.81329,-9.81329,-8.18080
good,72,43,3.9983,-1.2424,0.5308,-2.11844,-10.27156,-10.27156,-6.19500,-3.85959,-10.89519,-10.89519,-7.37739
good,72,53,5.0783,-1.2587,0.5379,-4.72876,-11.10670,-11.10670,-7.91773,-8.09382,-12.69733,-12.69733,-10.39557
good,72,168,5.2042,7.8929,0.5094,-10.95106,-8.95476,-10.95106,-9.95291,-5.73824,-10.34265,-10.34265,-8.04045
good,72,178,3.5080,8.2010,0.5155,-9.78662,-8.97733,-9.78662,-9.38198,-9.38433,-15.35981,-15.35981,-12.37207
good,73,26,2.2603,-0.9661,0.5481,-11.74871,-10.82797,-11.74871,-11.28834,-13.37278,-14.08675,-14.08675,-13.72977
good,73,36,3.2228,-0.9490,0.5336,-8.59478,-6.40473,-8.59478,-7.49975,-12.38273,-11.66361,-12.38273,-12.02317
good,73,46,4.1004,-0.8719,0.6123,-8.76542,-7.37019,-8.76542,-8.06781,-14.50368,-11.65283,-14.50368,-13.07826
good,73,56,4.4191,-0.8885,0.5389,-10.96457,-8.99001,-10.96457,-9.97729,-14.53139,-12.66514,-14.53139,-13.59826
good,73,66,4.8966,-0.8340,0.5634,-15.45364,-8.43236,-15.45364,-11.94300,-15.74874,-13.01145,-15.74874,-14.38009
good,73,76,5.1338,-0.8616,0.5474,-16.67840,-8.79414,-16.67840,-12.73627,-14.97166,-14.14508,-14.97166,-14.55837
good,73,86,5.3078,-0.7226,0.5595,-17.60696,-9.21395,-17.60696,-13.41046,-16.83504,-12.39197,-16.83504,-14.61350
good,73,96,5.4759,-0.7635,0.5455,-18.24170,-7.77322,-18.24170,-13.00746,-10.82143,-8.43948,-10.82143,-9.63045
good,73,195,5.6763,8.2915,0.5870,-9.90745,-16.25679,-16.25679,-13.08212,-19.18591,-18.77649,-19.18591,-18.98120
good,73,205,3.6336,7.7577,0.3767,-16.41898,-11.22465,-16.41898,-13.82181,-10.24155,-18.68166,-18.68166,-14.46161
good,73,501,2.4660,8.9334,0.5095,-18.48920,-14.00392,-18.48920,-16.24656,-30.52498,-20.02812,-30.52498,-25.27655
good,74,26,2.2368,1.0721,0.5241,-9.03518,-15.69005,-15.69005,-12.36261,-8.77263,-18.84168,-18.84168,-13.80716
good,74,36,3.2157,0.9396,0.5784,-8.92104,-16.26050,-16.26050,-12.59077,-7.09102,-17.24709,-17.24709,-12.16905
good,74,46,3.7251,0.8838,0.5909,-8.64361,-15.28317,-15.28317,-11.96339,-10.94510,-16.32635,-16.32635,-13.63572
good,74,56,4.0364,0.8896,0.4977,-4.83134,-13.40185,-13.40185,-9.11660,-8.06897,-16.15375,-16.15375,-12.11136
good,74,66,4.5463,0.8713,0.5057,-5.57995,-11.94193,-11.94193,-8.76094,-10.67747,-14.96137,-14.96137,-12.81942
good,74,76,5.0955,0.9050,0.5381,-10.45656,-14.44610,-14.44610,-12.45133,-8.08612,-20.33660,-20.33660,-14.21136
good,74,86,5.4532,0.8706,0.5494,-14.08541,-14.45178,-14.45178,-14.26859,-10.49271,-22.36283,-22.36283,-16.42776
good,74,195,5.2593,7.8618,0.5363,-12.60413,-8.07109,-12.60413,-10.33761,-9.61487,-16.60299,-16.60299,-13.10893
good,74,205,3.8219,8.5113,0.5987,-6.72968,-8.67379,-8.67379,-7.70174,-3.80168,-14.57480,-14.57480,-9.18824
good,75,24,2.1824,1.1134,0.5572,-13.33422,-15.00354,-15.00354,-14.16888,-9.03495,-21.30907,-21.30907,-15.17201
good,75,34,2.7403,0.9075,0.5714,-11.87017,-14.04129,-14.04129,-12.95573,-12.52776,-22.18316,-22.18316,-17.35546
good,75,44,2.9467,0.8481,0.5185,-12.89764,-13.55586,-13.55586,-13.22675,-11.66342,-20.16475,-20.16475,-15.91409
good,75,54,3.1233,0.8044,0.5087,-15.19218,-14.24399,-15.19218,-14.71809,-13.93337,-24.87562,-24.87562,-19.40450
good,75,64,3.1739,0.7503,0.6287,-14.99475,-11.79367,-14.99475,-13.39421,-14.74882,-19.97952,-19.97952,-17.36417
good,75,74,3.3444,0.8249,0.6107,-13.77859,-13.81468,-13.81468,-13.79664,-13.26364,-18.50524,-18.50524,-15.88444
good,75,84,3.5071,0.8255,0.6309,-14.21855,-15.82163,-15.82163,-15.02009,-9.71137,-21.34281,-21.34281,-15.52709
good,75,94,3.6766,0.7847,0.4993,-13.97128,-14.23876,-14.23876,-14.10502,-15.28272,-18.80997,-18.80997,-17.04634
good,75,104,3.7828,0.7725,0.4612,-15.50513,-16.47568,-16.47568,-15.99040,-13.47995,-21.53363,-21.53363,-17.50679
good,75,114,3.9403,0.8392,0.5544,-10.63570,-12.77016,-12.77016,-11.70293,-12.15475,-17.17137,-17.17137,-14.66306
good,75,124,4.1292,0.8707,0.5796,-11.17019,-13.54134,-13.54134,-12.35577,-8.53943,-17.99653,-17.99653,-13.26798
good,75,134,4.3013,0.8434,0.5559,-12.94172,-14.90026,-14.90026,-13.92099,-12.17546,-14.91408,-14.91408,-13.54477
good,75,144,4.6003,0.8465,0.6105,-12.07699,-16.66211,-16.66211,-14.36955,-12.87845,-15.41088,-15.41088,-14.14466
good,75,154,4.8733,0.8533,0.5537,-12.29621,-14.12899,-14.12899,-13.21260,-8.27225,-15.99373,-15.99373,-12.13299
good,75,164,5.2208,0.9152,0.5993,-15.47346,-15.53865,-15.53865,-15.50605,-9.88386,-22.81624,-22.81624,-16.35005
good,75,241,5.1829,7.5416,0.5588,-14.76312,-14.75903,-14.76312,-14.76108,-14.10780,-14.18860,-14.18860,-14.14820
good,75,251,2.9043,7.8101,0.5922,-12.95430,-10.04812,-12.95430,-11.50121,-6.83930,-16.20553,-16.20553,-11.52242
good,76,23,2.2421,1.2279,0.5196,-8.16314,-15.05538,-15.05538,-11.60926,-10.64831,-20.82142,-20.82142,-15.73487
good,76,33,3.2379,1.0504,0.5751,-4.16114,-15.32242,-15.32242,-9.74178,-9.20617,-15.39612,-15.39612,-12.30115
good,76,43,3.9276,0.9826,0.5675,-6.27807,-13.09857,-13.09857,-9.68832,-7.88775,-18.41128,-18.41128,-13.14952
good,76,53,4.4385,0.9638,0.6305,-6.85820,-13.13428,-13.13428,-9.99624,-9.36814,-13.20208,-13.20208,-11.28511
good,76,63,5.0441,0.9307,0.5298,-3.86435,-14.63906,-14.63906,-9.25170,-7.22196,-15.79281,-15.79281,-11.50739
good,76,154,5.6334,7.7841,0.7871,-8.72343,-14.35257,-14.35257,-11.53800,-7.05170,-12.37060,-12.37060,-9.71115
good,76,164,3.9862,7.1445,0.5641,-13.09567,-15.88869,-15.88869,-14.49218,-13.99800,-21.10505,-21.10505,-17.55152
good,77,25,2.2801,-1.1836,0.5735,-5.56509,-8.25743,-8.25743,-6.91126,-12.07817,-14.17653,-14.17653,-13.12735
good,77,35,3.3318,-1.2220,0.5721,-6.22470,-10.97909,-10.97909,-8.60190,-8.20212,-14.33595,-14.33595,-11.26904
good,77,45,4.2849,-1.1368,0.5879,-3.61931,-8.36005,-8.36005,-5.98968,-3.89866,-14.91455,-14.91455,-9.40660
good,77,55,5.2696,-1.1044,0.5799,-3.22228,-7.50952,-7.50952,-5.36590,-4.18368,-13.47821,-13.47821,-8.83095
good,77,137,4.4208,7.6821,0.5911,-14.79880,-11.31359,-14.79880,-13.05619,-16.07553,-21.88092,-21.88092,-18.97823
good,77,147,2.6029,8.5399,0.8548,-14.73772,-1.34281,-14.73772,-8.04027,-7.24541,-6.14001,-7.24541,-6.69271
good,78,23,2.2367,1.2468,0.5679,-10.50837,-15.71999,-15.71999,-13.11418,-10.15408,-20.65626,-20.65626,-15.40517
good,78,33,3.2087,1.1080,0.5994,-4.64745,-16.38376,-16.38376,-10.51561,-5.80796,-16.63571,-16.63571,-11.22184
good,78,43,3.7800,0.9073,0.5683,-11.80219,-13.14784,-13.14784,-12.47501,-7.84251,-20.02773,-20.02773,-13.93512
good,78,53,4.0308,0.8505,0.4869,-13.86371,-15.91830,-15.91830,-14.89100,-9.64120,-20.69230,-20.69230,-15.16675
good,78,63,4.1652,0.8047,0.5692,-14.13050,-16.54329,-16.54329,-15.33689,-12.34929,-24.98730,-24.98730,-18.66829
good,78,73,4.3045,0.7582,0.5475,-21.04788,-17.04769,-21.04788,-19.04778,-10.98538,-19.68388,-19.68388,-15.33463
good,78,83,4.4213,0.7331,0.5196,-21.43644,-16.70239,-21.43644,-19.06941,-14.95919,-17.90969,-17.90969,-16.43444
good,78,93,4.5166,0.6917,0.5639,-21.75149,-21.59160,-21.75149,-21.67154,-16.57470,-24.14779,-24.14779,-20.36124
good,78,103,4.6430,0.6878,0.5943,-23.53201,-17.38226,-23.53201,-20.45713,-13.56693,-19.95610,-19.95610,-16.76151
good,78,113,4.7677,0.7545,0.5195,-20.50721,-20.20594,-20.50721,-20.35657,-14.81371,-24.21686,-24.21686,-19.51528
good,78,123,4.8628,0.7547,0.4439,-17.89729,-18.63257,-18.63257,-18.26493,-12.61300,-21.80905,-21.80905,-17.21103
good,78,133,5.0095,0.7705,0.5801,-22.23716,-17.82439,-22.23716,-20.03078,-10.69031,-18.87536,-18.87536,-14.78284
good,78,143,5.0935,0.7460,0.6145,-23.14918,-19.53462,-23.14918,-21.34190,-10.36968,-23.47632,-23.47632,-16.92300
good,78,153,5.2186,0.8063,0.6652,-21.19178,-17.58365,-21.19178,-19.38771,-9.15428,-19.09041,-19.09041,-14.12234
good,78,163,5.3481,0.8456,0.6342,-20.10871,-19.52267,-20.10871,-19.81569,-11.15424,-19.18215,-19.18215,-15.16819
good,78,173,5.4660,0.8612,0.5269,-20.32908,-17.52376,-20.32908,-18.92642,-10.03158,-17.21095,-17.21095,-13.62127
good,78,183,5.5669,0.8047,0.5773,-19.96782,-17.30116,-19.96782,-18.63449,-10.29191,-19.36064,-19.36064,-14.82627
good,78,260,4.5844,7.3817,0.5360,-15.15321,-11.19837,-15.15321,-13.17579,-21.39827,-12.38549,-21.39827,-16.89188
good,78,270,3.6740,7.6970,0.6155,-15.07294,-12.29904,-15.07294,-13.68599,-15.20483,-12.03041,-15.20483,-13.61762
good,78,280,2.7515,8.1486,0.4989,-12.53439,-12.90920,-12.90920,-12.72180,-14.67924,-15.01014,-15.01014,-14.84469
good,79,27,2.2436,-1.1189,0.5736,-7.84208,-10.29793,-10.29793,-9.07000,-8.83439,-11.28757,-11.28757,-10.06098
good,79,37,3.1541,-1.1533,0.5787,-4.76291,-10.10338,-10.10338,-7.43315,-4.52525,-10.61696,-10.61696,-7.57110
good,79,47,4.1065,-1.0604,0.5671,-3.43961,-6.94526,-6.94526,-5.19243,-5.47304,-9.33072,-9.33072,-7.40188
good,79,57,5.3010,-1.1235,0.5115,-8.04818,-10.45591,-10.45591,-9.25205,-7.43848,-15.05014,-15.05014,-11.24431
good,79,173,4.9259,8.9388,0.5572,-5.92822,-1.40366,-5.92822,-3.66594,-1.14357,-12.12900,-12.12900,-6.63629
good,79,183,3.7652,8.7407,0.6575,-4.96833,-9.67189,-9.67189,-7.32011,-14.41687,-11.48335,-14.41687,-12.95011
good,79,193,2.6669,8.9054,0.7274,-2.22460,-6.12992,-6.12992,-4.17726,-3.37690,-12.19655,-12.19655,-7.78672
good,79,203,2.4196,8.5852,0.6280,-16.17052,-13.60705,-16.17052,-14.88878,-10.87008,-16.70710,-16.70710,-13.78859
good,80,23,2.1885,-1.0180,0.5759,-8.19305,-10.28395,-10.28395,-9.23850,-10.77947,-15.01201,-15.01201,-12.89574
good,80,33,3.3245,-1.0045,0.5549,-7.34737,-10.53362,-10.53362,-8.94049,-12.58401,-15.93944,-15.93944,-14.26172
good,80,43,4.3590,-0.9995,0.5293,-5.64082,-8.89240,-8.89240,-7.26661,-10.87072,-10.44568,-10.87072,-10.65820
good,80,53,5.2262,-0.9356,0.5647,-7.20560,-8.83847,-8.83847,-8.02204,-8.39983,-9.76295,-9.76295,-9.08139
good,80,135,4.9170,7.6903,0.6239,-16.36491,-14.21791,-16.36491,-15.29141,-15.29790,-19.46192,-19.46192,-17.37991
good,80,145,3.2569,7.8751,0.5435,-15.98936,-15.57065,-15.98936,-15.78000,-12.41198,-14.95745,-14.95745,-13.68471
good,81,34,2.2471,-1.1757,0.5258,-10.87542,-10.67250,-10.87542,-10.77396,-12.23503,-14.04427,-14.04427,-13.13965
good,81,44,2.8064,-0.9790,0.6440,-8.24486,-8.65414,-8.65414,-8.44950,-10.52644,-12.90628,-12.90628,-11.71636
good,81,54,3.3342,-0.9574,0.5974,-9.52248,-8.75563,-9.52248,-9.13905,-11.78614,-12.67428,-12.67428,-12.23021
good,81,64,3.6981,-0.8469,0.5351,-9.63853,-7.12550,-9.63853,-8.38201,-11.61380,-9.96802,-11.61380,-10.79091
good,81,74,3.8865,-0.8604,0.5688,-11.20935,-8.89243,-11.20935,-10.05089,-13.19262,-11.17992,-13.19262,-12.18627
good,81,84,4.0268,-0.7273,0.6359,-11.81271,-8.75837,-11.81271,-10.28554,-12.27905,-10.91616,-12.27905,-11.59760
good,81,94,4.1577,-0.7681,0.6468,-14.58511,-8.76103,-14.58511,-11.67307,-12.86242,-8.87765,-12.86242,-10.87004
good,81,104,4.3328,-0.8118,0.6036,-13.43826,-9.07749,-13.43826,-11.25788,-12.79693,-10.09481,-12.79693,-11.44587
good,81,114,4.4803,-0.7934,0.5049,-12.57522,-8.02048,-12.57522,-10.29785,-14.58237,-12.79878,-14.58237,-13.69058
good,81,124,4.7060,-0.7949,0.5919,-10.55406,-8.16165,-10.55406,-9.35785,-14.52053,-12.76767,-14.52053,-13.64410
good,81,134,4.8595,-0.8365,0.6575,-12.78950,-5.76929,-12.78950,-9.27939,-12.60618,-6.72692,-12.60618,-9.66655
good,81,144,5.0131,-0.7860,0.5542,-14.89102,-7.45993,-14.89102,-11.17548,-12.97908,-8.74817,-12.97908,-10.86363
good,81,154,5.1543,-0.7617,0.4783,-17.42241,-10.21181,-17.42241,-13.81711,-15.05484,-11.18211,-15.05484,-13.11847
good,81,164,5.3237,-0.7153,0.6374,-17.97155,-8.64114,-17.97155,-13.30635,-14.88278,-11.23477,-14.88278,-13.05878
good,81,174,5.4269,-0.7300,0.6400,-15.93115,-8.59687,-15.93115,-12.26401,-13.58373,-11.68237,-13.58373,-12.63305
good,81,184,5.5336,-0.7090,0.4705,-17.88370,-9.62397,-17.88370,-13.75383,-15.60056,-9.78616,-15.60056,-12.69336
good,81,282,5.1002,8.3150,0.5037,-10.24672,-11.23471,-11.23471,-10.74071,-16.69110,-14.21928,-16.69110,-15.45519
good,81,292,3.8630,8.1997,0.5650,-12.05103,-12.85412,-12.85412,-12.45257,-10.92371,-12.95963,-12.95963,-11.94167
good,81,302,2.5770,7.8706,0.4682,-5.29217,-11.84484,-11.84484,-8.56851,-18.71973,-7.47460,-18.71973,-13.09717
good,81,580,2.4478,8.9091,0.2666,-20.27448,-18.43706,-20.27448,-19.35577,-35.36000,-13.99276,-35.36000,-24.67638
good,81,590,2.4357,8.7837,0.2665,-17.92506,-24.37305,-24.37305,-21.14906,-24.30512,-11.22345,-24.30512,-17.76429
good,81,600,2.5079,8.8466,0.2692,-19.58977,-26.80741,-26.80741,-23.19859,-30.24049,-19.98260,-30.24049,-25.11155
good,81,610,2.3806,8.9032,0.2666,-13.29549,-18.63299,-18.63299,-15.96424,-31.64940,-20.95154,-31.64940,-26.30047
good,81,620,2.3207,8.9277,0.2670,-18.00714,-24.33125,-24.33125,-21.16920,-44.85013,-31.92176,-44.85013,-38.38595
good,81,630,2.3733,8.8699,0.2668,-27.74631,-32.32560,-32.32560,-30.03595,-45.37993,-35.37966,-45.37993,-40.37980
good,81,640,2.5162,8.8651,0.2670,-29.03088,-31.84023,-31.84023,-30.43555,-33.87622,-26.54272,-33.87622,-30.20947
good,81,650,2.4133,8.9355,0.2700,-37.48923,-37.04887,-37.48923,-37.26905,-55.05862,-43.56219,-55.05862,-49.31040
good,81,660,2.3938,8.8867,0.2667,-34.25881,-38.66695,-38.66695,-36.46288,-62.01107,-43.59720,-62.01107,-52.80414
good,81,670,2.3502,8.8496,0.2679,-43.13488,-38.75552,-43.13488,-40.94520,-46.73163,-44.62229,-46.73163,-45.67696
good,81,680,2.4222,8.8832,0.2668,-42.78313,-38.41520,-42.78313,-40.59916,-52.33707,-47.56635,-52.33707,-49.95171
good,81,690,2.3441,8.8144,0.2717,-41.42108,-32.19059,-41.42108,-36.80583,-60.78537,-43.85983,-60.78537,-52.32260
good,81,700,2.5029,8.9152,0.2670,-47.94997,-43.54137,-47.94997,-45.74567,-57.28248,-57.08035,-57.28248,-57.18142
good,81,710,2.4057,8.8472,0.2672,-47.44210,-47.88279,-47.88279,-47.66245,-54.45670,-55.71881,-55.71881,-55.08776
good,81,720,2.3981,8.8166,0.2673,-48.70321,-45.89431,-48.70321,-47.29876,-65.20491,-57.25882,-65.20491,-61.23186
good,81,730,2.5283,8.8594,0.2669,-42.48492,-43.30474,-43.30474,-42.89484,-55.63573,-54.67604,-55.63573,-55.15588
good,81,740,2.4164,8.8077,0.2670,-47.76447,-45.87979,-47.76447,-46.82213,-59.20463,-59.28609,-59.28609,-59.24536
good,81,750,2.4263,8.7792,0.2692,-44.92369,-45.58582,-45.58582,-45.25475,-69.09500,-49.49130,-69.09500,-59.29315
good,81,760,2.4286,8.7529,0.2674,-47.36278,-43.86435,-47.36278,-45.61356,-60.31788,-54.09053,-60.31788,-57.20421
good,81,770,2.4457,8.7754,0.2673,-40.91481,-35.02340,-40.91481,-37.96911,-56.07357,-42.62698,-56.07357,-49.35027
good,81,780,2.4422,8.7352,0.2666,-37.66548,-38.05891,-38.05891,-37.86220,-49.19431,-42.60345,-49.19431,-45.89888
good,81,790,2.5727,8.7220,0.2668,-34.95381,-39.70988,-39.70988,-37.33185,-60.79210,-49.06004,-60.79210,-54.92607
good,82,27,2.2466,-1.1180,0.5195,-6.33482,-12.10947,-12.10947,-9.22215,-10.98423,-16.69351,-16.69351,-13.83887
good,82,37,3.0135,-0.8783,0.6047,-8.67024,-10.58861,-10.58861,-9.62942,-12.97124,-15.35771,-15.35771,-14.16448
good,82,47,3.3967,-0.8021,0.5870,-9.13572,-10.08348,-10.08348,-9.60960,-12.08302,-13.94947,-13.94947,-13.01624
good,82,57,3.5696,-0.7726,0.6054,-10.41172,-10.35973,-10.41172,-10.38573,-12.23712,-13.28725,-13.28725,-12.76218
good,82,67,3.7194,-0.7500,0.5794,-8.32224,-8.76201,-8.76201,-8.54212,-11.45711,-14.36180,-14.36180,-12.90945
good,82,77,3.8648,-0.7090,0.5186,-11.53048,-9.85177,-11.53048,-10.69112,-11.85933,-13.27316,-13.27316,-12.56624
good,82,87,3.9793,-0.7401,0.5189,-10.22169,-9.76744,-10.22169,-9.99456,-9.07389,-11.33176,-11.33176,-10.20283
good,82,97,4.1493,-0.7407,0.5136,-10.05129,-10.30346,-10.30346,-10.17737,-12.49948,-12.42350,-12.49948,-12.46149
good,82,107,4.3046,-0.7341,0.5196,-10.78534,-10.53712,-10.78534,-10.66123,-11.76154,-14.55991,-14.55991,-13.16072
good,82,117,4.5080,-0.8643,0.5545,-5.88781,-8.42034,-8.42034,-7.15408,-6.12961,-10.12923,-10.12923,-8.12942
good,82,127,5.0376,-0.9515,0.5820,-5.84185,-7.01701,-7.01701,-6.42943,-8.81857,-11.88797,-11.88797,-10.35327
good,82,230,5.2093,8.5829,0.6139,-9.59126,-8.06517,-9.59126,-8.82822,1.62621,-13.82116,-13.82116,-6.09748
good,82,240,3.3804,8.3001,0.5932,-7.11491,-13.40757,-13.40757,-10.26124,-8.99815,-13.13508,-13.13508,-11.06661
good,83,21,2.2024,-1.0234,0.5420,-8.28807,-12.57299,-12.57299,-10.43053,-9.04843,-14.02458,-14.02458,-11.53651
good,83,31,3.2885,-0.9440,0.5481,-6.48093,-9.62917,-9.62917,-8.05505,-10.23088,-12.18335,-12.18335,-11.20712
good,83,41,4.0047,-1.0050,0.6015,-5.20453,-9.35884,-9.35884,-7.28169,-8.39867,-10.59475,-10.59475,-9.49671
good,83,51,4.7782,-0.9434,0.6202,-4.66298,-8.18078,-8.18078,-6.42188,-7.19083,-7.54067,-7.54067,-7.36575
good,83,61,5.5960,-0.9665,0.5917,-3.54246,-5.59913,-5.59913,-4.57080,-3.26828,-10.71478,-10.71478,-6.99153
good,83,157,5.2226,8.6941,0.4884,-0.46151,-3.46169,-3.46169,-1.96160,-0.89935,-10.62602,-10.62602,-5.76268
good,83,167,4.2428,8.8184,0.6562,-4.11805,-6.00926,-6.00926,-5.06365,0.30239,-13.69680,-13.69680,-6.69721
good,83,177,3.6046,8.8749,0.4417,6.80523,-2.58857,-2.58857,2.10833,0.27056,-2.02347,-2.02347,-0.87645
good,83,187,2.6674,8.5453,0.5631,-3.84827,-2.47096,-3.84827,-3.15961,-6.39435,-15.70768,-15.70768,-11.05102
good,84,20,2.2492,0.9457,0.6335,-13.36072,-14.54361,-14.54361,-13.95217,-15.24102,-22.48590,-22.48590,-18.86346
good,84,30,2.5882,0.7675,0.5581,-17.02046,-12.43315,-17.02046,-14.72681,-17.91506,-27.12320,-27.12320,-22.51913
good,84,40,2.7127,0.7307,0.5135,-17.46545,-14.80933,-17.46545,-16.13739,-15.36236,-27.97140,-27.97140,-21.66688
good,84,50,2.8393,0.6855,0.6231,-18.16795,-14.89064,-18.16795,-16.52929,-17.76676,-24.66300,-24.66300,-21.21488
good,84,60,2.9712,0.7461,0.5397,-15.62503,-11.99555,-15.62503,-13.81029,-14.92536,-21.20456,-21.20456,-18.06496
good,84,70,3.1114,0.7063,0.5840,-16.22099,-11.86626,-16.22099,-14.04362,-19.88959,-21.28067,-21.28067,-20.58513
good,84,80,3.2151,0.7515,0.5438,-17.03109,-13.98462,-17.03109,-15.50785,-15.46259,-18.95092,-18.95092,-17.20676
good,84,90,3.3362,0.6900,0.6224,-17.44160,-11.03771,-17.44160,-14.23966,-17.72272,-17.84761,-17.84761,-17.78516
good,84,100,3.4251,0.6678,0.5308,-19.52840,-15.81426,-19.52840,-17.67133,-18.08600,-20.48691,-20.48691,-19.28645
good,84,110,3.5399,0.6532,0.6094,-19.42392,-13.00720,-19.42392,-16.21556,-17.84408,-20.66424,-20.66424,-19.25416
good,84,120,3.6548,0.6724,0.5612,-19.47815,-17.00012,-19.47815,-18.23914,-17.82314,-17.08538,-17.82314,-17.45426
good,84,130,3.7425,0.7648,0.6227,-13.99619,-15.79547,-15.79547,-14.89583,-19.01591,-21.95342,-21.95342,-20.48466
good,84,140,3.8922,0.7804,0.6326,-16.89460,-15.00606,-16.89460,-15.95033,-16.98721,-17.85972,-17.85972,-17.42346
good,84,150,4.0363,0.7597,0.6327,-14.25567,-12.64124,-14.25567,-13.44845,-14.79055,-16.88409,-16.88409,-15.83732
good,84,160,4.1365,0.9451,0.5692,-10.46638,-13.29293,-13.29293,-11.87966,-12.55509,-20.62853,-20.62853,-16.59181
good,84,170,4.7451,1.0164,0.5325,-3.74816,-16.31015,-16.31015,-10.02915,-5.08164,-24.49133,-24.49133,-14.78649
good,84,270,5.4120,8.6796,0.8014,-9.99473,-12.97155,-12.97155,-11.48314,-11.55377,-3.56408,-11.55377,-7.55892
good,84,280,4.4680,8.4754,0.3741,-7.69746,-8.15758,-8.15758,-7.92752,-8.23498,-9.02297,-9.02297,-8.62898
good,84,290,3.4750,9.0274,0.7117,-4.74494,-5.77072,-5.77072,-5.25783,-20.35335,-7.56241,-20.35335,-13.95788
good,84,300,2.8394,8.8772,0.5969,-8.61520,-10.06359,-10.06359,-9.33940,-16.59976,-13.89861,-16.59976,-15.24919
good,84,357,2.6338,8.9483,0.7472,-3.63903,-4.03601,-4.03601,-3.83752,-23.63818,-3.87912,-23.63818,-13.75865
good,84,370,2.4688,8.5136,0.5855,-9.38859,-18.05757,-18.05757,-13.72308,-19.18716,-13.07132,-19.18716,-16.12924
good,84,770,2.3662,8.6966,0.5953,-15.25248,-12.56775,-15.25248,-13.91012,-36.31441,-19.50297,-36.31441,-27.90869
good,85,23,2.2576,-0.9600,0.5887,-6.92889,-8.64228,-8.64228,-7.78558,-9.59109,-13.71729,-13.71729,-11.65419
good,85,33,3.1708,-0.8509,0.6204,-9.40891,-8.55992,-9.40891,-8.98442,-10.34566,-11.40551,-11.40551,-10.87558
good,85,43,3.4937,-0.9219,0.5763,-8.61822,-7.01633,-8.61822,-7.81728,-9.30048,-10.49641,-10.49641,-9.89844
good,85,53,3.6682,-0.8857,0.5275,-9.87040,-7.34702,-9.87040,-8.60871,-11.65065,-9.38289,-11.65065,-10.51677
good,85,63,3.9298,-0.8641,0.5275,-9.29114,-7.67307,-9.29114,-8.48210,-11.59518,-8.58900,-11.59518,-10.09209
good,85,73,4.3704,-0.9484,0.5510,-7.83092,-9.33774,-9.33774,-8.58433,-9.59650,-10.37880,-10.37880,-9.98765
good,85,83,4.8403,-1.0645,0.6048,-5.67136,-7.34655,-7.34655,-6.50896,-6.91943,-8.78599,-8.78599,-7.85271
good,85,167,5.6119,7.9138,0.5210,-15.18771,-11.19985,-15.18771,-13.19378,-12.75567,-9.51279,-12.75567,-11.13423
good,85,177,3.9693,7.7863,0.5401,-14.13011,-9.98942,-14.13011,-12.05977,-10.42655,-14.84553,-14.84553,-12.63604
good,86,22,2.2208,1.0546,0.5163,-9.38196,-14.64411,-14.64411,-12.01303,-8.58564,-20.91831,-20.91831,-14.75197
good,86,32,3.3114,0.9831,0.5770,-5.60965,-19.30298,-19.30298,-12.45631,-7.73353,-23.80719,-23.80719,-15.77036
good,86,42,4.0328,0.8408,0.5434,-13.77743,-22.06235,-22.06235,-17.91989,-9.19174,-22.83334,-22.83334,-16.01254
good,86,52,4.2371,0.8034,0.4775,-13.40708,-19.36100,-19.36100,-16.38404,-9.37904,-23.29589,-23.29589,-16.33746
good,86,62,4.4071,0.7709,0.5317,-14.71583,-19.42490,-19.42490,-17.07036,-10.52102,-25.38774,-25.38774,-17.95438
good,86,72,4.5790,0.7744,0.5620,-15.52935,-21.75791,-21.75791,-18.64363,-9.13982,-26.39444,-26.39444,-17.76713
good,86,82,4.7242,0.7844,0.5761,-17.06318,-19.33391,-19.33391,-18.19855,-5.68612,-21.48895,-21.48895,-13.58753
good,86,92,4.8956,0.7760,0.5332,-21.75446,-21.43802,-21.75446,-21.59624,-11.18502,-21.44550,-21.44550,-16.31526
good,86,102,5.0320,0.6943,0.5786,-24.59435,-22.11086,-24.59435,-23.35261,-15.22370,-22.32874,-22.32874,-18.77622
good,86,112,5.1377,0.7212,0.5356,-21.08547,-18.31801,-21.08547,-19.70174,-12.68520,-19.83932,-19.83932,-16.26226
good,86,122,5.2516,0.7273,0.5728,-22.10061,-19.03298,-22.10061,-20.56680,-12.78663,-24.83285,-24.83285,-18.80974
good,86,132,5.4096,0.7905,0.5315,-21.40048,-18.50248,-21.40048,-19.95148,-13.27290,-25.18107,-25.18107,-19.22699
good,86,142,5.5603,0.7517,0.5351,-23.24620,-19.66931,-23.24620,-21.45776,-14.18593,-24.35150,-24.35150,-19.26871
good,86,248,4.8916,8.7876,0.4447,-11.99391,-6.43273,-11.99391,-9.21332,-9.12327,-8.80829,-9.12327,-8.96578
good,86,258,3.1194,7.7755,0.5772,-10.26117,-7.36586,-10.26117,-8.81352,-5.98745,-12.40008,-12.40008,-9.19376
good,87,22,2.2498,-1.0271,0.5805,-8.06323,-11.62965,-11.62965,-9.84644,-10.56191,-15.03069,-15.03069,-12.79630
good,87,32,3.3454,-1.0020,0.5471,-5.48047,-8.53185,-8.53185,-7.00616,-9.74919,-13.71836,-13.71836,-11.73377
good,87,42,4.2454,-1.1174,0.5360,-3.69861,-11.23688,-11.23688,-7.46775,-6.19831,-13.73193,-13.73193,-9.96512
good,87,52,5.3346,-1.1120,0.5488,-4.42623,-10.14300,-10.14300,-7.28461,-8.66452,-16.49787,-16.49787,-12.58120
good,87,129,4.9373,8.3337,0.4838,-13.68078,-11.48755,-13.68078,-12.58417,-8.45763,-18.61433,-18.61433,-13.53598
good,87,139,3.2073,8.2155,0.5980,-12.21222,-16.91758,-16.91758,-14.56490,-14.35316,-20.56647,-20.56647,-17.45982
good,88,22,2.2439,1.0956,0.5347,-12.77339,-19.63817,-19.63817,-16.20578,-10.04595,-23.77078,-23.77078,-16.90837
good,88,32,3.2877,0.9629,0.5585,-5.78466,-18.46554,-18.46554,-12.12510,-12.13092,-20.76320,-20.76320,-16.44706
good,88,42,3.9681,0.8252,0.5016,-11.63093,-15.88059,-15.88059,-13.75576,-9.65667,-28.48547,-28.48547,-19.07107
good,88,52,4.2161,0.8008,0.5443,-15.69744,-28.55337,-28.55337,-22.12541,-7.83688,-23.65336,-23.65336,-15.74512
good,88,62,4.3548,0.7706,0.5028,-14.76509,-20.25966,-20.25966,-17.51237,-14.56183,-24.69349,-24.69349,-19.62766
good,88,72,4.5292,0.7512,0.5788,-22.78102,-21.81510,-22.78102,-22.29806,-12.81605,-27.69939,-27.69939,-20.25772
good,88,82,4.7013,0.7422,0.5633,-24.49848,-21.58011,-24.49848,-23.03929,-17.10458,-23.84538,-23.84538,-20.47498
good,88,92,4.8114,0.7359,0.5650,-23.41946,-22.12510,-23.41946,-22.77228,-14.41309,-26.53971,-26.53971,-20.47640
good,88,102,4.8848,0.6823,0.5708,-24.32921,-23.28672,-24.32921,-23.80797,-11.72147,-25.62950,-25.62950,-18.67548
good,88,112,4.9599,0.6757,0.5302,-28.21477,-19.90096,-28.21477,-24.05787,-8.60282,-20.40521,-20.40521,-14.50401
good,88,122,5.0775,0.6942,0.5844,-26.54253,-21.50929,-26.54253,-24.02591,-10.32697,-18.66504,-18.66504,-14.49600
good,88,132,5.1937,0.7033,0.5970,-22.09025,-20.13822,-22.09025,-21.11424,-9.89645,-24.02009,-24.02009,-16.95827
good,88,142,5.3188,0.7925,0.5402,-25.46413,-18.00100,-25.46413,-21.73256,-11.18539,-23.90547,-23.90547,-17.54543
good,88,152,5.4982,0.7726,0.6202,-22.13556,-20.53857,-22.13556,-21.33706,-10.64244,-25.57805,-25.57805,-18.11025
good,88,262,5.8346,8.2165,0.6669,-13.32796,-15.21874,-15.21874,-14.27335,-9.71857,-14.39678,-14.39678,-12.05767
good,88,272,3.7582,8.4476,0.5492,-9.95471,-10.10401,-10.10401,-10.02936,-17.81374,-18.03971,-18.03971,-17.92672
good,89,25,2.2243,1.0375,0.5138,-8.07080,-18.84341,-18.84341,-13.45710,-15.71455,-20.05136,-20.05136,-17.88296
good,89,35,3.2759,0.9794,0.5394,-5.32334,-14.35271,-14.35271,-9.83803,-7.38291,-14.43465,-14.43465,-10.90878
good,89,45,3.8979,0.9875,0.5869,-4.84449,-14.85489,-14.85489,-9.84969,-8.81717,-15.88940,-15.88940,-12.35328
good,89,55,4.4730,0.9124,0.5098,-6.42705,-16.82108,-16.82108,-11.62407,-4.32188,-16.39033,-16.39033,-10.35611
good,89,65,5.1226,0.9195,0.5716,-9.28163,-16.41479,-16.41479,-12.84821,-14.69208,-23.18190,-23.18190,-18.93699
good,89,159,5.5065,8.6053,0.4660,-1.46775,-6.09708,-6.09708,-3.78242,-3.99598,-15.62059,-15.62059,-9.80828
good,89,169,5.1594,8.7075,0.5765,-4.37421,-6.42429,-6.42429,-5.39925,1.49503,-5.57623,-5.57623,-2.04060
good,89,179,4.7604,8.9009,0.4202,-3.93317,-5.41199,-5.41199,-4.67258,-4.68154,-7.13232,-7.13232,-5.90693
good,89,189,4.0210,9.0811,0.7662,-3.91891,-9.80726,-9.80726,-6.86308,-3.92268,-8.89038,-8.89038,-6.40653
good,89,199,3.6860,8.9730,0.7193,-4.59170,-4.56575,-4.59170,-4.57872,-0.67103,-11.05008,-11.05008,-5.86055
good,89,209,3.3034,8.7020,0.5418,-7.69739,-6.02606,-7.69739,-6.86173,-3.91173,-11.98735,-11.98735,-7.94954
good,89,219,2.7422,8.6416,0.7329,-3.43332,-8.34525,-8.34525,-5.88928,-7.78116,-17.22565,-17.22565,-12.50340
good,90,30,2.2567,0.1755,0.5084,-25.10874,-22.52683,-25.10874,-23.81779,-20.95813,-27.47114,-27.47114,-24.21463
good,90,40,2.4845,0.0970,0.5942,-27.90159,-21.65327,-27.90159,-24.77743,-21.05627,-31.11444,-31.11444,-26.08536
good,90,50,2.5599,0.0807,0.4620,-24.95694,-19.99453,-24.95694,-22.47573,-18.79689,-29.83447,-29.83447,-24.31568
good,90,60,2.6230,0.0585,0.6221,-27.40896,-20.63601,-27.40896,-24.02249,-20.44387,-28.55610,-28.55610,-24.49998
good,90,70,2.6994,0.0421,0.4497,-26.56162,-18.84753,-26.56162,-22.70457,-19.97776,-27.04560,-27.04560,-23.51168
good,90,80,2.7587,-0.0021,0.5293,-25.45015,-20.09465,-25.45015,-22.77240,-20.13564,-28.04577,-28.04577,-24.09071
good,90,90,2.8303,0.0081,0.6099,-26.35259,-21.28661,-26.35259,-23.81960,-18.62942,-27.72894,-27.72894,-23.17918
good,90,100,2.9115,0.0111,0.5605,-25.08650,-19.50322,-25.08650,-22.29486,-19.43936,-25.66520,-25.66520,-22.55228
good,90,110,2.9763,0.0182,0.5617,-26.62240,-18.80476,-26.62240,-22.71358,-20.14832,-26.22092,-26.22092,-23.18462
good,90,120,3.0585,0.0461,0.5465,-26.35934,-19.61163,-26.35934,-22.98549,-22.33545,-28.41681,-28.41681,-25.37613
good,90,130,3.1365,0.0492,0.5254,-26.84332,-19.07008,-26.84332,-22.95670,-19.57943,-23.99843,-23.99843,-21.78893
good,90,140,3.2036,0.0095,0.5242,-25.14427,-18.99311,-25.14427,-22.06869,-19.81390,-23.79092,-23.79092,-21.80241
good,90,150,3.2796,0.0086,0.5780,-27.57160,-19.30204,-27.57160,-23.43682,-21.56810,-23.98635,-23.98635,-22.77722
good,90,160,3.3581,0.0281,0.5559,-30.46900,-19.08334,-30.46900,-24.77617,-23.30830,-23.43321,-23.43321,-23.37076
good,90,170,3.4177,0.0415,0.5870,-26.07113,-18.55328,-26.07113,-22.31221,-22.04674,-24.63986,-24.63986,-23.34330
good,90,180,3.4906,-0.0031,0.6081,-31.70316,-21.60453,-31.70316,-26.65384,-23.54379,-23.73390,-23.73390,-23.63885
good,90,190,3.5714,0.0067,0.5272,-27.21563,-19.21834,-27.21563,-23.21698,-22.86583,-21.54854,-22.86583,-22.20718
good,90,200,3.6352,0.0133,0.5246,-30.02311,-19.26057,-30.02311,-24.64184,-27.11386,-18.43035,-27.11386,-22.77211
good,90,210,3.7037,0.0228,0.6061,-33.28815,-21.67761,-33.28815,-27.48288,-23.59015,-18.51717,-23.59015,-21.05366
good,90,220,3.7668,-0.0001,0.6586,-34.10016,-21.73205,-34.10016,-27.91610,-25.85087,-21.39009,-25.85087,-23.62048
good,90,230,3.8449,-0.0200,0.5970,-33.78513,-20.19263,-33.78513,-26.98888,-22.63848,-15.72723,-22.63848,-19.18286
good,90,240,3.9092,0.0222,0.6131,-33.70393,-20.13467,-33.70393,-26.91930,-24.91092,-17.74526,-24.91092,-21.32809
good,90,250,3.9920,0.0119,0.4673,-36.07936,-21.69269,-36.07936,-28.88603,-25.41769,-19.02598,-25.41769,-22.22183
good,90,260,4.0781,0.0128,0.6301,-40.06549,-23.61394,-40.06549,-31.83971,-27.49449,-17.34001,-27.49449,-22.41725
good,90,270,4.1413,0.0116,0.5021,-39.91079,-23.01200,-39.91079,-31.46140,-25.40812,-19.84397,-25.40812,-22.62604
good,90,280,4.2333,-0.0076,0.5879,-39.14424,-22.15507,-39.14424,-30.64966,-27.06013,-16.22866,-27.06013,-21.64440
good,90,290,4.3138,0.0120,0.5345,-39.65435,-21.78810,-39.65435,-30.72123,-28.22831,-15.69524,-28.22831,-21.96178
good,90,300,4.3861,0.0044,0.5821,-40.97436,-22.58258,-40.97436,-31.77847,-26.79119,-14.06822,-26.79119,-20.42970
good,90,310,4.4814,0.0260,0.5320,-43.51307,-23.15013,-43.51307,-33.33160,-26.23979,-14.86537,-26.23979,-20.55258
good,90,320,4.5508,0.0113,0.5217,-43.55136,-25.02276,-43.55136,-34.28706,-22.83667,-19.22419,-22.83667,-21.03043
good,90,330,4.6105,0.0146,0.5874,-44.37856,-24.59357,-44.37856,-34.48606,-25.81059,-14.91017,-25.81059,-20.36038
good,90,340,4.6921,-0.0063,0.4578,-44.87476,-24.05415,-44.87476,-34.46445,-26.98299,-16.37559,-26.98299,-21.67929
good,90,350,4.7177,-0.0056,0.6104,-45.77291,-25.14217,-45.77291,-35.45754,-28.57977,-15.55387,-28.57977,-22.06682
good,90,360,4.7564,-0.0076,0.6406,-43.54350,-25.25894,-43.54350,-34.40122,-24.85821,-15.41809,-24.85821,-20.13815
good,90,370,4.8213,-0.0161,0.6486,-48.60820,-26.04359,-48.60820,-37.32589,-28.57055,-13.10344,-28.57055,-20.83699
good,90,380,4.8741,0.0360,0.6166,-46.95966,-26.14050,-46.95966,-36.55008,-24.46456,-16.28505,-24.46456,-20.37481
good,90,390,4.9202,0.0546,0.5174,-43.50288,-29.20981,-43.50288,-36.35634,-26.92158,-17.62844,-26.92158,-22.27501
good,90,400,4.9293,0.1646,0.5576,-48.59642,-24.43042,-48.59642,-36.51342,-20.80462,-16.95743,-20.80462,-18.88102
good,90,410,5.0070,0.1961,0.5925,-49.85701,-26.78861,-49.85701,-38.32281,-17.45511,-18.68407,-18.68407,-18.06959
good,90,420,5.0581,0.1883,0.4781,-42.72027,-27.30866,-42.72027,-35.01447,-9.20166,-15.38293,-15.38293,-12.29229
good,90,430,5.1359,0.1813,0.5620,-44.47761,-25.18246,-44.47761,-34.83003,-19.64789,-17.17978,-19.64789,-18.41383
good,90,440,5.1671,0.1111,0.6321,-48.38177,-24.82696,-48.38177,-36.60437,-18.71126,-15.29656,-18.71126,-17.00391
good,90,450,5.2190,0.1195,0.5799,-47.68887,-23.20003,-47.68887,-35.44445,-21.54841,-11.75077,-21.54841,-16.64959
good,90,460,5.2275,0.1066,0.6273,-45.65558,-26.59508,-45.65558,-36.12533,-22.67176,-9.82520,-22.67176,-16.24848
good,90,470,5.2358,0.0473,0.6131,-43.69680,-24.27238,-43.69680,-33.98459,-28.46919,-15.76395,-28.46919,-22.11657
good,90,480,5.2372,0.0512,0.4979,-45.35337,-24.14591,-45.35337,-34.74965,-32.03335,-12.57288,-32.03335,-22.30312
good,90,490,5.2971,0.0865,0.4347,-37.48334,-23.87214,-37.48334,-30.67774,-21.80876,-7.63818,-21.80876,-14.72347
good,90,500,5.3347,0.0951,0.5582,-47.18736,-24.49699,-47.18736,-35.84217,-12.84111,-14.77742,-14.77742,-13.80927
good,90,510,5.4002,0.1056,0.5558,-46.87022,-25.52971,-46.87022,-36.19996,-21.07868,-14.30793,-21.07868,-17.69330
good,90,520,5.4402,0.0259,0.5345,-38.76064,-25.74177,-38.76064,-32.25121,-15.19859,-12.58255,-15.19859,-13.89057
good,90,530,5.4980,0.0121,0.6208,-43.51702,-23.43783,-43.51702,-33.47742,-19.85291,-12.77998,-19.85291,-16.31644
good,90,540,5.5824,0.0307,0.5454,-42.99972,-21.12318,-42.99972,-32.06145,-16.79118,-17.07259,-17.07259,-16.93188
good,90,640,5.0761,8.7634,0.4991,-9.04853,-6.44796,-9.04853,-7.74824,-12.52386,-12.26967,-12.52386,-12.39677
good,90,650,3.6410,8.4016,0.4884,-10.72238,-14.86058,-14.86058,-12.79148,-16.17728,-5.29946,-16.17728,-10.73837
good,90,660,2.9774,8.5414,0.5364,-12.15260,-12.11721,-12.15260,-12.13490,-15.84704,-15.80866,-15.84704,-15.82785
good,91,20,2.2407,0.9974,0.5525,-16.59591,-21.06334,-21.06334,-18.82963,-7.44065,-27.22651,-27.22651,-17.33358
good,91,30,3.2791,0.9882,0.5439,-7.45949,-18.09547,-18.09547,-12.77748,-9.56885,-24.46165,-24.46165,-17.01525
good,91,40,3.8040,0.8551,0.5422,-18.92432,-18.95942,-18.95942,-18.94187,-7.68258,-25.37954,-25.37954,-16.53106
good,91,50,3.9526,0.7729,0.5944,-19.55832,-19.80933,-19.80933,-19.68382,-12.30644,-27.59710,-27.59710,-19.95177
good,91,60,4.0993,0.7674,0.5526,-20.60705,-18.61812,-20.60705,-19.61259,-13.27944,-21.34651,-21.34651,-17.31297
good,91,70,4.2486,0.7344,0.4995,-25.57933,-20.63627,-25.57933,-23.10780,-16.78172,-24.11044,-24.11044,-20.44608
good,91,80,4.3615,0.7575,0.5270,-25.97431,-20.58859,-25.97431,-23.28145,-15.67382,-26.72019,-26.72019,-21.19700
good,91,90,4.4760,0.6821,0.5958,-29.09683,-23.14179,-29.09683,-26.11931,-19.95836,-24.59940,-24.59940,-22.27888
good,91,100,4.5935,0.7123,0.6057,-26.05319,-21.75781,-26.05319,-23.90550,-17.77412,-24.22873,-24.22873,-21.00143
good,91,110,4.7000,0.6655,0.5658,-31.78571,-21.45963,-31.78571,-26.62267,-20.51489,-26.42494,-26.42494,-23.46992
good,91,120,4.8163,0.6363,0.6148,-31.28019,-23.67503,-31.28019,-27.47761,-13.88773,-23.33552,-23.33552,-18.61162
good,91,130,4.9040,0.6628,0.5575,-31.82802,-22.74732,-31.82802,-27.28767,-14.15183,-28.05371,-28.05371,-21.10277
good,91,140,4.9747,0.7034,0.5485,-30.80720,-21.88377,-30.80720,-26.34548,-15.33624,-27.09160,-27.09160,-21.21392
good,91,150,5.0868,0.7474,0.6132,-28.35534,-23.47202,-28.35534,-25.91368,-13.06837,-25.55457,-25.55457,-19.31147
good,91,160,5.1959,0.7299,0.5230,-29.88526,-21.08710,-29.88526,-25.48618,-14.99269,-22.23538,-22.23538,-18.61403
good,91,170,5.2973,0.7359,0.5250,-26.85217,-22.03340,-26.85217,-24.44279,-9.37854,-26.61426,-26.61426,-17.99640
good,91,180,5.3714,0.7141,0.4976,-27.00326,-19.76458,-27.00326,-23.38392,-20.75625,-27.06652,-27.06652,-23.91138
good,91,190,5.4966,0.7772,0.5612,-28.74858,-18.78115,-28.74858,-23.76487,-14.94260,-26.96057,-26.96057,-20.95158
good,91,279,5.7315,8.8748,0.6083,-6.37141,-3.36885,-6.37141,-4.87013,-15.03106,-14.07046,-15.03106,-14.55076
good,91,289,4.5268,8.7317,0.5296,-9.66724,-9.87874,-9.87874,-9.77299,-1.93778,-19.04962,-19.04962,-10.49370
good,91,299,2.9532,8.5850,0.5408,-8.85765,-7.79573,-8.85765,-8.32669,-3.99682,-17.40471,-17.40471,-10.70076
good,92,30,2.2889,0.0071,0.5482,-30.23218,-22.13581,-30.23218,-26.18400,-21.35602,-28.28975,-28.28975,-24.82288
good,92,40,2.4546,-0.0304,0.5797,-26.05339,-21.01796,-26.05339,-23.53568,-18.09757,-26.57453,-26.57453,-22.33605
good,92,50,2.5136,-0.0336,0.5346,-23.77251,-20.30783,-23.77251,-22.04017,-18.75566,-26.37965,-26.37965,-22.56765
good,92,60,2.5854,-0.0322,0.5768,-26.66277,-20.60831,-26.66277,-23.63554,-20.75738,-30.44273,-30.44273,-25.60006
good,92,70,2.6689,-0.0180,0.5826,-24.20563,-21.68490,-24.20563,-22.94526,-18.45242,-28.08458,-28.08458,-23.26850
good,92,80,2.7215,-0.0266,0.5686,-25.21498,-20.68284,-25.21498,-22.94891,-18.58433,-27.27539,-27.27539,-22.92986
good,92,90,2.7826,-0.0362,0.5542,-24.69134,-20.72108,-24.69134,-22.70621,-17.55051,-23.27317,-23.27317,-20.41184
good,92,100,2.8253,-0.1017,0.6171,-27.29061,-20.72762,-27.29061,-24.00911,-21.12356,-25.57822,-25.57822,-23.35089
good,92,110,2.8696,-0.0620,0.6066,-26.20843,-19.87707,-26.20843,-23.04275,-19.49946,-22.44734,-22.44734,-20.97340
good,92,120,2.9200,-0.0466,0.7110,-26.10665,-20.84470,-26.10665,-23.47567,-20.21274,-25.69640,-25.69640,-22.95457
good,92,130,2.9767,0.0180,0.5275,-27.34082,-19.46083,-27.34082,-23.40083,-22.44900,-23.66768,-23.66768,-23.05834
good,92,140,3.0123,0.1077,0.5607,-24.93393,-18.83402,-24.93393,-21.88397,-21.25422,-30.20447,-30.20447,-25.72935
good,92,150,3.0715,0.1026,0.5911,-26.94439,-19.54740,-26.94439,-23.24590,-20.50824,-29.70924,-29.70924,-25.10874
good,92,160,3.1586,0.1082,0.5539,-28.47351,-18.09108,-28.47351,-23.28230,-20.21497,-27.62396,-27.62396,-23.91946
good,92,170,3.2204,0.0455,0.5300,-28.98759,-18.49074,-28.98759,-23.73917,-20.21623,-23.97564,-23.97564,-22.09594
good,92,180,3.2811,0.0021,0.6505,-28.23476,-18.24427,-28.23476,-23.23951,-23.24461,-23.59170,-23.59170,-23.41816
good,92,190,3.3607,0.0342,0.5258,-34.26915,-18.67471,-34.26915,-26.47193,-27.26812,-29.09110,-29.09110,-28.17961
good,92,200,3.4053,0.0442,0.5448,-29.10700,-20.61105,-29.10700,-24.85902,-24.73108,-25.44552,-25.44552,-25.08829
good,92,210,3.4584,0.1389,0.6000,-31.68620,-18.79064,-31.68620,-25.23842,-25.97955,-23.47059,-25.97955,-24.72507
good,92,220,3.5229,0.1550,0.5923,-33.64197,-20.36281,-33.64197,-27.00239,-24.90045,-25.47104,-25.47104,-25.18574
good,92,230,3.6083,0.1478,0.7826,-33.83268,-18.72626,-33.83268,-26.27947,-25.06038,-23.84201,-25.06038,-24.45119
good,92,240,3.6902,0.1422,0.4536,-29.70415,-21.38001,-29.70415,-25.54208,-22.31342,-22.77173,-22.77173,-22.54258
good,92,250,3.7593,0.1055,0.6750,-35.41650,-20.10228,-35.41650,-27.75939,-24.46902,-21.99480,-24.46902,-23.23191
good,92,260,3.8059,0.0715,0.7208,-34.86046,-21.00258,-34.86046,-27.93152,-25.13245,-23.28647,-25.13245,-24.20946
good,92,270,3.8700,0.0469,0.7249,-34.37821,-21.82349,-34.37821,-28.10085,-23.94182,-23.34093,-23.94182,-23.64137
good,92,280,3.9350,0.0062,0.7227,-32.91666,-21.64041,-32.91666,-27.27853,-22.27126,-19.81892,-22.27126,-21.04509
good,92,290,3.9949,-0.0209,0.4526,-35.23169,-22.48833,-35.23169,-28.86001,-27.22110,-18.15565,-27.22110,-22.68838
good,92,300,4.0608,-0.0358,0.5964,-36.57245,-23.66986,-36.57245,-30.12115,-26.80266,-16.99550,-26.80266,-21.89908
good,92,310,4.1188,0.0419,0.6183,-38.85681,-22.18811,-38.85681,-30.52246,-27.41357,-20.38931,-27.41357,-23.90144
good,92,320,4.1923,0.0389,0.6743,-39.90935,-22.79129,-39.90935,-31.35032,-28.21777,-19.08588,-28.21777,-23.65182
good,92,330,4.2605,0.0510,0.5927,-40.01103,-23.96135,-40.01103,-31.98619,-24.97778,-17.39453,-24.97778,-21.18616
good,92,340,4.3513,0.0398,0.5444,-40.30887,-23.66220,-40.30887,-31.98553,-26.32320,-17.25088,-26.32320,-21.78704
good,92,350,4.4180,0.0346,0.5414,-41.21716,-24.69090,-41.21716,-32.95403,-26.09572,-17.17047,-26.09572,-21.63309
good,92,360,4.4936,0.0233,0.4749,-46.09652,-25.10612,-46.09652,-35.60132,-27.36735,-14.20335,-27.36735,-20.78535
good,92,370,4.5331,-0.0073,0.6192,-42.96742,-25.62446,-42.96742,-34.29594,-28.58274,-15.47890,-28.58274,-22.03082
good,92,380,4.6067,0.0214,0.6149,-42.31989,-25.15319,-42.31989,-33.73654,-25.87218,-16.77299,-25.87218,-21.32259
good,92,390,4.6722,0.0056,0.5731,-44.52155,-25.01162,-44.52155,-34.76658,-28.59700,-16.79677,-28.59700,-22.69688
good,92,400,4.7118,-0.0195,0.6417,-42.41638,-24.39753,-42.41638,-33.40696,-27.77504,-12.47031,-27.77504,-20.12267
good,92,410,4.7856,-0.0299,0.5675,-44.33975,-22.75455,-44.33975,-33.54715,-24.17261,-17.30778,-24.17261,-20.74020
good,92,420,4.8631,-0.0311,0.5670,-43.36751,-23.63208,-43.36751,-33.49980,-26.88831,-18.36774,-26.88831,-22.62803
good,92,430,4.9174,-0.0240,0.4653,-43.44586,-22.00914,-43.44586,-32.72750,-21.24729,-16.41500,-21.24729,-18.83114
good,92,440,4.9815,0.0156,0.5980,-44.88123,-27.14187,-44.88123,-36.01155,-25.09992,-19.18436,-25.09992,-22.14214
good,92,450,5.0353,0.0541,0.6374,-46.47945,-27.60532,-46.47945,-37.04239,-25.34668,-13.19440,-25.34668,-19.27054
good,92,460,5.0728,0.0450,0.5905,-45.46475,-26.33568,-45.46475,-35.90022,-24.62347,-18.48945,-24.62347,-21.55646
good,92,470,5.1247,0.0196,0.5548,-42.35295,-24.67166,-42.35295,-33.51230,-24.97668,-12.93392,-24.97668,-18.95530
good,92,480,5.1407,-0.0339,0.6134,-46.97259,-24.49476,-46.97259,-35.73367,-23.63912,-15.71163,-23.63912,-19.67537
good,92,490,5.1973,-0.0695,0.6243,-42.08580,-21.40066,-42.08580,-31.74323,-15.15636,-14.41507,-15.15636,-14.78571
good,92,500,5.2572,-0.0466,0.5232,-42.30393,-23.08963,-42.30393,-32.69678,-24.07238,-17.02040,-24.07238,-20.54639
good,92,510,5.3350,-0.0219,0.5312,-44.35799,-22.49146,-44.35799,-33.42472,-18.10549,-15.68190,-18.10549,-16.89369
good,92,520,5.4126,-0.0133,0.5727,-43.11602,-21.81880,-43.11602,-32.46741,-16.05272,-17.87405,-17.87405,-16.96339
good,92,530,5.4842,0.0414,0.5395,-45.02986,-21.40560,-45.02986,-33.21773,-14.02235,-18.35015,-18.35015,-16.18625
good,92,540,5.5629,0.0382,0.5308,-44.56432,-21.13310,-44.56432,-32.84871,-13.64304,-15.19180,-15.19180,-14.41742
good,92,631,4.8498,8.9173,0.5315,-12.53538,-8.65226,-12.53538,-10.59382,-10.34043,-20.50935,-20.50935,-15.42489
good,92,641,3.2015,8.9194,0.6408,-12.56498,-10.11720,-12.56498,-11.34109,-7.62742,-23.48779,-23.48779,-15.55761
good,93,21,2.2378,1.2105,0.5116,-9.04385,-15.87544,-15.87544,-12.45964,-7.11539,-18.68447,-18.68447,-12.89993
good,93,31,3.0169,0.9857,0.5537,-8.34102,-14.30767,-14.30767,-11.32434,-8.99004,-20.70706,-20.70706,-14.84855
good,93,41,3.4770,0.9502,0.5976,-9.31597,-16.40638,-16.40638,-12.86118,-12.00121,-18.84946,-18.84946,-15.42533
good,93,51,3.7850,0.8054,0.5272,-14.80255,-19.72547,-19.72547,-17.26401,-13.13453,-22.16963,-22.16963,-17.65208
good,93,61,3.9764,0.8070,0.4903,-9.14424,-14.93859,-14.93859,-12.04141,-11.52162,-24.07869,-24.07869,-17.80016
good,93,71,4.1924,0.7790,0.6242,-15.31366,-19.20278,-19.20278,-17.25822,-12.90285,-20.67487,-20.67487,-16.78886
good,93,81,4.3603,0.7808,0.4552,-18.81860,-20.58969,-20.58969,-19.70414,-8.67946,-28.31673,-28.31673,-18.49810
good,93,91,4.4885,0.7607,0.6473,-26.05802,-18.12001,-26.05802,-22.08901,-15.68298,-20.14724,-20.14724,-17.91511
good,93,101,4.5781,0.7422,0.5552,-18.84723,-21.29642,-21.29642,-20.07182,-10.43633,-25.44069,-25.44069,-17.93851
good,93,111,4.7276,0.7398,0.5708,-23.97131,-17.20265,-23.97131,-20.58698,-13.59898,-20.58475,-20.58475,-17.09186
good,93,121,4.8489,0.7100,0.5613,-23.40692,-18.77627,-23.40692,-21.09159,-13.12177,-22.61222,-22.61222,-17.86699
good,93,131,4.9623,0.7093,0.5564,-26.90091,-20.76681,-26.90091,-23.83386,-8.29857,-24.28573,-24.28573,-16.29215
good,93,141,5.0718,0.7002,0.6138,-28.82581,-19.60736,-28.82581,-24.21659,-12.93897,-22.27921,-22.27921,-17.60909
good,93,151,5.1843,0.7321,0.4897,-21.81992,-18.19539,-21.81992,-20.00766,-13.10709,-25.47272,-25.47272,-19.28991
good,93,161,5.3303,0.7653,0.6266,-25.85850,-22.52315,-25.85850,-24.19082,-19.32858,-26.08430,-26.08430,-22.70644
good,93,171,5.3832,0.8840,0.6050,-17.75857,-17.71061,-17.75857,-17.73459,-8.54008,-27.38421,-27.38421,-17.96214
good,93,181,5.5880,0.9323,0.5245,-16.61345,-15.91329,-16.61345,-16.26337,-12.11725,-22.29763,-22.29763,-17.20744
good,93,280,5.0157,8.9609,0.5798,-1.67733,-3.85167,-3.85167,-2.76450,-1.15251,-9.45568,-9.45568,-5.30410
good,93,290,4.6486,8.9263,0.5368,-1.97437,-2.39040,-2.39040,-2.18238,-7.79302,-12.56417,-12.56417,-10.17859
good,93,300,3.5982,8.7797,0.6439,-8.26340,-5.71361,-8.26340,-6.98850,-6.29724,-10.35882,-10.35882,-8.32803
good,93,310,2.7449,8.6390,0.4622,-9.11295,-9.53486,-9.53486,-9.32391,-14.97992,-17.26550,-17.26550,-16.12271
good,94,26,2.2797,1.0226,0.5366,-7.77724,-14.31685,-14.31685,-11.04704,-8.74519,-20.95148,-20.95148,-14.84834
good,94,36,3.5447,1.0708,0.5341,-4.83033,-18.46569,-18.46569,-11.64801,-6.76629,-22.34615,-22.34615,-14.55622
good,94,46,4.3403,1.0105,0.5527,-7.01321,-15.79625,-15.79625,-11.40473,-2.97699,-24.58242,-24.58242,-13.77970
good,94,56,5.0438,0.8542,0.5636,-11.22414,-18.89319,-18.89319,-15.05867,-2.56572,-19.79227,-19.79227,-11.17899
good,94,66,5.3739,0.8965,0.5468,-9.26193,-12.78962,-12.78962,-11.02577,-10.24585,-21.14675,-21.14675,-15.69630
good,94,146,5.5080,8.7421,0.6175,-10.34947,-12.13792,-12.13792,-11.24369,1.30912,-14.81378,-14.81378,-6.75233
good,94,156,4.0296,8.8882,0.6217,-8.71197,-15.74830,-15.74830,-12.23013,-16.96712,-18.87510,-18.87510,-17.92111
good,94,166,2.7366,8.6424,0.4784,-3.82199,-5.26566,-5.26566,-4.54383,-20.39789,-11.21575,-20.39789,-15.80682
good,94,391,2.5396,8.9036,0.4215,1.83759,-3.52713,-3.52713,-0.84477,-15.98172,-8.30114,-15.98172,-12.14143
good,95,22,2.2182,1.1220,0.5536,-9.54826,-16.72970,-16.72970,-13.13898,-8.45192,-19.48032,-19.48032,-13.96612
good,95,32,3.2391,1.0021,0.5521,-5.14006,-15.10448,-15.10448,-10.12227,-6.88961,-14.94970,-14.94970,-10.91965
good,95,42,3.9843,0.9673,0.5877,-6.99763,-13.32370,-13.32370,-10.16067,-6.30465,-17.00257,-17.00257,-11.65361
good,95,52,4.4313,0.9716,0.6069,-4.91030,-14.09661,-14.09661,-9.50346,-4.03552,-14.52836,-14.52836,-9.28194
good,95,62,5.0669,0.9643,0.5745,-5.75072,-13.80701,-13.80701,-9.77887,-7.70223,-15.29471,-15.29471,-11.49847
good,95,127,5.1367,7.1539,0.5127,-12.67441,-12.46085,-12.67441,-12.56763,-11.33663,-17.67057,-17.67057,-14.50360
good,95,137,3.1800,7.9360,0.5506,-12.75826,-7.97907,-12.75826,-10.36867,-5.05384,-16.69005,-16.69005,-10.87194
good,96,22,2.2496,1.1601,0.5208,-9.23041,-15.71791,-15.71791,-12.47416,-9.40751,-16.55572,-16.55572,-12.98161
good,96,32,2.9986,0.9862,0.5629,-9.73986,-15.19244,-15.19244,-12.46615,-11.20334,-18.07930,-18.07930,-14.64132
good,96,42,3.5846,1.0778,0.5892,-4.43713,-15.59398,-15.59398,-10.01556,-10.07142,-12.54820,-12.54820,-11.30981
good,96,52,4.2939,1.1089,0.5349,-6.60925,-14.82114,-14.82114,-10.71520,-6.33023,-19.92304,-19.92304,-13.12664
good,96,62,4.9254,0.9817,0.5757,-4.09978,-16.06834,-16.06834,-10.08406,-6.01784,-18.92673,-18.92673,-12.47228
good,96,72,5.3642,1.0465,0.5365,-8.96797,-18.42409,-18.42409,-13.69603,-10.09752,-18.73344,-18.73344,-14.41548
good,96,169,4.7810,7.8896,0.5392,-8.55187,-10.86085,-10.86085,-9.70636,-0.83169,-11.35684,-11.35684,-6.09427
good,96,179,2.7101,8.7827,0.7675,-3.78462,-6.15203,-6.15203,-4.96832,-7.75811,-3.83097,-7.75811,-5.79454
good,97,23,2.2701,1.1768,0.5497,-8.39412,-18.46808,-18.46808,-13.43110,-10.33618,-20.31414,-20.31414,-15.32516
good,97,33,3.1782,0.9844,0.6037,-5.91348,-14.11495,-14.11495,-10.01421,-6.25012,-15.50529,-15.50529,-10.87771
good,97,43,3.5033,0.9224,0.6205,-7.14658,-12.57740,-12.57740,-9.86199,-10.35836,-18.48297,-18.48297,-14.42067
good,97,53,3.7766,0.9701,0.5721,-8.69703,-12.65646,-12.65646,-10.67675,-7.65288,-15.21830,-15.21830,-11.43559
good,97,63,4.1370,1.0125,0.5703,-4.27074,-15.24379,-15.24379,-9.75726,-8.73500,-20.38498,-20.38498,-14.55999
good,97,73,4.8323,1.1207,0.5023,-4.40645,-17.32811,-17.32811,-10.86728,-14.51655,-19.67246,-19.67246,-17.09451
good,97,83,5.4464,0.9922,0.5464,-8.35852,-16.23933,-16.23933,-12.29893,-9.56460,-16.70820,-16.70820,-13.13640
good,97,180,5.0610,7.5574,0.4410,-10.20018,-18.62070,-18.62070,-14.41044,-4.66982,-10.94255,-10.94255,-7.80618
good,97,190,3.6867,7.5322,0.5550,-8.77903,-11.05792,-11.05792,-9.91847,-13.19408,-15.93375,-15.93375,-14.56392
good,98,22,2.1847,1.1481,0.5273,-9.54499,-15.29924,-15.29924,-12.42211,-9.49264,-20.03793,-20.03793,-14.76529
good,98,32,2.6727,0.8017,0.5971,-14.39702,-14.18484,-14.39702,-14.29093,-15.25838,-25.59172,-25.59172,-20.42505
good,98,42,2.8201,0.8532,0.5397,-13.98931,-14.52682,-14.52682,-14.25807,-13.25724,-21.79101,-21.79101,-17.52413
good,98,52,2.9762,0.8129,0.5235,-14.26569,-14.12017,-14.26569,-14.19293,-15.53713,-24.63438,-24.63438,-20.08575
good,98,62,3.1349,0.7923,0.5547,-13.90838,-13.17578,-13.90838,-13.54208,-12.12370,-21.56616,-21.56616,-16.84493
good,98,72,3.2356,0.7471,0.4590,-16.95818,-16.06268,-16.95818,-16.51043,-17.50012,-22.43332,-22.43332,-19.96672
good,98,82,3.3491,0.7421,0.5410,-14.81002,-12.49654,-14.81002,-13.65328,-12.35674,-22.71225,-22.71225,-17.53449
good,98,92,3.4267,0.6998,0.4810,-19.32742,-13.43055,-19.32742,-16.37899,-14.56358,-21.68021,-21.68021,-18.12190
good,98,102,3.5669,0.6758,0.5065,-19.09624,-13.11577,-19.09624,-16.10600,-19.22186,-25.41040,-25.41040,-22.31613
good,98,112,3.6622,0.6612,0.5628,-15.41291,-10.97990,-15.41291,-13.19640,-17.90059,-23.25686,-23.25686,-20.57872
good,98,122,3.7823,0.6721,0.4640,-20.20491,-12.22278,-20.20491,-16.21384,-16.21462,-25.83089,-25.83089,-21.02275
good,98,132,3.8625,0.7072,0.4969,-18.87540,-15.64755,-18.87540,-17.26147,-16.95485,-21.00258,-21.00258,-18.97871
good,98,142,4.0048,0.7526,0.5988,-19.53122,-16.12808,-19.53122,-17.82965,-17.11260,-24.56035,-24.56035,-20.83648
good,98,152,4.1289,0.8217,0.5791,-12.20972,-15.06055,-15.06055,-13.63513,-13.06127,-15.77020,-15.77020,-14.41574
good,98,162,4.2824,0.8930,0.5549,-16.25393,-11.41313,-16.25393,-13.83353,-13.32948,-23.86142,-23.86142,-18.59545
good,98,172,4.5875,0.9010,0.5590,-9.32747,-14.33263,-14.33263,-11.83005,-8.92714,-20.94846,-20.94846,-14.93780
good,98,182,4.9122,0.8316,0.5185,-17.00233,-16.72166,-17.00233,-16.86200,-12.22168,-23.69490,-23.69490,-17.95829
good,98,192,5.0768,0.8660,0.5961,-17.34824,-13.06385,-17.34824,-15.20605,-12.15365,-24.94691,-24.94691,-18.55028
good,98,202,5.3762,0.9475,0.5597,-13.98123,-12.86834,-13.98123,-13.42478,-11.12016,-17.59255,-17.59255,-14.35636
good,98,276,5.0626,7.9759,0.5864,-9.38023,-12.61546,-12.61546,-10.99785,-8.11511,-9.43624,-9.43624,-8.77567
good,98,286,3.6002,7.3600,0.4258,-6.88076,-10.33477,-10.33477,-8.60777,-8.03735,-0.44872,-8.03735,-4.24303
good,99,23,2.1866,1.0788,0.5184,-10.43003,-15.54181,-15.54181,-12.98592,-9.14040,-19.07277,-19.07277,-14.10658
good,99,33,2.6588,0.8837,0.5734,-12.71283,-11.75320,-12.71283,-12.23301,-12.49561,-20.44401,-20.44401,-16.46981
good,99,43,2.8781,0.7905,0.5438,-12.91532,-15.20916,-15.20916,-14.06224,-12.84444,-21.03201,-21.03201,-16.93822
good,99,53,3.0201,0.8303,0.6477,-13.12736,-14.42744,-14.42744,-13.77740,-17.85306,-20.73730,-20.73730,-19.29518
good,99,63,3.2156,0.8468,0.4619,-8.64799,-14.53967,-14.53967,-11.59383,-13.70825,-13.18744,-13.70825,-13.44785
good,99,73,3.4296,0.7978,0.4591,-10.83369,-13.21041,-13.21041,-12.02205,-12.39197,-19.90307,-19.90307,-16.14752
good,99,83,3.6028,0.7645,0.5900,-12.12572,-13.95519,-13.95519,-13.04045,-10.54984,-16.64170,-16.64170,-13.59577
good,99,93,3.7806,0.7354,0.5807,-18.06970,-15.28402,-18.06970,-16.67686,-14.37052,-21.24869,-21.24869,-17.80960
good,99,103,3.8938,0.8201,0.4681,-12.92935,-10.31502,-12.92935,-11.62219,-12.67258,-19.31471,-19.31471,-15.99365
good,99,113,4.0540,0.7577,0.5361,-14.22923,-12.26667,-14.22923,-13.24795,-14.96319,-19.86566,-19.86566,-17.41442
good,99,123,4.2104,0.7468,0.5978,-14.41248,-14.24681,-14.41248,-14.32965,-14.23353,-16.48613,-16.48613,-15.35983
good,99,133,4.3628,0.7908,0.6520,-15.83711,-15.49088,-15.83711,-15.66399,-13.67073,-19.35507,-19.35507,-16.51290
good,99,143,4.5679,0.8460,0.5446,-12.64329,-14.32452,-14.32452,-13.48390,-8.69471,-16.32006,-16.32006,-12.50738
good,99,153,4.7712,0.8162,0.6141,-14.66907,-16.69905,-16.69905,-15.68406,-13.84898,-20.01171,-20.01171,-16.93034
good,99,163,4.9363,0.8680,0.5941,-17.36699,-16.90071,-17.36699,-17.13385,-18.93073,-19.70127,-19.70127,-19.31600
good,99,173,5.1545,0.8228,0.6202,-19.21964,-14.51082,-19.21964,-16.86523,-13.89752,-20.55457,-20.55457,-17.22605
good,99,183,5.4041,0.9210,0.5208,-11.24036,-16.11939,-16.11939,-13.67988,-14.23258,-16.95421,-16.95421,-15.59339
good,99,259,5.2630,8.0161,0.5535,-13.47709,-10.61201,-13.47709,-12.04455,-15.98939,-21.66676,-21.66676,-18.82808
good,99,269,3.9047,8.4445,0.6167,-13.22788,-9.09852,-13.22788,-11.16320,-25.39569,-13.05537,-25.39569,-19.22553
good,100,21,2.2888,-0.9112,0.5362,-8.37939,-11.45603,-11.45603,-9.91771,-10.62036,-13.81038,-13.81038,-12.21537
good,100,31,2.8912,-0.9603,0.4676,-4.23289,-9.40821,-9.40821,-6.82055,-10.00697,-13.03165,-13.03165,-11.51931
good,100,41,3.7885,-1.0145,0.5366,-5.18740,-12.07252,-12.07252,-8.62996,-6.77403,-14.42809,-14.42809,-10.60106
good,100,51,4.8103,-0.9714,0.5719,-2.93624,-9.29418,-9.29418,-6.11521,-5.53685,-12.71003,-12.71003,-9.12344
good,100,163,5.5993,8.6272,0.7238,-4.75556,-9.61536,-9.61536,-7.18546,-5.96728,-5.94343,-5.96728,-5.95535
good,100,173,4.1298,8.0193,0.4746,-7.88549,-9.42913,-9.42913,-8.65731,-5.58766,-13.29620,-13.29620,-9.44193
good,101,19,2.2047,-0.9214,0.5445,-7.61792,-10.14505,-10.14505,-8.88148,-11.64748,-11.31967,-11.64748,-11.48357
good,101,29,2.7203,-0.8365,0.6189,-13.45213,-11.05817,-13.45213,-12.25515,-12.96638,-14.40903,-14.40903,-13.68771
good,101,39,2.9053,-0.8391,0.5057,-12.46527,-9.51248,-12.46527,-10.98887,-15.10444,-12.14521,-15.10444,-13.62482
good,101,49,3.0619,-0.7532,0.5268,-11.31099,-10.13974,-11.31099,-10.72536,-9.64939,-13.41103,-13.41103,-11.53021
good,101,59,3.2476,-0.7540,0.5952,-11.95695,-9.36545,-11.95695,-10.66120,-12.91673,-13.38300,-13.38300,-13.14986
good,101,69,3.3986,-0.7310,0.6063,-12.48294,-9.83981,-12.48294,-11.16138,-10.98798,-13.31601,-13.31601,-12.15199
good,101,79,3.4755,-0.7676,0.4958,-13.25342,-9.72371,-13.25342,-11.48856,-11.80756,-13.09204,-13.09204,-12.44980
good,101,89,3.6042,-0.7691,0.6523,-14.64909,-9.29427,-14.64909,-11.97168,-14.33858,-11.82215,-14.33858,-13.08036
good,101,99,3.7301,-0.6955,0.5824,-12.63769,-9.00441,-12.63769,-10.82105,-12.39827,-11.02285,-12.39827,-11.71056
good,101,109,3.8736,-0.6955,0.5304,-12.22803,-9.10446,-12.22803,-10.66625,-12.92365,-10.57924,-12.92365,-11.75145
good,101,119,3.9986,-0.6979,0.4716,-13.25004,-8.66736,-13.25004,-10.95870,-14.63232,-11.25693,-14.63232,-12.94463
good,101,129,4.1797,-0.7638,0.5296,-12.31202,-9.13350,-12.31202,-10.72276,-12.50230,-10.40847,-12.50230,-11.45539
good,101,139,4.2637,-0.7338,0.5792,-13.89121,-7.94384,-13.89121,-10.91752,-14.22870,-7.74995,-14.22870,-10.98933
good,101,149,4.3947,-0.7671,0.5531,-15.89175,-8.02326,-15.89175,-11.95751,-12.51485,-8.93118,-12.51485,-10.72301
good,101,159,4.5472,-0.6960,0.5288,-11.04969,-5.81300,-11.04969,-8.43135,-8.61005,-7.89573,-8.61005,-8.25289
good,101,169,4.6614,-0.8063,0.5416,-10.02620,-6.67596,-10.02620,-8.35108,-7.98691,-7.75195,-7.98691,-7.86943
good,101,179,4.7989,-0.8987,0.5410,-11.34246,-5.21696,-11.34246,-8.27971,-11.01419,-5.64245,-11.01419,-8.32832
good,101,189,5.0160,-1.0119,0.5213,-8.27440,-7.60345,-8.27440,-7.93892,-9.32837,-10.01737,-10.01737,-9.67287
good,101,304,5.4160,8.4904,0.5995,-13.74489,-13.06789,-13.74489,-13.40639,-9.89641,-9.16896,-9.89641,-9.53268
good,101,314,3.6584,8.8516,0.6055,-12.60527,-5.08910,-12.60527,-8.84719,-7.37117,-10.29049,-10.29049,-8.83083
good,101,324,3.1722,8.8007,0.7169,-6.18039,-4.20647,-6.18039,-5.19343,-11.87211,-10.23058,-11.87211,-11.05135
good,101,334,2.4270,8.4262,0.4989,-6.28122,-5.55773,-6.28122,-5.91947,-20.04173,-11.57910,-20.04173,-15.81042
good,102,25,2.2918,-0.8893,0.5318,-9.89185,-13.00943,-13.00943,-11.45064,-12.20507,-17.60407,-17.60407,-14.90457
good,102,35,3.2880,-0.9530,0.5879,-6.74581,-7.28524,-7.28524,-7.01552,-8.98947,-13.25778,-13.25778,-11.12362
good,102,45,3.9350,-0.9355,0.5674,-9.75026,-8.32114,-9.75026,-9.03570,-10.98155,-11.29409,-11.29409,-11.13782
good,102,55,4.8855,-1.0235,0.5289,-6.67575,-11.52344,-11.52344,-9.09960,-6.86629,-16.46940,-16.46940,-11.66784
good,102,150,5.2478,8.2194,0.6765,-17.99860,-15.65513,-17.99860,-16.82686,-12.88780,-13.34364,-13.34364,-13.11572
good,102,160,3.8133,8.0207,0.4985,-14.96752,-13.12787,-14.96752,-14.04769,-10.79483,-11.07347,-11.07347,-10.93415
good,102,571,2.4061,8.7701,0.4257,-8.57465,-17.38754,-17.38754,-12.98109,-22.77602,-22.08910,-22.77602,-22.43256
good,103,35,2.2310,0.0174,0.5264,-27.83574,-21.97800,-27.83574,-24.90687,-20.52356,-23.76207,-23.76207,-22.14281
good,103,45,2.4844,0.1487,0.5298,-24.98463,-18.61049,-24.98463,-21.79756,-18.32345,-26.50462,-26.50462,-22.41404
good,103,55,2.5345,0.0765,0.5230,-24.97313,-18.51377,-24.97313,-21.74345,-20.73082,-30.41419,-30.41419,-25.57250
good,103,65,2.6049,0.0680,0.5847,-24.45302,-20.48717,-24.45302,-22.47010,-19.66058,-25.01070,-25.01070,-22.33564
good,103,75,2.6809,0.0813,0.5486,-24.05882,-18.33741,-24.05882,-21.19811,-16.79799,-29.32026,-29.32026,-23.05912
good,103,85,2.7530,0.0633,0.6848,-24.53078,-19.65641,-24.53078,-22.09359,-19.30826,-25.81798,-25.81798,-22.56312
good,103,95,2.8296,0.0456,0.5692,-24.20833,-18.97596,-24.20833,-21.59214,-19.89973,-26.55712,-26.55712,-23.22842
good,103,105,2.8969,0.0332,0.5823,-25.58450,-20.49400,-25.58450,-23.03925,-18.85517,-25.89979,-25.89979,-22.37748
good,103,115,2.9565,0.0480,0.4815,-25.59250,-18.31373,-25.59250,-21.95311,-20.32524,-28.02709,-28.02709,-24.17617
good,103,125,2.9856,0.0517,0.4975,-26.56925,-17.54245,-26.56925,-22.05585,-22.89050,-29.29400,-29.29400,-26.09225
good,103,135,3.0377,-0.0051,0.4967,-24.06258,-18.33078,-24.06258,-21.19668,-21.56550,-26.25718,-26.25718,-23.91134
good,103,145,3.0665,-0.0488,0.5459,-24.54134,-17.71706,-24.54134,-21.12920,-19.12806,-25.03571,-25.03571,-22.08189
good,103,155,3.1173,-0.0083,0.5813,-25.35887,-18.05231,-25.35887,-21.70559,-19.79901,-20.63061,-20.63061,-20.21481
good,103,165,3.1842,0.0051,0.5986,-25.33072,-17.73704,-25.33072,-21.53388,-23.16450,-26.76666,-26.76666,-24.96558
good,103,175,3.2528,0.0414,0.5684,-26.93817,-19.55380,-26.93817,-23.24599,-20.77403,-21.98731,-21.98731,-21.38067
good,103,185,3.3364,0.0666,0.6750,-29.33285,-20.21976,-29.33285,-24.77630,-24.62594,-26.01875,-26.01875,-25.32235
good,103,195,3.3794,0.0539,0.4121,-28.87102,-19.43501,-28.87102,-24.15301,-20.63645,-23.49677,-23.49677,-22.06661
good,103,205,3.4358,0.0450,0.6593,-28.62955,-19.79663,-28.62955,-24.21309,-21.67050,-20.52653,-21.67050,-21.09851
good,103,215,3.4914,0.0346,0.4939,-28.88027,-19.83019,-28.88027,-24.35523,-21.36158,-20.62490,-21.36158,-20.99324
good,103,225,3.5618,-0.0040,0.4819,-28.09623,-18.28872,-28.09623,-23.19248,-25.22046,-18.25179,-25.22046,-21.73612
good,103,235,3.6403,-0.0148,0.5056,-27.31298,-17.92972,-27.31298,-22.62135,-25.03901,-18.56599,-25.03901,-21.80250
good,103,245,3.6974,0.0032,0.6253,-31.27285,-21.07312,-31.27285,-26.17299,-25.58272,-16.57004,-25.58272,-21.07638
good,103,255,3.7658,0.0624,0.5848,-33.17923,-20.15730,-33.17923,-26.66827,-25.29119,-20.55317,-25.29119,-22.92218
good,103,265,3.8252,0.0835,0.5718,-36.64693,-19.51696,-36.64693,-28.08195,-27.15069,-21.30206,-27.15069,-24.22637
good,103,275,3.8807,0.0896,0.5961,-36.15464,-19.23065,-36.15464,-27.69265,-25.39869,-20.89578,-25.39869,-23.14724
good,103,285,3.9453,0.0905,0.5210,-34.96889,-19.85166,-34.96889,-27.41027,-23.60267,-21.45590,-23.60267,-22.52928
good,103,295,4.0421,0.0451,0.5074,-34.89202,-19.89876,-34.89202,-27.39539,-21.72900,-21.06698,-21.72900,-21.39799
good,103,305,4.0924,0.0057,0.5952,-34.88800,-20.53406,-34.88800,-27.71103,-27.92991,-18.06821,-27.92991,-22.99907
good,103,315,4.1525,0.0144,0.6441,-39.00023,-23.28137,-39.00023,-31.14080,-30.14380,-18.16397,-30.14380,-24.15388
good,103,325,4.2136,0.0350,0.5138,-42.19774,-24.20040,-42.19774,-33.19907,-29.11651,-16.54535,-29.11651,-22.83093
good,103,335,4.2769,0.0738,0.6606,-42.69186,-22.76611,-42.69186,-32.72898,-26.93712,-17.14565,-26.93712,-22.04139
good,103,345,4.3322,0.1090,0.5972,-45.37002,-25.04107,-45.37002,-35.20554,-26.42132,-19.70992,-26.42132,-23.06562
good,103,355,4.3878,0.1185,0.6590,-40.97187,-20.71297,-40.97187,-30.84242,-25.83417,-16.26818,-25.83417,-21.05117
good,103,365,4.4513,0.1465,0.5315,-44.09779,-23.83062,-44.09779,-33.96420,-24.22848,-22.48292,-24.22848,-23.35570
good,103,375,4.4810,0.1111,0.5334,-37.77209,-21.57313,-37.77209,-29.67261,-22.93880,-16.83631,-22.93880,-19.88755
good,103,385,4.5375,0.0662,0.5289,-39.79156,-25.15120,-39.79156,-32.47138,-23.92864,-21.80039,-23.92864,-22.86452
good,103,395,4.6228,0.0135,0.5800,-40.88434,-23.09859,-40.88434,-31.99147,-24.40768,-13.08191,-24.40768,-18.74480
good,103,405,4.6860,-0.0039,0.5595,-43.14812,-22.22386,-43.14812,-32.68599,-24.76419,-13.62003,-24.76419,-19.19211
good,103,415,4.7521,0.0022,0.6747,-41.07657,-24.38977,-41.07657,-32.73317,-28.38821,-12.37729,-28.38821,-20.38275
good,103,425,4.8217,0.0040,0.6011,-45.77176,-25.14204,-45.77176,-35.45690,-29.39361,-15.44900,-29.39361,-22.42130
good,103,435,4.8699,0.0501,0.6135,-44.49982,-24.31666,-44.49982,-34.40824,-22.95458,-17.02579,-22.95458,-19.99019
good,103,445,4.8951,0.0117,0.5430,-45.93603,-25.40584,-45.93603,-35.67093,-26.07822,-15.09006,-26.07822,-20.58414
good,103,455,4.9744,-0.0045,0.5308,-43.51500,-21.83256,-43.51500,-32.67378,-22.79589,-15.27385,-22.79589,-19.03487
good,103,465,5.0478,-0.0131,0.5378,-39.62402,-21.50599,-39.62402,-30.56501,-19.18735,-14.58173,-19.18735,-16.88454
good,103,475,5.1267,-0.0498,0.6821,-40.32903,-21.59513,-40.32903,-30.96207,-22.73734,-14.04197,-22.73734,-18.38966
good,103,485,5.1968,-0.0829,0.6731,-41.55106,-22.43917,-41.55106,-31.99511,-20.16262,-15.60430,-20.16262,-17.88346
good,103,495,5.2702,-0.0754,0.6310,-39.45696,-19.28685,-39.45696,-29.37191,-19.45407,-13.66391,-19.45407,-16.55899
good,103,505,5.3166,-0.0307,0.5533,-39.33986,-19.17167,-39.33986,-29.25577,-20.17026,-13.77800,-20.17026,-16.97413
good,103,515,5.3850,-0.0437,0.6850,-44.33303,-23.58681,-44.33303,-33.95992,-22.17679,-15.43185,-22.17679,-18.80432
good,103,525,5.4430,0.0124,0.6429,-44.36535,-24.30552,-44.36535,-34.33543,-20.94244,-19.49379,-20.94244,-20.21811
good,103,535,5.5008,0.0883,0.6028,-45.84075,-23.38099,-45.84075,-34.61087,-13.58827,-23.26110,-23.26110,-18.42469
good,103,545,5.5495,0.0639,0.4813,-39.89164,-22.40920,-39.89164,-31.15042,-14.68360,-17.49231,-17.49231,-16.08795
good,103,656,5.7135,8.9229,0.6080,-19.59699,-11.92867,-19.59699,-15.76283,-11.65009,-15.47070,-15.47070,-13.56040
good,103,666,4.3475,8.8055,0.5694,-13.37499,-11.63145,-13.37499,-12.50322,-13.24521,-19.85064,-19.85064,-16.54793
good,103,676,3.4653,8.5133,0.5777,-3.77719,-8.64305,-8.64305,-6.21012,-24.20564,-9.85814,-24.20564,-17.03189
good,103,686,2.8382,8.6964,0.5014,-18.68086,-15.80829,-18.68086,-17.24457,-20.68909,-20.53228,-20.68909,-20.61068
good,103,696,2.8062,8.8400,0.5676,-12.25235,-10.07325,-12.25235,-11.16280,-24.53756,-18.38844,-24.53756,-21.46300
good,103,706,2.6399,8.5241,0.5654,-10.67361,-11.80434,-11.80434,-11.23898,-25.33393,-26.60831,-26.60831,-25.97112
good,103,716,2.6547,8.9010,0.4736,-19.27739,-7.87323,-19.27739,-13.57531,-29.30245,-15.42415,-29.30245,-22.36330
good,103,726,2.6968,8.6385,0.5294,-5.74956,-5.13366,-5.74956,-5.44161,-19.37341,-16.03651,-19.37341,-17.70496
good,103,736,2.3321,8.9938,0.4512,-11.62485,-17.25699,-17.25699,-14.44092,-35.64344,-27.66328,-35.64344,-31.65336
good,104,22,2.2315,-1.0591,0.5311,-9.43119,-12.67454,-12.67454,-11.05287,-12.00621,-15.88835,-15.88835,-13.94728
good,104,32,2.8771,-0.8386,0.6012,-11.37428,-13.57293,-13.57293,-12.47361,-10.54464,-16.29505,-16.29505,-13.41984
good,104,42,3.1116,-0.8683,0.5253,-10.30443,-12.75482,-12.75482,-11.52962,-11.93797,-14.99859,-14.99859,-13.46828
good,104,52,3.2774,-0.8331,0.6471,-11.66378,-11.57950,-11.66378,-11.62164,-11.41395,-13.29233,-13.29233,-12.35314
good,104,62,3.4491,-0.8535,0.5641,-11.27013,-9.33635,-11.27013,-10.30324,-11.59757,-14.02401,-14.02401,-12.81079
good,104,72,3.7083,-0.8125,0.5839,-13.14002,-9.52529,-13.14002,-11.33266,-12.62502,-13.64205,-13.64205,-13.13354
good,104,82,3.8701,-0.8422,0.6598,-12.04344,-10.80145,-12.04344,-11.42245,-11.86554,-13.02593,-13.02593,-12.44573
good,104,92,4.0082,-0.8185,0.5931,-12.18801,-10.97347,-12.18801,-11.58074,-12.69612,-14.15444,-14.15444,-13.42528
good,104,102,4.1750,-0.8251,0.5915,-10.55308,-7.47605,-10.55308,-9.01456,-11.75654,-10.38219,-11.75654,-11.06936
good,104,112,4.3275,-0.7783,0.5909,-14.06947,-9.31524,-14.06947,-11.69236,-14.92501,-5.74304,-14.92501,-10.33403
good,104,122,4.4207,-0.7717,0.5614,-12.15744,-9.10814,-12.15744,-10.63279,-10.93758,-12.35237,-12.35237,-11.64498
good,104,132,4.6322,-0.8655,0.6421,-9.54990,-8.41415,-9.54990,-8.98203,-8.49862,-10.32108,-10.32108,-9.40985
good,104,142,4.8394,-0.8275,0.5500,-9.53532,-9.49787,-9.53532,-9.51660,-5.86637,-10.77411,-10.77411,-8.32024
good,104,152,5.4116,-0.9063,0.5179,-9.32990,-7.15582,-9.32990,-8.24286,-5.80588,-11.72371,-11.72371,-8.76479
good,104,231,5.0888,7.8719,0.5164,-13.64866,-11.87679,-13.64866,-12.76273,-9.99445,-11.69165,-11.69165,-10.84305
good,104,241,3.1343,8.4765,0.5138,-12.87370,-10.81090,-12.87370,-11.84230,-4.72213,-15.66099,-15.66099,-10.19156
good,105,24,2.2732,-1.0702,0.5388,-10.37824,-14.77237,-14.77237,-12.57531,-10.21497,-16.22148,-16.22148,-13.21823
good,105,34,3.1892,-0.8814,0.5894,-12.46076,-10.65563,-12.46076,-11.55819,-12.15652,-12.85203,-12.85203,-12.50428
good,105,44,3.4425,-0.8781,0.6992,-12.80543,-11.82246,-12.80543,-12.31395,-12.38216,-13.38528,-13.38528,-12.88372
good,105,54,3.5992,-0.8370,0.5483,-12.15856,-8.98100,-12.15856,-10.56978,-12.23220,-14.83834,-14.83834,-13.53527
good,105,64,3.7496,-0.8201,0.6044,-13.89906,-8.33009,-13.89906,-11.11458,-12.03746,-13.66393,-13.66393,-12.85070
good,105,74,3.9017,-0.7514,0.5364,-12.93246,-9.18674,-12.93246,-11.05960,-13.23362,-11.42870,-13.23362,-12.33116
good,105,84,4.0440,-0.8306,0.5842,-12.40368,-9.65726,-12.40368,-11.03047,-13.27249,-10.95186,-13.27249,-12.11217
good,105,94,4.2148,-0.7742,0.5928,-13.31506,-8.74622,-13.31506,-11.03064,-16.57644,-12.13717,-16.57644,-14.35681
good,105,104,4.3146,-0.7274,0.5561,-14.36009,-9.66046,-14.36009,-12.01027,-12.42087,-12.72292,-12.72292,-12.57189
good,105,114,4.4872,-0.7670,0.5314,-11.87472,-8.44884,-11.87472,-10.16178,-12.93418,-11.17564,-12.93418,-12.05490
good,105,124,4.6720,-0.8256,0.4697,-10.47898,-7.89628,-10.47898,-9.18763,-11.18476,-8.78021,-11.18476,-9.98248
good,105,134,5.5647,-0.9791,0.5362,-5.42948,-9.33669,-9.33669,-7.38309,-6.72944,-11.47533,-11.47533,-9.10239
good,105,220,3.7530,7.1248,0.5261,-18.66004,-18.27523,-18.66004,-18.46763,-19.09768,-21.14128,-21.14128,-20.11948
good,106,23,2.2622,-0.8466,0.5302,-7.75848,-7.77117,-7.77117,-7.76482,-8.67528,-10.48669,-10.48669,-9.58099
good,106,33,3.3774,-0.8803,0.5226,-6.52149,-6.68569,-6.68569,-6.60359,-8.77348,-11.77668,-11.77668,-10.27508
good,106,43,4.1622,-0.9403,0.5018,-6.25480,-5.86933,-6.25480,-6.06207,-7.97653,-9.36745,-9.36745,-8.67199
good,106,53,5.0824,-1.1471,0.5712,-2.95364,-8.45287,-8.45287,-5.70326,-8.45774,-10.30805,-10.30805,-9.38290
good,106,145,5.4369,8.0860,0.4283,-16.23021,-7.39939,-16.23021,-11.81480,-8.71298,-9.66215,-9.66215,-9.18756
good,106,155,3.7874,7.7948,0.4817,-15.52237,-12.36946,-15.52237,-13.94592,-12.31501,-11.93694,-12.31501,-12.12597
good,106,165,2.5895,7.5530,0.4459,-18.22656,-13.55739,-18.22656,-15.89198,-18.53206,-21.92793,-21.92793,-20.23000
good,108,23,2.2992,1.1140,0.5357,-13.69568,-18.41545,-18.41545,-16.05556,-10.77898,-24.13208,-24.13208,-17.45553
good,108,33,3.2386,1.0354,0.5254,-3.96424,-11.72931,-11.72931,-7.84677,-8.29137,-21.19785,-21.19785,-14.74461
good,108,43,3.8374,0.9611,0.5404,-6.27621,-11.94322,-11.94322,-9.10971,-9.49682,-18.91313,-18.91313,-14.20498
good,108,53,4.3034,1.0196,0.5681,-8.17181,-14.80482,-14.80482,-11.48832,-5.81425,-16.73151,-16.73151,-11.27288
good,108,63,4.8185,1.0869,0.5382,-4.66897,-14.41697,-14.41697,-9.54297,-6.20070,-22.65858,-22.65858,-14.42964
good,108,73,5.2943,0.9508,0.5112,-12.95570,-15.15926,-15.15926,-14.05748,-9.01798,-19.90006,-19.90006,-14.45902
good,108,169,5.5720,8.9509,0.5798,-2.98448,-7.82904,-7.82904,-5.40676,2.80692,-18.02926,-18.02926,-7.61117
good,108,179,4.4052,8.3844,0.5742,-12.55816,-10.69069,-12.55816,-11.62443,-11.67222,-16.54769,-16.54769,-14.10995
good,110,29,2.2403,0.1070,0.5242,-27.75963,-17.66350,-27.75963,-22.71156,-17.71322,-24.30219,-24.30219,-21.00770
good,110,39,2.4663,0.0316,0.5474,-24.91267,-20.70060,-24.91267,-22.80663,-17.31428,-26.92415,-26.92415,-22.11922
good,110,49,2.5522,-0.0049,0.5623,-24.58798,-20.09345,-24.58798,-22.34071,-19.56156,-28.68830,-28.68830,-24.12493
good,110,59,2.6070,0.0289,0.5925,-25.07718,-19.20348,-25.07718,-22.14033,-17.58612,-26.52180,-26.52180,-22.05396
good,110,69,2.6995,-0.0227,0.5508,-24.57579,-18.16657,-24.57579,-21.37118,-20.02946,-24.25301,-24.25301,-22.14123
good,110,79,2.7526,-0.0110,0.5981,-24.21484,-19.35480,-24.21484,-21.78482,-19.56649,-24.63296,-24.63296,-22.09973
good,110,89,2.8223,0.0098,0.4726,-25.51013,-18.15473,-25.51013,-21.83243,-19.95777,-26.14430,-26.14430,-23.05103
good,110,99,2.9042,0.0288,0.5560,-24.64577,-18.06330,-24.64577,-21.35454,-20.59391,-28.09376,-28.09376,-24.34384
good,110,109,2.9634,0.0254,0.7205,-26.39033,-20.57849,-26.39033,-23.48441,-20.22293,-24.71484,-24.71484,-22.46889
good,110,119,3.0083,-0.0006,0.5643,-26.44743,-17.47644,-26.44743,-21.96193,-19.14325,-25.82289,-25.82289,-22.48307
good,110,129,3.0636,0.0084,0.6056,-27.98638,-18.80001,-27.98638,-23.39320,-22.26906,-26.00693,-26.00693,-24.13799
good,110,139,3.1250,-0.0063,0.5551,-25.96582,-20.39367,-25.96582,-23.17975,-20.79607,-24.49759,-24.49759,-22.64683
good,110,149,3.1794,-0.0064,0.6326,-28.57331,-20.23300,-28.57331,-24.40316,-20.91143,-21.59429,-21.59429,-21.25286
good,110,159,3.2388,0.0417,0.5525,-27.62214,-17.57060,-27.62214,-22.59637,-24.34419,-26.05612,-26.05612,-25.20015
good,110,169,3.3055,0.0470,0.5727,-28.70079,-18.19531,-28.70079,-23.44805,-20.46583,-23.54469,-23.54469,-22.00526
good,110,179,3.3431,0.0943,0.5379,-29.81348,-18.50433,-29.81348,-24.15891,-24.26144,-25.29620,-25.29620,-24.77882
good,110,189,3.4099,0.0784,0.6090,-29.37835,-17.93815,-29.37835,-23.65825,-19.70541,-25.39304,-25.39304,-22.54922
good,110,199,3.4797,0.0266,0.5462,-30.04506,-18.71553,-30.04506,-24.38030,-29.62719,-24.50209,-29.62719,-27.06464
good,110,209,3.5079,0.0394,0.6072,-32.82832,-17.80152,-32.82832,-25.31491,-25.98929,-21.48657,-25.98929,-23.73793
good,110,219,3.5748,0.0174,0.5483,-27.62755,-18.22216,-27.62755,-22.92485,-23.18659,-18.85188,-23.18659,-21.01923
good,110,229,3.6262,-0.0135,0.6138,-30.42940,-19.92373,-30.42940,-25.17656,-22.79418,-19.56313,-22.79418,-21.17866
good,110,239,3.7058,0.0308,0.5569,-33.15132,-19.00233,-33.15132,-26.07682,-27.42971,-23.87986,-27.42971,-25.65479
good,110,249,3.7602,0.0373,0.5736,-33.66095,-20.78217,-33.66095,-27.22156,-23.94149,-19.08672,-23.94149,-21.51410
good,110,259,3.8213,0.0881,0.5975,-33.39870,-19.15046,-33.39870,-26.27458,-26.85631,-24.28588,-26.85631,-25.57110
good,110,269,3.8530,0.1162,0.4992,-31.64712,-18.31118,-31.64712,-24.97915,-20.52869,-20.36975,-20.52869,-20.44921
good,110,279,3.9281,0.0697,0.6210,-35.57084,-21.01884,-35.57084,-28.29484,-24.51710,-21.98609,-24.51710,-23.25159
good,110,289,3.9752,0.0073,0.6319,-33.19984,-20.76790,-33.19984,-26.98387,-23.63944,-18.52604,-23.63944,-21.08274
good,110,299,4.0360,-0.0100,0.5398,-33.75997,-19.55916,-33.75997,-26.65956,-24.41683,-19.54905,-24.41683,-21.98294
good,110,309,4.1253,-0.0340,0.6070,-36.82535,-19.40035,-36.82535,-28.11285,-29.26629,-16.23596,-29.26629,-22.75112
good,110,319,4.2069,-0.0167,0.4644,-37.75796,-22.60659,-37.75796,-30.18228,-27.89276,-14.50209,-27.89276,-21.19742
good,110,329,4.2693,-0.0274,0.5465,-37.81356,-22.53855,-37.81356,-30.17606,-26.58654,-15.16666,-26.58654,-20.87660
good,110,339,4.3411,-0.0345,0.4983,-40.27644,-22.47325,-40.27644,-31.37484,-25.67340,-17.92108,-25.67340,-21.79724
good,110,349,4.3943,-0.0443,0.5922,-40.37091,-22.66166,-40.37091,-31.51629,-26.89913,-14.84035,-26.89913,-20.86974
good,110,359,4.4649,-0.0362,0.5620,-39.69520,-22.40866,-39.69520,-31.05193,-24.84413,-13.12458,-24.84413,-18.98436
good,110,369,4.5302,-0.0230,0.4940,-41.91384,-22.78277,-41.91384,-32.34830,-28.08917,-15.29352,-28.08917,-21.69135
good,110,379,4.6053,0.0026,0.5654,-43.13216,-20.53010,-43.13216,-31.83113,-30.66277,-17.87021,-30.66277,-24.26649
good,110,389,4.6435,0.0193,0.5679,-37.27625,-20.89865,-37.27625,-29.08745,-26.25922,-15.64045,-26.25922,-20.94983
good,110,399,4.7282,0.0066,0.5568,-41.99593,-24.74407,-41.99593,-33.37000,-27.09620,-15.87420,-27.09620,-21.48520
good,110,409,4.7685,-0.0368,0.7148,-45.62333,-25.09918,-45.62333,-35.36126,-33.23178,-15.31129,-33.23178,-24.27153
good,110,419,4.8280,-0.0899,0.5627,-40.73182,-23.95108,-40.73182,-32.34145,-31.47856,-15.14615,-31.47856,-23.31235
good,110,429,4.8231,-0.0973,0.5914,-41.66584,-23.11881,-41.66584,-32.39232,-27.26089,-14.56374,-27.26089,-20.91232
good,110,439,4.8993,-0.1161,0.6967,-43.11274,-24.22745,-43.11274,-33.67009,-28.93484,-12.33087,-28.93484,-20.63285
good,110,449,5.0224,-0.1102,0.5435,-43.05825,-22.36730,-43.05825,-32.71277,-32.38308,-15.24997,-32.38308,-23.81652
good,110,459,5.0936,-0.1233,0.6008,-42.97895,-22.77200,-42.97895,-32.87547,-27.39798,-8.87199,-27.39798,-18.13498
good,110,469,5.1533,-0.0595,0.5712,-41.89080,-21.67771,-41.89080,-31.78426,-19.60267,-14.54087,-19.60267,-17.07177
good,110,479,5.2257,-0.0490,0.5167,-42.94447,-20.81423,-42.94447,-31.87935,-19.45774,-12.09146,-19.45774,-15.77460
good,110,489,5.2910,-0.0475,0.6335,-42.73416,-20.55536,-42.73416,-31.64476,-18.40688,-12.81098,-18.40688,-15.60892
good,110,499,5.3597,-0.0397,0.5061,-36.97886,-20.02469,-36.97886,-28.50178,-18.01095,-11.75091,-18.01095,-14.88093
good,110,509,5.4394,-0.0226,0.5718,-42.51811,-20.35185,-42.51811,-31.43498,-20.58196,-17.76738,-20.58196,-19.17467
good,110,519,5.5188,-0.0526,0.5601,-42.13535,-22.58207,-42.13535,-32.35871,-15.92364,-14.40518,-15.92364,-15.16441
good,110,529,5.5818,-0.0363,0.6346,-40.54021,-18.71639,-40.54021,-29.62830,-16.56022,-13.47267,-16.56022,-15.01644
good,110,624,5.2439,7.9918,0.4392,-12.78791,-8.77045,-12.78791,-10.77918,-11.07915,-8.85104,-11.07915,-9.96509
good,110,634,3.6040,8.2716,0.6597,-7.81296,-6.25093,-7.81296,-7.03195,-7.17154,-1.98490,-7.17154,-4.57822
good,111,19,2.2027,0.6868,0.4748,-14.01799,-13.79139,-14.01799,-13.90469,-14.07693,-15.49497,-15.49497,-14.78595
good,111,29,2.5933,0.7504,0.6362,-13.82738,-14.97121,-14.97121,-14.39929,-15.13372,-23.11949,-23.11949,-19.12660
good,111,39,2.7335,0.7530,0.5287,-16.88605,-10.33324,-16.88605,-13.60964,-19.40731,-26.82094,-26.82094,-23.11412
good,111,49,2.8257,0.7705,0.5395,-15.49024,-14.80011,-15.49024,-15.14517,-15.72751,-22.66273,-22.66273,-19.19512
good,111,59,2.9564,0.7651,0.4991,-16.46596,-12.96011,-16.46596,-14.71303,-16.01703,-23.62998,-23.62998,-19.82351
good,111,69,3.0839,0.6618,0.5302,-17.38104,-13.73015,-17.38104,-15.55560,-16.60505,-24.77221,-24.77221,-20.68863
good,111,79,3.1733,0.6906,0.5843,-18.26871,-13.77384,-18.26871,-16.02127,-18.03580,-20.74314,-20.74314,-19.38947
good,111,89,3.2581,0.6665,0.4936,-16.99213,-14.11509,-16.99213,-15.55361,-17.31470,-23.73625,-23.73625,-20.52547
good,111,99,3.3562,0.6843,0.5693,-18.43465,-11.81477,-18.43465,-15.12471,-17.78011,-18.95663,-18.95663,-18.36837
good,111,109,3.4322,0.6561,0.5069,-15.97051,-13.97594,-15.97051,-14.97323,-18.54375,-22.25130,-22.25130,-20.39753
good,111,119,3.5305,0.6415,0.6473,-18.46655,-14.61485,-18.46655,-16.54070,-19.15865,-21.77160,-21.77160,-20.46512
good,111,129,3.6201,0.6413,0.4575,-21.76015,-12.52295,-21.76015,-17.14155,-19.25655,-20.72927,-20.72927,-19.99290
good,111,139,3.7274,0.6344,0.5721,-20.47658,-13.77200,-20.47658,-17.12429,-19.77954,-20.03174,-20.03174,-19.90564
good,111,149,3.8362,0.6424,0.5723,-21.86981,-14.13938,-21.86981,-18.00459,-22.77550,-24.95187,-24.95187,-23.86369
good,111,159,3.8798,0.6810,0.5683,-19.87334,-9.50684,-19.87334,-14.69009,-28.59137,-22.56009,-28.59137,-25.57573
good,111,169,3.9494,0.7343,0.5092,-16.62752,-12.97335,-16.62752,-14.80043,-24.99640,-18.46187,-24.99640,-21.72913
good,111,179,4.0670,0.8053,0.5595,-15.90183,-15.33910,-15.90183,-15.62047,-15.64433,-17.08497,-17.08497,-16.36465
good,111,189,4.2797,0.8242,0.6327,-8.70755,-14.26786,-14.26786,-11.48770,-14.63471,-14.54675,-14.63471,-14.59073
good,111,199,4.5455,0.9338,0.5672,-14.38019,-10.76927,-14.38019,-12.57473,-15.38330,-20.47299,-20.47299,-17.92814
good,111,209,4.6216,0.9353,0.5282,-12.33064,-13.89114,-13.89114,-13.11089,-18.48576,-18.31455,-18.48576,-18.40015
good,111,219,5.4636,1.0201,0.6192,-7.32656,-13.17513,-13.17513,-10.25084,-9.26830,-14.26843,-14.26843,-11.76836
good,111,306,4.5090,8.4154,0.7225,-21.26447,-9.80478,-21.26447,-15.53462,-21.31226,-21.90298,-21.90298,-21.60762
good,111,316,2.7596,7.9897,0.3801,-18.00077,-14.18856,-18.00077,-16.09466,-26.83572,-26.74941,-26.83572,-26.79257
good,112,28,2.2831,0.1843,0.5731,-23.24887,-19.86449,-23.24887,-21.55668,-18.23799,-25.08679,-25.08679,-21.66239
good,112,38,2.4888,0.0933,0.6183,-25.90844,-18.54720,-25.90844,-22.22782,-19.56631,-31.15222,-31.15222,-25.35926
good,112,48,2.5726,0.1010,0.5542,-23.08070,-18.61232,-23.08070,-20.84651,-18.70873,-31.89783,-31.89783,-25.30328
good,112,58,2.6388,0.0609,0.5959,-24.93720,-19.18752,-24.93720,-22.06236,-18.06858,-28.16545,-28.16545,-23.11701
good,112,68,2.7064,0.0677,0.5323,-26.90056,-18.01302,-26.90056,-22.45679,-19.72072,-29.97555,-29.97555,-24.84813
good,112,78,2.7598,0.0442,0.6417,-24.83417,-19.74270,-24.83417,-22.28843,-18.74088,-28.94235,-28.94235,-23.84162
good,112,88,2.8359,0.0257,0.6266,-25.81761,-19.11742,-25.81761,-22.46751,-20.86647,-26.42626,-26.42626,-23.64637
good,112,98,2.9052,0.0176,0.5930,-24.08428,-19.02353,-24.08428,-21.55391,-20.83262,-24.51754,-24.51754,-22.67508
good,112,108,2.9755,0.0567,0.5694,-25.09360,-18.36962,-25.09360,-21.73161,-18.25849,-23.76320,-23.76320,-21.01085
good,112,118,3.0705,-0.0068,0.5025,-24.98110,-19.70469,-24.98110,-22.34290,-20.75569,-27.44738,-27.44738,-24.10154
good,112,128,3.1452,0.0417,0.6040,-29.29639,-18.22772,-29.29639,-23.76205,-22.23055,-28.97806,-28.97806,-25.60431
good,112,138,3.2070,0.0209,0.8449,-26.99716,-18.59001,-26.99716,-22.79358,-20.23110,-23.06342,-23.06342,-21.64726
good,112,148,3.2604,0.0368,0.6326,-27.08117,-16.99474,-27.08117,-22.03796,-20.80699,-27.21449,-27.21449,-24.01074
good,112,158,3.2981,0.0104,0.5755,-25.35860,-17.40643,-25.35860,-21.38251,-19.96085,-22.58325,-22.58325,-21.27205
good,112,168,3.3391,0.0186,0.6436,-27.84951,-19.70721,-27.84951,-23.77836,-21.66117,-21.88468,-21.88468,-21.77292
good,112,178,3.3637,-0.0228,0.5597,-26.31145,-17.77482,-26.31145,-22.04313,-21.25431,-22.25160,-22.25160,-21.75296
good,112,188,3.4195,0.0246,0.5427,-27.07273,-18.35718,-27.07273,-22.71495,-20.56885,-19.42619,-20.56885,-19.99752
good,112,198,3.4814,0.0340,0.5546,-28.89672,-18.78419,-28.89672,-23.84046,-22.08911,-21.86628,-22.08911,-21.97770
good,112,208,3.5438,0.0555,0.5435,-31.61104,-17.57982,-31.61104,-24.59543,-23.33428,-21.88381,-23.33428,-22.60904
good,112,218,3.6054,0.1033,0.5886,-30.82201,-17.98289,-30.82201,-24.40245,-24.52690,-21.85062,-24.52690,-23.18876
good,112,228,3.6747,0.1011,0.5575,-33.51949,-19.37338,-33.51949,-26.44643,-23.72692,-21.53916,-23.72692,-22.63304
good,112,238,3.7299,0.1014,0.5121,-30.21127,-17.88035,-30.21127,-24.04581,-17.79843,-23.64055,-23.64055,-20.71949
good,112,248,3.8131,0.0598,0.6711,-26.37562,-18.09094,-26.37562,-22.23328,-22.39627,-19.92695,-22.39627,-21.16161
good,112,258,3.9067,0.0217,0.5567,-30.55365,-20.74147,-30.55365,-25.64756,-24.94439,-17.26509,-24.94439,-21.10474
good,112,268,3.9423,0.0215,0.5469,-33.80128,-20.41600,-33.80128,-27.10864,-23.93793,-17.72379,-23.93793,-20.83086
good,112,278,4.0209,0.0241,0.5936,-36.58285,-21.10948,-36.58285,-28.84616,-24.53996,-16.91880,-24.53996,-20.72938
good,112,288,4.1046,0.0406,0.5688,-33.11074,-20.12611,-33.11074,-26.61843,-24.26799,-18.11761,-24.26799,-21.19280
good,112,298,4.1686,0.0108,0.6368,-38.56782,-20.04237,-38.56782,-29.30509,-23.39664,-15.30231,-23.39664,-19.34948
good,112,308,4.2221,0.0319,0.4697,-36.80245,-19.38409,-36.80245,-28.09327,-23.10352,-19.68353,-23.10352,-21.39352
good,112,318,4.3108,0.0282,0.6010,-37.98984,-22.60810,-37.98984,-30.29897,-26.38111,-19.80867,-26.38111,-23.09489
good,112,328,4.3557,0.0266,0.6337,-39.67164,-22.34739,-39.67164,-31.00952,-25.93295,-15.40111,-25.93295,-20.66703
good,112,338,4.4369,0.0156,0.5833,-38.99698,-21.13002,-38.99698,-30.06350,-23.88604,-17.85739,-23.88604,-20.87172
good,112,348,4.5001,0.0211,0.6128,-40.23704,-23.73890,-40.23704,-31.98797,-25.76757,-15.18344,-25.76757,-20.47550
good,112,358,4.5491,0.0328,0.5887,-43.78479,-24.09165,-43.78479,-33.93822,-26.85337,-11.69792,-26.85337,-19.27564
good,112,368,4.6179,0.0845,0.6613,-44.38639,-26.79034,-44.38639,-35.58836,-24.00345,-14.76961,-24.00345,-19.38653
good,112,378,4.6990,0.0912,0.5911,-45.59206,-26.11537,-45.59206,-35.85371,-24.05453,-14.52624,-24.05453,-19.29038
good,112,388,4.7729,0.1366,0.5403,-43.57954,-23.59604,-43.57954,-33.58780,-23.64586,-15.57844,-23.64586,-19.61215
good,112,398,4.8087,0.1164,0.5482,-44.18247,-23.75645,-44.18247,-33.96946,-21.29767,-14.75122,-21.29767,-18.02445
good,112,408,4.8624,0.0730,0.5789,-41.66453,-23.59514,-41.66453,-32.62983,-21.94945,-16.23470,-21.94945,-19.09207
good,112,418,4.9085,0.0164,0.6544,-41.93102,-23.63167,-41.93102,-32.78134,-25.93472,-14.06949,-25.93472,-20.00210
good,112,428,4.9917,0.0073,0.6121,-41.43858,-23.06242,-41.43858,-32.25050,-23.58194,-15.03184,-23.58194,-19.30689
good,112,438,5.0594,0.0149,0.5557,-41.90186,-21.24115,-41.90186,-31.57151,-19.11041,-14.24380,-19.11041,-16.67711
good,112,448,5.1197,0.0114,0.5806,-44.75246,-21.99760,-44.75246,-33.37503,-22.52543,-13.91187,-22.52543,-18.21865
good,112,458,5.1874,0.0146,0.5647,-45.21930,-22.37744,-45.21930,-33.79837,-18.75280,-15.14577,-18.75280,-16.94929
good,112,468,5.2591,0.0587,0.5811,-40.00357,-21.62159,-40.00357,-30.81258,-16.99910,-17.68563,-17.68563,-17.34237
good,112,478,5.3067,0.0835,0.5783,-41.18530,-19.53062,-41.18530,-30.35796,-18.74367,-17.96331,-18.74367,-18.35349
good,112,488,5.3896,0.0864,0.5280,-44.68701,-25.86250,-44.68701,-35.27475,-15.20731,-17.54656,-17.54656,-16.37693
good,112,498,5.4574,0.0860,0.5469,-42.03061,-21.20642,-42.03061,-31.61852,-13.44868,-14.00729,-14.00729,-13.72798
good,112,508,5.4987,0.0412,0.5269,-39.22496,-24.08632,-39.22496,-31.65564,-21.17211,-9.39294,-21.17211,-15.28253
good,112,518,5.5392,0.0397,0.5853,-41.60268,-20.70006,-41.60268,-31.15137,-16.96377,-10.55425,-16.96377,-13.75901
good,112,528,5.5596,0.0135,0.6294,-43.30309,-22.54125,-43.30309,-32.92217,-20.97137,-8.72680,-20.97137,-14.84909
good,112,611,5.5804,8.4145,0.5034,-11.07192,-12.13612,-12.13612,-11.60402,-16.93407,-8.59728,-16.93407,-12.76568
good,112,621,4.5438,8.2462,0.4313,-11.10080,-9.78597,-11.10080,-10.44338,-12.71613,-12.76916,-12.76916,-12.74264
good,112,631,3.0704,7.8312,0.5361,-8.36185,-11.95495,-11.95495,-10.15840,-6.76129,1.45468,-6.76129,-2.65330
good,113,26,2.2507,1.2305,0.4949,-9.04969,-15.05160,-15.05160,-12.05064,-8.76892,-20.74974,-20.74974,-14.75933
good,113,36,3.1140,1.0271,0.5587,-8.53668,-14.25257,-14.25257,-11.39463,-8.97768,-18.78264,-18.78264,-13.88016
good,113,46,3.6546,0.9140,0.5876,-11.75244,-15.28459,-15.28459,-13.51851,-11.55600,-21.12715,-21.12715,-16.34158
good,113,56,3.8806,0.8654,0.5538,-17.13384,-18.36455,-18.36455,-17.74920,-8.32423,-25.50138,-25.50138,-16.91280
good,113,66,4.0234,0.7620,0.5451,-19.70301,-21.23032,-21.23032,-20.46666,-18.50151,-21.50911,-21.50911,-20.00531
good,113,76,4.1277,0.7467,0.4899,-11.17999,-16.77931,-16.77931,-13.97965,-12.04131,-19.70785,-19.70785,-15.87458
good,113,86,4.2429,0.6972,0.6436,-22.91224,-16.77610,-22.91224,-19.84417,-18.11684,-20.38009,-20.38009,-19.24847
good,113,96,4.3827,0.6641,0.6494,-27.90099,-19.23011,-27.90099,-23.56555,-15.42164,-21.03145,-21.03145,-18.22655
good,113,106,4.4898,0.6678,0.5514,-30.24884,-18.53193,-30.24884,-24.39038,-19.12925,-25.68497,-25.68497,-22.40711
good,113,116,4.5757,0.6572,0.4838,-29.54703,-17.96972,-29.54703,-23.75837,-15.76372,-21.81417,-21.81417,-18.78894
good,113,126,4.6233,0.6620,0.5227,-29.33459,-18.55077,-29.33459,-23.94268,-19.64082,-23.13022,-23.13022,-21.38552
good,113,136,4.7265,0.6500,0.4735,-30.96474,-18.99667,-30.96474,-24.98071,-14.75008,-22.65251,-22.65251,-18.70130
good,113,146,4.7875,0.6217,0.6220,-27.95242,-19.87480,-27.95242,-23.91361,-12.07192,-20.11364,-20.11364,-16.09278
good,113,156,4.8598,0.6064,0.5802,-28.42407,-21.30412,-28.42407,-24.86409,-14.53028,-19.64261,-19.64261,-17.08644
good,113,166,4.9545,0.6854,0.5448,-28.03629,-17.46642,-28.03629,-22.75135,-16.04616,-21.86308,-21.86308,-18.95462
good,113,176,5.0797,0.6679,0.5719,-28.38551,-19.17244,-28.38551,-23.77898,-13.24295,-19.64524,-19.64524,-16.44409
good,113,186,5.1862,0.6988,0.4648,-22.72477,-19.03014,-22.72477,-20.87745,-20.25047,-17.93150,-20.25047,-19.09099
good,113,196,5.3109,0.7551,0.5988,-23.01043,-17.26701,-23.01043,-20.13872,-9.77678,-21.23278,-21.23278,-15.50478
good,113,206,5.4801,0.8154,0.5372,-19.39101,-16.69777,-19.39101,-18.04439,-11.00932,-21.38796,-21.38796,-16.19864
good,113,292,5.3496,7.7659,0.5208,-11.43260,-10.19821,-11.43260,-10.81540,-12.96537,-9.11881,-12.96537,-11.04209
good,113,302,3.9706,8.1719,0.6640,-11.72899,-8.35706,-11.72899,-10.04303,-11.66645,-8.02005,-11.66645,-9.84325
good,113,312,2.4467,8.5272,0.5057,-14.44664,-4.17073,-14.44664,-9.30869,-13.82185,-13.82597,-13.82597,-13.82391
good,115,25,2.2095,1.2400,0.5186,-7.02003,-15.00602,-15.00602,-11.01303,-7.24716,-19.83828,-19.83828,-13.54272
good,115,35,3.2598,1.1616,0.4975,-6.88178,-16.20436,-16.20436,-11.54307,-9.67149,-17.74140,-17.74140,-13.70644
good,115,45,3.9217,1.0131,0.5167,-5.98988,-13.56438,-13.56438,-9.77713,-8.75625,-18.54289,-18.54289,-13.64957
good,115,55,4.3901,0.9470,0.5227,-6.88832,-12.19373,-12.19373,-9.54103,-10.24838,-19.57299,-19.57299,-14.91068
good,115,65,4.9049,1.0457,0.5790,-5.09369,-13.40422,-13.40422,-9.24895,-4.01215,-10.70416,-10.70416,-7.35816
good,115,75,5.6210,0.9963,0.5768,-7.31610,-14.09555,-14.09555,-10.70582,-12.00380,-17.01055,-17.01055,-14.50718
good,115,156,3.8013,7.1375,0.6637,-9.72286,-15.42336,-15.42336,-12.57311,-22.09997,-17.49319,-22.09997,-19.79658
good,117,21,2.2591,-1.1459,0.5032,-9.95254,-9.27452,-9.95254,-9.61353,-7.25809,-12.92103,-12.92103,-10.08956
good,117,31,2.9625,-1.1205,0.4657,-8.05188,-9.09764,-9.09764,-8.57476,-10.47737,-16.73485,-16.73485,-13.60611
good,117,41,3.9135,-1.2181,0.5279,-9.17756,-11.55658,-11.55658,-10.36707,-11.11909,-13.12505,-13.12505,-12.12207
good,117,51,4.4035,-0.9106,0.4798,-11.37866,-9.09204,-11.37866,-10.23535,-12.29645,-14.19978,-14.19978,-13.24812
good,117,61,4.6332,-0.8244,0.5872,-12.41350,-7.93761,-12.41350,-10.17556,-12.50586,-9.64626,-12.50586,-11.07606
good,117,71,4.8964,-0.7892,0.6015,-11.36187,-9.36315,-11.36187,-10.36251,-12.80231,-12.89992,-12.89992,-12.85112
good,117,81,5.0434,-0.8159,0.5716,-11.34632,-8.03367,-11.34632,-9.69000,-16.23787,-12.05710,-16.23787,-14.14749
good,117,91,5.2142,-0.8250,0.6175,-12.90074,-9.70790,-12.90074,-11.30432,-10.60105,-10.51287,-10.60105,-10.55696
good,117,101,5.3615,-0.8166,0.6970,-14.90214,-8.91958,-14.90214,-11.91086,-10.96829,-10.81925,-10.96829,-10.89377
good,117,111,5.4570,-0.7758,0.5520,-15.53073,-9.29473,-15.53073,-12.41273,-11.10566,-14.74607,-14.74607,-12.92587
good,117,121,5.5012,-0.7501,0.5724,-13.96607,-6.72527,-13.96607,-10.34567,-11.55732,-13.46711,-13.46711,-12.51221
good,117,131,5.6376,-0.7004,0.5951,-16.15564,-10.46794,-16.15564,-13.31179,-13.56894,-11.14097,-13.56894,-12.35496
good,117,220,4.4497,8.7345,0.5038,-9.98298,-10.82800,-10.82800,-10.40549,-10.77200,-11.56173,-11.56173,-11.16686
good,117,230,2.7775,8.7493,0.6955,-15.15982,-3.30814,-15.15982,-9.23398,-17.46083,-9.20887,-17.46083,-13.33485
good,120,26,2.2008,-1.0134,0.5458,-5.23666,-12.32665,-12.32665,-8.78166,-10.41395,-14.43273,-14.43273,-12.42334
good,120,36,3.3250,-0.9131,0.5301,-7.40150,-8.90435,-8.90435,-8.15292,-9.32608,-13.67705,-13.67705,-11.50157
good,120,46,4.1384,-1.0205,0.5502,-2.55593,-8.31758,-8.31758,-5.43675,-8.23977,-14.20428,-14.20428,-11.22203
good,120,56,5.2161,-1.0713,0.5653,-5.12395,-10.52040,-10.52040,-7.82218,-10.46581,-15.76471,-15.76471,-13.11526
good,120,144,5.0893,8.1322,0.5815,-9.97678,-16.46757,-16.46757,-13.22217,-13.35480,-16.81253,-16.81253,-15.08367
good,120,154,3.5752,8.2951,0.5124,-14.68063,-13.51835,-14.68063,-14.09949,-16.76148,-11.58103,-16.76148,-14.17126
good,120,415,2.3784,8.7946,0.4970,-8.95461,-4.99623,-8.95461,-6.97542,-18.58115,-29.12231,-29.12231,-23.85173
good,122,28,2.2683,0.1175,0.5501,-28.41376,-18.78999,-28.41376,-23.60188,-20.12477,-26.45028,-26.45028,-23.28752
good,122,38,2.4764,0.0595,0.5894,-26.23178,-20.55834,-26.23178,-23.39506,-20.22469,-30.70354,-30.70354,-25.46412
good,122,48,2.5571,0.0542,0.5640,-24.45212,-21.27611,-24.45212,-22.86412,-19.73031,-26.73756,-26.73756,-23.23394
good,122,58,2.6281,0.0368,0.4955,-25.58394,-20.07641,-25.58394,-22.83018,-19.09320,-30.48720,-30.48720,-24.79020
good,122,68,2.7124,0.0147,0.6791,-25.68107,-21.43475,-25.68107,-23.55791,-22.45296,-28.44512,-28.44512,-25.44904
good,122,78,2.7888,-0.0184,0.5709,-26.42974,-20.58375,-26.42974,-23.50674,-20.06503,-26.48203,-26.48203,-23.27353
good,122,88,2.8771,0.0122,0.5598,-25.73530,-20.00520,-25.73530,-22.87025,-21.16604,-28.54927,-28.54927,-24.85766
good,122,98,2.9500,-0.0042,0.5228,-24.54697,-19.36020,-24.54697,-21.95358,-22.05082,-24.63351,-24.63351,-23.34216
good,122,108,2.9937,0.0270,0.5307,-25.42218,-18.42800,-25.42218,-21.92509,-20.95151,-24.98556,-24.98556,-22.96854
good,122,118,3.0483,-0.0001,0.5616,-27.26689,-18.64891,-27.26689,-22.95790,-25.58126,-26.38151,-26.38151,-25.98139
good,122,128,3.1077,-0.0060,0.4521,-21.53217,-19.53088,-21.53217,-20.53153,-25.40079,-22.28126,-25.40079,-23.84103
good,122,138,3.1811,-0.0099,0.5783,-27.84393,-17.83628,-27.84393,-22.84011,-22.88172,-26.61036,-26.61036,-24.74604
good,122,148,3.2422,0.0021,0.5570,-27.08013,-19.00850,-27.08013,-23.04432,-21.95835,-21.95412,-21.95835,-21.95623
good,122,158,3.3032,0.0058,0.5584,-26.60764,-19.13036,-26.60764,-22.86900,-22.11439,-23.50879,-23.50879,-22.81159
good,122,168,3.3538,0.0436,0.5480,-28.19977,-19.13530,-28.19977,-23.66754,-25.21610,-23.25987,-25.21610,-24.23799
good,122,178,3.4181,0.0932,0.5285,-31.27540,-17.88969,-31.27540,-24.58255,-24.72699,-22.51164,-24.72699,-23.61931
good,122,188,3.5001,0.0607,0.4806,-27.95224,-18.60125,-27.95224,-23.27674,-19.25889,-21.83177,-21.83177,-20.54533
good,122,198,3.5713,0.0426,0.5762,-31.14910,-20.08032,-31.14910,-25.61471,-21.98373,-26.64116,-26.64116,-24.31244
good,122,208,3.6392,0.0566,0.5396,-32.42096,-18.31194,-32.42096,-25.36645,-24.37619,-21.53890,-24.37619,-22.95754
good,122,218,3.7038,0.0476,0.7083,-32.91194,-19.41467,-32.91194,-26.16330,-25.93348,-20.06564,-25.93348,-22.99956
good,122,228,3.7786,0.0605,0.4406,-33.96374,-20.32387,-33.96374,-27.14381,-24.99667,-20.40761,-24.99667,-22.70214
good,122,238,3.8499,0.0624,0.5766,-36.08761,-19.39217,-36.08761,-27.73989,-26.37423,-18.24908,-26.37423,-22.31166
good,122,248,3.9247,0.0830,0.5894,-35.34452,-20.14612,-35.34452,-27.74532,-24.17598,-19.80225,-24.17598,-21.98912
good,122,258,3.9965,0.0497,0.6173,-36.88209,-22.04677,-36.88209,-29.46443,-29.04816,-19.08710,-29.04816,-24.06763
good,122,268,4.0642,0.0311,0.6987,-38.58372,-21.07555,-38.58372,-29.82964,-29.08490,-17.52809,-29.08490,-23.30650
good,122,278,4.1319,0.0085,0.5971,-39.61621,-21.70033,-39.61621,-30.65827,-29.86573,-17.90415,-29.86573,-23.88494
good,122,288,4.1932,0.0145,0.4781,-36.98411,-23.67786,-36.98411,-30.33099,-28.16967,-17.87800,-28.16967,-23.02383
good,122,298,4.2638,-0.0010,0.5865,-41.39989,-20.45328,-41.39989,-30.92659,-28.12856,-15.77253,-28.12856,-21.95055
good,122,308,4.3396,0.0095,0.5604,-36.11974,-22.92269,-36.11974,-29.52122,-27.11508,-14.49069,-27.11508,-20.80289
good,122,318,4.4090,0.0276,0.5383,-41.79219,-21.67924,-41.79219,-31.73572,-30.12655,-16.70267,-30.12655,-23.41461
good,122,328,4.4720,0.0173,0.5637,-42.29271,-21.83217,-42.29271,-32.06244,-28.38475,-12.45687,-28.38475,-20.42081
good,122,338,4.5198,-0.0085,0.5716,-41.38903,-22.13199,-41.38903,-31.76051,-27.67939,-13.92653,-27.67939,-20.80296
good,122,348,4.5478,-0.0273,0.5762,-39.34041,-23.26095,-39.34041,-31.30068,-26.07138,-13.52771,-26.07138,-19.79955
good,122,358,4.6211,-0.0772,0.5759,-41.82936,-23.44976,-41.82936,-32.63956,-30.04524,-12.53890,-30.04524,-21.29207
good,122,368,4.6726,-0.1017,0.6149,-44.33033,-23.46729,-44.33033,-33.89881,-28.61954,-15.18241,-28.61954,-21.90097
good,122,378,4.7453,-0.0554,0.5018,-40.61113,-21.38497,-40.61113,-30.99805,-21.92472,-15.62845,-21.92472,-18.77658
good,122,388,4.7918,0.0085,0.5927,-40.81541,-22.56901,-40.81541,-31.69221,-26.42560,-16.54820,-26.42560,-21.48690
good,122,398,4.8616,0.0133,0.5716,-42.73355,-21.78336,-42.73355,-32.25845,-24.90358,-13.45191,-24.90358,-19.17774
good,122,408,4.9450,0.0186,0.6489,-46.57518,-25.69535,-46.57518,-36.13527,-24.01152,-11.92656,-24.01152,-17.96904
good,122,418,5.0064,-0.0028,0.5222,-43.47121,-22.07463,-43.47121,-32.77292,-23.87106,-14.17078,-23.87106,-19.02092
good,122,428,5.0806,0.0062,0.6054,-44.73336,-23.66271,-44.73336,-34.19804,-19.51232,-14.17666,-19.51232,-16.84449
good,122,438,5.1434,0.0119,0.5328,-41.35590,-20.63675,-41.35590,-30.99633,-17.05171,-11.15336,-17.05171,-14.10254
good,122,448,5.2204,0.0238,0.6001,-45.40854,-21.64565,-45.40854,-33.52710,-21.47746,-12.47306,-21.47746,-16.97526
good,122,458,5.3095,-0.0015,0.5742,-47.31196,-20.94621,-47.31196,-34.12909,-21.19041,-14.11593,-21.19041,-17.65317
good,122,468,5.3689,-0.0003,0.6694,-47.44310,-22.92457,-47.44310,-35.18384,-18.81598,-12.92983,-18.81598,-15.87291
good,122,478,5.4287,0.0095,0.4772,-43.80787,-21.90954,-43.80787,-32.85870,-20.80457,-14.18211,-20.80457,-17.49334
good,122,488,5.4897,0.0094,0.5352,-44.96786,-23.54435,-44.96786,-34.25610,-16.70915,-11.69950,-16.70915,-14.20432
good,122,498,5.5335,-0.0172,0.6015,-41.84788,-21.46017,-41.84788,-31.65402,-19.47487,-11.67179,-19.47487,-15.57333
good,122,508,5.6001,-0.0423,0.5738,-39.60885,-21.02826,-39.60885,-30.31855,-20.01145,-11.18213,-20.01145,-15.59679
good,122,610,5.4028,9.1105,0.6333,-9.15725,-2.09594,-9.15725,-5.62660,-1.50296,-9.15795,-9.15795,-5.33046
good,122,620,4.2007,9.1233,0.6518,-3.07124,-4.70596,-4.70596,-3.88860,-6.26246,-9.53073,-9.53073,-7.89659
good,122,630,3.8695,8.9394,0.5958,3.10378,-4.19678,-4.19678,-0.54650,-10.50635,-12.56204,-12.56204,-11.53419
good,122,640,3.0836,8.9769,0.5906,-12.77785,-4.29932,-12.77785,-8.53858,-10.91592,-15.99402,-15.99402,-13.45497
good,123,28,2.2714,-0.0799,0.5162,-26.78585,-21.83422,-26.78585,-24.31004,-18.07278,-24.54198,-24.54198,-21.30738
good,123,38,2.4658,-0.0291,0.5999,-25.68189,-20.87720,-25.68189,-23.27954,-18.16980,-25.27346,-25.27346,-21.72163
good,123,48,2.5175,-0.0180,0.5079,-23.99967,-22.47043,-23.99967,-23.23505,-18.97586,-26.80645,-26.80645,-22.89116
good,123,58,2.5693,0.0007,0.6098,-25.34078,-20.90676,-25.34078,-23.12377,-18.14937,-29.27721,-29.27721,-23.71329
good,123,68,2.6439,0.0172,0.5496,-23.61396,-19.99834,-23.61396,-21.80615,-18.45233,-27.26084,-27.26084,-22.85659
good,123,78,2.7113,-0.0230,0.6557,-22.48935,-21.55029,-22.48935,-22.01982,-18.35080,-27.62425,-27.62425,-22.98753
good,123,88,2.7525,-0.0126,0.6444,-23.25444,-16.05336,-23.25444,-19.65390,-19.51169,-27.23383,-27.23383,-23.37276
good,123,98,2.8505,-0.0569,0.4789,-25.05524,-20.90424,-25.05524,-22.97974,-19.79201,-24.37996,-24.37996,-22.08599
good,123,108,2.8952,-0.0565,0.6011,-24.75212,-19.52014,-24.75212,-22.13614,-19.43241,-25.59534,-25.59534,-22.51387
good,123,118,2.9719,-0.0316,0.5634,-26.44778,-18.78269,-26.44778,-22.61524,-18.04280,-23.56419,-23.56419,-20.80350
good,123,128,3.0554,-0.0705,0.4901,-24.39801,-19.46578,-24.39801,-21.93190,-21.74853,-23.61815,-23.61815,-22.68334
good,123,138,3.1018,-0.0436,0.5317,-24.92771,-19.36420,-24.92771,-22.14595,-19.43529,-21.81285,-21.81285,-20.62407
good,123,148,3.1759,-0.0128,0.5784,-25.80299,-19.74297,-25.80299,-22.77298,-18.97525,-24.39277,-24.39277,-21.68401
good,123,158,3.2392,0.0330,0.5562,-24.56532,-18.22657,-24.56532,-21.39594,-22.01983,-22.46939,-22.46939,-22.24461
good,123,168,3.3227,-0.0023,0.5628,-25.20630,-17.47990,-25.20630,-21.34310,-23.21067,-21.34568,-23.21067,-22.27818
good,123,178,3.3858,-0.0390,0.5011,-26.91826,-19.24867,-26.91826,-23.08347,-22.65682,-20.55760,-22.65682,-21.60721
good,123,188,3.4469,-0.0306,0.5737,-27.52460,-19.79153,-27.52460,-23.65807,-21.83073,-19.78578,-21.83073,-20.80825
good,123,198,3.5159,-0.0086,0.5576,-26.00669,-18.22593,-26.00669,-22.11631,-20.71626,-18.51361,-20.71626,-19.61493
good,123,208,3.5566,-0.0398,0.5833,-29.36057,-18.14339,-29.36057,-23.75198,-23.38178,-18.03246,-23.38178,-20.70712
good,123,218,3.6165,-0.0764,0.5256,-29.20779,-19.95684,-29.20779,-24.58232,-19.57819,-18.73350,-19.57819,-19.15585
good,123,228,3.6943,-0.1172,0.6153,-28.40980,-20.53450,-28.40980,-24.47215,-20.65831,-18.44199,-20.65831,-19.55015
good,123,238,3.7581,-0.0995,0.6584,-27.75583,-19.59839,-27.75583,-23.67711,-21.31813,-16.82417,-21.31813,-19.07115
good,123,248,3.8425,-0.0854,0.5806,-31.56690,-19.72484,-31.56690,-25.64587,-24.07129,-19.50586,-24.07129,-21.78857
good,123,258,3.8912,-0.0726,0.5863,-30.91442,-20.48822,-30.91442,-25.70132,-23.24026,-17.02201,-23.24026,-20.13113
good,123,268,3.9724,-0.0790,0.5625,-31.18735,-19.06970,-31.18735,-25.12853,-24.09395,-16.39272,-24.09395,-20.24334
good,123,278,4.0291,-0.0647,0.5901,-29.69515,-19.54641,-29.69515,-24.62078,-23.40096,-18.07244,-23.40096,-20.73670
good,123,288,4.0959,-0.0113,0.5688,-37.28049,-21.92597,-37.28049,-29.60323,-25.02399,-21.26803,-25.02399,-23.14601
good,123,298,4.1556,-0.0003,0.5616,-34.24071,-19.14488,-34.24071,-26.69279,-25.23569,-18.00179,-25.23569,-21.61874
good,123,308,4.2063,0.0617,0.5923,-38.05692,-20.63612,-38.05692,-29.34652,-25.89140,-16.77098,-25.89140,-21.33119
good,123,318,4.2531,0.0446,0.5116,-38.90635,-21.63763,-38.90635,-30.27199,-22.21873,-22.50504,-22.50504,-22.36189
good,123,328,4.3017,0.0432,0.4598,-38.81148,-22.59573,-38.81148,-30.70361,-25.22388,-19.69065,-25.22388,-22.45727
good,123,338,4.3778,0.0077,0.4916,-36.75623,-21.93095,-36.75623,-29.34359,-20.20190,-18.12617,-20.20190,-19.16403
good,123,348,4.4553,-0.0343,0.5330,-36.06890,-24.46280,-36.06890,-30.26585,-23.72577,-16.41558,-23.72577,-20.07067
good,123,358,4.5011,-0.0329,0.5853,-37.77721,-21.91200,-37.77721,-29.84460,-23.32836,-16.33246,-23.32836,-19.83041
good,123,368,4.5644,-0.0037,0.6718,-39.74712,-23.59065,-39.74712,-31.66888,-24.49627,-18.33594,-24.49627,-21.41611
good,123,378,4.6102,0.0319,0.6108,-42.09777,-23.02626,-42.09777,-32.56202,-24.56166,-16.46614,-24.56166,-20.51390
good,123,388,4.6580,0.0678,0.5969,-39.47409,-21.43038,-39.47409,-30.45223,-21.10602,-17.99117,-21.10602,-19.54860
good,123,398,4.7150,0.0673,0.4746,-42.22513,-22.61589,-42.22513,-32.42051,-20.17225,-15.83417,-20.17225,-18.00321
good,123,408,4.7652,0.0591,0.5912,-36.01561,-22.17318,-36.01561,-29.09439,-18.45397,-20.99484,-20.99484,-19.72441
good,123,418,4.8381,0.0171,0.5650,-40.57746,-21.72176,-40.57746,-31.14961,-19.90634,-18.94022,-19.90634,-19.42328
good,123,428,4.9211,0.0053,0.5613,-41.25306,-21.79944,-41.25306,-31.52625,-20.56226,-15.17370,-20.56226,-17.86798
good,123,438,4.9988,-0.0148,0.5753,-39.98156,-23.74600,-39.98156,-31.86378,-20.37709,-15.55173,-20.37709,-17.96441
good,123,448,5.0454,0.0153,0.6103,-42.96597,-23.75116,-42.96597,-33.35856,-20.90144,-16.31847,-20.90144,-18.60995
good,123,458,5.0648,0.0573,0.6567,-40.88277,-25.07466,-40.88277,-32.97871,-19.52983,-17.08221,-19.52983,-18.30602
good,123,468,5.1285,0.0770,0.7447,-41.64123,-23.85618,-41.64123,-32.74870,-19.89660,-16.73733,-19.89660,-18.31697
good,123,478,5.1893,0.0983,0.5904,-39.78666,-21.78029,-39.78666,-30.78347,-13.86943,-16.99904,-16.99904,-15.43424
good,123,488,5.2605,0.0741,0.5799,-40.49095,-24.12358,-40.49095,-32.30726,-15.68339,-18.92355,-18.92355,-17.30347
good,123,498,5.3253,0.0568,0.5491,-43.31410,-25.41176,-43.31410,-34.36293,-19.85820,-13.87248,-19.85820,-16.86534
good,123,508,5.3901,0.0190,0.5872,-41.99875,-23.61469,-41.99875,-32.80672,-15.18753,-14.99255,-15.18753,-15.09004
good,123,518,5.4392,0.0456,0.5297,-40.45733,-20.81669,-40.45733,-30.63701,-16.77087,-10.22812,-16.77087,-13.49949
good,123,528,5.4846,0.0439,0.6999,-45.02098,-23.64859,-45.02098,-34.33479,-33.14406,-19.06083,-33.14406,-26.10245
good,123,538,5.5908,0.0790,0.5513,-41.97999,-25.12289,-41.97999,-33.55144,-23.02281,-25.19506,-25.19506,-24.10894
good,123,639,5.1738,8.7626,0.6095,-9.77160,-10.73526,-10.73526,-10.25343,-9.43463,-11.80001,-11.80001,-10.61732
good,123,649,4.3200,8.4631,0.4928,-13.74774,-9.11363,-13.74774,-11.43069,-3.71188,-12.90491,-12.90491,-8.30839
good,123,659,2.7108,8.0759,0.4816,-13.20478,-12.34605,-13.20478,-12.77541,-4.54283,-8.74060,-8.74060,-6.64172
good,124,22,2.2897,-0.9410,0.5350,-10.41931,-13.54476,-13.54476,-11.98203,-11.05048,-15.91934,-15.91934,-13.48491
good,124,32,3.2909,-0.9474,0.5887,-7.71479,-13.97650,-13.97650,-10.84565,-9.54600,-16.84641,-16.84641,-13.19621
good,124,42,4.0770,-1.0476,0.5910,-9.58335,-14.46273,-14.46273,-12.02304,-12.42990,-19.70679,-19.70679,-16.06835
good,124,52,4.7088,-0.9425,0.5021,-11.27179,-11.14995,-11.27179,-11.21087,-10.04705,-12.06409,-12.06409,-11.05557
good,124,62,4.9139,-0.8124,0.4923,-15.69148,-11.28716,-15.69148,-13.48932,-11.05801,-15.55615,-15.55615,-13.30708
good,124,72,5.1910,-0.8247,0.5931,-14.36394,-10.94754,-14.36394,-12.65574,-14.91799,-15.01736,-15.01736,-14.96767
good,124,82,5.3375,-0.8799,0.7055,-13.95409,-10.65216,-13.95409,-12.30313,-13.49217,-18.33077,-18.33077,-15.91147
good,124,92,5.5153,-0.7575,0.6001,-13.38838,-10.34988,-13.38838,-11.86913,-11.13398,-14.80919,-14.80919,-12.97158
good,124,224,5.4348,8.7528,0.5799,-5.57542,-14.14485,-14.14485,-9.86014,-8.35542,-13.08827,-13.08827,-10.72185
good,124,234,4.7187,8.8848,0.5943,-4.18465,-8.72140,-8.72140,-6.45302,-22.68556,-25.86991,-25.86991,-24.27773
good,124,244,3.6975,9.0509,0.5711,-4.14906,-19.77150,-19.77150,-11.96028,-21.01899,-17.01014,-21.01899,-19.01456
good,124,254,3.4150,9.2355,0.5380,-6.30853,-14.30682,-14.30682,-10.30767,-14.08929,-18.34292,-18.34292,-16.21610
good,124,264,2.6078,9.2912,0.5419,-14.65323,-11.33539,-14.65323,-12.99431,-21.56906,-24.85596,-24.85596,-23.21251
good,124,423,2.3206,8.5836,0.2699,-48.46048,-49.60844,-49.60844,-49.03446,-59.95223,-53.70587,-59.95223,-56.82905
good,124,489,2.2846,8.5795,0.2672,-55.52053,-61.23639,-61.23639,-58.37846,-67.02618,-74.86571,-74.86571,-70.94594
good,124,499,2.3679,8.4450,0.2669,-70.48099,-65.31277,-70.48099,-67.89688,-78.73824,-62.54358,-78.73824,-70.64091
good,124,543,2.3259,8.5677,0.2667,-58.35214,-59.09650,-59.09650,-58.72432,-66.42484,-69.62675,-69.62675,-68.02579
good,124,630,2.3331,8.4977,0.2667,-68.54379,-75.48064,-75.48064,-72.01221,-102.29804,-86.34315,-102.29804,-94.32060
good,124,643,2.3156,8.3220,0.2777,-54.10083,-51.95202,-54.10083,-53.02642,-82.41579,-59.58698,-82.41579,-71.00138
good,124,658,2.3407,8.5220,0.2669,-64.60449,-46.66739,-64.60449,-55.63594,-90.02897,-75.34901,-90.02897,-82.68900
good,124,675,2.2804,8.7610,0.2678,-51.46350,-48.65372,-51.46350,-50.05861,-78.50550,-72.72063,-78.50550,-75.61307
good,124,699,2.3150,8.7569,0.2669,-43.52161,-32.79529,-43.52161,-38.15845,-68.95132,-35.57552,-68.95132,-52.26342
good,124,709,2.4430,8.8022,0.2671,-55.92392,-55.27091,-55.92392,-55.59742,-71.62827,-69.57718,-71.62827,-70.60272
good,124,719,2.3551,8.8112,0.2673,-28.81128,-46.06605,-46.06605,-37.43866,-39.99159,-59.53918,-59.53918,-49.76539
good,124,729,2.4332,8.6123,0.2670,-63.37693,-55.36881,-63.37693,-59.37287,-96.00934,-72.42699,-96.00934,-84.21817
good,124,739,2.3493,8.7192,0.2686,-52.79479,-57.88951,-57.88951,-55.34215,-84.53432,-60.80598,-84.53432,-72.67015
good,124,749,2.4345,8.7843,0.2674,-74.42693,-59.81884,-74.42693,-67.12289,-88.84526,-71.78899,-88.84526,-80.31712
good,124,759,2.3606,8.7726,0.2672,-62.19339,-51.77294,-62.19339,-56.98316,-83.44519,-70.98354,-83.44519,-77.21437
good,124,787,2.3510,8.7819,0.2671,-57.31509,-55.24540,-57.31509,-56.28024,-73.79863,-54.37987,-73.79863,-64.08925
good,125,24,2.2542,-1.0121,0.5196,-10.62014,-10.10159,-10.62014,-10.36087,-14.03033,-18.03220,-18.03220,-16.03126
good,125,34,3.0475,-0.8293,0.6247,-12.24917,-10.52386,-12.24917,-11.38652,-14.97334,-15.06791,-15.06791,-15.02063
good,125,44,3.1253,-0.8609,0.5093,-15.20065,-11.35507,-15.20065,-13.27786,-13.58689,-15.06641,-15.06641,-14.32665
good,125,54,3.2765,-0.8502,0.5752,-12.24518,-10.27524,-12.24518,-11.26021,-13.82422,-14.07407,-14.07407,-13.94915
good,125,64,3.4521,-0.7818,0.5709,-14.42153,-10.39576,-14.42153,-12.40864,-15.04488,-13.99632,-15.04488,-14.52060
good,125,74,3.6489,-0.7262,0.5382,-12.67296,-8.25587,-12.67296,-10.46442,-13.30568,-11.92036,-13.30568,-12.61302
good,125,84,3.7806,-0.7677,0.5702,-13.21938,-8.67142,-13.21938,-10.94540,-15.00976,-13.41811,-15.00976,-14.21393
good,125,94,3.9009,-0.6996,0.5434,-14.27757,-8.58604,-14.27757,-11.43181,-14.01096,-13.18755,-14.01096,-13.59926
good,125,104,4.0162,-0.6773,0.5254,-14.67883,-9.59303,-14.67883,-12.13593,-13.93765,-11.15514,-13.93765,-12.54639
good,125,114,4.1312,-0.6871,0.5466,-13.68179,-7.74175,-13.68179,-10.71177,-14.19581,-11.74161,-14.19581,-12.96871
good,125,124,4.2774,-0.6905,0.5610,-13.84313,-10.48310,-13.84313,-12.16311,-13.48870,-11.41899,-13.48870,-12.45385
good,125,134,4.4082,-0.6886,0.6413,-15.05026,-7.03243,-15.05026,-11.04135,-14.40710,-8.20188,-14.40710,-11.30449
good,125,144,4.4569,-0.8180,0.5786,-15.53200,-8.00126,-15.53200,-11.76663,-11.61892,-8.44651,-11.61892,-10.03271
good,125,154,4.6146,-0.7925,0.5713,-13.06793,-4.40353,-13.06793,-8.73573,-12.74569,-9.45079,-12.74569,-11.09824
good,125,164,4.8127,-0.8512,0.5230,-10.03059,-5.79430,-10.03059,-7.91244,-12.37481,-7.99169,-12.37481,-10.18325
good,125,174,5.5606,-0.9382,0.5510,-7.35580,-7.42085,-7.42085,-7.38832,-10.10272,-8.36236,-10.10272,-9.23254
good,125,299,4.6781,8.3643,0.5491,-10.65747,-8.54001,-10.65747,-9.59874,-14.66601,-13.15945,-14.66601,-13.91273
good,125,309,2.9818,8.1536,0.6076,-14.97405,-10.48815,-14.97405,-12.73110,-6.02591,-15.44083,-15.44083,-10.73337
good,126,23,2.2519,0.7854,0.5957,-13.35014,-14.26424,-14.26424,-13.80719,-12.91577,-20.39872,-20.39872,-16.65724
good,126,33,2.5383,0.7239,0.5402,-12.60299,-15.29180,-15.29180,-13.94740,-14.92963,-22.63907,-22.63907,-18.78435
good,126,43,2.6711,0.7743,0.5571,-12.40844,-12.44147,-12.44147,-12.42496,-11.37556,-20.64054,-20.64054,-16.00805
good,126,53,2.8255,0.8156,0.5452,-10.40675,-14.76250,-14.76250,-12.58462,-11.30178,-25.76773,-25.76773,-18.53476
good,126,63,3.0163,0.8399,0.5756,-10.08045,-14.74142,-14.74142,-12.41094,-12.68144,-20.15381,-20.15381,-16.41763
good,126,73,3.4098,0.9084,0.5560,-10.34085,-13.95320,-13.95320,-12.14703,-10.63190,-26.43360,-26.43360,-18.53275
good,126,83,3.7630,0.9291,0.5652,-10.97891,-17.59949,-17.59949,-14.28920,-10.56012,-19.91473,-19.91473,-15.23742
good,126,93,3.9811,0.8834,0.5252,-15.86104,-17.73417,-17.73417,-16.79761,-10.68217,-18.89630,-18.89630,-14.78923
good,126,103,4.1260,0.7761,0.4670,-16.33805,-17.14712,-17.14712,-16.74258,-13.37471,-21.51472,-21.51472,-17.44471
good,126,113,4.2755,0.7603,0.5796,-17.57908,-16.90625,-17.57908,-17.24266,-11.10261,-20.57508,-20.57508,-15.83885
good,126,123,4.3987,0.7331,0.5408,-15.32949,-20.42104,-20.42104,-17.87527,-16.22159,-19.33997,-19.33997,-17.78078
good,126,133,4.4964,0.7265,0.5444,-24.15679,-18.67418,-24.15679,-21.41549,-14.97795,-19.51350,-19.51350,-17.24572
good,126,143,4.5947,0.7243,0.5589,-25.22194,-17.34858,-25.22194,-21.28526,-11.97190,-19.55758,-19.55758,-15.76474
good,126,153,4.7076,0.7122,0.5609,-25.29822,-18.23733,-25.29822,-21.76778,-16.14151,-19.42251,-19.42251,-17.78201
good,126,163,4.8129,0.7647,0.5893,-22.81472,-16.53557,-22.81472,-19.67514,-14.21040,-24.83821,-24.83821,-19.52430
good,126,173,4.9817,0.7036,0.6519,-23.72787,-19.79982,-23.72787,-21.76384,-12.37716,-21.20072,-21.20072,-16.78894
good,126,183,5.1033,0.7030,0.5654,-25.27740,-20.30143,-25.27740,-22.78941,-11.08041,-22.89890,-22.89890,-16.98965
good,126,193,5.2231,0.7936,0.5812,-22.18809,-19.49260,-22.18809,-20.84035,-15.37998,-18.78914,-18.78914,-17.08456
good,126,203,5.4137,0.9231,0.5812,-16.40163,-16.91483,-16.91483,-16.65823,-8.74271,-20.66764,-20.66764,-14.70517
good,126,292,5.0197,8.6462,0.7271,-7.26139,-6.52147,-7.26139,-6.89143,-9.91963,-10.79704,-10.79704,-10.35834
good,126,302,4.1349,7.9261,0.5073,-9.37086,-9.90621,-9.90621,-9.63853,-8.91859,-10.41793,-10.41793,-9.66826
good,126,398,2.2948,7.8413,0.6415,-7.68554,-1.24010,-7.68554,-4.46282,-23.97440,-1.19628,-23.97440,-12.58534
good,126,408,3.5665,8.7008,0.4008,-0.69419,-1.28417,-1.28417,-0.98918,-16.06712,-5.75172,-16.06712,-10.90942
good,126,418,3.6520,8.9279,0.4332,-0.27280,-2.11541,-2.11541,-1.19410,-19.15654,-0.01566,-19.15654,-9.58610
good,126,428,3.1326,8.9904,0.6293,5.50722,-3.29437,-3.29437,1.10642,-7.57361,-7.07790,-7.57361,-7.32575
good,126,438,3.1659,8.9576,0.4861,-4.23951,0.01788,-4.23951,-2.11081,-4.31463,-9.58754,-9.58754,-6.95109
good,126,448,2.6831,8.7894,0.5277,0.27150,-3.45529,-3.45529,-1.59190,-23.08262,-16.84385,-23.08262,-19.96324
good,126,458,2.9014,8.9475,0.4749,3.18216,-2.16624,-2.16624,0.50796,-19.66479,-8.65188,-19.66479,-14.15834
good,126,468,2.6638,8.9732,0.5098,1.29737,-0.11471,-0.11471,0.59133,-14.30571,-6.88608,-14.30571,-10.59590
good,126,478,2.5982,8.9578,0.4765,-0.22270,-3.51000,-3.51000,-1.86635,-13.17872,-6.44711,-13.17872,-9.81292
good,126,511,2.3227,9.4293,0.2611,0.11542,-4.24610,-4.24610,-2.06534,-18.49174,5.89817,-18.49174,-6.29679
good,126,521,2.3602,9.2042,0.2660,-0.43151,-0.46394,-0.46394,-0.44773,1.99870,3.57379,1.99870,2.78625
good,126,531,2.3527,9.2221,0.2661,4.21758,-2.25526,-2.25526,0.98116,4.42838,5.55973,4.42838,4.99406
good,126,541,2.3406,9.2273,0.2671,1.27342,0.46749,0.46749,0.87046,-10.00270,-0.89419,-10.00270,-5.44845
good,126,551,2.3396,9.2266,0.2668,3.67748,0.77384,0.77384,2.22566,-9.12689,-0.66782,-9.12689,-4.89735
good,126,561,2.3392,9.2237,0.2669,2.58795,0.47563,0.47563,1.53179,-11.01300,-0.81616,-11.01300,-5.91458
good,126,571,2.3366,9.2224,0.2679,6.93073,1.18232,1.18232,4.05652,-6.83271,-1.20234,-6.83271,-4.01753
good,126,581,2.3324,9.2226,0.2670,2.22340,0.71233,0.71233,1.46787,-10.26911,-0.94517,-10.26911,-5.60714
good,126,591,2.3314,9.2188,0.2674,3.99468,0.48904,0.48904,2.24186,-7.62606,-1.06434,-7.62606,-4.34520
good,126,601,2.3339,9.2130,0.2668,1.84310,-0.04765,-0.04765,0.89772,-9.44104,-1.45345,-9.44104,-5.44725
good,126,611,2.3368,9.2103,0.2668,4.08173,0.81320,0.81320,2.44746,-9.22288,-1.64159,-9.22288,-5.43223
good,126,621,2.3256,9.2137,0.2673,2.76479,0.36903,0.36903,1.56691,-10.30206,-0.48208,-10.30206,-5.39207
good,126,631,2.3222,9.2127,0.2671,2.23710,1.24263,1.24263,1.73987,-7.85026,2.23801,-7.85026,-2.80612
good,126,641,2.3177,9.2101,0.2672,4.61015,-0.05921,-0.05921,2.27547,-1.90326,2.81502,-1.90326,0.45588
good,126,651,2.3138,9.2105,0.2672,3.56697,-0.97542,-0.97542,1.29578,-3.01336,3.09305,-3.01336,0.03985
good,126,661,2.3101,9.2079,0.2679,4.62013,-0.29415,-0.29415,2.16299,-2.25029,2.15607,-2.25029,-0.04711
good,126,671,2.3141,9.2023,0.2670,3.85419,-0.90210,-0.90210,1.47605,-3.51309,2.76629,-3.51309,-0.37340
good,126,681,2.3096,9.2034,0.2670,5.53515,-1.00857,-1.00857,2.26329,-4.05937,1.90821,-4.05937,-1.07558
good,126,691,2.3085,9.1978,0.2674,4.53832,-0.79074,-0.79074,1.87379,3.77453,6.60355,3.77453,5.18904
good,126,701,2.3059,9.1968,0.2669,5.30777,-0.32281,-0.32281,2.49248,2.80555,6.85555,2.80555,4.83055
good,126,711,2.3048,9.1918,0.2672,2.09355,-1.62578,-1.62578,0.23389,2.45624,5.95569,2.45624,4.20596
good,126,721,2.3013,9.1913,0.2673,1.01373,0.37477,0.37477,0.69425,-9.38942,-0.20373,-9.38942,-4.79658
good,126,731,2.3027,9.1876,0.2668,3.56008,0.53103,0.53103,2.04555,-9.59126,-0.60412,-9.59126,-5.09769
good,126,741,2.3022,9.1824,0.2670,3.41891,0.36069,0.36069,1.88980,-9.66671,-0.39813,-9.66671,-5.03242
good,126,767,2.3025,9.1752,0.2668,2.40800,-0.16625,-0.16625,1.12088,-10.09299,-2.25247,-10.09299,-6.17273
good,127,22,2.2581,-1.0091,0.5527,-7.76111,-11.69128,-11.69128,-9.72619,-13.48928,-17.33389,-17.33389,-15.41159
good,127,32,2.9750,-0.8511,0.5165,-8.87804,-9.54059,-9.54059,-9.20931,-13.88798,-16.41341,-16.41341,-15.15070
good,127,42,3.6157,-0.9808,0.5740,-7.00334,-9.42004,-9.42004,-8.21169,-10.95001,-16.18490,-16.18490,-13.56746
good,127,52,4.4818,-0.8839,0.5782,-13.50653,-11.22758,-13.50653,-12.36705,-13.66438,-15.34761,-15.34761,-14.50600
good,127,62,4.6941,-0.8409,0.6555,-14.32949,-10.34562,-14.32949,-12.33756,-16.34813,-13.70994,-16.34813,-15.02904
good,127,72,4.8484,-0.8085,0.5499,-13.40627,-10.32979,-13.40627,-11.86803,-13.75236,-13.02903,-13.75236,-13.39069
good,127,82,5.0878,-0.7544,0.5559,-17.97230,-9.37076,-17.97230,-13.67153,-13.22239,-14.20359,-14.20359,-13.71299
good,127,92,5.2531,-0.7318,0.6374,-19.82775,-9.33087,-19.82775,-14.57931,-14.96878,-14.60225,-14.96878,-14.78551
good,127,102,5.3663,-0.7432,0.6545,-16.26761,-9.18559,-16.26761,-12.72660,-13.47254,-9.15674,-13.47254,-11.31464
good,127,112,5.4247,-0.7791,0.5959,-16.26582,-8.77540,-16.26582,-12.52061,-12.37511,-13.21825,-13.21825,-12.79668
good,127,122,5.5780,-0.7599,0.5725,-19.33201,-8.62171,-19.33201,-13.97686,-15.55571,-16.26568,-16.26568,-15.91070
good,127,220,4.5898,8.6334,0.5617,-10.39137,-9.46144,-10.39137,-9.92640,-11.13326,-20.19605,-20.19605,-15.66465
good,127,230,2.7576,8.5568,0.4137,-8.03899,-13.13649,-13.13649,-10.58774,-15.39234,-16.64788,-16.64788,-16.02011
good,128,21,2.2693,1.1858,0.6504,-7.70435,-13.60844,-13.60844,-10.65639,-4.77272,-17.46090,-17.46090,-11.11681
good,128,31,3.3956,0.9534,0.5296,-10.46414,-21.07176,-21.07176,-15.76795,-4.67268,-20.33151,-20.33151,-12.50210
good,128,41,4.4513,0.9979,0.5587,-4.54386,-15.41174,-15.41174,-9.97780,-4.35886,-15.49833,-15.49833,-9.92859
good,128,51,5.2278,0.8792,0.5872,-8.28420,-17.39684,-17.39684,-12.84052,-3.60601,-15.94836,-15.94836,-9.77719
good,128,61,5.5062,0.8722,0.5571,-15.50138,-16.72774,-16.72774,-16.11456,-8.36516,-19.61684,-19.61684,-13.99100
good,128,139,5.6010,8.4939,0.5007,-8.23242,-11.66374,-11.66374,-9.94808,-3.95474,-19.80269,-19.80269,-11.87872
good,128,149,4.6370,8.5923,0.4883,-9.96266,-11.63592,-11.63592,-10.79929,-15.30235,-15.61948,-15.61948,-15.46091
good,128,159,3.3428,8.4075,0.5250,-12.37482,-8.56199,-12.37482,-10.46841,-11.13363,-8.47647,-11.13363,-9.80505
good,130,27,2.2390,1.2429,0.5435,-14.02179,-22.76750,-22.76750,-18.39465,-7.37806,-26.13936,-26.13936,-16.75871
good,130,37,2.8032,0.9777,0.5665,-13.43271,-15.76910,-15.76910,-14.60091,-10.40177,-25.29455,-25.29455,-17.84816
good,130,47,3.1107,0.8664,0.6134,-12.06378,-18.59084,-18.59084,-15.32731,-11.15384,-26.41076,-26.41076,-18.78230
good,130,57,3.3254,0.8389,0.5476,-14.77224,-21.24269,-21.24269,-18.00746,-10.93336,-22.69871,-22.69871,-16.81604
good,130,67,3.5290,0.7760,0.5219,-17.76935,-16.01047,-17.76935,-16.88991,-12.81118,-25.67252,-25.67252,-19.24185
good,130,77,3.7364,0.7704,0.5460,-19.93555,-20.58638,-20.58638,-20.26096,-14.18070,-23.66257,-23.66257,-18.92163
good,130,87,3.8550,0.7910,0.4462,-8.66105,-15.24140,-15.24140,-11.95123,-14.52363,-19.02701,-19.02701,-16.77532
good,130,97,4.0048,0.8031,0.5954,-7.66811,-14.90858,-14.90858,-11.28835,-9.97773,-18.90877,-18.90877,-14.44325
good,130,107,4.1707,0.9430,0.5759,-5.93150,-13.23940,-13.23940,-9.58545,-10.84073,-18.26155,-18.26155,-14.55114
good,130,117,4.8528,1.0468,0.5487,-4.12431,-13.32980,-13.32980,-8.72705,-7.35973,-21.09032,-21.09032,-14.22503
good,130,127,5.5562,1.0494,0.5378,-10.90507,-16.81239,-16.81239,-13.85873,-10.12591,-22.66089,-22.66089,-16.39340
good,130,200,4.7912,8.4672,0.5708,-10.11390,-11.87081,-11.87081,-10.99236,-5.69589,-15.43123,-15.43123,-10.56356
good,130,210,3.4894,8.4330,0.6948,-13.36248,-11.89600,-13.36248,-12.62924,-14.67157,-6.05686,-14.67157,-10.36422
good,131,27,2.2698,0.1009,0.5905,-29.09519,-21.10541,-29.09519,-25.10030,-20.55142,-27.81540,-27.81540,-24.18341
good,131,37,2.4839,0.0606,0.5344,-27.43928,-20.88373,-27.43928,-24.16150,-20.15177,-30.98793,-30.98793,-25.56985
good,131,47,2.5482,0.0709,0.5712,-27.61562,-21.39697,-27.61562,-24.50629,-21.39424,-30.09228,-30.09228,-25.74326
good,131,57,2.6042,0.0400,0.5792,-26.15359,-22.74343,-26.15359,-24.44851,-20.73719,-29.85028,-29.85028,-25.29373
good,131,67,2.6718,0.0166,0.5912,-26.90235,-21.50967,-26.90235,-24.20601,-19.42163,-28.19992,-28.19992,-23.81078
good,131,77,2.7383,0.0074,0.5062,-24.89449,-19.87225,-24.89449,-22.38337,-19.37283,-31.62658,-31.62658,-25.49971
good,131,87,2.8005,-0.0232,0.6057,-30.77650,-19.08545,-30.77650,-24.93097,-23.78460,-30.84002,-30.84002,-27.31231
good,131,97,2.8288,-0.0403,0.4405,-29.81491,-21.13117,-29.81491,-25.47304,-26.22668,-30.48483,-30.48483,-28.35575
good,131,107,2.8837,0.0130,0.6167,-29.00752,-20.97455,-29.00752,-24.99104,-22.28776,-25.93301,-25.93301,-24.11039
good,131,117,2.9297,0.0238,0.7082,-28.82036,-19.54410,-28.82036,-24.18223,-21.92662,-26.64643,-26.64643,-24.28653
good,131,127,2.9697,0.0908,0.5553,-26.36710,-20.57076,-26.36710,-23.46893,-19.47447,-27.10644,-27.10644,-23.29045
good,131,137,3.0541,0.1062,0.5966,-29.13195,-19.97562,-29.13195,-24.55378,-23.03633,-26.56117,-26.56117,-24.79875
good,131,147,3.1066,0.0669,0.6504,-30.10165,-20.32239,-30.10165,-25.21202,-23.28747,-30.16164,-30.16164,-26.72455
good,131,157,3.1676,0.0573,0.4845,-27.59335,-18.76279,-27.59335,-23.17807,-21.70144,-30.64848,-30.64848,-26.17496
good,131,167,3.2135,0.0362,0.6540,-29.89422,-20.84768,-29.89422,-25.37095,-23.00313,-26.83245,-26.83245,-24.91779
good,131,177,3.2800,0.0112,0.6758,-28.60717,-21.59852,-28.60717,-25.10284,-20.43278,-25.32352,-25.32352,-22.87815
good,131,187,3.3570,0.0269,0.5695,-29.38490,-19.51067,-29.38490,-24.44779,-25.51705,-26.12379,-26.12379,-25.82042
good,131,197,3.4450,-0.0094,0.5326,-27.29832,-20.38140,-27.29832,-23.83986,-23.57682,-24.58181,-24.58181,-24.07931
good,131,207,3.5079,0.0101,0.5548,-32.25285,-20.54867,-32.25285,-26.40076,-25.18065,-21.62022,-25.18065,-23.40043
good,131,217,3.5803,-0.0072,0.6207,-32.45338,-21.97580,-32.45338,-27.21459,-23.23087,-21.60159,-23.23087,-22.41623
good,131,227,3.6496,-0.0136,0.5971,-30.24478,-17.67745,-30.24478,-23.96111,-21.76563,-22.82467,-22.82467,-22.29515
good,131,237,3.6872,0.0607,0.5879,-32.25445,-19.49857,-32.25445,-25.87651,-28.88917,-21.13392,-28.88917,-25.01154
good,131,247,3.7496,0.0806,0.6418,-35.15367,-19.97892,-35.15367,-27.56629,-23.95546,-24.08489,-24.08489,-24.02018
good,131,257,3.8236,0.0595,0.7076,-35.87537,-21.14450,-35.87537,-28.50993,-25.76922,-19.96345,-25.76922,-22.86634
good,131,267,3.8888,0.0651,0.5468,-36.67028,-20.31942,-36.67028,-28.49485,-23.80765,-21.67838,-23.80765,-22.74302
good,131,277,3.9339,0.0776,0.5284,-36.34132,-22.12963,-36.34132,-29.23547,-25.45522,-18.63742,-25.45522,-22.04632
good,131,287,3.9781,0.0201,0.6074,-36.52855,-23.04099,-36.52855,-29.78477,-28.41846,-20.41674,-28.41846,-24.41760
good,131,297,4.0512,0.0175,0.5530,-37.01001,-22.08516,-37.01001,-29.54759,-28.13420,-17.47278,-28.13420,-22.80349
good,131,307,4.1193,0.0107,0.5877,-37.62636,-22.46115,-37.62636,-30.04376,-27.49314,-20.65195,-27.49314,-24.07254
good,131,317,4.1773,0.0297,0.5672,-38.71130,-22.02652,-38.71130,-30.36891,-27.10858,-17.28885,-27.10858,-22.19872
good,131,327,4.2381,0.0637,0.5494,-39.74088,-24.92085,-39.74088,-32.33086,-30.39466,-20.49274,-30.39466,-25.44370
good,131,337,4.2970,0.0785,0.6046,-42.07816,-22.83693,-42.07816,-32.45754,-26.59392,-22.61700,-26.59392,-24.60546
good,131,347,4.3621,0.0576,0.5423,-41.53020,-22.70544,-41.53020,-32.11782,-26.03226,-18.96122,-26.03226,-22.49674
good,131,357,4.4263,0.0755,0.5739,-45.76915,-25.16107,-45.76915,-35.46511,-27.85987,-20.90400,-27.85987,-24.38193
good,131,367,4.5021,0.0688,0.5260,-43.28912,-23.22381,-43.28912,-33.25647,-23.13576,-19.98121,-23.13576,-21.55848
good,131,377,4.5689,0.0090,0.7420,-43.38974,-25.37287,-43.38974,-34.38131,-28.73789,-18.30695,-28.73789,-23.52242
good,131,387,4.6498,-0.0242,0.5490,-45.63647,-25.71312,-45.63647,-35.67480,-26.97365,-19.33388,-26.97365,-23.15377
good,131,397,4.7144,-0.0236,0.6257,-43.19698,-26.50610,-43.19698,-34.85154,-26.44020,-14.02696,-26.44020,-20.23358
good,131,407,4.7895,0.0286,0.5566,-47.69926,-24.58770,-47.69926,-36.14349,-23.47746,-16.10415,-23.47746,-19.79081
good,131,417,4.8511,-0.0057,0.6129,-46.43138,-25.66862,-46.43138,-36.05000,-29.01752,-18.62603,-29.01752,-23.82177
good,131,427,4.8844,-0.0139,0.4208,-44.00378,-26.44824,-44.00378,-35.22601,-24.61608,-15.03147,-24.61608,-19.82377
good,131,437,4.9437,0.0332,0.5218,-48.98857,-26.66784,-48.98857,-37.82821,-25.65327,-18.13160,-25.65327,-21.89243
good,131,447,5.0106,0.0709,0.6320,-46.59291,-25.98428,-46.59291,-36.28859,-16.94292,-17.18116,-17.18116,-17.06204
good,131,457,5.0831,0.0633,0.5145,-44.67699,-24.97507,-44.67699,-34.82603,-18.27263,-18.43950,-18.43950,-18.35606
good,131,467,5.1244,0.0611,0.4511,-46.50100,-27.83642,-46.50100,-37.16871,-25.93933,-16.36056,-25.93933,-21.14994
good,131,477,5.2027,0.0284,0.5086,-45.51910,-22.35017,-45.51910,-33.93464,-21.26002,-15.96717,-21.26002,-18.61360
good,131,487,5.2859,-0.0024,0.4929,-43.41811,-24.41141,-43.41811,-33.91476,-21.62818,-21.90979,-21.90979,-21.76899
good,131,497,5.3610,-0.0239,0.6245,-43.17262,-22.30275,-43.17262,-32.73768,-16.65917,-14.85216,-16.65917,-15.75566
good,131,507,5.4413,-0.0462,0.5731,-43.34570,-24.29915,-43.34570,-33.82243,-16.08159,-16.11150,-16.11150,-16.09655
good,131,517,5.5118,-0.0375,0.5804,-41.17597,-19.75933,-41.17597,-30.46765,-15.56841,-17.06563,-17.06563,-16.31702
good,131,527,5.5623,-0.0388,0.5489,-42.64948,-23.50600,-42.64948,-33.07774,-19.55352,-18.42033,-19.55352,-18.98692
good,131,643,5.6424,8.3722,0.4966,-16.11414,-17.28933,-17.28933,-16.70173,-18.43991,-19.83683,-19.83683,-19.13837
good,131,653,3.6214,8.5751,0.7468,-20.99690,-24.49377,-24.49377,-22.74533,-18.46621,-28.41575,-28.41575,-23.44098
good,131,728,2.4427,7.1567,0.5226,-162.97363,-184.41341,-184.41341,-173.69351,-134.40508,-163.24619,-163.24619,-148.82562
good,132,20,2.2436,1.1185,0.6145,-11.63579,-16.86117,-16.86117,-14.24848,-14.33285,-25.84216,-25.84216,-20.08751
good,132,30,3.1914,1.1332,0.5305,-10.83517,-19.59174,-19.59174,-15.21345,-7.59284,-24.27435,-24.27435,-15.93360
good,132,40,3.8989,1.0871,0.5611,-10.69571,-16.86410,-16.86410,-13.77990,-8.03671,-20.65625,-20.65625,-14.34648
good,132,50,4.5165,1.0279,0.5149,-3.58120,-14.92013,-14.92013,-9.25067,-5.58955,-23.07156,-23.07156,-14.33055
good,132,60,4.9767,0.9857,0.5543,-10.14062,-13.90209,-13.90209,-12.02136,-8.42961,-20.97831,-20.97831,-14.70396
good,132,70,5.5850,1.0433,0.5841,-12.12040,-15.15569,-15.15569,-13.63805,-11.10013,-17.13598,-17.13598,-14.11806
good,132,138,4.6973,8.7471,0.6851,-9.19587,-6.23288,-9.19587,-7.71438,-22.22687,-21.94410,-22.22687,-22.08548
good,132,148,2.9913,8.3265,0.6670,1.48985,-10.66562,-10.66562,-4.58789,-7.01223,-14.28310,-14.28310,-10.64766
good,133,23,2.2891,-0.9911,0.5462,-6.49381,-10.95985,-10.95985,-8.72683,-8.43723,-11.08843,-11.08843,-9.76283
good,133,33,3.0727,-1.0417,0.5653,-4.90341,-10.60159,-10.60159,-7.75250,-7.82505,-15.08207,-15.08207,-11.45356
good,133,43,4.0825,-1.1323,0.5891,-3.60347,-12.10844,-12.10844,-7.85596,-6.52374,-14.11004,-14.11004,-10.31689
good,133,53,5.1501,-1.2174,0.5578,-2.76935,-11.23545,-11.23545,-7.00240,-4.26386,-9.69649,-9.69649,-6.98018
good,133,147,4.7428,8.6644,0.5916,-6.38117,-12.76828,-12.76828,-9.57473,-0.55044,-12.79210,-12.79210,-6.67127
good,133,157,2.7252,7.9347,0.5335,-5.00167,-9.81617,-9.81617,-7.40892,-5.91540,-6.38080,-6.38080,-6.14810
good,134,28,2.2926,0.1365,0.5746,-21.25240,-18.62443,-21.25240,-19.93841,-18.41138,-21.51817,-21.51817,-19.96477
good,134,38,2.4909,0.0554,0.6088,-22.61559,-17.30556,-22.61559,-19.96058,-17.72829,-27.33769,-27.33769,-22.53299
good,134,48,2.5418,0.0197,0.5402,-21.90026,-17.25123,-21.90026,-19.57574,-19.69946,-25.57386,-25.57386,-22.63666
good,134,58,2.6014,0.0175,0.6079,-22.66887,-17.34726,-22.66887,-20.00806,-18.98602,-22.62151,-22.62151,-20.80376
good,134,68,2.6718,0.0250,0.5645,-22.18099,-16.61103,-22.18099,-19.39601,-18.16754,-24.82682,-24.82682,-21.49718
good,134,78,2.7282,0.0243,0.5113,-21.74246,-17.58857,-21.74246,-19.66552,-18.59404,-25.03736,-25.03736,-21.81570
good,134,88,2.7975,-0.0246,0.4804,-20.78431,-16.49450,-20.78431,-18.63941,-18.82611,-21.99792,-21.99792,-20.41201
good,134,98,2.8708,-0.0689,0.6203,-23.31379,-19.10439,-23.31379,-21.20909,-20.07218,-18.48573,-20.07218,-19.27896
good,134,108,2.9177,-0.0301,0.6120,-23.51029,-17.23150,-23.51029,-20.37090,-19.99465,-20.96202,-20.96202,-20.47834
good,134,118,2.9813,-0.0168,0.5724,-24.68979,-17.93518,-24.68979,-21.31248,-18.82991,-21.19566,-21.19566,-20.01278
good,134,128,3.0221,0.0248,0.5281,-23.09303,-16.13404,-23.09303,-19.61353,-19.98839,-22.05971,-22.05971,-21.02405
good,134,138,3.0960,0.0614,0.5192,-23.82563,-15.90491,-23.82563,-19.86527,-21.00227,-22.09611,-22.09611,-21.54919
good,134,148,3.1384,0.0407,0.7023,-22.90644,-16.20080,-22.90644,-19.55362,-20.00742,-21.48147,-21.48147,-20.74445
good,134,158,3.2017,0.0115,0.6734,-23.57958,-15.75823,-23.57958,-19.66891,-17.07832,-20.23271,-20.23271,-18.65551
good,134,168,3.2771,0.0082,0.4511,-24.50077,-17.08112,-24.50077,-20.79094,-19.04627,-20.27504,-20.27504,-19.66065
good,134,178,3.3724,-0.0139,0.5450,-24.84884,-17.23197,-24.84884,-21.04041,-20.30562,-17.81948,-20.30562,-19.06255
good,134,188,3.4333,0.0031,0.5700,-23.11443,-15.63260,-23.11443,-19.37351,-18.53236,-18.49010,-18.53236,-18.51123
good,134,198,3.5014,-0.0247,0.5289,-26.69985,-17.88506,-26.69985,-22.29245,-20.53049,-16.07420,-20.53049,-18.30235
good,134,208,3.5761,-0.0105,0.5817,-25.39690,-17.17663,-25.39690,-21.28676,-21.80468,-17.03356,-21.80468,-19.41912
good,134,218,3.6541,-0.0170,0.6037,-25.58334,-17.30364,-25.58334,-21.44349,-20.95873,-16.68903,-20.95873,-18.82388
good,134,228,3.7137,-0.0057,0.4577,-27.67088,-17.81435,-27.67088,-22.74261,-25.87357,-17.27607,-25.87357,-21.57482
good,134,238,3.7871,-0.0195,0.5990,-30.57377,-18.83456,-30.57377,-24.70417,-22.69170,-15.12991,-22.69170,-18.91080
good,134,248,3.8512,-0.0153,0.5249,-28.34659,-16.02671,-28.34659,-22.18665,-22.71123,-15.70297,-22.71123,-19.20710
good,134,258,3.8990,0.0179,0.5817,-30.64130,-18.81434,-30.64130,-24.72782,-23.77579,-16.93949,-23.77579,-20.35764
good,134,268,3.9559,0.0440,0.6798,-32.13163,-19.59211,-32.13163,-25.86187,-23.60982,-16.42455,-23.60982,-20.01718
good,134,278,4.0146,0.0870,0.5360,-32.72834,-18.22231,-32.72834,-25.47532,-26.81036,-15.81244,-26.81036,-21.31140
good,134,288,4.0793,0.0505,0.5659,-33.93462,-19.03446,-33.93462,-26.48454,-22.68475,-15.10930,-22.68475,-18.89703
good,134,298,4.1320,0.0332,0.5439,-35.21214,-18.03983,-35.21214,-26.62599,-26.59785,-18.06672,-26.59785,-22.33228
good,134,308,4.1763,0.0199,0.5023,-34.85917,-19.31698,-34.85917,-27.08808,-24.08939,-15.89282,-24.08939,-19.99110
good,134,318,4.2517,-0.0156,0.8466,-33.44672,-19.52067,-33.44672,-26.48369,-24.44391,-13.02053,-24.44391,-18.73222
good,134,328,4.2964,0.0059,0.5665,-32.91779,-22.82405,-32.91779,-27.87092,-24.20634,-12.15315,-24.20634,-18.17974
good,134,338,4.3692,0.0073,0.6495,-39.96893,-21.59353,-39.96893,-30.78123,-27.30536,-12.65931,-27.30536,-19.98233
good,134,348,4.4564,0.0355,0.7213,-38.15919,-22.00934,-38.15919,-30.08427,-26.03319,-14.87253,-26.03319,-20.45286
good,134,358,4.4963,0.0293,0.5894,-39.24540,-22.27111,-39.24540,-30.75826,-27.09527,-14.64888,-27.09527,-20.87207
good,134,368,4.5612,0.0537,0.5781,-37.67992,-22.96225,-37.67992,-30.32108,-26.11318,-15.07100,-26.11318,-20.59209
good,134,378,4.6422,0.0894,0.5465,-39.76040,-20.44700,-39.76040,-30.10370,-21.84371,-12.52166,-21.84371,-17.18268
good,134,388,4.6681,0.0529,0.4853,-33.44020,-19.99239,-33.44020,-26.71629,-20.81642,-11.77310,-20.81642,-16.29476
good,134,398,4.7234,-0.0209,0.5674,-36.13037,-21.33811,-36.13037,-28.73424,-22.90002,-12.85651,-22.90002,-17.87827
good,134,408,4.7916,-0.0049,0.5438,-37.99586,-21.53856,-37.99586,-29.76721,-23.16187,-13.06282,-23.16187,-18.11234
good,134,418,4.8692,-0.0056,0.5294,-39.32161,-21.15166,-39.32161,-30.23664,-21.91306,-9.30350,-21.91306,-15.60828
good,134,428,4.9339,0.0305,0.5486,-41.93899,-20.26662,-41.93899,-31.10281,-20.91301,-12.26625,-20.91301,-16.58963
good,134,438,4.9821,0.0674,0.5562,-38.23370,-21.27580,-38.23370,-29.75475,-22.04358,-13.16147,-22.04358,-17.60253
good,134,448,5.0708,0.0976,0.5979,-42.62665,-22.47111,-42.62665,-32.54888,-19.74878,-14.91339,-19.74878,-17.33108
good,134,458,5.1540,0.0859,0.5551,-42.75262,-20.75083,-42.75262,-31.75173,-18.60083,-11.19192,-18.60083,-14.89637
good,134,468,5.2232,0.0896,0.6115,-40.65551,-22.41401,-40.65551,-31.53476,-16.85190,-12.55419,-16.85190,-14.70304
good,134,478,5.2866,0.0621,0.6939,-38.16273,-23.75312,-38.16273,-30.95793,-19.56674,-13.51409,-19.56674,-16.54041
good,134,488,5.3592,0.1015,0.5918,-40.66278,-21.25815,-40.66278,-30.96047,-16.83983,-12.12502,-16.83983,-14.48243
good,134,498,5.3980,0.0453,0.5855,-37.85926,-21.83291,-37.85926,-29.84608,-21.34608,-9.44082,-21.34608,-15.39345
good,134,508,5.4639,0.0402,0.5625,-40.59762,-22.23995,-40.59762,-31.41879,-22.21212,-12.63447,-22.21212,-17.42329
good,134,518,5.5443,0.0252,0.5372,-37.76029,-18.09016,-37.76029,-27.92523,-29.83071,-10.99893,-29.83071,-20.41482
good,134,528,5.5809,0.0459,0.6144,-38.88506,-20.53734,-38.88506,-29.71120,-15.97178,-12.22719,-15.97178,-14.09948
good,134,608,5.2594,7.8881,0.4128,-9.43840,-11.63813,-11.63813,-10.53827,-14.50742,-6.17410,-14.50742,-10.34076
good,134,618,2.7780,7.9402,0.4999,-14.03391,-8.97649,-14.03391,-11.50520,-22.59065,-7.76121,-22.59065,-15.17593
good,135,29,2.2975,0.1731,0.5219,-25.76563,-20.35406,-25.76563,-23.05984,-18.52943,-27.24243,-27.24243,-22.88593
good,135,39,2.4899,0.0934,0.6192,-26.83101,-20.57300,-26.83101,-23.70200,-19.03036,-28.64533,-28.64533,-23.83784
good,135,49,2.5698,0.0999,0.5326,-25.89089,-20.97742,-25.89089,-23.43415,-20.22675,-29.33620,-29.33620,-24.78148
good,135,59,2.6342,0.0577,0.6246,-25.41046,-20.35699,-25.41046,-22.88372,-19.91545,-27.91448,-27.91448,-23.91497
good,135,69,2.7200,0.0315,0.5969,-25.60899,-20.15298,-25.60899,-22.88098,-20.68574,-28.00453,-28.00453,-24.34513
good,135,79,2.7820,0.0426,0.5450,-25.97090,-19.25395,-25.97090,-22.61242,-17.78507,-26.93531,-26.93531,-22.36019
good,135,89,2.8621,0.0275,0.6238,-23.71269,-19.57005,-23.71269,-21.64137,-19.13226,-28.01173,-28.01173,-23.57199
good,135,99,2.9152,0.0355,0.4937,-25.25434,-18.36306,-25.25434,-21.80870,-19.33496,-27.38008,-27.38008,-23.35752
good,135,109,2.9762,0.0109,0.6069,-24.26200,-19.91263,-24.26200,-22.08731,-20.44968,-24.69780,-24.69780,-22.57374
good,135,119,3.0358,-0.0235,0.5044,-24.97637,-19.70732,-24.97637,-22.34185,-15.74297,-25.29593,-25.29593,-20.51945
good,135,129,3.1090,-0.0313,0.6547,-24.52836,-19.93563,-24.52836,-22.23199,-19.27677,-21.93331,-21.93331,-20.60504
good,135,139,3.1560,-0.0675,0.5664,-24.38477,-19.67384,-24.38477,-22.02930,-20.61396,-23.37165,-23.37165,-21.99281
good,135,149,3.2060,-0.0568,0.5539,-26.40332,-20.24823,-26.40332,-23.32578,-20.04455,-26.25600,-26.25600,-23.15028
good,135,159,3.2703,-0.0084,0.5397,-28.00045,-19.26321,-28.00045,-23.63183,-24.60646,-23.95922,-24.60646,-24.28284
good,135,169,3.3169,0.0072,0.5044,-26.40868,-20.20077,-26.40868,-23.30472,-24.46796,-29.83518,-29.83518,-27.15157
good,135,179,3.3692,0.0644,0.5312,-28.03156,-19.80402,-28.03156,-23.91779,-21.45955,-26.11777,-26.11777,-23.78866
good,135,189,3.4283,0.0431,0.4228,-29.71367,-18.10265,-29.71367,-23.90816,-18.89399,-25.32219,-25.32219,-22.10809
good,135,199,3.5200,0.0145,0.6164,-28.04226,-16.41529,-28.04226,-22.22878,-20.45775,-22.31268,-22.31268,-21.38522
good,135,209,3.5692,-0.0106,0.5783,-26.10682,-17.03469,-26.10682,-21.57076,-19.52404,-21.05568,-21.05568,-20.28986
good,135,219,3.6498,-0.0327,0.6192,-30.42616,-21.43583,-30.42616,-25.93099,-22.62868,-21.41172,-22.62868,-22.02020
good,135,229,3.7295,-0.0429,0.6117,-31.08659,-20.37143,-31.08659,-25.72901,-21.99591,-20.02328,-21.99591,-21.00959
good,135,239,3.7885,-0.0543,0.6003,-31.57262,-20.95124,-31.57262,-26.26193,-21.44147,-19.39527,-21.44147,-20.41837
good,135,249,3.8526,-0.0268,0.5642,-30.41976,-22.05954,-30.41976,-26.23965,-22.41772,-19.46960,-22.41772,-20.94366
good,135,259,3.9392,0.0155,0.4883,-32.88521,-19.54358,-32.88521,-26.21440,-22.86573,-22.18078,-22.86573,-22.52325
good,135,269,3.9819,0.0329,0.4863,-33.68056,-20.35410,-33.68056,-27.01733,-21.09392,-17.47043,-21.09392,-19.28218
good,135,279,4.0176,0.0056,0.5132,-35.84295,-20.24978,-35.84295,-28.04636,-24.66009,-20.90933,-24.66009,-22.78471
good,135,289,4.0832,-0.0242,0.6744,-34.70061,-20.09305,-34.70061,-27.39683,-25.29752,-19.99432,-25.29752,-22.64592
good,135,299,4.1099,-0.0591,0.5552,-37.00336,-21.91853,-37.00336,-29.46095,-26.28311,-18.44086,-26.28311,-22.36198
good,135,309,4.1806,-0.0270,0.5123,-31.38490,-21.08987,-31.38490,-26.23738,-24.04934,-21.41524,-24.04934,-22.73229
good,135,319,4.2479,0.0016,0.5334,-35.76127,-21.52598,-35.76127,-28.64362,-26.45444,-18.94852,-26.45444,-22.70148
good,135,329,4.3021,0.0210,0.4862,-36.93186,-21.52812,-36.93186,-29.22999,-25.31635,-17.18587,-25.31635,-21.25111
good,135,339,4.4109,-0.0166,0.4723,-33.97655,-21.34545,-33.97655,-27.66100,-25.48033,-18.69029,-25.48033,-22.08531
good,135,349,4.4450,0.0057,0.5896,-38.91847,-21.73621,-38.91847,-30.32734,-24.95373,-21.40913,-24.95373,-23.18143
good,135,359,4.4984,-0.0133,0.5413,-39.00012,-22.41166,-39.00012,-30.70589,-24.63515,-16.23198,-24.63515,-20.43356
good,135,369,4.5421,-0.0292,0.6245,-40.02444,-23.58241,-40.02444,-31.80343,-25.50101,-16.98239,-25.50101,-21.24170
good,135,379,4.5781,-0.0870,0.6288,-38.84791,-22.76758,-38.84791,-30.80775,-25.28975,-15.81293,-25.28975,-20.55134
good,135,389,4.6378,-0.0932,0.5290,-38.13473,-21.46804,-38.13473,-29.80139,-23.39021,-15.62686,-23.39021,-19.50854
good,135,399,4.7108,-0.0891,0.5402,-38.03518,-22.51431,-38.03518,-30.27474,-22.86008,-15.34149,-22.86008,-19.10078
good,135,409,4.7738,-0.0207,0.5806,-38.41524,-24.13451,-38.41524,-31.27488,-26.25400,-16.68364,-26.25400,-21.46882
good,135,419,4.8531,0.0209,0.5632,-41.41030,-23.72765,-41.41030,-32.56897,-21.46609,-21.24012,-21.46609,-21.35310
good,135,429,4.9256,0.0506,0.6111,-41.04923,-22.42545,-41.04923,-31.73734,-22.60279,-19.09981,-22.60279,-20.85130
good,135,439,5.0031,0.0514,0.5707,-39.23719,-23.83216,-39.23719,-31.53468,-20.96825,-19.82120,-20.96825,-20.39473
good,135,449,5.0149,0.0317,0.5943,-41.73059,-25.03591,-41.73059,-33.38325,-21.62071,-18.05665,-21.62071,-19.83868
good,135,459,5.0703,-0.0009,0.7625,-42.58311,-23.71191,-42.58311,-33.14751,-21.13789,-17.25381,-21.13789,-19.19585
good,135,469,5.1287,0.0097,0.5369,-39.11676,-23.52822,-39.11676,-31.32249,-19.77591,-18.09636,-19.77591,-18.93613
good,135,479,5.2115,0.0178,0.5998,-40.80318,-22.12543,-40.80318,-31.46431,-16.96305,-15.38685,-16.96305,-16.17495
good,135,489,5.2810,0.0051,0.5049,-38.76612,-21.84917,-38.76612,-30.30765,-14.29471,-12.24881,-14.29471,-13.27176
good,135,499,5.3605,-0.0095,0.6297,-38.49968,-22.68214,-38.49968,-30.59091,-14.88971,-18.94817,-18.94817,-16.91894
good,135,509,5.4565,-0.0257,0.6078,-38.74358,-21.42612,-38.74358,-30.08485,-15.50999,-15.68212,-15.68212,-15.59606
good,135,519,5.5164,-0.0296,0.4773,-36.26072,-19.60923,-36.26072,-27.93497,-18.01262,-12.77777,-18.01262,-15.39519
good,135,529,5.6120,-0.0310,0.5686,-36.89398,-19.39951,-36.89398,-28.14674,-14.17415,-14.58498,-14.58498,-14.37956
good,135,607,4.9493,7.9412,0.5317,-8.35372,-13.23255,-13.23255,-10.79314,-5.91089,-11.73531,-11.73531,-8.82310
good,135,617,3.8383,8.3306,0.5680,-9.70737,-4.17250,-9.70737,-6.93994,-8.90979,-14.05186,-14.05186,-11.48082
good,136,21,2.2275,1.0128,0.5386,-15.73945,-14.59356,-15.73945,-15.16651,-16.81686,-21.91336,-21.91336,-19.36511
good,136,31,2.9440,1.0515,0.5165,-10.44126,-13.51666,-13.51666,-11.97896,-12.75972,-12.20485,-12.75972,-12.48229
good,136,41,3.4392,1.0724,0.6097,-8.42838,-11.85746,-11.85746,-10.14292,-9.60970,-17.79272,-17.79272,-13.70121
good,136,51,4.0261,0.9375,0.5658,-9.03932,-13.59579,-13.59579,-11.31756,-14.19173,-21.13558,-21.13558,-17.66365
good,136,61,4.2435,0.9542,0.5534,-11.97602,-10.48251,-11.97602,-11.22927,-12.05394,-17.49346,-17.49346,-14.77370
good,136,71,4.4787,0.8887,0.5242,-8.45907,-13.31782,-13.31782,-10.88845,-11.15585,-20.23518,-20.23518,-15.69551
good,136,81,4.7402,0.9479,0.5872,-7.68025,-11.86945,-11.86945,-9.77485,-8.08790,-17.66147,-17.66147,-12.87469
good,136,91,5.1729,0.8847,0.5504,-14.04918,-13.74110,-14.04918,-13.89514,-14.67845,-19.92998,-19.92998,-17.30422
good,136,172,5.9014,7.6531,0.5593,-13.41632,-11.35929,-13.41632,-12.38780,-16.48457,-13.51483,-16.48457,-14.99970
good,136,182,3.6945,8.1694,0.6729,-13.80452,-8.22861,-13.80452,-11.01657,-9.71817,-12.33842,-12.33842,-11.02829
good,137,24,2.2098,0.9998,0.6710,-16.26154,-19.59823,-19.59823,-17.92989,-16.56269,-24.68913,-24.68913,-20.62591
good,137,34,2.6216,0.9098,0.5478,-15.58430,-14.76081,-15.58430,-15.17255,-16.94429,-28.37669,-28.37669,-22.66049
good,137,44,2.8284,0.8417,0.5307,-14.95481,-16.05962,-16.05962,-15.50721,-12.32911,-33.59763,-33.59763,-22.96337
good,137,54,3.0502,0.8225,0.5361,-17.15884,-16.07500,-17.15884,-16.61692,-20.32908,-30.04310,-30.04310,-25.18609
good,137,64,3.2127,0.8068,0.5135,-16.21023,-16.56383,-16.56383,-16.38703,-14.85268,-28.65878,-28.65878,-21.75573
good,137,74,3.3540,0.7802,0.4949,-19.69928,-14.40080,-19.69928,-17.05004,-19.16134,-29.25472,-29.25472,-24.20803
good,137,84,3.5359,0.7457,0.6427,-20.63343,-14.80322,-20.63343,-17.71832,-17.83467,-31.69790,-31.69790,-24.76628
good,137,94,3.6228,0.7621,0.5080,-18.18372,-16.23419,-18.18372,-17.20895,-21.06515,-26.68882,-26.68882,-23.87698
good,137,104,3.7681,0.7411,0.6175,-20.85937,-17.23782,-20.85937,-19.04860,-15.45632,-25.99843,-25.99843,-20.72738
good,137,114,3.8595,0.7640,0.5654,-25.42576,-18.42874,-25.42576,-21.92725,-20.37309,-28.28847,-28.28847,-24.33078
good,137,124,4.0313,0.8243,0.6356,-16.44565,-14.87657,-16.44565,-15.66111,-14.66832,-19.02311,-19.02311,-16.84571
good,137,134,4.2154,0.8672,0.6629,-16.04227,-16.92443,-16.92443,-16.48335,-19.57046,-25.20634,-25.20634,-22.38840
good,137,144,4.2943,0.8415,0.5763,-17.08603,-18.69419,-18.69419,-17.89011,-20.31197,-24.76770,-24.76770,-22.53984
good,137,154,4.3857,0.8403,0.6486,-18.95469,-18.05792,-18.95469,-18.50631,-25.58964,-28.59745,-28.59745,-27.09354
good,137,164,4.5011,0.8612,0.5457,-17.38625,-18.62467,-18.62467,-18.00546,-26.75795,-31.44341,-31.44341,-29.10068
good,137,174,4.7081,0.8279,0.5600,-21.80620,-18.96915,-21.80620,-20.38768,-19.31153,-29.29465,-29.29465,-24.30309
good,137,184,4.7828,0.7689,0.7356,-26.98095,-18.19460,-26.98095,-22.58777,-22.69623,-27.27329,-27.27329,-24.98476
good,137,194,4.9933,0.8886,0.5778,-13.15269,-19.04570,-19.04570,-16.09919,-6.92943,-26.43913,-26.43913,-16.68428
good,137,204,5.2604,0.8391,0.4932,-18.86847,-15.66249,-18.86847,-17.26548,-14.38986,-22.84232,-22.84232,-18.61609
good,137,214,5.4850,0.9374,0.5304,-12.83155,-19.24474,-19.24474,-16.03815,-11.41614,-24.78472,-24.78472,-18.10043
good,137,311,5.0022,8.0424,0.4881,-15.70796,-20.04107,-20.04107,-17.87451,-13.67591,-14.59024,-14.59024,-14.13307
good,137,321,3.9733,8.5310,0.4807,-9.37474,-10.00663,-10.00663,-9.69068,-5.49202,-4.32239,-5.49202,-4.90721
good,137,331,2.6488,8.8483,0.6952,-5.48714,-9.56887,-9.56887,-7.52801,-11.05874,-12.42335,-12.42335,-11.74104
good,137,447,2.8401,8.6178,0.3427,-93.63545,-79.59171,-93.63545,-86.61358,-82.42815,-75.17115,-82.42815,-78.79965
good,137,457,2.6416,8.5356,0.2670,-75.84119,-71.94022,-75.84119,-73.89070,-84.31220,-71.01009,-84.31220,-77.66115
good,137,467,2.7033,8.6057,0.2669,-83.07063,-76.59564,-83.07063,-79.83313,-83.64931,-74.06856,-83.64931,-78.85893
good,137,477,2.6527,8.6185,0.2686,-96.19927,-83.68867,-96.19927,-89.94397,-81.15804,-75.88571,-81.15804,-78.52187
good,137,487,2.6561,8.6173,0.2675,-97.77083,-88.62758,-97.77083,-93.19920,-83.93040,-89.32967,-89.32967,-86.63004
good,137,497,2.6538,8.6139,0.2678,-102.07191,-91.08713,-102.07191,-96.57952,-81.03138,-92.90313,-92.90313,-86.96725
good,137,507,2.6526,8.6136,0.2677,-102.82591,-91.60301,-102.82591,-97.21446,-84.91390,-93.27386,-93.27386,-89.09388
good,137,517,2.6532,8.6125,0.2677,-99.52908,-88.05717,-99.52908,-93.79312,-85.05721,-91.48797,-91.48797,-88.27259
good,137,527,2.6528,8.6121,0.2677,-100.57649,-89.76073,-100.57649,-95.16861,-85.81370,-91.28893,-91.28893,-88.55132
good,137,537,2.6526,8.6113,0.2676,-101.41463,-91.31745,-101.41463,-96.36604,-84.93931,-92.48126,-92.48126,-88.71028
good,137,547,2.6534,8.6101,0.2677,-102.75291,-93.12573,-102.75291,-97.93932,-84.45161,-90.97810,-90.97810,-87.71486
good,137,557,2.6480,8.6088,0.2674,-99.07648,-87.16405,-99.07648,-93.12026,-79.67995,-83.73155,-83.73155,-81.70575
good,137,567,2.6508,8.6080,0.2673,-93.84055,-77.94633,-93.84055,-85.89345,-92.30248,-81.83280,-92.30248,-87.06764
good,137,577,2.6507,8.6077,0.2673,-95.68706,-79.22743,-95.68706,-87.45724,-92.14326,-83.55044,-92.14326,-87.84685
good,137,587,2.6507,8.6070,0.2673,-96.68438,-79.82465,-96.68438,-88.25452,-92.27651,-83.64872,-92.27651,-87.96262
good,137,597,2.6501,8.6062,0.2673,-94.69290,-77.79734,-94.69290,-86.24512,-92.22019,-81.71985,-92.22019,-86.97002
good,137,607,2.6504,8.6060,0.2673,-96.12090,-79.17210,-96.12090,-87.64650,-92.03680,-83.49745,-92.03680,-87.76713
good,137,617,2.6501,8.6049,0.2673,-96.82538,-79.82520,-96.82538,-88.32529,-92.33627,-83.70524,-92.33627,-88.02075
good,137,627,2.6498,8.6041,0.2673,-94.76282,-77.96613,-94.76282,-86.36447,-92.31131,-81.87608,-92.31131,-87.09370
good,137,637,2.6500,8.6038,0.2673,-96.36344,-79.36504,-96.36344,-87.86424,-92.18751,-83.69269,-92.18751,-87.94009
good,137,647,2.6499,8.6031,0.2673,-97.05441,-80.28425,-97.05441,-88.66933,-92.46343,-83.93710,-92.46343,-88.20027
good,137,657,2.6493,8.6024,0.2673,-94.17870,-77.63598,-94.17870,-85.90733,-91.63643,-81.37357,-91.63643,-86.50500
good,137,667,2.6492,8.6021,0.2673,-96.75785,-79.58881,-96.75785,-88.17332,-92.08746,-83.92853,-92.08746,-88.00800
good,137,677,2.6488,8.6011,0.2673,-97.19005,-79.79168,-97.19005,-88.49086,-92.12528,-83.49145,-92.12528,-87.80836
good,137,687,2.6487,8.6006,0.2673,-94.62647,-77.86956,-94.62647,-86.24802,-91.69036,-81.59504,-91.69036,-86.64270
good,137,697,2.6489,8.6003,0.2673,-97.05981,-79.78035,-97.05981,-88.42007,-92.23079,-84.07168,-92.23079,-88.15123
good,137,707,2.6486,8.5994,0.2673,-97.25669,-80.00640,-97.25669,-88.63155,-92.45205,-83.72268,-92.45205,-88.08736
good,137,717,2.6484,8.5988,0.2673,-95.04115,-78.11809,-95.04115,-86.57962,-91.87280,-81.82872,-91.87280,-86.85076
good,137,727,2.6485,8.5983,0.2673,-97.20506,-79.93172,-97.20506,-88.56839,-92.37167,-84.16723,-92.37167,-88.26945
good,137,737,2.6481,8.5973,0.2673,-96.96185,-79.51391,-96.96185,-88.23788,-92.63139,-83.49969,-92.63139,-88.06554
good,137,747,2.6480,8.5968,0.2673,-95.50488,-78.34010,-95.50488,-86.92249,-92.19534,-82.02507,-92.19534,-87.11021
good,137,757,2.6481,8.5961,0.2673,-96.96391,-79.62825,-96.96391,-88.29608,-92.70347,-83.66843,-92.70347,-88.18595
good,137,767,2.6478,8.5950,0.2673,-97.12621,-79.62756,-97.12621,-88.37688,-92.74218,-83.62829,-92.74218,-88.18523
good,137,777,2.6479,8.5945,0.2673,-95.65933,-78.53240,-95.65933,-87.09587,-92.41457,-82.23061,-92.41457,-87.32259
good,137,787,2.6478,8.5939,0.2673,-97.14992,-79.71403,-97.14992,-88.43198,-92.77808,-83.74824,-92.77808,-88.26316
good,137,797,2.6476,8.5928,0.2673,-97.29115,-79.70428,-97.29115,-88.49771,-92.85241,-83.77827,-92.85241,-88.31534
good,138,24,2.2608,0.9729,0.5231,-6.86614,-18.11268,-18.11268,-12.48941,-7.32200,-20.03617,-20.03617,-13.67908
good,138,34,3.3236,0.9798,0.5468,-3.85086,-17.47339,-17.47339,-10.66212,-3.31271,-21.03255,-21.03255,-12.17263
good,138,44,4.0981,0.8639,0.5306,-8.66051,-19.24683,-19.24683,-13.95367,-7.42150,-20.54682,-20.54682,-13.98416
good,138,54,4.4302,0.8164,0.4972,-10.79563,-18.68336,-18.68336,-14.73949,-8.69051,-23.58586,-23.58586,-16.13819
good,138,64,4.6102,0.7807,0.5686,-14.53448,-18.61681,-18.61681,-16.57565,-10.72991,-20.41444,-20.41444,-15.57218
good,138,74,4.7516,0.7294,0.5567,-18.81762,-18.77658,-18.81762,-18.79710,-11.62140,-20.62516,-20.62516,-16.12328
good,138,84,4.8808,0.7344,0.5244,-22.06940,-19.57170,-22.06940,-20.82055,-10.82886,-20.49277,-20.49277,-15.66081
good,138,94,4.9882,0.6964,0.6250,-24.95877,-20.71215,-24.95877,-22.83546,-12.18032,-19.29051,-19.29051,-15.73541
good,138,104,5.0893,0.7104,0.5288,-26.86588,-17.59793,-26.86588,-22.23190,-16.40331,-18.57504,-18.57504,-17.48917
good,138,114,5.1923,0.7012,0.5849,-24.36923,-16.50309,-24.36923,-20.43616,-13.59456,-21.04313,-21.04313,-17.31884
good,138,124,5.3134,0.7876,0.5549,-22.73382,-15.69252,-22.73382,-19.21317,-11.85505,-19.49267,-19.49267,-15.67386
good,138,134,5.5427,0.7988,0.6284,-24.31778,-17.90891,-24.31778,-21.11335,-12.03993,-25.53835,-25.53835,-18.78914
good,138,229,4.9476,7.7413,0.6107,-12.57876,-11.70411,-12.57876,-12.14143,-13.84210,-20.32016,-20.32016,-17.08113
good,138,239,3.5092,7.6214,0.6798,-15.73854,-14.81228,-15.73854,-15.27541,-24.19216,-22.45450,-24.19216,-23.32333
good,139,23,2.2362,0.7380,0.5419,-19.78473,-16.02510,-19.78473,-17.90491,-16.12232,-24.12837,-24.12837,-20.12535
good,139,33,2.4854,0.6388,0.5669,-19.34357,-17.10404,-19.34357,-18.22381,-17.45899,-26.05005,-26.05005,-21.75452
good,139,43,2.5821,0.6329,0.5287,-21.07447,-18.13127,-21.07447,-19.60287,-25.59440,-31.10875,-31.10875,-28.35157
good,139,53,2.6800,0.6996,0.6192,-18.08441,-14.78712,-18.08441,-16.43576,-18.11604,-22.07117,-22.07117,-20.09361
good,139,63,2.7611,0.6871,0.4978,-19.20065,-17.10720,-19.20065,-18.15392,-15.50711,-24.69532,-24.69532,-20.10122
good,139,73,2.9328,0.6958,0.5706,-17.56919,-14.22257,-17.56919,-15.89588,-17.66467,-27.86991,-27.86991,-22.76729
good,139,83,3.0416,0.7636,0.5857,-20.71392,-14.57605,-20.71392,-17.64499,-16.83891,-23.76035,-23.76035,-20.29963
good,139,93,3.1613,0.7007,0.4994,-19.43801,-16.65155,-19.43801,-18.04478,-17.65317,-30.70246,-30.70246,-24.17781
good,139,103,3.2752,0.6910,0.5506,-20.91197,-15.12360,-20.91197,-18.01778,-19.51952,-25.39808,-25.39808,-22.45880
good,139,113,3.3588,0.6481,0.5869,-22.95883,-13.82440,-22.95883,-18.39162,-18.26008,-22.69514,-22.69514,-20.47761
good,139,123,3.4461,0.6692,0.6325,-23.27756,-14.96263,-23.27756,-19.12009,-19.85654,-22.95379,-22.95379,-21.40517
good,139,133,3.5130,0.6014,0.6296,-22.18566,-16.41358,-22.18566,-19.29962,-19.19756,-23.75942,-23.75942,-21.47849
good,139,143,3.6075,0.5875,0.7080,-25.02549,-16.00376,-25.02549,-20.51462,-22.05896,-21.36920,-22.05896,-21.71408
good,139,153,3.6938,0.5687,0.5908,-24.71424,-16.41500,-24.71424,-20.56462,-23.22792,-21.01196,-23.22792,-22.11994
good,139,163,3.7925,0.6075,0.5585,-23.44010,-15.10309,-23.44010,-19.27159,-21.38861,-21.36162,-21.38861,-21.37511
good,139,173,3.8632,0.7036,0.6688,-14.33937,-14.41889,-14.41889,-14.37913,-15.29127,-25.41706,-25.41706,-20.35416
good,139,183,3.9559,0.7786,0.7051,-16.40685,-15.93503,-16.40685,-16.17094,-16.09063,-20.63338,-20.63338,-18.36200
good,139,193,4.2552,1.0821,0.6030,-5.05396,-13.57832,-13.57832,-9.31614,-9.46871,-18.48596,-18.48596,-13.97733
good,139,203,5.0576,1.1450,0.5403,-3.70319,-15.83661,-15.83661,-9.76990,-7.88765,-19.34077,-19.34077,-13.61421
good,139,290,5.2408,8.5301,0.5472,-12.35040,-9.27243,-12.35040,-10.81142,-5.50490,-19.50385,-19.50385,-12.50438
good,139,300,3.4362,8.6066,0.5660,-4.73821,-8.79008,-8.79008,-6.76414,-14.08195,-15.16579,-15.16579,-14.62387
good,140,23,2.2372,1.1726,0.5795,-9.97497,-15.96596,-15.96596,-12.97046,-8.53256,-21.41766,-21.41766,-14.97511
good,140,33,3.1410,1.0984,0.5353,-8.97543,-17.29939,-17.29939,-13.13741,-10.13965,-20.63281,-20.63281,-15.38623
good,140,43,3.7777,1.1097,0.5583,-4.68499,-16.16574,-16.16574,-10.42537,-10.49111,-18.21307,-18.21307,-14.35209
good,140,53,4.3454,0.9989,0.5974,-6.45484,-10.40783,-10.40783,-8.43133,-8.02069,-20.99823,-20.99823,-14.50946
good,140,63,4.8074,0.9731,0.5501,-8.81720,-11.53390,-11.53390,-10.17555,-9.21235,-16.59399,-16.59399,-12.90317
good,140,73,5.2517,0.9503,0.6381,-7.28075,-16.79102,-16.79102,-12.03589,-5.48882,-17.69425,-17.69425,-11.59153
good,140,172,5.3659,8.4908,0.6140,-7.69281,-18.27900,-18.27900,-12.98591,-10.02776,-17.58761,-17.58761,-13.80769
good,140,182,4.5349,8.3836,0.7994,-11.19116,-11.48622,-11.48622,-11.33869,-9.77670,-4.45470,-9.77670,-7.11570
good,140,192,3.7298,8.4842,0.4725,-4.91534,-9.32867,-9.32867,-7.12200,-15.18617,-12.86612,-15.18617,-14.02615
good,140,234,2.6431,8.9015,0.2815,-45.04956,-50.16188,-50.16188,-47.60572,-34.70148,-47.53809,-47.53809,-41.11979
good,140,244,2.6400,8.7949,0.2666,-36.61283,-40.56956,-40.56956,-38.59119,-55.68570,-38.23323,-55.68570,-46.95947
good,140,254,2.7720,8.9318,0.2666,-66.90653,-57.71419,-66.90653,-62.31036,-63.68661,-56.92051,-63.68661,-60.30356
good,140,264,2.8189,8.8813,0.2670,-47.96639,-44.92817,-47.96639,-46.44728,-78.07307,-50.98186,-78.07307,-64.52747
good,140,274,2.7040,8.8958,0.2671,-41.17902,-40.46618,-41.17902,-40.82260,-51.02996,-43.31671,-51.02996,-47.17333
good,140,284,2.7404,8.8861,0.2669,-27.13894,-32.43795,-32.43795,-29.78844,-51.86415,-39.00787,-51.86415,-45.43601
good,140,294,2.7186,8.8888,0.2667,-26.25759,-37.47205,-37.47205,-31.86481,-50.08801,-42.71622,-50.08801,-46.40211
good,140,304,2.7266,8.8914,0.2669,-40.54533,-49.59576,-49.59576,-45.07055,-66.68493,-39.09874,-66.68493,-52.89183
good,140,314,2.6671,8.9035,0.2698,-19.36103,-35.16327,-35.16327,-27.26215,-58.18893,-37.23721,-58.18893,-47.71307
good,140,324,2.6602,8.9007,0.2662,-16.27783,-29.97490,-29.97490,-23.12637,-43.49997,-10.05295,-43.49997,-26.77646
good,140,334,2.6723,8.9039,0.2669,-22.68686,-31.39955,-31.39955,-27.04320,-52.49891,-36.84499,-52.49891,-44.67195
good,140,344,2.6238,8.9170,0.2667,-21.89278,-33.00142,-33.00142,-27.44710,-49.54189,-29.32336,-49.54189,-39.43262
good,140,354,2.5813,8.9213,0.2682,-34.29990,-34.24993,-34.29990,-34.27491,-49.12172,-32.19193,-49.12172,-40.65682
good,140,364,2.5693,8.9379,0.2700,-22.73954,-27.08185,-27.08185,-24.91069,-53.88671,-28.21086,-53.88671,-41.04879
good,140,374,2.6342,8.9750,0.2704,-24.92050,-44.04649,-44.04649,-34.48350,-42.98853,-46.49033,-46.49033,-44.73943
good,140,384,2.5523,8.9543,0.2646,-41.93683,-51.64065,-51.64065,-46.78874,-63.32327,-53.94317,-63.32327,-58.63322
good,140,394,2.6421,8.9031,0.2676,-35.47874,-33.44166,-35.47874,-34.46020,-42.00806,-37.16770,-42.00806,-39.58788
good,140,404,2.5116,8.9668,0.2684,-31.17159,-46.13360,-46.13360,-38.65260,-59.71445,-48.61487,-59.71445,-54.16466
good,140,414,2.6051,8.9437,0.2663,-34.85522,-26.93726,-34.85522,-30.89624,-50.69111,-42.09813,-50.69111,-46.39462
good,140,424,2.6340,9.0070,0.2633,-35.93106,-47.40060,-47.40060,-41.66583,-66.77795,-51.26405,-66.77795,-59.02100
good,140,434,2.7753,8.9735,0.2669,-48.69761,-47.96474,-48.69761,-48.33118,-49.20926,-51.03017,-51.03017,-50.11971
good,140,444,2.7499,8.9251,0.2668,-32.59218,-42.65890,-42.65890,-37.62554,-54.37320,-39.18321,-54.37320,-46.77820
good,140,454,2.7800,8.9730,0.2668,-33.07269,-46.66934,-46.66934,-39.87101,-56.86533,-54.78168,-56.86533,-55.82351
good,140,464,2.6409,8.9422,0.2674,-49.71964,-49.43971,-49.71964,-49.57967,-53.45044,-46.81006,-53.45044,-50.13025
good,140,474,2.7224,8.9742,0.2660,-20.72565,-41.23517,-41.23517,-30.98041,-51.86044,-51.43838,-51.86044,-51.64941
good,140,484,2.5907,8.9273,0.2805,-48.65717,-55.78750,-55.78750,-52.22234,-74.84906,-62.03479,-74.84906,-68.44193
good,140,494,2.6721,8.9273,0.2668,-38.78826,-43.42312,-43.42312,-41.10569,-47.17185,-54.24331,-54.24331,-50.70758
good,140,504,2.7593,9.0772,0.2674,-54.11064,-50.64093,-54.11064,-52.37579,-69.56703,-57.69366,-69.56703,-63.63034
good,140,514,2.6803,8.8686,0.2680,-20.91560,-36.73430,-36.73430,-28.82495,-78.57500,-39.68906,-78.57500,-59.13203
good,140,524,2.7255,8.9696,0.2669,-50.15522,-50.60202,-50.60202,-50.37862,-73.07995,-56.21371,-73.07995,-64.64683
good,140,534,2.7492,8.9677,0.2667,-38.23946,-54.40762,-54.40762,-46.32354,-64.81357,-45.20742,-64.81357,-55.01050
good,140,544,2.6944,9.0527,0.2708,-41.75681,-42.60693,-42.60693,-42.18187,-91.63913,-57.33217,-91.63913,-74.48565
good,140,554,2.9012,8.9455,0.2766,-68.32944,-63.03680,-68.32944,-65.68312,-85.73488,-62.98331,-85.73488,-74.35909
good,140,564,3.0610,8.9324,0.2669,-62.39819,-66.99905,-66.99905,-64.69862,-71.98217,-79.60722,-79.60722,-75.79469
good,140,574,3.1514,8.8514,0.2665,-47.00348,-51.18839,-51.18839,-49.09593,-75.26813,-64.55959,-75.26813,-69.91386
good,140,584,3.0928,8.7911,0.2666,-51.50454,-57.29246,-57.29246,-54.39850,-80.19147,-66.68387,-80.19147,-73.43767
good,140,594,3.0572,8.8370,0.2667,-47.04207,-56.36014,-56.36014,-51.70110,-75.26973,-54.68033,-75.26973,-64.97503
good,140,604,3.1398,8.8087,0.2671,-56.63163,-56.51179,-56.63163,-56.57171,-76.68083,-44.60161,-76.68083,-60.64122
good,140,614,3.4069,9.0856,0.2671,-60.50962,-54.82453,-60.50962,-57.66708,-81.21864,-66.34007,-81.21864,-73.77936
good,140,624,3.3139,8.7381,0.2611,-65.21237,-71.19442,-71.19442,-68.20340,-97.81898,-84.20362,-97.81898,-91.01130
good,140,634,3.3621,8.6678,0.2676,-56.80583,-48.75866,-56.80583,-52.78224,-74.66992,-62.32682,-74.66992,-68.49837
good,140,644,3.2561,8.7292,0.2666,-68.07097,-72.37704,-72.37704,-70.22400,-98.51476,-66.67780,-98.51476,-82.59628
good,140,654,3.3602,8.8421,0.2670,-66.00540,-57.47153,-66.00540,-61.73846,-93.22171,-49.73083,-93.22171,-71.47627
good,140,664,3.4392,8.8001,0.2667,-59.54638,-41.14347,-59.54638,-50.34492,-78.93234,-71.03027,-78.93234,-74.98131
good,140,674,3.4132,8.8651,0.2690,-68.07146,-56.75294,-68.07146,-62.41220,-90.70646,-72.44788,-90.70646,-81.57716
good,140,684,3.5714,8.7050,0.2676,-56.77303,-42.98377,-56.77303,-49.87840,-66.79808,-60.94571,-66.79808,-63.87189
good,140,694,3.4711,8.8822,0.2668,-52.42572,-47.48302,-52.42572,-49.95437,-90.22292,-72.61416,-90.22292,-81.41853
good,140,704,3.2717,8.6443,0.2675,-66.47547,-67.20525,-67.20525,-66.84036,-87.95760,-77.55128,-87.95760,-82.75444
good,140,714,3.3397,8.8023,0.2658,-82.11421,-59.66185,-82.11421,-70.88803,-105.25578,-60.18301,-105.25578,-82.71939
good,140,724,3.4298,8.6539,0.2666,-46.82367,-47.15759,-47.15759,-46.99063,-64.79971,-51.07468,-64.79971,-57.93719
good,140,734,3.2168,8.7600,0.2664,-65.90432,-70.02033,-70.02033,-67.96233,-93.84398,-79.32839,-93.84398,-86.58618
good,140,744,3.2083,8.7731,0.2685,-70.41191,-58.78745,-70.41191,-64.59968,-103.57992,-61.26533,-103.57992,-82.42262
good,140,754,3.2104,8.8075,0.2675,-77.23398,-66.91936,-77.23398,-72.07667,-107.56698,-79.89066,-107.56698,-93.72882
good,140,764,3.2264,8.8181,0.2671,-82.73721,-62.85891,-82.73721,-72.79807,-113.84300,-79.44899,-113.84300,-96.64600
good,140,774,3.2967,8.6926,0.2673,-72.63767,-62.48000,-72.63767,-67.55884,-89.82920,-71.66714,-89.82920,-80.74817
good,140,784,3.1792,8.7678,0.2695,-80.13579,-70.88213,-80.13579,-75.50896,-98.32168,-79.06110,-98.32168,-88.69139
good,140,794,3.3703,8.7360,0.2667,-64.31282,-51.78867,-64.31282,-58.05074,-70.97653,-65.03201,-70.97653,-68.00427
good,141,25,2.2734,1.1654,0.5171,-3.88982,-11.33197,-11.33197,-7.61089,-6.74174,-16.75117,-16.75117,-11.74645
good,141,35,3.1217,0.9006,0.5535,-6.90269,-14.88957,-14.88957,-10.89613,-10.02349,-11.99993,-11.99993,-11.01171
good,141,45,3.5779,0.8955,0.5670,-6.96242,-12.72862,-12.72862,-9.84552,-5.09099,-15.37791,-15.37791,-10.23445
good,141,55,3.8888,0.8913,0.5812,-7.25528,-13.09627,-13.09627,-10.17578,-7.44368,-14.42605,-14.42605,-10.93487
good,141,65,4.5647,0.9095,0.5197,-3.48115,-13.38725,-13.38725,-8.43420,-1.51425,-14.74225,-14.74225,-8.12825
good,141,75,5.0896,0.8466,0.5794,-8.59622,-15.51755,-15.51755,-12.05689,-7.19208,-14.19174,-14.19174,-10.69191
good,141,154,5.7237,8.5587,0.5893,-5.96065,-5.74204,-5.96065,-5.85135,-0.37979,-8.94760,-8.94760,-4.66369
good,141,164,4.4969,8.5358,0.4192,-9.56771,-13.70403,-13.70403,-11.63587,-5.64411,-10.23616,-10.23616,-7.94013
good,141,174,2.7695,8.1189,0.5307,-11.57440,-15.30442,-15.30442,-13.43941,-11.21346,-18.35885,-18.35885,-14.78615
good,142,24,2.1980,-1.0345,0.5172,-9.66476,-11.67682,-11.67682,-10.67079,-11.06758,-13.68576,-13.68576,-12.37667
good,142,34,3.1187,-0.8557,0.6284,-10.85578,-9.74740,-10.85578,-10.30159,-12.25456,-11.77318,-12.25456,-12.01387
good,142,44,3.4526,-0.7765,0.5396,-10.36223,-8.78122,-10.36223,-9.57172,-11.13659,-11.72432,-11.72432,-11.43046
good,142,54,3.6429,-0.7722,0.5846,-11.05422,-8.69924,-11.05422,-9.87673,-11.62991,-9.48402,-11.62991,-10.55696
good,142,64,3.8037,-0.7471,0.5525,-10.06684,-8.36674,-10.06684,-9.21679,-11.12924,-7.60967,-11.12924,-9.36946
good,142,74,3.9602,-0.7560,0.6201,-11.96994,-7.55399,-11.96994,-9.76197,-11.24318,-10.62326,-11.24318,-10.93322
good,142,84,4.1115,-0.8225,0.5447,-10.92908,-8.84844,-10.92908,-9.88876,-12.01246,-11.92870,-12.01246,-11.97058
good,142,94,4.2461,-0.8152,0.6717,-12.09624,-8.59956,-12.09624,-10.34790,-12.83797,-11.60148,-12.83797,-12.21972
good,142,104,4.3961,-0.6944,0.5280,-12.33829,-9.16382,-12.33829,-10.75106,-12.78160,-9.71025,-12.78160,-11.24593
good,142,114,4.5449,-0.7360,0.4776,-11.39944,-10.00037,-11.39944,-10.69990,-15.21012,-13.65881,-15.21012,-14.43446
good,142,124,4.6864,-0.7893,0.5657,-15.07122,-10.27003,-15.07122,-12.67062,-14.10201,-13.31459,-14.10201,-13.70830
good,142,134,4.8024,-0.7580,0.5670,-12.95286,-8.00915,-12.95286,-10.48100,-11.33113,-10.58000,-11.33113,-10.95556
good,142,144,5.0077,-0.7659,0.5326,-12.99458,-9.28184,-12.99458,-11.13821,-13.16612,-12.90577,-13.16612,-13.03594
good,142,154,5.1471,-0.7716,0.5143,-11.99511,-8.66188,-11.99511,-10.32850,-10.91109,-12.76311,-12.76311,-11.83710
good,142,164,5.3393,-0.7538,0.6023,-13.29330,-8.93766,-13.29330,-11.11548,-8.24763,-10.34582,-10.34582,-9.29673
good,142,174,5.4999,-0.7337,0.5777,-14.22077,-6.68401,-14.22077,-10.45239,-10.65704,-10.14803,-10.65704,-10.40254
good,142,262,5.4247,8.0647,0.5062,-10.44771,-9.49205,-10.44771,-9.96988,-8.26141,-7.95199,-8.26141,-8.10670
good,142,272,3.8802,7.7204,0.5112,-14.83146,-13.12199,-14.83146,-13.97672,-10.86069,-6.07599,-10.86069,-8.46834
good,143,24,2.2410,1.1150,0.5258,-10.28953,-15.38110,-15.38110,-12.83532,-8.03148,-19.04671,-19.04671,-13.53909
good,143,34,3.2668,1.0391,0.5894,-4.38088,-11.46097,-11.46097,-7.92092,-4.96316,-13.69373,-13.69373,-9.32844
good,143,44,3.8319,1.0942,0.4913,-6.94317,-14.14908,-14.14908,-10.54613,-7.73272,-17.72883,-17.72883,-12.73077
good,143,54,4.3185,1.1218,0.5252,-4.34241,-13.84205,-13.84205,-9.09223,-5.71322,-17.47124,-17.47124,-11.59223
good,143,64,4.9931,1.0445,0.5353,-8.77559,-13.85560,-13.85560,-11.31560,-7.94632,-19.56176,-19.56176,-13.75404
good,143,74,5.3847,0.9551,0.5298,-11.69546,-15.54020,-15.54020,-13.61783,-10.39622,-19.37537,-19.37537,-14.88579
good,143,162,5.6271,7.9574,0.5438,-13.87456,-10.13837,-13.87456,-12.00647,-12.27991,-10.66716,-12.27991,-11.47354
good,143,172,4.7794,8.3231,0.5437,-13.15401,-11.95312,-13.15401,-12.55357,-19.59890,-15.82685,-19.59890,-17.71288
good,143,182,3.5746,7.5159,0.4257,-12.02040,-12.28564,-12.28564,-12.15302,-10.81153,-9.90396,-10.81153,-10.35774
good,144,22,2.2818,1.0324,0.4475,-14.12823,-14.20091,-14.20091,-14.16457,-12.19889,-29.08332,-29.08332,-20.64111
good,144,32,2.8011,0.9590,0.5743,-14.33849,-14.96490,-14.96490,-14.65170,-13.32361,-25.26925,-25.26925,-19.29643
good,144,42,3.1141,0.8975,0.5238,-12.64494,-15.98633,-15.98633,-14.31564,-12.22958,-26.17549,-26.17549,-19.20254
good,144,52,3.3748,0.8714,0.5560,-14.32683,-17.13121,-17.13121,-15.72902,-17.00035,-22.86955,-22.86955,-19.93495
good,144,62,3.5567,0.8043,0.5503,-18.77468,-15.74072,-18.77468,-17.25770,-16.33979,-27.26112,-27.26112,-21.80046
good,144,72,3.6962,0.7565,0.5306,-22.57206,-17.11954,-22.57206,-19.84580,-15.05016,-23.26764,-23.26764,-19.15890
good,144,82,3.8273,0.7419,0.5923,-20.24756,-15.23136,-20.24756,-17.73946,-16.69732,-23.65099,-23.65099,-20.17416
good,144,92,3.9225,0.7315,0.6497,-26.06410,-21.82286,-26.06410,-23.94348,-17.51910,-27.25170,-27.25170,-22.38540
good,144,102,4.0182,0.6913,0.4173,-25.31876,-20.36727,-25.31876,-22.84301,-22.96168,-25.09663,-25.09663,-24.02916
good,144,112,4.1459,0.7638,0.5500,-21.54035,-19.58724,-21.54035,-20.56379,-15.59533,-23.91231,-23.91231,-19.75382
good,144,122,4.2393,0.7536,0.6112,-25.92559,-18.85485,-25.92559,-22.39022,-16.04187,-24.73862,-24.73862,-20.39024
good,144,132,4.3459,0.6621,0.5645,-30.54970,-22.60509,-30.54970,-26.57740,-20.44483,-26.82433,-26.82433,-23.63457
good,144,142,4.4545,0.7066,0.5915,-29.89557,-21.13570,-29.89557,-25.51563,-16.99112,-26.04678,-26.04678,-21.51895
good,144,152,4.5478,0.6858,0.5256,-30.29894,-21.72916,-30.29894,-26.01405,-16.11380,-26.04709,-26.04709,-21.08045
good,144,162,4.6878,0.6551,0.5379,-28.95252,-21.69884,-28.95252,-25.32568,-20.29445,-24.80622,-24.80622,-22.55034
good,144,172,4.8061,0.6598,0.5193,-33.65421,-18.94905,-33.65421,-26.30163,-16.43584,-23.17965,-23.17965,-19.80775
good,144,182,4.9112,0.6154,0.5634,-32.12843,-21.73880,-32.12843,-26.93362,-15.85453,-19.86471,-19.86471,-17.85962
good,144,192,5.0101,0.6154,0.5361,-34.19486,-21.17688,-34.19486,-27.68587,-16.31989,-26.71288,-26.71288,-21.51639
good,144,202,5.0982,0.6264,0.6081,-31.73166,-22.39731,-31.73166,-27.06448,-14.85489,-22.68626,-22.68626,-18.77058
good,144,212,5.1720,0.7090,0.5650,-27.80968,-19.66303,-27.80968,-23.73636,-15.97666,-29.60169,-29.60169,-22.78917
good,144,222,5.2609,0.7248,0.5795,-21.71301,-15.49457,-21.71301,-18.60379,-9.18187,-30.83161,-30.83161,-20.00674
good,144,232,5.3491,0.8049,0.5642,-23.62947,-17.11927,-23.62947,-20.37437,-9.48685,-28.09169,-28.09169,-18.78927
good,144,242,5.4802,0.8465,0.6313,-23.87569,-19.90294,-23.87569,-21.88931,-10.15617,-24.09456,-24.09456,-17.12537
good,144,252,5.5843,0.8375,0.5803,-25.56973,-19.55181,-25.56973,-22.56077,-13.70350,-28.31438,-28.31438,-21.00894
good,144,335,4.1417,7.8291,0.7236,-15.32098,-21.12040,-21.12040,-18.22069,-23.78348,-25.87716,-25.87716,-24.83032
good,144,345,3.8299,7.4231,0.5425,-20.58912,-17.40521,-20.58912,-18.99716,-18.31907,-30.05614,-30.05614,-24.18761
good,144,355,2.7592,8.6506,0.4856,-5.52895,-10.42850,-10.42850,-7.97873,-19.58252,-16.52033,-19.58252,-18.05143
good,145,24,2.2074,1.1803,0.5884,-8.57657,-15.29454,-15.29454,-11.93556,-5.84584,-20.62610,-20.62610,-13.23597
good,145,34,3.0364,1.0518,0.5657,-5.59616,-13.73525,-13.73525,-9.66571,-7.20292,-16.27635,-16.27635,-11.73963
good,145,44,3.6354,1.1221,0.5774,-6.63975,-14.96008,-14.96008,-10.79992,-4.33553,-16.78392,-16.78392,-10.55973
good,145,54,4.3020,1.0014,0.5987,-3.56727,-13.12020,-13.12020,-8.34373,-6.35516,-13.33951,-13.33951,-9.84733
good,145,64,4.7403,1.1123,0.5280,-5.53993,-13.74115,-13.74115,-9.64054,-9.49968,-17.88928,-17.88928,-13.69448
good,145,74,5.5606,1.0318,0.5527,-9.92943,-15.51205,-15.51205,-12.72074,-7.41301,-16.41361,-16.41361,-11.91331
good,145,155,4.5120,7.7539,0.5268,-10.98893,-12.44553,-12.44553,-11.71723,-10.42409,-20.71036,-20.71036,-15.56723
good,145,165,3.4003,8.8537,0.6669,-6.37181,-14.15467,-14.15467,-10.26324,-3.88343,-8.62218,-8.62218,-6.25280
good,145,528,2.4088,8.9708,0.5519,-16.28808,-4.47387,-16.28808,-10.38098,-19.26352,-22.57912,-22.57912,-20.92132
good,145,538,2.8407,8.8293,0.5797,-14.91928,-11.42151,-14.91928,-13.17040,-12.12181,-17.59642,-17.59642,-14.85912
good,145,548,3.0629,8.9606,0.5586,5.23147,-7.30060,-7.30060,-1.03457,-5.50065,-7.47150,-7.47150,-6.48608
good,145,558,2.9367,8.8691,0.6078,-6.05080,-0.83006,-6.05080,-3.44043,-17.76716,-17.95651,-17.95651,-17.86184
good,145,568,2.4534,8.9012,0.4844,-0.30933,-1.14147,-1.14147,-0.72540,-16.33692,-17.55067,-17.55067,-16.94380
good,145,578,2.7836,8.9191,0.5683,-0.68308,-6.78437,-6.78437,-3.73372,-14.67204,-15.95766,-15.95766,-15.31485
good,146,29,2.2665,0.1555,0.5835,-20.28202,-18.03869,-20.28202,-19.16036,-15.25528,-21.14191,-21.14191,-18.19860
good,146,39,2.4815,0.0930,0.5301,-20.29988,-17.20090,-20.29988,-18.75039,-16.34664,-24.06824,-24.06824,-20.20744
good,146,49,2.5517,0.0905,0.4809,-20.50056,-15.81550,-20.50056,-18.15803,-16.57392,-23.90222,-23.90222,-20.23807
good,146,59,2.6095,0.1045,0.5425,-21.32678,-16.45131,-21.32678,-18.88905,-14.09903,-24.21832,-24.21832,-19.15867
good,146,69,2.6998,0.0662,0.5556,-20.81057,-16.95692,-20.81057,-18.88375,-16.70816,-22.81453,-22.81453,-19.76134
good,146,79,2.7555,0.0481,0.5742,-21.08270,-17.19898,-21.08270,-19.14084,-15.46975,-23.17772,-23.17772,-19.32374
good,146,89,2.8187,0.0966,0.6018,-21.25760,-15.75441,-21.25760,-18.50600,-16.19100,-21.21256,-21.21256,-18.70178
good,146,99,2.8958,0.0799,0.5512,-19.58844,-16.17890,-19.58844,-17.88367,-15.60329,-24.17799,-24.17799,-19.89064
good,146,109,2.9685,0.0623,0.5771,-19.80725,-15.08344,-19.80725,-17.44535,-15.31433,-22.14808,-22.14808,-18.73121
good,146,119,3.0378,0.0432,0.6112,-21.34819,-17.50519,-21.34819,-19.42669,-17.69588,-22.55987,-22.55987,-20.12788
good,146,129,3.1106,0.0536,0.5167,-20.63564,-15.55939,-20.63564,-18.09752,-17.33686,-21.63594,-21.63594,-19.48640
good,146,139,3.1629,0.0288,0.5663,-21.92596,-16.70030,-21.92596,-19.31313,-16.91728,-23.83802,-23.83802,-20.37765
good,146,149,3.2026,-0.0231,0.5807,-20.51847,-17.00434,-20.51847,-18.76140,-17.83955,-19.98816,-19.98816,-18.91386
good,146,159,3.2676,-0.0606,0.7101,-20.03982,-16.26865,-20.03982,-18.15423,-15.19243,-16.38139,-16.38139,-15.78691
good,146,169,3.3377,-0.0564,0.5125,-21.33125,-17.20081,-21.33125,-19.26603,-17.35778,-20.08717,-20.08717,-18.72247
good,146,179,3.3916,-0.0518,0.5176,-25.30080,-17.33909,-25.30080,-21.31994,-20.88929,-21.18360,-21.18360,-21.03644
good,146,189,3.4410,0.0168,0.5219,-23.67926,-16.47659,-23.67926,-20.07793,-18.01278,-19.52655,-19.52655,-18.76966
good,146,199,3.5007,0.0392,0.5904,-24.76225,-17.21861,-24.76225,-20.99043,-19.72103,-22.00523,-22.00523,-20.86313
good,146,209,3.5871,0.0508,0.5507,-22.85357,-16.19817,-22.85357,-19.52587,-19.13282,-16.56872,-19.13282,-17.85077
good,146,219,3.6313,0.0529,0.5661,-27.17719,-15.73508,-27.17719,-21.45613,-22.48233,-18.68185,-22.48233,-20.58209
good,146,229,3.6905,0.0383,0.6159,-27.57878,-17.41929,-27.57878,-22.49903,-18.27366,-15.37951,-18.27366,-16.82659
good,146,239,3.7661,0.0139,0.6556,-26.14717,-15.24216,-26.14717,-20.69466,-22.19837,-17.53143,-22.19837,-19.86489
good,146,249,3.8118,0.0621,0.5594,-27.14951,-17.03205,-27.14951,-22.09078,-21.69412,-16.59970,-21.69412,-19.14691
good,146,259,3.8665,0.0573,0.5305,-27.79248,-16.28191,-27.79248,-22.03719,-19.38212,-17.71689,-19.38212,-18.54951
good,146,269,3.9411,0.0442,0.6984,-30.47725,-18.16223,-30.47725,-24.31974,-21.68069,-17.29722,-21.68069,-19.48895
good,146,279,4.0209,0.0600,0.7115,-29.74639,-17.69138,-29.74639,-23.71889,-22.66494,-16.91881,-22.66494,-19.79187
good,146,289,4.0643,0.0765,0.4869,-29.98670,-15.84143,-29.98670,-22.91407,-19.40915,-18.66505,-19.40915,-19.03710
good,146,299,4.1299,0.0832,0.6113,-32.35779,-18.56764,-32.35779,-25.46272,-20.39710,-17.27377,-20.39710,-18.83543
good,146,309,4.1749,0.0877,0.4603,-32.49993,-18.81754,-32.49993,-25.65874,-22.15036,-17.45508,-22.15036,-19.80272
good,146,319,4.2415,0.0451,0.6094,-28.92733,-18.83745,-28.92733,-23.88239,-17.29079,-16.83630,-17.29079,-17.06355
good,146,329,4.2987,0.0516,0.5612,-33.66261,-18.14610,-33.66261,-25.90435,-20.51954,-15.62748,-20.51954,-18.07351
good,146,339,4.3848,0.0400,0.5812,-30.83444,-18.62538,-30.83444,-24.72991,-20.92952,-17.46468,-20.92952,-19.19710
good,146,349,4.4326,0.0164,0.6759,-32.53404,-20.45858,-32.53404,-26.49631,-21.54772,-16.24650,-21.54772,-18.89711
good,146,359,4.5068,0.0497,0.5260,-33.13171,-20.49502,-33.13171,-26.81337,-21.95085,-16.18912,-21.95085,-19.06998
good,146,369,4.5613,0.0776,0.5555,-33.92403,-18.21780,-33.92403,-26.07092,-23.30414,-17.80503,-23.30414,-20.55458
good,146,379,4.6387,0.0689,0.5497,-35.16578,-19.84485,-35.16578,-27.50531,-18.15321,-14.29456,-18.15321,-16.22388
good,146,389,4.7103,0.0534,0.5455,-34.82805,-19.13407,-34.82805,-26.98106,-16.64757,-16.32943,-16.64757,-16.48850
good,146,399,4.7592,0.0256,0.5629,-35.98032,-18.93408,-35.98032,-27.45720,-20.70607,-12.56360,-20.70607,-16.63483
good,146,409,4.8430,-0.0206,0.5549,-34.94291,-19.04952,-34.94291,-26.99621,-16.79688,-12.59180,-16.79688,-14.69434
good,146,419,4.8962,-0.0207,0.5123,-32.19346,-21.86820,-32.19346,-27.03083,-18.61720,-15.18454,-18.61720,-16.90087
good,146,429,4.9605,-0.0202,0.6210,-34.75452,-18.90102,-34.75452,-26.82777,-17.73538,-13.15686,-17.73538,-15.44612
good,146,439,5.0344,-0.0167,0.5582,-33.06069,-18.20974,-33.06069,-25.63522,-16.87611,-13.87345,-16.87611,-15.37478
good,146,449,5.0947,0.0289,0.6339,-32.61807,-18.47421,-32.61807,-25.54614,-13.91927,-15.71928,-15.71928,-14.81927
good,146,459,5.1496,0.1066,0.5517,-36.37983,-19.63223,-36.37983,-28.00603,-14.40865,-15.33896,-15.33896,-14.87380
good,146,469,5.2350,0.0973,0.5894,-34.80433,-19.03049,-34.80433,-26.91741,-9.82811,-16.73206,-16.73206,-13.28008
good,146,479,5.3039,0.0854,0.6560,-35.35537,-20.04772,-35.35537,-27.70154,-14.39896,-13.66014,-14.39896,-14.02955
good,146,489,5.3700,0.0723,0.4947,-32.29171,-18.83965,-32.29171,-25.56568,-8.25998,-11.22338,-11.22338,-9.74168
good,146,499,5.4479,0.0548,0.5876,-33.04109,-18.36089,-33.04109,-25.70099,-9.83497,-13.12891,-13.12891,-11.48194
good,146,509,5.4978,0.0377,0.5731,-30.49457,-19.39372,-30.49457,-24.94414,-9.35914,-11.40452,-11.40452,-10.38183
good,146,519,5.5473,-0.0295,0.5374,-27.40944,-16.29996,-27.40944,-21.85470,-7.06492,-10.50234,-10.50234,-8.78363
good,146,529,5.5922,-0.0351,0.5619,-29.38513,-15.05313,-29.38513,-22.21913,-6.67440,-9.09629,-9.09629,-7.88535
good,146,613,4.9252,8.4234,0.5735,-7.20351,-11.93002,-11.93002,-9.56676,-5.10859,-13.07508,-13.07508,-9.09184
good,146,623,3.4820,8.0394,0.6066,-10.10900,-14.72150,-14.72150,-12.41525,-15.56951,-20.34245,-20.34245,-17.95598
good,147,21,2.2002,1.1651,0.5385,-8.93268,-17.20226,-17.20226,-13.06747,-10.02333,-22.11384,-22.11384,-16.06859
good,147,31,2.7912,0.8915,0.5824,-12.43169,-13.92010,-13.92010,-13.17589,-11.92975,-20.99032,-20.99032,-16.46004
good,147,41,2.8485,0.7995,0.5650,-15.51826,-15.17052,-15.51826,-15.34439,-14.31032,-28.01345,-28.01345,-21.16189
good,147,51,2.9770,0.8440,0.5507,-14.37712,-14.25493,-14.37712,-14.31602,-14.68964,-28.20667,-28.20667,-21.44815
good,147,61,3.1521,0.8454,0.5268,-16.67837,-14.27755,-16.67837,-15.47796,-13.87281,-23.11686,-23.11686,-18.49483
good,147,71,3.3364,0.7724,0.5483,-14.65687,-19.20427,-19.20427,-16.93057,-19.33492,-25.14609,-25.14609,-22.24050
good,147,81,3.4789,0.7092,0.5465,-18.54248,-17.13078,-18.54248,-17.83663,-16.86926,-27.93867,-27.93867,-22.40396
good,147,91,3.5990,0.7532,0.5377,-16.88056,-14.50220,-16.88056,-15.69138,-15.31245,-23.84931,-23.84931,-19.58088
good,147,101,3.7342,0.7412,0.5593,-21.14614,-16.08362,-21.14614,-18.61488,-14.34826,-24.63846,-24.63846,-19.49336
good,147,111,3.8734,0.7347,0.5696,-23.29642,-17.92094,-23.29642,-20.60868,-16.78765,-25.16062,-25.16062,-20.97414
good,147,121,3.9482,0.6999,0.5527,-21.93284,-15.63940,-21.93284,-18.78612,-16.27575,-25.41539,-25.41539,-20.84557
good,147,131,4.0808,0.6983,0.6326,-25.35302,-18.78425,-25.35302,-22.06863,-15.26465,-23.13365,-23.13365,-19.19915
good,147,141,4.2117,0.6862,0.5813,-26.66975,-20.74316,-26.66975,-23.70645,-17.82023,-23.92542,-23.92542,-20.87283
good,147,151,4.3106,0.6540,0.5416,-26.11213,-17.85388,-26.11213,-21.98301,-15.39075,-23.87032,-23.87032,-19.63054
good,147,161,4.3958,0.7039,0.5497,-28.80089,-18.58844,-28.80089,-23.69467,-20.21390,-26.02629,-26.02629,-23.12009
good,147,171,4.5199,0.6320,0.5706,-27.99852,-17.90942,-27.99852,-22.95397,-15.74928,-24.34042,-24.34042,-20.04485
good,147,181,4.5848,0.6677,0.5696,-31.43106,-20.09354,-31.43106,-25.76230,-17.12847,-26.70563,-26.70563,-21.91705
good,147,191,4.6649,0.6484,0.5142,-30.05181,-20.36168,-30.05181,-25.20675,-16.60050,-22.54372,-22.54372,-19.57211
good,147,201,4.7639,0.6533,0.5225,-30.62380,-21.12043,-30.62380,-25.87211,-16.21318,-24.18057,-24.18057,-20.19688
good,147,211,4.8884,0.6132,0.5611,-31.81639,-21.05385,-31.81639,-26.43512,-11.94978,-21.87860,-21.87860,-16.91419
good,147,221,4.9409,0.6412,0.5469,-30.80700,-20.92926,-30.80700,-25.86813,-12.20090,-26.10011,-26.10011,-19.15051
good,147,231,5.0226,0.6406,0.6170,-28.20245,-25.96106,-28.20245,-27.08175,-12.13447,-21.01514,-21.01514,-16.57480
good,147,241,5.1465,0.6804,0.5498,-23.91726,-18.70986,-23.91726,-21.31356,-8.31853,-28.81670,-28.81670,-18.56762
good,147,251,5.2453,0.7383,0.6073,-23.38008,-19.75846,-23.38008,-21.56927,-10.49411,-21.70789,-21.70789,-16.10100
good,147,261,5.3795,0.7814,0.5955,-20.33445,-18.48226,-20.33445,-19.40836,-11.42379,-20.07645,-20.07645,-15.75012
good,147,271,5.5486,0.7733,0.5178,-19.29750,-18.60512,-19.29750,-18.95131,-10.13207,-22.00548,-22.00548,-16.06878
good,147,374,5.4378,8.8725,0.5477,-0.50601,-1.57447,-1.57447,-1.04024,8.37297,-9.25784,-9.25784,-0.44243
good,147,384,4.6527,8.7938,0.5275,-2.56970,-8.97333,-8.97333,-5.77151,0.30026,-12.85274,-12.85274,-6.27624
good,147,394,3.2991,8.5282,0.5413,-7.76218,-7.51156,-7.76218,-7.63687,-8.06647,-9.25514,-9.25514,-8.66081
good,148,25,2.2016,0.9787,0.5320,-10.06342,-22.32624,-22.32624,-16.19483,-8.63822,-23.83451,-23.83451,-16.23636
good,148,35,3.2811,0.9571,0.5673,-7.58901,-19.48688,-19.48688,-13.53795,-6.50715,-21.08475,-21.08475,-13.79595
good,148,45,3.8802,0.7921,0.5773,-14.56963,-18.58239,-18.58239,-16.57601,-14.90498,-28.34632,-28.34632,-21.62565
good,148,55,4.0375,0.7561,0.5587,-17.79860,-14.98698,-17.79860,-16.39279,-13.50116,-24.98363,-24.98363,-19.24240
good,148,65,4.1969,0.7238,0.5694,-23.38877,-19.41100,-23.38877,-21.39988,-12.06952,-21.61183,-21.61183,-16.84067
good,148,75,4.3328,0.7498,0.6323,-21.74108,-20.42677,-21.74108,-21.08393,-10.74799,-26.64145,-26.64145,-18.69472
good,148,85,4.4834,0.7079,0.6119,-22.71899,-21.42771,-22.71899,-22.07335,-14.20862,-27.14018,-27.14018,-20.67440
good,148,95,4.6252,0.7254,0.5350,-25.87286,-17.97784,-25.87286,-21.92535,-15.53899,-26.59451,-26.59451,-21.06675
good,148,105,4.7498,0.7153,0.6564,-24.87108,-20.89873,-24.87108,-22.88490,-13.80281,-24.69034,-24.69034,-19.24658
good,148,115,4.8306,0.7632,0.4830,-18.56214,-16.57142,-18.56214,-17.56678,-12.57752,-24.99997,-24.99997,-18.78875
good,148,125,4.9364,0.7285,0.4431,-31.09615,-19.70618,-31.09615,-25.40117,-13.24241,-25.78325,-25.78325,-19.51283
good,148,135,5.0161,0.6955,0.6235,-28.06825,-21.44239,-28.06825,-24.75532,-12.96710,-22.90508,-22.90508,-17.93609
good,148,145,5.1433,0.7296,0.5934,-29.02593,-25.39050,-29.02593,-27.20821,-12.79356,-20.02894,-20.02894,-16.41125
good,148,155,5.2784,0.8195,0.6379,-23.88913,-22.38434,-23.88913,-23.13674,-9.50550,-26.23469,-26.23469,-17.87009
good,148,165,5.4771,0.8482,0.5349,-15.91629,-14.21105,-15.91629,-15.06367,-4.30131,-21.83255,-21.83255,-13.06693
good,148,288,5.4023,8.0443,0.5471,-8.58910,-14.24762,-14.24762,-11.41836,-12.01061,-7.55452,-12.01061,-9.78257
good,148,298,3.9571,8.0470,0.5403,-11.51635,-13.80250,-13.80250,-12.65943,-17.93755,-9.54385,-17.93755,-13.74070
good,148,440,2.3065,8.5654,0.4174,-16.17956,-12.17270,-16.17956,-14.17613,-29.71734,-29.36005,-29.71734,-29.53870
good,148,450,2.5551,8.8434,0.4846,-17.83914,-5.79246,-17.83914,-11.81580,-25.82153,-16.61380,-25.82153,-21.21766
good,148,461,2.4092,8.5677,0.4225,-19.93718,-14.52110,-19.93718,-17.22914,-20.63050,-25.24740,-25.24740,-22.93895
good,149,25,2.2562,1.1269,0.5591,-7.22456,-13.17395,-13.17395,-10.19926,-7.37244,-18.67463,-18.67463,-13.02353
good,149,35,2.9485,1.0830,0.5907,-7.65934,-12.19972,-12.19972,-9.92953,-9.99124,-19.27001,-19.27001,-14.63063
good,149,45,3.5272,0.9601,0.5912,-7.45875,-12.03836,-12.03836,-9.74856,-6.43658,-15.36619,-15.36619,-10.90139
good,149,55,3.8139,0.9049,0.5844,-9.77781,-11.73924,-11.73924,-10.75852,-10.71695,-15.29019,-15.29019,-13.00357
good,149,65,4.0465,0.7722,0.5174,-16.20066,-12.90829,-16.20066,-14.55448,-18.15215,-21.82705,-21.82705,-19.98960
good,149,75,4.2177,0.8168,0.5390,-14.72053,-14.18052,-14.72053,-14.45053,-11.74219,-23.84186,-23.84186,-17.79203
good,149,85,4.5285,1.0732,0.5595,-6.26728,-13.22697,-13.22697,-9.74713,-9.23413,-13.06234,-13.06234,-11.14824
good,149,95,5.3112,1.0930,0.5674,-6.59326,-13.24540,-13.24540,-9.91933,-9.83274,-17.63653,-17.63653,-13.73463
good,149,193,4.7432,7.1105,0.4784,-14.18963,-16.60620,-16.60620,-15.39791,-18.78490,-14.66777,-18.78490,-16.72633
good,149,203,3.3777,7.6657,0.5649,-11.36058,-7.90768,-11.36058,-9.63413,-19.89939,-14.62529,-19.89939,-17.26234
good,150,24,2.2790,-1.0087,0.5401,-10.09500,-12.92772,-12.92772,-11.51136,-10.19780,-14.10491,-14.10491,-12.15135
good,150,34,3.1893,-1.0111,0.5301,-7.84951,-9.41255,-9.41255,-8.63103,-8.85668,-15.12296,-15.12296,-11.98982
good,150,44,4.1707,-1.0878,0.5891,-5.38292,-10.19101,-10.19101,-7.78697,-9.06116,-13.75496,-13.75496,-11.40806
good,150,54,5.2311,-1.0658,0.5504,-5.62250,-11.50601,-11.50601,-8.56425,-8.42065,-13.78839,-13.78839,-11.10452
good,150,130,4.6062,7.9748,0.5189,-13.78549,-16.69832,-16.69832,-15.24190,-9.55517,-19.71480,-19.71480,-14.63498
good,150,140,2.8404,8.1498,0.5303,-10.19267,-17.42688,-17.42688,-13.80978,-12.20388,-13.03408,-13.03408,-12.61898
good,150,701,2.2078,8.9120,0.4594,-4.92035,-11.31052,-11.31052,-8.11543,-13.16527,-7.13862,-13.16527,-10.15195
good,152,27,2.2688,-1.0516,0.5573,-5.79737,-11.14023,-11.14023,-8.46880,-11.35683,-13.29464,-13.29464,-12.32574
good,152,37,3.2638,-0.8864,0.6334,-8.91334,-8.95433,-8.95433,-8.93384,-11.69380,-12.59246,-12.59246,-12.14313
good,152,47,3.4130,-0.8193,0.5626,-9.83585,-9.17967,-9.83585,-9.50776,-10.29909,-11.73029,-11.73029,-11.01469
good,152,57,3.5661,-0.8001,0.5298,-8.22198,-7.70097,-8.22198,-7.96147,-10.18511,-11.11183,-11.11183,-10.64847
good,152,67,3.8849,-0.8363,0.5732,-8.48910,-9.13596,-9.13596,-8.81253,-10.04841,-9.00612,-10.04841,-9.52727
good,152,77,4.1113,-0.7940,0.6072,-8.58156,-9.34616,-9.34616,-8.96386,-9.53704,-10.45975,-10.45975,-9.99839
good,152,87,4.2737,-0.8476,0.6565,-10.66597,-8.58875,-10.66597,-9.62736,-10.59285,-10.10484,-10.59285,-10.34885
good,152,97,4.5325,-0.8675,0.5570,-8.14640,-8.20093,-8.20093,-8.17367,-8.34177,-10.31344,-10.31344,-9.32760
good,152,107,4.8839,-0.8501,0.4652,-10.01782,-4.08716,-10.01782,-7.05249,-7.77920,-7.24528,-7.77920,-7.51224
good,152,117,5.4559,-0.9430,0.5792,-3.76730,-4.90753,-4.90753,-4.33741,-5.15996,-7.61759,-7.61759,-6.38877
good,152,198,4.1272,8.5945,0.6316,-5.83021,-7.25655,-7.25655,-6.54338,-5.85523,-15.25581,-15.25581,-10.55552
good,152,208,2.5921,8.3698,0.7777,-18.27994,-8.84920,-18.27994,-13.56457,-11.79231,-6.94301,-11.79231,-9.36766
good,153,22,2.2308,0.8827,0.5160,-12.00397,-18.14854,-18.14854,-15.07626,-5.98180,-21.55105,-21.55105,-13.76643
good,153,32,3.1386,1.1889,0.5182,-5.27848,-14.74924,-14.74924,-10.01386,-7.78285,-21.55831,-21.55831,-14.67058
good,153,42,3.8556,0.9271,0.5263,-9.88496,-14.03090,-14.03090,-11.95793,-9.94827,-22.33605,-22.33605,-16.14216
good,153,52,4.0976,0.8085,0.5612,-11.96148,-18.49157,-18.49157,-15.22652,-12.12343,-22.08107,-22.08107,-17.10225
good,153,62,4.3078,0.7648,0.5908,-18.26520,-16.32858,-18.26520,-17.29689,-13.03978,-24.79427,-24.79427,-18.91703
good,153,72,4.4465,0.7997,0.6347,-17.63548,-18.72417,-18.72417,-18.17983,-17.92696,-21.82070,-21.82070,-19.87383
good,153,82,4.6483,0.7700,0.5468,-19.93457,-18.36147,-19.93457,-19.14802,-11.18254,-27.30214,-27.30214,-19.24234
good,153,92,4.8323,0.8238,0.5340,-19.54228,-18.78265,-19.54228,-19.16246,-10.14262,-27.19607,-27.19607,-18.66935
good,153,102,4.9795,0.7703,0.4885,-17.88674,-22.83810,-22.83810,-20.36242,-10.88823,-23.31330,-23.31330,-17.10077
good,153,112,5.0920,0.7545,0.5731,-26.08558,-22.54169,-26.08558,-24.31363,-13.25594,-24.28737,-24.28737,-18.77165
good,153,122,5.1886,0.8315,0.5403,-23.84147,-19.23704,-23.84147,-21.53926,-13.90816,-24.93098,-24.93098,-19.41957
good,153,132,5.3999,0.8351,0.4687,-21.22293,-17.84773,-21.22293,-19.53533,-14.00439,-22.81931,-22.81931,-18.41185
good,153,206,5.7402,7.5616,0.6300,-13.77302,-13.98740,-13.98740,-13.88021,-8.84816,-16.52944,-16.52944,-12.68880
good,153,216,3.5045,7.7456,0.4916,-12.12640,-14.28689,-14.28689,-13.20664,-10.46887,-5.90636,-10.46887,-8.18762
good,154,23,2.2163,-0.7740,0.4793,-11.52116,-11.10846,-11.52116,-11.31481,-12.59295,-14.32451,-14.32451,-13.45873
good,154,33,3.0054,-0.8688,0.6243,-10.48793,-9.58069,-10.48793,-10.03431,-13.00260,-13.73644,-13.73644,-13.36952
good,154,43,3.1351,-0.8832,0.4652,-10.95312,-9.60912,-10.95312,-10.28112,-14.92791,-11.77529,-14.92791,-13.35160
good,154,53,3.2869,-0.8564,0.6272,-11.09220,-9.25387,-11.09220,-10.17303,-15.10788,-13.27184,-15.10788,-14.18986
good,154,63,3.5292,-0.8235,0.5590,-10.76717,-8.47503,-10.76717,-9.62110,-12.83078,-11.84749,-12.83078,-12.33913
good,154,73,3.7064,-0.8596,0.6240,-11.00002,-7.83001,-11.00002,-9.41502,-13.26236,-10.84632,-13.26236,-12.05434
good,154,83,3.9075,-0.7978,0.5589,-9.63999,-7.69057,-9.63999,-8.66528,-12.99739,-11.87502,-12.99739,-12.43620
good,154,93,4.1750,-0.8100,0.5245,-10.77135,-8.84200,-10.77135,-9.80668,-12.99223,-11.97146,-12.99223,-12.48184
good,154,103,4.3663,-0.8161,0.5308,-11.54539,-7.59095,-11.54539,-9.56817,-13.38169,-11.49896,-13.38169,-12.44032
good,154,113,4.6662,-0.8268,0.5274,-11.24809,-7.72109,-11.24809,-9.48459,-13.23582,-12.20518,-13.23582,-12.72050
good,154,123,4.9989,-0.7941,0.5282,-13.45129,-9.89872,-13.45129,-11.67501,-13.53423,-15.00114,-15.00114,-14.26768
good,154,133,5.1868,-0.7981,0.6396,-15.80530,-8.96320,-15.80530,-12.38425,-11.96181,-12.65534,-12.65534,-12.30858
good,154,143,5.3182,-0.7893,0.6032,-14.29105,-8.48055,-14.29105,-11.38580,-13.40764,-11.58184,-13.40764,-12.49474
good,154,153,5.4609,-0.7120,0.5645,-14.65524,-7.41977,-14.65524,-11.03750,-12.08494,-13.21638,-13.21638,-12.65066
good,154,163,5.5909,-0.7116,0.5945,-16.37035,-7.03061,-16.37035,-11.70048,-11.38778,-11.29771,-11.38778,-11.34275
good,154,246,4.3555,8.6703,0.6763,-9.54103,-7.88713,-9.54103,-8.71408,-7.17963,-14.49005,-14.49005,-10.83484
good,154,256,2.5443,7.7804,0.5913,-16.10435,-15.16477,-16.10435,-15.63456,-25.27370,-17.95165,-25.27370,-21.61268
good,155,22,2.2713,-0.8736,0.5132,-7.25373,-9.37866,-9.37866,-8.31619,-10.17062,-12.06159,-12.06159,-11.11610
good,155,32,3.2433,-0.8480,0.6420,-9.97472,-8.62440,-9.97472,-9.29956,-11.98533,-12.55388,-12.55388,-12.26960
good,155,42,3.3763,-0.8641,0.6901,-9.85754,-8.55740,-9.85754,-9.20747,-10.26663,-10.12651,-10.26663,-10.19657
good,155,52,3.5780,-0.8719,0.5943,-9.31732,-7.62078,-9.31732,-8.46905,-9.81974,-10.05713,-10.05713,-9.93844
good,155,62,3.8847,-0.8092,0.6166,-9.40329,-8.02184,-9.40329,-8.71257,-9.98917,-9.72496,-9.98917,-9.85707
good,155,72,4.0292,-0.8705,0.5518,-10.93239,-7.95992,-10.93239,-9.44616,-12.07850,-10.29714,-12.07850,-11.18781
good,155,82,4.1227,-0.8141,0.5101,-11.62292,-9.68158,-11.62292,-10.65225,-14.68393,-8.60194,-14.68393,-11.64293
good,155,92,4.2587,-0.7908,0.6235,-12.67411,-8.67249,-12.67411,-10.67330,-11.33231,-10.04873,-11.33231,-10.69052
good,155,102,4.3971,-0.7797,0.6093,-12.88307,-8.66779,-12.88307,-10.77543,-12.48851,-10.30357,-12.48851,-11.39604
good,155,112,4.5072,-0.8927,0.5958,-6.06152,-3.67089,-6.06152,-4.86621,-7.48635,-5.74273,-7.48635,-6.61454
good,155,122,5.0706,-1.0938,0.5541,-4.03194,-7.81274,-7.81274,-5.92234,-6.48146,-10.42030,-10.42030,-8.45088
good,155,238,5.0032,7.4443,0.5160,-11.52021,-10.82230,-11.52021,-11.17125,-15.51906,-8.75218,-15.51906,-12.13562
good,155,248,3.4176,7.6121,0.4324,-14.74938,-11.33055,-14.74938,-13.03997,-14.46745,-12.63594,-14.46745,-13.55170
good,156,22,2.2889,-1.0678,0.5193,-12.32086,-10.24888,-12.32086,-11.28487,-11.08860,-12.28359,-12.28359,-11.68609
good,156,32,3.0072,-0.9883,0.5591,-7.78648,-7.86609,-7.86609,-7.82629,-10.96688,-12.02636,-12.02636,-11.49662
good,156,42,3.8808,-1.1294,0.5911,-3.02261,-11.88311,-11.88311,-7.45286,-5.78695,-12.26961,-12.26961,-9.02828
good,156,52,4.9951,-1.2549,0.5404,-5.23012,-11.28205,-11.28205,-8.25609,-8.52520,-14.44521,-14.44521,-11.48521
good,156,138,5.3072,7.9101,0.5377,-14.47751,-10.64597,-14.47751,-12.56174,-10.03942,-13.71527,-13.71527,-11.87735
good,156,148,3.8591,7.9392,0.5187,-9.90797,-13.72242,-13.72242,-11.81520,-23.72054,-24.49827,-24.49827,-24.10941
good,157,25,2.2839,-1.0683,0.5029,-10.14882,-12.25194,-12.25194,-11.20037,-11.31354,-14.07700,-14.07700,-12.69527
good,157,35,3.0903,-0.8287,0.5534,-10.49021,-9.21725,-10.49021,-9.85373,-12.35660,-13.02176,-13.02176,-12.68918
good,157,45,3.4821,-0.8172,0.5511,-10.60079,-8.75593,-10.60079,-9.67836,-11.18437,-13.55656,-13.55656,-12.37046
good,157,55,3.7220,-0.8307,0.4995,-10.34697,-9.45951,-10.34697,-9.90324,-14.00287,-12.13534,-14.00287,-13.06911
good,157,65,3.9981,-0.8758,0.5757,-11.52549,-8.23113,-11.52549,-9.87831,-14.08917,-13.42165,-14.08917,-13.75541
good,157,75,4.2595,-0.8098,0.5500,-11.95051,-7.85627,-11.95051,-9.90339,-11.98258,-11.19961,-11.98258,-11.59109
good,157,85,4.4768,-0.8234,0.5014,-9.06303,-8.79697,-9.06303,-8.93000,-11.97488,-10.37883,-11.97488,-11.17686
good,157,95,4.7851,-0.9173,0.5671,-8.20861,-5.71044,-8.20861,-6.95953,-10.35552,-9.41927,-10.35552,-9.88739
good,157,105,5.5915,-0.8990,0.5204,-6.63377,-6.18626,-6.63377,-6.41001,-5.38748,-9.72002,-9.72002,-7.55375
good,157,195,4.8821,7.8351,0.8447,-5.85177,-11.04050,-11.04050,-8.44614,-7.31702,-11.54923,-11.54923,-9.43313
good,157,205,3.6053,8.4599,0.5738,-14.95525,-6.07996,-14.95525,-10.51761,-14.59036,-9.62704,-14.59036,-12.10870
good,157,771,2.9403,7.9099,0.3504,-132.50868,-103.04890,-132.50868,-117.77879,-89.18149,-76.87709,-89.18149,-83.02929
good,157,781,3.2647,7.5681,0.2703,-117.58990,-115.56073,-117.58990,-116.57532,-130.44749,-131.34790,-131.34790,-130.89771
good,157,791,3.2137,7.7749,0.2687,-158.53586,-133.85510,-158.53586,-146.19548,-144.78476,-120.69836,-144.78476,-132.74156
good,158,22,2.2544,1.1446,0.5220,-8.79701,-16.96776,-16.96776,-12.88239,-7.97616,-20.56876,-20.56876,-14.27246
good,158,32,3.3017,0.9877,0.5645,-7.11277,-13.49628,-13.49628,-10.30453,-7.73444,-16.11627,-16.11627,-11.92536
good,158,42,3.9695,0.8302,0.5719,-12.19139,-16.58669,-16.58669,-14.38904,-8.77070,-19.20338,-19.20338,-13.98704
good,158,52,4.1366,0.8553,0.5122,-11.31812,-18.17863,-18.17863,-14.74837,-9.18549,-22.57552,-22.57552,-15.88050
good,158,62,4.3348,0.8678,0.5546,-13.68968,-14.96093,-14.96093,-14.32531,-8.67540,-21.67730,-21.67730,-15.17635
good,158,72,4.4532,0.8023,0.5889,-17.37589,-19.20526,-19.20526,-18.29057,-11.70825,-24.43970,-24.43970,-18.07398
good,158,82,4.6070,0.8044,0.5813,-18.29667,-15.15933,-18.29667,-16.72800,-12.56979,-20.94083,-20.94083,-16.75531
good,158,92,4.7832,0.8265,0.7014,-15.83055,-17.23401,-17.23401,-16.53228,-8.66052,-22.88635,-22.88635,-15.77344
good,158,102,4.8977,0.7840,0.4824,-17.49815,-15.01801,-17.49815,-16.25808,-7.07164,-19.22980,-19.22980,-13.15072
good,158,112,5.0497,0.7861,0.5707,-17.72415,-19.34929,-19.34929,-18.53672,-7.19628,-22.79506,-22.79506,-14.99567
good,158,122,5.1845,0.7842,0.6275,-20.97043,-16.97523,-20.97043,-18.97283,-11.55927,-20.21073,-20.21073,-15.88500
good,158,132,5.4829,0.9315,0.6435,-10.52966,-14.42367,-14.42367,-12.47666,-3.14565,-17.15499,-17.15499,-10.15032
good,158,222,5.4015,7.9718,0.6331,0.74977,-5.24919,-5.24919,-2.24971,-1.46639,-15.34683,-15.34683,-8.40661
good,158,232,3.9733,8.7498,0.5676,-4.90545,-8.56201,-8.56201,-6.73373,2.95750,-12.28416,-12.28416,-4.66333
good,159,25,2.2829,-0.9569,0.5440,-6.48447,-9.87381,-9.87381,-8.17914,-11.73096,-13.83466,-13.83466,-12.78281
good,159,35,3.3860,-0.9298,0.5376,-4.91592,-9.82017,-9.82017,-7.36805,-10.97965,-13.90390,-13.90390,-12.44178
good,159,45,4.3399,-0.9358,0.6831,-10.30807,-11.64171,-11.64171,-10.97489,-11.64515,-18.55478,-18.55478,-15.09997
good,159,55,4.5168,-0.9435,0.5446,-9.87896,-8.78984,-9.87896,-9.33440,-15.19015,-12.98037,-15.19015,-14.08526
good,159,65,4.7187,-0.8526,0.5632,-14.04679,-10.14787,-14.04679,-12.09733,-15.17554,-16.11024,-16.11024,-15.64289
good,159,75,4.9186,-0.7436,0.5641,-14.94092,-10.88411,-14.94092,-12.91251,-14.71266,-12.66242,-14.71266,-13.68754
good,159,85,5.1082,-0.7159,0.5448,-16.00575,-10.55462,-16.00575,-13.28018,-16.20190,-14.81846,-16.20190,-15.51018
good,159,95,5.2567,-0.7010,0.6361,-19.29467,-10.52792,-19.29467,-14.91130,-12.13630,-11.64751,-12.13630,-11.89190
good,159,105,5.2875,-0.7512,0.5243,-17.80956,-9.71300,-17.80956,-13.76128,-9.28020,-12.36491,-12.36491,-10.82255
good,159,115,5.4242,-0.7729,0.6278,-17.60210,-11.81081,-17.60210,-14.70646,-13.17885,-16.47395,-16.47395,-14.82640
good,159,125,5.5617,-0.7958,0.5304,-18.43120,-10.55599,-18.43120,-14.49360,-11.38811,-14.51953,-14.51953,-12.95382
good,159,217,4.9051,8.2108,0.5878,-9.62139,-6.45446,-9.62139,-8.03792,-11.39245,-12.13712,-12.13712,-11.76478
good,159,227,3.0565,8.5552,0.5019,-10.25938,-11.21691,-11.21691,-10.73814,-11.82071,-18.43429,-18.43429,-15.12750
good,160,24,2.2575,-0.9098,0.5750,-7.59340,-10.33319,-10.33319,-8.96329,-9.53710,-13.38848,-13.38848,-11.46279
good,160,34,3.3513,-0.9642,0.6051,-5.06825,-7.97004,-7.97004,-6.51914,-10.21054,-11.79659,-11.79659,-11.00356
good,160,44,4.4582,-1.0096,0.5307,-2.41180,-9.03598,-9.03598,-5.72389,-5.97447,-10.10551,-10.10551,-8.03999
good,160,54,5.4744,-1.0116,0.5244,-3.88091,-9.01450,-9.01450,-6.44770,-8.23264,-9.87440,-9.87440,-9.05352
good,160,146,4.2376,8.6155,0.6307,-4.15069,-8.05446,-8.05446,-6.10257,-7.48849,-11.73118,-11.73118,-9.60983
good,160,156,3.0973,8.3259,0.4332,-11.78955,-7.50794,-11.78955,-9.64875,-14.82538,-4.68267,-14.82538,-9.75402
good,161,30,2.2171,1.1526,0.4996,-23.67738,-23.33313,-23.67738,-23.50526,-11.18676,-31.87792,-31.87792,-21.53234
good,161,40,3.2968,1.1484,0.5754,-4.64428,-16.89666,-16.89666,-10.77047,-1.68250,-21.54960,-21.54960,-11.61605
good,161,50,3.8559,0.9832,0.5346,-9.88900,-18.28982,-18.28982,-14.08941,-10.43035,-27.75680,-27.75680,-19.09358
good,161,60,4.2916,0.8803,0.4997,-23.59891,-21.51253,-23.59891,-22.55572,-13.10408,-25.97503,-25.97503,-19.53956
good,161,70,4.4744,0.8222,0.5834,-15.63715,-22.34353,-22.34353,-18.99034,-8.54023,-30.17834,-30.17834,-19.35928
good,161,80,4.6428,0.7951,0.6447,-25.18259,-23.32412,-25.18259,-24.25335,-15.71768,-28.76855,-28.76855,-22.24311
good,161,90,4.7801,0.7659,0.5469,-22.88788,-22.73783,-22.88788,-22.81286,-16.61333,-25.49488,-25.49488,-21.05410
good,161,100,4.9079,0.8090,0.5352,-24.54030,-24.23428,-24.54030,-24.38729,-12.91798,-26.74189,-26.74189,-19.82993
good,161,110,5.0386,0.7593,0.5467,-26.14468,-21.08295,-26.14468,-23.61382,-7.48478,-27.13402,-27.13402,-17.30940
good,161,120,5.1843,0.7837,0.6098,-30.45878,-19.12602,-30.45878,-24.79240,-13.44464,-29.96068,-29.96068,-21.70266
good,161,130,5.2373,0.7807,0.6124,-26.79363,-17.14072,-26.79363,-21.96717,-13.60841,-31.54163,-31.54163,-22.57502
good,161,140,5.3267,0.8201,0.5454,-18.76904,-16.83251,-18.76904,-17.80078,-17.06730,-31.34437,-31.34437,-24.20583
good,161,246,5.7505,8.8958,0.5442,-7.20799,-4.91385,-7.20799,-6.06092,-5.62652,-31.55304,-31.55304,-18.58978
good,161,256,4.4518,8.6858,0.5322,-5.52931,-9.79905,-9.79905,-7.66418,-13.95966,-14.82285,-14.82285,-14.39126
good,161,290,2.2398,8.4414,0.3717,-17.20396,-20.07772,-20.07772,-18.64084,-34.78799,-22.20529,-34.78799,-28.49664
good,161,439,2.4009,8.4794,0.5105,-11.74495,-17.46888,-17.46888,-14.60691,-38.45355,-36.07553,-38.45355,-37.26454
good,161,449,3.2281,8.7248,0.5498,-13.31177,-17.88878,-17.88878,-15.60028,-32.16017,-26.89758,-32.16017,-29.52888
good,161,459,3.2474,8.4854,0.5597,-10.85665,-15.88353,-15.88353,-13.37009,-25.60219,-30.46411,-30.46411,-28.03315
good,161,469,2.5739,9.0481,0.6467,-21.25034,-25.31110,-25.31110,-23.28072,-22.25394,-27.59768,-27.59768,-24.92581
good,161,639,2.3806,8.5371,0.2985,-79.50083,-57.45450,-79.50083,-68.47767,-86.59351,-90.63659,-90.63659,-88.61505
good,161,756,2.4047,8.4792,0.2686,-55.31671,-58.02512,-58.02512,-56.67091,-82.30241,-73.05564,-82.30241,-77.67903
good,161,787,2.3021,8.5271,0.2671,-77.42926,-60.49633,-77.42926,-68.96280,-103.01411,-78.13146,-103.01411,-90.57278
good,161,797,2.3794,8.4431,0.2699,-54.80051,-56.62748,-56.62748,-55.71400,-75.70574,-71.13354,-75.70574,-73.41965
good,162,24,2.2679,-1.0315,0.5574,-5.94167,-11.56063,-11.56063,-8.75115,-13.29115,-14.68283,-14.68283,-13.98699
good,162,34,3.3341,-0.8870,0.5045,-8.48299,-7.27764,-8.48299,-7.88031,-11.44396,-13.79088,-13.79088,-12.61742
good,162,44,4.1741,-0.9136,0.5265,-6.97384,-7.19295,-7.19295,-7.08339,-13.29222,-9.79186,-13.29222,-11.54204
good,162,54,5.0093,-0.9174,0.5237,-7.17876,-8.38301,-8.38301,-7.78089,-11.40048,-8.63277,-11.40048,-10.01662
good,162,148,5.4840,8.9618,0.7123,-5.74124,-9.59947,-9.59947,-7.67035,-8.22080,-11.91842,-11.91842,-10.06961
good,162,158,3.7919,8.8857,0.5471,-6.25260,-15.85047,-15.85047,-11.05154,-16.99879,-11.27398,-16.99879,-14.13638
good,163,24,2.2886,-1.0291,0.5385,-5.27756,-11.84292,-11.84292,-8.56024,-8.58728,-16.85698,-16.85698,-12.72213
good,163,34,3.4522,-1.0006,0.5428,-4.97043,-12.43095,-12.43095,-8.70069,-8.25354,-17.37164,-17.37164,-12.81259
good,163,44,4.6367,-0.8914,0.5201,-5.68370,-9.44714,-9.44714,-7.56542,-11.43296,-13.57353,-13.57353,-12.50324
good,163,54,5.1749,-0.8837,0.5780,-6.85778,-8.05862,-8.05862,-7.45820,-1.69388,-16.00333,-16.00333,-8.84861
good,163,182,5.3835,8.4608,0.6213,-6.89713,-7.31397,-7.31397,-7.10555,-4.71098,-14.54612,-14.54612,-9.62855
good,163,192,4.1224,8.8425,0.7202,-11.13908,-2.43826,-11.13908,-6.78867,1.23868,-7.76701,-7.76701,-3.26417
good,163,202,2.9427,8.9161,0.4206,-6.34586,-9.63636,-9.63636,-7.99111,-10.68057,-19.59332,-19.59332,-15.13695
good,163,338,2.3754,9.0064,0.5983,-12.10148,-5.91189,-12.10148,-9.00669,-8.65754,-23.80264,-23.80264,-16.23009
good,163,348,2.3843,9.0623,0.5185,-2.10356,-4.67395,-4.67395,-3.38876,-13.75564,-11.76145,-13.75564,-12.75854
good,163,386,2.3552,8.9191,0.4310,-9.82423,-6.34684,-9.82423,-8.08554,-5.07435,-14.43098,-14.43098,-9.75267
good,165,27,2.2492,0.1889,0.5113,-23.36490,-18.22724,-23.36490,-20.79607,-19.09564,-23.61369,-23.61369,-21.35466
good,165,37,2.4864,0.0839,0.6862,-23.58853,-17.57455,-23.58853,-20.58154,-19.75013,-27.15473,-27.15473,-23.45243
good,165,47,2.5521,0.0679,0.4676,-20.25130,-17.62302,-20.25130,-18.93716,-18.25513,-23.94094,-23.94094,-21.09803
good,165,57,2.6169,0.0585,0.6355,-21.21696,-18.55113,-21.21696,-19.88405,-21.24836,-24.66531,-24.66531,-22.95684
good,165,67,2.6914,0.0511,0.5653,-21.26091,-16.05449,-21.26091,-18.65770,-17.73408,-24.37400,-24.37400,-21.05404
good,165,77,2.7689,0.0501,0.6060,-21.95312,-18.01824,-21.95312,-19.98568,-17.86737,-23.93138,-23.93138,-20.89938
good,165,87,2.8248,0.0652,0.5167,-22.62563,-16.15164,-22.62563,-19.38863,-18.05609,-25.37085,-25.37085,-21.71347
good,165,97,2.8989,0.0428,0.6138,-22.11248,-17.60269,-22.11248,-19.85758,-18.98340,-26.42746,-26.42746,-22.70543
good,165,107,2.9746,0.0357,0.5878,-23.34072,-16.74390,-23.34072,-20.04231,-19.45546,-22.26449,-22.26449,-20.85997
good,165,117,3.0496,0.0512,0.6770,-22.08350,-16.91708,-22.08350,-19.50029,-20.86982,-22.17262,-22.17262,-21.52122
good,165,127,3.1316,0.0371,0.5648,-21.87530,-14.48819,-21.87530,-18.18175,-19.64696,-22.13181,-22.13181,-20.88939
good,165,137,3.2157,0.0719,0.5435,-23.53086,-15.55719,-23.53086,-19.54403,-20.44956,-21.09737,-21.09737,-20.77347
good,165,147,3.2928,0.0515,0.6293,-25.80945,-15.00267,-25.80945,-20.40606,-18.65099,-22.01922,-22.01922,-20.33511
good,165,157,3.3665,0.0506,0.6322,-24.57104,-16.53058,-24.57104,-20.55081,-21.84318,-21.17466,-21.84318,-21.50892
good,165,167,3.4353,0.0394,0.4662,-26.33607,-17.49664,-26.33607,-21.91635,-23.01264,-22.22564,-23.01264,-22.61914
good,165,177,3.5112,0.0327,0.6055,-27.55025,-15.02772,-27.55025,-21.28899,-21.94043,-20.41999,-21.94043,-21.18021
good,165,187,3.5915,0.0161,0.5781,-24.71336,-18.17173,-24.71336,-21.44254,-24.60671,-16.67597,-24.60671,-20.64134
good,165,197,3.6612,0.0267,0.5830,-26.65799,-15.58769,-26.65799,-21.12284,-23.09762,-18.39927,-23.09762,-20.74845
good,165,207,3.7336,-0.0093,0.5596,-26.73537,-16.18148,-26.73537,-21.45843,-23.31691,-18.13599,-23.31691,-20.72645
good,165,217,3.7821,0.0371,0.5426,-29.36058,-16.45403,-29.36058,-22.90731,-22.31264,-15.76098,-22.31264,-19.03681
good,165,227,3.8159,-0.0237,0.5613,-30.17502,-18.26625,-30.17502,-24.22063,-23.73934,-14.36576,-23.73934,-19.05255
good,165,237,3.8609,-0.0415,0.5335,-26.21574,-15.89795,-26.21574,-21.05684,-23.89337,-14.58464,-23.89337,-19.23901
good,165,247,3.9077,-0.0792,0.5595,-27.47502,-15.74871,-27.47502,-21.61186,-22.40704,-14.21704,-22.40704,-18.31204
good,165,257,3.9603,-0.0881,0.5640,-29.29706,-17.13315,-29.29706,-23.21511,-25.33915,-10.76195,-25.33915,-18.05055
good,165,267,4.0385,-0.0724,0.5173,-30.07139,-17.97385,-30.07139,-24.02262,-24.64350,-13.77068,-24.64350,-19.20709
good,165,277,4.1024,-0.0543,0.5740,-31.07312,-18.10498,-31.07312,-24.58905,-25.83027,-11.31746,-25.83027,-18.57386
good,165,287,4.1699,-0.0446,0.4329,-28.45642,-20.38506,-28.45642,-24.42074,-26.30552,-14.75458,-26.30552,-20.53005
good,165,297,4.2278,-0.0597,0.5408,-33.59988,-19.31596,-33.59988,-26.45792,-26.02543,-12.12975,-26.02543,-19.07759
good,165,307,4.2713,-0.0751,0.6063,-35.92303,-19.35386,-35.92303,-27.63845,-27.68610,-12.43145,-27.68610,-20.05877
good,165,317,4.3022,-0.0671,0.5429,-33.30814,-18.22436,-33.30814,-25.76625,-28.26330,-10.94440,-28.26330,-19.60385
good,165,327,4.3342,-0.0609,0.5240,-35.35449,-20.63739,-35.35449,-27.99594,-26.78250,-14.39756,-26.78250,-20.59003
good,165,337,4.3979,-0.0538,0.6252,-33.33229,-19.87484,-33.33229,-26.60356,-25.25522,-11.67101,-25.25522,-18.46312
good,165,347,4.4614,0.0172,0.5770,-35.91733,-20.17784,-35.91733,-28.04759,-28.40260,-15.34807,-28.40260,-21.87533
good,165,357,4.5331,0.0745,0.4975,-40.42744,-19.99210,-40.42744,-30.20977,-24.68104,-14.35507,-24.68104,-19.51806
good,165,367,4.5920,0.0990,0.5522,-39.63052,-20.70531,-39.63052,-30.16792,-25.76768,-13.28489,-25.76768,-19.52629
good,165,377,4.6722,0.0725,0.5049,-34.10268,-21.67733,-34.10268,-27.89000,-25.94009,-14.68219,-25.94009,-20.31114
good,165,387,4.7416,0.0860,0.5928,-39.49691,-21.53272,-39.49691,-30.51482,-23.35278,-14.75500,-23.35278,-19.05389
good,165,397,4.7933,0.0641,0.6241,-36.17654,-21.00260,-36.17654,-28.58957,-25.14113,-13.12576,-25.14113,-19.13345
good,165,407,4.8262,0.0174,0.6444,-35.34433,-20.38777,-35.34433,-27.86605,-26.41636,-12.48213,-26.41636,-19.44925
good,165,417,4.9069,-0.0076,0.5392,-37.16004,-21.35861,-37.16004,-29.25933,-23.54904,-13.25527,-23.54904,-18.40215
good,165,427,4.9881,-0.0167,0.6150,-39.99576,-21.44822,-39.99576,-30.72199,-21.28072,-12.75416,-21.28072,-17.01744
good,165,437,5.0547,-0.0038,0.5523,-37.55906,-20.01169,-37.55906,-28.78538,-21.94019,-13.33933,-21.94019,-17.63976
good,165,447,5.1233,0.0154,0.6022,-38.12875,-21.41540,-38.12875,-29.77207,-21.63545,-13.51273,-21.63545,-17.57409
good,165,457,5.1935,0.0327,0.6440,-38.91308,-20.57827,-38.91308,-29.74567,-17.97264,-15.46360,-17.97264,-16.71812
good,165,467,5.2459,0.0799,0.5232,-40.88227,-24.57063,-40.88227,-32.72645,-20.81851,-15.08573,-20.81851,-17.95212
good,165,477,5.3311,0.0625,0.5299,-42.81928,-25.02328,-42.81928,-33.92128,-17.36465,-13.94126,-17.36465,-15.65295
good,165,487,5.3638,0.0089,0.6500,-38.72213,-20.32456,-38.72213,-29.52334,-20.10556,-11.83878,-20.10556,-15.97217
good,165,497,5.4069,-0.0247,0.5989,-39.27481,-21.34254,-39.27481,-30.30867,-18.93097,-13.86561,-18.93097,-16.39829
good,165,507,5.4645,-0.0183,0.5729,-38.19958,-18.68630,-38.19958,-28.44294,-14.29400,-10.50733,-14.29400,-12.40067
good,165,517,5.5168,-0.0646,0.5417,-36.21634,-17.71962,-36.21634,-26.96798,-17.32897,-10.78132,-17.32897,-14.05515
good,165,527,5.5845,-0.0162,0.5018,-38.49413,-19.37891,-38.49413,-28.93652,-22.30801,-12.28484,-22.30801,-17.29642
good,165,630,5.3023,8.7977,0.7224,-6.62068,-11.33564,-11.33564,-8.97816,-14.04442,-14.80314,-14.80314,-14.42378
good,165,640,3.5904,8.4651,0.5283,-10.90840,-10.11557,-10.90840,-10.51198,-16.68924,-16.52415,-16.68924,-16.60669
good,165,650,2.7425,8.6836,0.4766,-18.22216,-15.07071,-18.22216,-16.64643,-22.72861,-16.36917,-22.72861,-19.54889
good,167,23,2.2216,-0.9342,0.5477,-6.83708,-10.28853,-10.28853,-8.56281,-8.61429,-13.10803,-13.10803,-10.86116
good,167,33,3.1693,-0.8883,0.5301,-6.63195,-10.07516,-10.07516,-8.35355,-9.97350,-13.91775,-13.91775,-11.94563
good,167,43,4.0040,-1.0047,0.5515,-2.78080,-8.69466,-8.69466,-5.73773,-4.67056,-12.28117,-12.28117,-8.47586
good,167,53,5.0051,-1.1885,0.5666,-1.41028,-12.06153,-12.06153,-6.73591,-5.80435,-10.51352,-10.51352,-8.15894
good,167,137,5.1441,7.2308,0.6008,-8.91326,-13.84240,-13.84240,-11.37783,-12.20012,-12.83360,-12.83360,-12.51686
good,167,147,2.8341,7.6988,0.4351,-8.91821,-13.57377,-13.57377,-11.24599,-9.25451,-9.70380,-9.70380,-9.47916
good,167,605,2.7493,8.3504,0.4853,-13.19717,-5.45526,-13.19717,-9.32621,-9.33630,-17.83421,-17.83421,-13.58525
good,168,23,2.2417,-1.0144,0.5449,-7.07443,-9.92772,-9.92772,-8.50108,-10.18337,-8.08459,-10.18337,-9.13398
good,168,33,3.3200,-1.0585,0.5528,-5.62474,-10.73946,-10.73946,-8.18210,-12.55476,-12.60068,-12.60068,-12.57772
good,168,43,4.3439,-1.1796,0.5691,-1.47007,-10.13999,-10.13999,-5.80503,-7.45216,-13.61730,-13.61730,-10.53473
good,168,53,5.4695,-1.1859,0.5233,-6.93106,-10.96033,-10.96033,-8.94569,-7.64522,-6.51526,-7.64522,-7.08024
good,168,140,4.0362,8.4398,0.6080,-8.91223,-9.40923,-9.40923,-9.16073,-10.84304,-12.31505,-12.31505,-11.57905
good,168,226,2.3125,8.8596,0.6616,-9.31050,-14.30100,-14.30100,-11.80575,-50.27261,-28.45381,-50.27261,-39.36321
good,168,236,3.0607,9.1911,0.2517,-54.86480,-55.09745,-55.09745,-54.98112,-78.67792,-41.04894,-78.67792,-59.86343
good,168,246,3.5126,8.9049,0.2673,-79.66638,-76.26448,-79.66638,-77.96543,-75.70741,-51.34173,-75.70741,-63.52457
good,168,256,3.4757,8.8869,0.2671,-59.80079,-63.22974,-63.22974,-61.51527,-80.00383,-42.39288,-80.00383,-61.19835
good,168,266,3.3971,8.9129,0.2687,-62.28350,-66.97544,-66.97544,-64.62947,-80.82285,-50.20100,-80.82285,-65.51192
good,168,276,3.4602,8.9064,0.2669,-62.83191,-63.30038,-63.30038,-63.06615,-72.81564,-44.79819,-72.81564,-58.80692
good,168,286,3.4155,8.8749,0.2669,-67.31968,-61.38213,-67.31968,-64.35091,-81.22122,-55.43185,-81.22122,-68.32654
good,168,296,3.3747,8.8728,0.2676,-65.63763,-64.89835,-65.63763,-65.26799,-80.12771,-55.24490,-80.12771,-67.68630
good,168,306,3.4130,8.8302,0.2668,-79.20662,-77.15614,-79.20662,-78.18138,-77.92866,-60.17628,-77.92866,-69.05247
good,168,316,3.3653,8.8595,0.2672,-73.31451,-72.00298,-73.31451,-72.65874,-83.34506,-66.52308,-83.34506,-74.93407
good,168,326,3.3490,8.8259,0.2672,-75.66371,-74.54566,-75.66371,-75.10469,-95.96786,-66.93044,-95.96786,-81.44915
good,168,336,3.3552,8.8571,0.2684,-80.31190,-81.66232,-81.66232,-80.98711,-101.64945,-80.84485,-101.64945,-91.24715
good,168,346,3.5481,8.8570,0.2671,-64.91504,-69.52958,-69.52958,-67.22231,-89.88131,-63.38386,-89.88131,-76.63258
good,168,356,3.4401,8.7777,0.2661,-79.77913,-73.52091,-79.77913,-76.65002,-94.91960,-85.25565,-94.91960,-90.08763
good,168,366,3.4123,8.7959,0.2671,-71.22905,-71.90168,-71.90168,-71.56537,-86.66283,-81.01317,-86.66283,-83.83800
good,168,376,3.5711,8.7870,0.2662,-82.32365,-74.54295,-82.32365,-78.43330,-100.50900,-73.81595,-100.50900,-87.16248
good,168,386,3.6194,8.6634,0.2672,-59.87868,-64.65409,-64.65409,-62.26638,-75.55942,-67.63274,-75.55942,-71.59608
good,168,396,3.5944,8.7936,0.2670,-65.35493,-66.89835,-66.89835,-66.12664,-86.47230,-72.40587,-86.47230,-79.43909
good,168,406,3.6273,8.6782,0.2686,-73.03158,-59.17316,-73.03158,-66.10237,-77.55697,-67.45212,-77.55697,-72.50455
good,168,416,3.5065,8.8374,0.2811,-60.51693,-59.87290,-60.51693,-60.19492,-62.37581,-66.47549,-66.47549,-64.42565
good,168,426,3.6582,8.7176,0.2874,-50.03562,-45.34396,-50.03562,-47.68979,-62.59704,-51.97971,-62.59704,-57.28838
good,168,436,3.4625,8.9862,0.2723,-60.44265,-56.86069,-60.44265,-58.65167,-82.10920,-74.08850,-82.10920,-78.09885
good,168,446,3.6099,8.9658,0.2625,-47.08672,-59.87922,-59.87922,-53.48297,-88.60271,-67.49350,-88.60271,-78.04811
good,168,456,3.4975,8.9433,0.2662,-52.40453,-61.52775,-61.52775,-56.96614,-64.63119,-69.28584,-69.28584,-66.95851
good,168,466,3.5113,8.9625,0.2662,-54.48480,-69.20812,-69.20812,-61.84646,-82.09426,-67.41897,-82.09426,-74.75661
good,168,476,3.5460,8.9299,0.2674,-44.35352,-49.58094,-49.58094,-46.96723,-62.32756,-56.28770,-62.32756,-59.30763
good,168,486,3.4282,8.8358,0.2669,-54.44157,-58.62672,-58.62672,-56.53415,-68.42564,-50.94079,-68.42564,-59.68321
good,168,496,3.5326,8.9603,0.2669,-49.69545,-51.74473,-51.74473,-50.72009,-61.43391,-68.87482,-68.87482,-65.15437
good,168,506,3.5853,8.9789,0.2693,-55.93841,-53.95222,-55.93841,-54.94532,-70.01253,-67.57531,-70.01253,-68.79391
good,168,516,3.5301,8.9788,0.2667,-56.35419,-62.56147,-62.56147,-59.45782,-71.85513,-77.49485,-77.49485,-74.67499
good,168,526,3.6238,8.9143,0.2671,-52.68300,-50.77916,-52.68300,-51.73108,-74.17735,-62.27047,-74.17735,-68.22391
good,168,536,3.5770,8.9362,0.2672,-92.46633,-74.12566,-92.46633,-83.29599,-96.75541,-77.31156,-96.75541,-87.03349
good,168,546,3.5397,8.8619,0.2679,-76.78007,-75.59485,-76.78007,-76.18745,-89.93794,-79.16876,-89.93794,-84.55335
good,168,556,3.5175,8.9894,0.2633,-68.18731,-67.72428,-68.18731,-67.95580,-86.00801,-83.08153,-86.00801,-84.54477
good,168,566,3.5734,8.8725,0.2668,-57.55964,-58.58596,-58.58596,-58.07280,-72.55765,-55.39068,-72.55765,-63.97417
good,168,576,3.6237,8.9363,0.2658,-43.65596,-51.06323,-51.06323,-47.35960,-67.42409,-77.76655,-77.76655,-72.59532
good,168,586,3.7157,9.0043,0.2665,-69.99719,-76.22063,-76.22063,-73.10892,-82.70792,-82.15695,-82.70792,-82.43243
good,168,596,3.8566,8.8940,0.2665,-61.38778,-60.37059,-61.38778,-60.87919,-79.12723,-64.94666,-79.12723,-72.03694
good,168,606,3.9366,8.8559,0.2645,-60.74390,-64.71648,-64.71648,-62.73019,-80.81661,-72.54055,-80.81661,-76.67858
good,168,616,3.7783,8.8649,0.2651,-80.21387,-83.29767,-83.29767,-81.75577,-105.04667,-82.27480,-105.04667,-93.66074
good,168,626,3.9525,8.9084,0.2732,-74.99976,-79.63519,-79.63519,-77.31747,-93.16450,-97.81606,-97.81606,-95.49028
good,168,636,3.9655,8.8185,0.2667,-59.23817,-73.80096,-73.80096,-66.51956,-81.57843,-68.77061,-81.57843,-75.17451
good,168,646,3.8679,8.9217,0.2670,-82.64435,-85.08038,-85.08038,-83.86237,-95.86478,-79.06136,-95.86478,-87.46307
good,168,656,3.7873,8.8945,0.2669,-77.62663,-76.78004,-77.62663,-77.20334,-101.23756,-92.67043,-101.23756,-96.95399
good,168,666,3.9493,8.8089,0.2666,-69.94641,-69.50625,-69.94641,-69.72633,-73.65627,-73.87981,-73.87981,-73.76804
good,168,676,3.8718,8.7974,0.2677,-54.99078,-50.71851,-54.99078,-52.85464,-64.88474,-66.19451,-66.19451,-65.53963
good,168,686,3.7624,9.1316,0.2670,-53.59974,-52.18022,-53.59974,-52.88998,-78.20120,-71.17339,-78.20120,-74.68729
good,168,696,3.6750,8.7954,0.3172,-66.34367,-50.06234,-66.34367,-58.20300,-75.21751,-59.95249,-75.21751,-67.58500
good,168,706,3.9607,8.8078,0.2668,-73.87935,-68.65604,-73.87935,-71.26770,-71.94070,-70.23562,-71.94070,-71.08816
good,168,716,3.9641,8.8586,0.2666,-52.05116,-63.26388,-63.26388,-57.65752,-72.07498,-70.99080,-72.07498,-71.53289
good,168,726,3.9974,8.8809,0.2668,-69.38889,-70.04613,-70.04613,-69.71751,-85.12586,-84.88074,-85.12586,-85.00330
good,168,736,3.8871,8.8170,0.2676,-69.61158,-57.31610,-69.61158,-63.46384,-77.35067,-76.94035,-77.35067,-77.14551
good,168,746,3.9542,8.9098,0.2669,-70.41210,-61.82321,-70.41210,-66.11765,-81.56744,-64.96153,-81.56744,-73.26449
good,168,756,3.8654,8.9659,0.2669,-51.43052,-57.39374,-57.39374,-54.41213,-68.86510,-63.59173,-68.86510,-66.22842
good,168,766,3.9466,8.9351,0.2674,-42.90497,-47.96803,-47.96803,-45.43650,-57.26648,-44.37287,-57.26648,-50.81967
good,168,776,3.8835,9.0000,0.2678,-79.87240,-74.17138,-79.87240,-77.02189,-72.13272,-64.18020,-72.13272,-68.15646
good,168,786,3.9454,8.9268,0.2668,-57.71561,-59.75584,-59.75584,-58.73573,-68.70145,-65.49342,-68.70145,-67.09743
good,168,796,3.8796,8.9425,0.2669,-66.00370,-64.86298,-66.00370,-65.43333,-74.97454,-61.72095,-74.97454,-68.34775
good,169,22,2.2513,0.8583,0.4968,-8.07519,-17.41649,-17.41649,-12.74584,-10.86253,-23.89386,-23.89386,-17.37819
good,169,32,3.2407,1.0398,0.5378,-6.36488,-13.75933,-13.75933,-10.06210,-9.12196,-19.33914,-19.33914,-14.23055
good,169,42,4.3253,0.9987,0.5186,-3.93720,-17.41958,-17.41958,-10.67839,-7.12160,-19.09236,-19.09236,-13.10698
good,169,52,5.4500,0.9413,0.5622,-5.33154,-14.21830,-14.21830,-9.77492,-7.17256,-15.02443,-15.02443,-11.09850
good,169,128,4.5681,7.9922,0.5267,-11.46030,-11.97871,-11.97871,-11.71951,-14.61962,-19.80428,-19.80428,-17.21195
good,169,138,2.6352,8.2060,0.6512,-8.63059,-10.41193,-10.41193,-9.52126,-15.52518,-22.13868,-22.13868,-18.83193
good,170,22,2.2420,-1.2264,0.4917,-6.20486,-10.24289,-10.24289,-8.22388,-9.35868,-13.06177,-13.06177,-11.21022
good,170,32,3.3702,-1.3498,0.4908,-5.39170,-11.62987,-11.62987,-8.51079,-11.24545,-14.42221,-14.42221,-12.83383
good,170,42,4.4190,-1.0950,0.5016,-10.58890,-9.41152,-10.58890,-10.00021,-14.25760,-10.43911,-14.25760,-12.34835
good,170,52,4.8027,-0.9284,0.5052,-11.91428,-9.79123,-11.91428,-10.85276,-15.56477,-14.79497,-15.56477,-15.17987
good,170,62,5.0364,-0.8746,0.5976,-15.41004,-9.53081,-15.41004,-12.47042,-13.97622,-15.38036,-15.38036,-14.67829
good,170,72,5.2498,-0.8897,0.6064,-9.85878,-4.67805,-9.85878,-7.26841,-13.97433,-11.09105,-13.97433,-12.53269
good,170,82,5.4142,-0.7740,0.5862,-15.52038,-7.58260,-15.52038,-11.55149,-14.47598,-14.56352,-14.56352,-14.51975
good,170,92,5.5599,-0.8026,0.6678,-14.86649,-7.06891,-14.86649,-10.96770,-11.80895,-12.02891,-12.02891,-11.91893
good,170,179,4.6016,8.3275,0.5267,-11.13976,-9.86982,-11.13976,-10.50479,-12.36269,-8.53037,-12.36269,-10.44653
good,170,189,3.3305,7.6607,0.4025,-10.76647,-17.44590,-17.44590,-14.10619,-18.43452,-14.38422,-18.43452,-16.40937
good,171,22,2.1848,-1.1817,0.5307,-7.78373,-11.31201,-11.31201,-9.54787,-10.49809,-13.56175,-13.56175,-12.02992
good,171,32,3.0911,-1.1162,0.5312,-7.77597,-10.16975,-10.16975,-8.97286,-6.19819,-13.11726,-13.11726,-9.65773
good,171,42,4.0558,-1.1897,0.5318,-4.72662,-10.65810,-10.65810,-7.69236,-6.41042,-11.76237,-11.76237,-9.08640
good,171,52,5.1568,-1.2285,0.4900,-5.23210,-10.57373,-10.57373,-7.90292,-11.64336,-12.41814,-12.41814,-12.03075
good,171,138,5.1223,8.3312,0.4828,-17.35995,-21.66137,-21.66137,-19.51066,-16.75288,-23.45133,-23.45133,-20.10210
good,171,148,2.8479,8.0201,0.6051,-20.04228,-25.59248,-25.59248,-22.81738,-22.76780,-24.72565,-24.72565,-23.74672
good,171,206,2.5018,7.3207,0.2605,-134.24319,-129.11617,-134.24319,-131.67969,-143.43690,-106.11688,-143.43690,-124.77689
good,171,216,2.5287,7.2688,0.2721,-141.44144,-147.31319,-147.31319,-144.37732,-131.32120,-145.83812,-145.83812,-138.57965
good,171,226,2.5941,7.2094,0.2870,-148.66016,-149.08304,-149.08304,-148.87160,-109.35379,-150.76974,-150.76974,-130.06177
good,171,236,2.4706,7.5540,0.2670,-130.61418,-139.43855,-139.43855,-135.02637,-121.07233,-136.45152,-136.45152,-128.76193
good,171,246,2.5934,7.5275,0.2674,-152.88239,-138.02516,-152.88239,-145.45377,-155.60046,-134.62486,-155.60046,-145.11267
good,171,256,2.4838,7.6717,0.2668,-153.92154,-133.61044,-153.92154,-143.76599,-152.62511,-141.06343,-152.62511,-146.84427
good,171,266,2.5445,7.6079,0.2669,-154.72359,-137.88690,-154.72359,-146.30524,-152.12216,-134.10208,-152.12216,-143.11212
good,171,276,2.5110,7.6868,0.2669,-150.19415,-137.96045,-150.19415,-144.07730,-150.63510,-137.94243,-150.63510,-144.28876
good,171,286,2.4705,7.6718,0.2668,-140.33351,-127.23197,-140.33351,-133.78275,-123.68491,-136.69826,-136.69826,-130.19159
good,171,296,2.3456,7.6123,0.2669,-140.58569,-127.46108,-140.58569,-134.02339,-122.20431,-101.33862,-122.20431,-111.77147
good,171,310,2.3266,7.5426,0.2670,-106.77996,-127.65620,-127.65620,-117.21808,-131.24919,-141.57104,-141.57104,-136.41013
good,171,334,2.2943,7.6262,0.2669,-122.87840,-118.98022,-122.87840,-120.92931,-125.03195,-126.40572,-126.40572,-125.71884
good,171,346,2.3115,7.6027,0.2669,-121.69556,-124.36864,-124.36864,-123.03210,-131.07822,-119.33741,-131.07822,-125.20781
good,173,21,2.2314,-0.9920,0.5426,-8.93539,-11.09002,-11.09002,-10.01270,-11.11568,-13.29377,-13.29377,-12.20473
good,173,31,2.7959,-0.8409,0.6419,-11.09835,-10.52449,-11.09835,-10.81142,-14.00333,-14.16433,-14.16433,-14.08383
good,173,41,2.9586,-0.8218,0.5724,-9.25015,-7.17440,-9.25015,-8.21228,-13.18972,-12.09423,-13.18972,-12.64198
good,173,51,3.2360,-0.8277,0.6139,-11.67687,-9.81722,-11.67687,-10.74704,-12.96978,-14.40512,-14.40512,-13.68745
good,173,61,3.4055,-0.8106,0.5274,-10.20011,-10.83070,-10.83070,-10.51540,-13.55220,-12.28350,-13.55220,-12.91785
good,173,71,3.5599,-0.7767,0.6211,-10.96120,-9.28001,-10.96120,-10.12061,-11.71773,-10.52880,-11.71773,-11.12327
good,173,81,3.7622,-0.8514,0.6584,-12.83518,-11.03349,-12.83518,-11.93433,-11.80378,-12.53205,-12.53205,-12.16792
good,173,91,3.9767,-0.8152,0.6575,-11.98632,-8.74780,-11.98632,-10.36706,-11.92066,-12.67621,-12.67621,-12.29844
good,173,101,4.1728,-0.8241,0.5052,-11.20612,-9.01754,-11.20612,-10.11183,-14.40093,-13.69530,-14.40093,-14.04811
good,173,111,4.3322,-0.8579,0.6139,-10.75268,-8.79339,-10.75268,-9.77304,-14.53639,-12.41375,-14.53639,-13.47507
good,173,121,4.5569,-0.7554,0.6008,-12.75075,-9.58122,-12.75075,-11.16599,-12.88455,-12.53762,-12.88455,-12.71109
good,173,131,4.6529,-0.7810,0.5493,-15.69582,-10.08907,-15.69582,-12.89244,-15.02035,-12.75248,-15.02035,-13.88641
good,173,141,4.8021,-0.7549,0.5131,-15.98520,-9.07365,-15.98520,-12.52943,-13.59868,-9.63419,-13.59868,-11.61644
good,173,151,4.9692,-0.6804,0.5347,-15.39297,-10.53184,-15.39297,-12.96241,-15.70716,-12.70002,-15.70716,-14.20359
good,173,161,5.1024,-0.6893,0.5023,-16.77394,-10.03004,-16.77394,-13.40199,-14.09254,-14.60219,-14.60219,-14.34736
good,173,171,5.2390,-0.6909,0.6358,-17.46976,-10.15895,-17.46976,-13.81436,-16.30123,-12.77632,-16.30123,-14.53877
good,173,181,5.3697,-0.7111,0.5465,-17.77818,-9.64382,-17.77818,-13.71100,-15.68643,-14.73492,-15.68643,-15.21067
good,173,191,5.4875,-0.7210,0.6297,-19.38560,-10.51881,-19.38560,-14.95221,-13.55112,-12.82517,-13.55112,-13.18814
good,173,290,5.5954,8.9449,0.4838,-8.84057,-12.32123,-12.32123,-10.58090,-11.85752,-12.52691,-12.52691,-12.19222
good,173,300,4.6046,8.6977,0.6272,-0.29211,0.00406,-0.29211,-0.14403,-5.33748,-4.49161,-5.33748,-4.91455
good,173,310,3.5126,8.8592,0.4893,-6.36617,-5.96702,-6.36617,-6.16660,-7.78116,-6.31036,-7.78116,-7.04576
good,173,320,3.0871,8.7722,0.5077,-4.99478,-8.38293,-8.38293,-6.68885,-14.62056,-10.54548,-14.62056,-12.58302
good,173,354,2.4980,8.8467,0.4291,-2.68235,-3.02828,-3.02828,-2.85531,-18.76970,-13.32681,-18.76970,-16.04825
good,173,364,2.6092,8.9017,0.5606,-6.04672,-3.99382,-6.04672,-5.02027,-17.57045,-6.35288,-17.57045,-11.96166
good,174,24,2.2366,0.9852,0.5610,-9.71000,-19.32103,-19.32103,-14.51551,-9.92208,-20.25216,-20.25216,-15.08712
good,174,34,3.3736,0.9367,0.5786,-12.91290,-17.52783,-17.52783,-15.22036,-11.47217,-22.55538,-22.55538,-17.01377
good,174,44,3.8170,0.8069,0.5736,-9.84053,-16.68606,-16.68606,-13.26330,-9.22736,-16.60614,-16.60614,-12.91675
good,174,54,4.0236,0.7837,0.5965,-15.34072,-15.80749,-15.80749,-15.57411,-8.30114,-25.90646,-25.90646,-17.10380
good,174,64,4.1560,0.8026,0.5271,-13.33775,-18.48712,-18.48712,-15.91243,-12.15719,-19.22253,-19.22253,-15.68986
good,174,74,4.2952,0.7593,0.6105,-16.79759,-17.86140,-17.86140,-17.32950,-12.98405,-23.81830,-23.81830,-18.40117
good,174,84,4.4760,0.7950,0.5316,-13.75743,-17.76250,-17.76250,-15.75996,-13.76135,-21.40369,-21.40369,-17.58252
good,174,94,4.5941,0.7471,0.5012,-13.56620,-18.76147,-18.76147,-16.16384,-7.94096,-28.48542,-28.48542,-18.21319
good,174,104,4.7424,0.6960,0.6172,-22.52404,-20.63190,-22.52404,-21.57797,-13.12087,-23.65066,-23.65066,-18.38577
good,174,114,4.8487,0.7288,0.5938,-21.01192,-19.63915,-21.01192,-20.32554,-9.92356,-25.51688,-25.51688,-17.72022
good,174,124,4.9358,0.7065,0.6880,-22.23611,-20.27222,-22.23611,-21.25416,-8.68735,-23.31894,-23.31894,-16.00314
good,174,134,5.0666,0.7249,0.6152,-18.99292,-18.23608,-18.99292,-18.61450,-9.07467,-19.47134,-19.47134,-14.27301
good,174,144,5.1903,0.7473,0.6028,-24.58754,-18.12214,-24.58754,-21.35484,-8.52786,-22.08881,-22.08881,-15.30834
good,174,154,5.3199,0.7615,0.5146,-16.18874,-18.32416,-18.32416,-17.25645,-9.25105,-20.08485,-20.08485,-14.66795
good,174,164,5.5209,0.8073,0.6371,-16.09022,-17.45693,-17.45693,-16.77357,-8.62466,-18.50063,-18.50063,-13.56264
good,174,264,5.3858,8.5254,0.6040,-9.99822,-5.48235,-9.99822,-7.74029,-4.45548,-7.99240,-7.99240,-6.22394
good,174,274,3.9456,8.0211,0.5677,-10.20431,-8.64760,-10.20431,-9.42596,-9.05186,-15.66304,-15.66304,-12.35745
good,174,284,2.4573,7.7613,0.5073,-4.11727,-11.64460,-11.64460,-7.88094,-15.37685,-9.52126,-15.37685,-12.44906
good,175,23,2.2239,1.1807,0.5702,-8.30377,-16.33344,-16.33344,-12.31861,-6.63955,-17.07823,-17.07823,-11.85889
good,175,33,3.0803,1.0922,0.5536,-10.89479,-16.32227,-16.32227,-13.60853,-8.37002,-20.97525,-20.97525,-14.67264
good,175,43,3.6605,0.9779,0.5506,-9.66380,-14.31484,-14.31484,-11.98932,-9.76350,-18.41103,-18.41103,-14.08727
good,175,53,3.9321,0.9084,0.5491,-8.32459,-14.16716,-14.16716,-11.24588,-8.84307,-17.45975,-17.45975,-13.15141
good,175,63,4.0672,0.8837,0.5959,-9.41834,-18.50505,-18.50505,-13.96169,-5.64544,-17.51791,-17.51791,-11.58168
good,175,73,4.6107,1.0251,0.5259,-2.75684,-12.03427,-12.03427,-7.39555,-1.45955,-13.17530,-13.17530,-7.31743
good,175,83,5.2467,1.0244,0.5345,-8.58172,-16.13575,-16.13575,-12.35873,-3.87351,-20.74216,-20.74216,-12.30784
good,175,167,5.6224,8.4587,0.5918,-6.77681,-11.23465,-11.23465,-9.00573,-5.78931,-13.20496,-13.20496,-9.49714
good,175,177,3.5872,7.7116,0.4888,-8.78199,-8.22017,-8.78199,-8.50108,-3.08488,-7.49973,-7.49973,-5.29230
good,175,720,2.5270,8.9353,0.2662,-39.42291,-34.00689,-39.42291,-36.71490,-42.44714,-43.68927,-43.68927,-43.06821
good,175,735,2.3123,8.8082,0.2682,-52.01210,-44.48505,-52.01210,-48.24857,-52.33503,-41.00332,-52.33503,-46.66917
good,175,745,2.3598,8.8106,0.2693,-48.84932,-47.87888,-48.84932,-48.36410,-66.17812,-56.60532,-66.17812,-61.39172
good,175,755,2.3526,8.8045,0.2665,-58.19664,-58.34941,-58.34941,-58.27303,-63.23733,-67.90446,-67.90446,-65.57089
good,175,765,2.3277,8.8398,0.2672,-73.44397,-61.11288,-73.44397,-67.27843,-69.43040,-70.55357,-70.55357,-69.99198
good,175,775,2.3271,8.8395,0.2671,-74.00770,-61.26710,-74.00770,-67.63740,-68.44520,-70.42220,-70.42220,-69.43370
good,175,785,2.3264,8.8394,0.2672,-74.31783,-61.52396,-74.31783,-67.92089,-68.48287,-70.76105,-70.76105,-69.62196
good,175,795,2.3258,8.8391,0.2673,-74.48265,-61.72466,-74.48265,-68.10365,-68.54662,-70.93982,-70.93982,-69.74322
good,176,22,2.2470,-1.1069,0.5288,-8.04728,-10.65287,-10.65287,-9.35008,-9.54598,-14.90240,-14.90240,-12.22419
good,176,32,3.0421,-0.9492,0.5239,-10.82566,-12.21994,-12.21994,-11.52280,-11.15250,-12.77825,-12.77825,-11.96537
good,176,42,3.1786,-0.9684,0.4762,-11.77691,-11.62212,-11.77691,-11.69952,-11.86156,-17.14274,-17.14274,-14.50215
good,176,52,3.4154,-0.8836,0.6022,-9.46807,-9.94810,-9.94810,-9.70809,-12.29490,-14.68998,-14.68998,-13.49244
good,176,62,3.6360,-0.7994,0.5847,-10.06150,-9.89011,-10.06150,-9.97581,-9.35441,-15.32283,-15.32283,-12.33862
good,176,72,3.8430,-0.7867,0.6005,-10.82683,-10.25267,-10.82683,-10.53975,-8.83574,-12.50702,-12.50702,-10.67138
good,176,82,4.0424,-0.8545,0.6502,-9.67872,-11.28865,-11.28865,-10.48368,-10.06875,-12.29435,-12.29435,-11.18155
good,176,92,4.1925,-0.7937,0.4877,-8.56378,-9.04581,-9.04581,-8.80480,-11.19091,-13.78078,-13.78078,-12.48585
good,176,102,4.3356,-0.7275,0.5835,-9.64380,-10.95526,-10.95526,-10.29953,-10.61397,-10.46571,-10.61397,-10.53984
good,176,112,4.4117,-0.7165,0.4717,-10.81392,-9.90426,-10.81392,-10.35909,-6.25130,-9.98385,-9.98385,-8.11758
good,176,122,4.4774,-0.8082,0.4682,-6.19151,-9.61064,-9.61064,-7.90108,-7.07297,-10.55029,-10.55029,-8.81163
good,176,132,4.8126,-0.9458,0.5884,-7.78619,-6.72250,-7.78619,-7.25435,-3.49011,-11.51756,-11.51756,-7.50384
good,176,142,5.4623,-0.9384,0.5737,-4.43616,-6.71898,-6.71898,-5.57757,-4.50434,-10.32581,-10.32581,-7.41507
good,176,256,4.8760,8.5502,0.5543,-6.70167,-5.04622,-6.70167,-5.87395,2.52841,-18.63549,-18.63549,-8.05354
good,176,266,3.1400,8.6400,0.5312,-6.07913,-13.20703,-13.20703,-9.64308,-4.76324,-9.20817,-9.20817,-6.98570
good,177,29,2.2824,0.0504,0.5335,-25.45593,-19.80913,-25.45593,-22.63253,-20.24186,-23.27822,-23.27822,-21.76004
good,177,39,2.4691,-0.0132,0.5723,-24.28053,-18.61748,-24.28053,-21.44901,-19.59180,-25.49056,-25.49056,-22.54118
good,177,49,2.5356,0.0269,0.5291,-23.64390,-18.23735,-23.64390,-20.94062,-18.77783,-26.64265,-26.64265,-22.71024
good,177,59,2.6095,-0.0167,0.5618,-24.88382,-19.24302,-24.88382,-22.06342,-21.05326,-26.11279,-26.11279,-23.58302
good,177,69,2.6949,0.0113,0.5551,-22.84934,-19.65246,-22.84934,-21.25090,-19.78885,-24.98257,-24.98257,-22.38572
good,177,79,2.7518,-0.0216,0.4836,-23.99760,-17.55381,-23.99760,-20.77570,-19.43900,-25.29746,-25.29746,-22.36823
good,177,89,2.8299,-0.0199,0.6391,-24.64176,-19.48062,-24.64176,-22.06119,-21.24501,-26.68310,-26.68310,-23.96405
good,177,99,2.8775,0.0115,0.6259,-23.61615,-18.78698,-23.61615,-21.20156,-21.32064,-23.69440,-23.69440,-22.50752
good,177,109,2.9447,0.0176,0.5629,-23.31278,-17.11881,-23.31278,-20.21580,-20.02955,-25.52702,-25.52702,-22.77829
good,177,119,3.0195,-0.0355,0.6126,-25.79673,-19.95303,-25.79673,-22.87488,-23.55708,-22.00644,-23.55708,-22.78176
good,177,129,3.0891,-0.0618,0.6023,-22.88588,-16.16415,-22.88588,-19.52501,-18.20665,-22.62552,-22.62552,-20.41609
good,177,139,3.1410,-0.0834,0.6606,-25.66173,-19.09276,-25.66173,-22.37724,-21.11519,-22.47634,-22.47634,-21.79576
good,177,149,3.2138,-0.0910,0.6327,-25.31745,-19.08616,-25.31745,-22.20180,-20.24172,-20.16815,-20.24172,-20.20494
good,177,159,3.2707,-0.0908,0.5964,-26.65422,-18.42765,-26.65422,-22.54094,-20.56159,-17.79680,-20.56159,-19.17919
good,177,169,3.3432,-0.0451,0.5540,-27.96738,-17.84941,-27.96738,-22.90839,-23.23312,-18.85159,-23.23312,-21.04235
good,177,179,3.4106,-0.0058,0.5431,-30.28850,-17.53510,-30.28850,-23.91180,-23.11596,-20.24716,-23.11596,-21.68156
good,177,189,3.4929,0.0177,0.5470,-27.65299,-17.26089,-27.65299,-22.45694,-23.85447,-18.65317,-23.85447,-21.25382
good,177,199,3.5571,0.0464,0.5354,-27.22647,-17.40177,-27.22647,-22.31412,-20.73329,-19.95351,-20.73329,-20.34340
good,177,209,3.6081,0.0482,0.5427,-27.39979,-16.33891,-27.39979,-21.86935,-20.76728,-20.80644,-20.80644,-20.78686
good,177,219,3.6990,0.0088,0.6173,-27.88350,-17.23452,-27.88350,-22.55901,-22.21500,-21.56612,-22.21500,-21.89056
good,177,229,3.7526,-0.0080,0.5993,-30.43174,-17.95471,-30.43174,-24.19322,-25.58724,-16.67879,-25.58724,-21.13301
good,177,239,3.7929,-0.0492,0.5480,-28.89627,-18.04472,-28.89627,-23.47049,-26.59994,-18.47882,-26.59994,-22.53938
good,177,249,3.8568,-0.0511,0.6891,-36.42546,-19.15455,-36.42546,-27.79000,-27.61196,-15.01128,-27.61196,-21.31162
good,177,259,3.9093,-0.0190,0.5858,-34.40966,-19.18935,-34.40966,-26.79950,-25.08998,-15.66791,-25.08998,-20.37895
good,177,269,3.9669,-0.0089,0.7109,-32.68844,-19.48789,-32.68844,-26.08817,-25.70720,-16.73863,-25.70720,-21.22292
good,177,279,4.0089,0.0204,0.6492,-37.46463,-21.27735,-37.46463,-29.37099,-25.91918,-17.13585,-25.91918,-21.52752
good,177,289,4.0738,0.0516,0.7243,-35.42547,-18.20626,-35.42547,-26.81586,-25.09717,-16.24934,-25.09717,-20.67325
good,177,299,4.1262,0.0606,0.5614,-33.94189,-20.13769,-33.94189,-27.03979,-26.84601,-16.96530,-26.84601,-21.90565
good,177,309,4.1741,0.0555,0.4695,-37.95937,-21.45395,-37.95937,-29.70666,-29.12846,-16.81192,-29.12846,-22.97019
good,177,319,4.2187,0.0270,0.6301,-38.08235,-21.48410,-38.08235,-29.78323,-28.57212,-12.48894,-28.57212,-20.53053
good,177,329,4.2488,0.0016,0.5028,-41.09229,-21.48891,-41.09229,-31.29060,-31.17640,-18.37163,-31.17640,-24.77402
good,177,339,4.3095,-0.0094,0.6359,-36.73799,-24.08039,-36.73799,-30.40919,-36.19103,-12.55138,-36.19103,-24.37121
good,177,349,4.3919,0.0201,0.6159,-36.31390,-16.36720,-36.31390,-26.34055,-40.27239,-19.55531,-40.27239,-29.91385
good,177,359,4.4765,0.0578,0.5603,-34.72928,-17.90047,-34.72928,-26.31488,-31.44374,-16.02509,-31.44374,-23.73441
good,177,369,4.5265,0.0594,0.5439,-40.68570,-21.71341,-40.68570,-31.19955,-26.96927,-16.75587,-26.96927,-21.86257
good,177,379,4.5853,0.0314,0.4634,-39.57196,-22.47741,-39.57196,-31.02468,-25.61800,-11.51784,-25.61800,-18.56792
good,177,389,4.6580,0.0147,0.6233,-43.11230,-22.57964,-43.11230,-32.84597,-26.06807,-14.58026,-26.06807,-20.32417
good,177,399,4.7169,-0.0058,0.4770,-40.29101,-19.85473,-40.29101,-30.07287,-21.65635,-13.56781,-21.65635,-17.61208
good,177,409,4.7861,-0.0546,0.6170,-40.54591,-21.28598,-40.54591,-30.91594,-29.81469,-13.66089,-29.81469,-21.73779
good,177,419,4.8776,-0.0580,0.5365,-35.90894,-20.23377,-35.90894,-28.07135,-25.64713,-11.76195,-25.64713,-18.70454
good,177,429,4.9171,-0.0503,0.4555,-39.31851,-21.23955,-39.31851,-30.27903,-21.77222,-14.68674,-21.77222,-18.22948
good,177,439,4.9775,-0.0386,0.6623,-39.41495,-20.49997,-39.41495,-29.95746,-24.47737,-16.71746,-24.47737,-20.59742
good,177,449,5.0507,-0.0228,0.4831,-39.06470,-19.75302,-39.06470,-29.40886,-21.91790,-13.19444,-21.91790,-17.55617
good,177,459,5.1090,-0.0227,0.5277,-41.32863,-20.82115,-41.32863,-31.07489,-26.88103,-9.25019,-26.88103,-18.06561
good,177,469,5.1625,0.0007,0.6024,-41.65405,-22.97355,-41.65405,-32.31380,-18.88409,-12.28684,-18.88409,-15.58546
good,177,479,5.2208,-0.0038,0.5698,-42.28736,-24.02120,-42.28736,-33.15428,-24.30953,-12.62282,-24.30953,-18.46618
good,177,489,5.2484,-0.0614,0.6684,-41.62158,-23.56897,-41.62158,-32.59528,-28.63556,-12.47114,-28.63556,-20.55335
good,177,499,5.3063,-0.0581,0.5756,-44.47731,-17.41726,-44.47731,-30.94729,-30.85547,-14.75935,-30.85547,-22.80741
good,177,509,5.4245,-0.0066,0.7312,-41.44867,-21.67224,-41.44867,-31.56046,-32.01993,-16.19441,-32.01993,-24.10717
good,177,519,5.4822,0.0029,0.5713,-39.20713,-21.67727,-39.20713,-30.44220,-21.09088,-13.47794,-21.09088,-17.28441
good,177,529,5.5319,0.0208,0.7176,-37.71032,-20.37773,-37.71032,-29.04403,-31.94356,-7.24948,-31.94356,-19.59652
good,177,539,5.5767,0.0444,0.5479,-38.46927,-23.56118,-38.46927,-31.01522,-25.69766,-10.48813,-25.69766,-18.09290
good,177,640,4.6557,8.9051,0.5242,-9.50591,-9.87211,-9.87211,-9.68901,-13.43326,-8.19119,-13.43326,-10.81223
good,177,650,3.4753,8.7368,0.6100,-17.12765,-8.91129,-17.12765,-13.01947,-20.65827,-15.90452,-20.65827,-18.28140
good,178,21,2.1922,1.0302,0.5227,-8.23429,-15.18545,-15.18545,-11.70987,-7.63595,-18.57445,-18.57445,-13.10520
good,178,31,3.1436,0.9749,0.5934,-9.06965,-16.23951,-16.23951,-12.65458,-9.74110,-17.31200,-17.31200,-13.52655
good,178,41,3.7131,0.8737,0.5770,-15.58821,-20.06064,-20.06064,-17.82442,-12.00696,-23.95911,-23.95911,-17.98303
good,178,51,3.8327,0.8377,0.4968,-17.06610,-18.57447,-18.57447,-17.82028,-10.54784,-24.38872,-24.38872,-17.46828
good,178,61,4.0064,0.7744,0.5232,-11.93241,-15.47560,-15.47560,-13.70400,-11.41283,-23.77160,-23.77160,-17.59222
good,178,71,4.1168,0.7672,0.5632,-16.24310,-18.43365,-18.43365,-17.33837,-13.13947,-24.41253,-24.41253,-18.77600
good,178,81,4.3027,0.7986,0.5557,-16.43139,-20.70941,-20.70941,-18.57040,-10.73550,-20.73129,-20.73129,-15.73339
good,178,91,4.4357,0.7453,0.5812,-22.74466,-19.25416,-22.74466,-20.99941,-12.84964,-25.23993,-25.23993,-19.04479
good,178,101,4.5763,0.7760,0.5884,-20.93484,-20.80204,-20.93484,-20.86844,-12.90214,-23.39498,-23.39498,-18.14856
good,178,111,4.7234,0.7489,0.5795,-24.86909,-20.23721,-24.86909,-22.55315,-10.33057,-22.93564,-22.93564,-16.63310
good,178,121,4.8450,0.7078,0.6201,-26.82952,-20.37072,-26.82952,-23.60012,-12.48328,-22.34848,-22.34848,-17.41588
good,178,131,4.9579,0.7767,0.5569,-20.66401,-19.78789,-20.66401,-20.22595,-10.65256,-21.10965,-21.10965,-15.88110
good,178,141,5.0948,0.7603,0.5250,-20.68463,-19.84792,-20.68463,-20.26627,-9.43935,-21.61743,-21.61743,-15.52839
good,178,151,5.2167,0.7919,0.5458,-22.74494,-17.73574,-22.74494,-20.24034,-8.80180,-21.50674,-21.50674,-15.15427
good,178,161,5.3594,0.8566,0.5557,-19.45809,-18.93931,-19.45809,-19.19870,-8.09567,-22.84100,-22.84100,-15.46833
good,178,171,5.5241,0.7756,0.4754,-18.85195,-18.44888,-18.85195,-18.65042,-7.56978,-20.74073,-20.74073,-14.15525
good,178,254,5.0771,8.0344,0.5313,-5.20489,-8.49047,-8.49047,-6.84768,-1.14868,-5.31318,-5.31318,-3.23093
good,178,264,3.4701,7.8145,0.4601,-8.46502,-10.02154,-10.02154,-9.24328,-9.77470,-13.84449,-13.84449,-11.80959
good,179,27,2.2595,-1.0894,0.5310,-11.13726,-14.35096,-14.35096,-12.74411,-13.84612,-16.88317,-16.88317,-15.36465
good,179,37,3.1084,-1.1164,0.5665,-4.59236,-9.11484,-9.11484,-6.85360,-13.33711,-18.57804,-18.57804,-15.95757
good,179,47,3.7282,-1.0147,0.6499,-6.80083,-10.52335,-10.52335,-8.66209,-11.67296,-17.06748,-17.06748,-14.37022
good,179,57,4.3784,-0.9473,0.5738,-9.15650,-10.29866,-10.29866,-9.72758,-14.04350,-14.54675,-14.54675,-14.29513
good,179,67,4.6690,-0.8585,0.6579,-14.04578,-13.59155,-14.04578,-13.81866,-14.70299,-13.02883,-14.70299,-13.86591
good,179,77,4.8038,-0.8411,0.5682,-18.56661,-11.52053,-18.56661,-15.04357,-13.85522,-17.81475,-17.81475,-15.83499
good,179,87,4.9935,-0.7936,0.5245,-17.77120,-11.35133,-17.77120,-14.56127,-17.84237,-18.46055,-18.46055,-18.15146
good,179,97,5.1865,-0.7272,0.5358,-20.03763,-12.49531,-20.03763,-16.26647,-16.51223,-18.72163,-18.72163,-17.61693
good,179,107,5.3463,-0.8056,0.5325,-17.24911,-11.02256,-17.24911,-14.13584,-14.15015,-14.31501,-14.31501,-14.23258
good,179,117,5.5325,-0.7447,0.5958,-15.22687,-11.75261,-15.22687,-13.48974,-15.44034,-14.29701,-15.44034,-14.86867
good,179,226,5.5674,8.7125,0.5012,-2.17314,-9.68655,-9.68655,-5.92984,-11.82956,-2.06427,-11.82956,-6.94692
good,179,236,4.5455,8.7166,0.4409,1.08790,-16.29363,-16.29363,-7.60286,-14.65747,-21.87902,-21.87902,-18.26825
good,179,246,3.2108,8.8262,0.5252,-14.62348,-8.48404,-14.62348,-11.55376,-9.87153,-16.00352,-16.00352,-12.93753
good,181,22,2.2023,-0.9427,0.5181,-6.89185,-9.55632,-9.55632,-8.22408,-9.40063,-15.94139,-15.94139,-12.67101
good,181,32,3.2078,-0.9014,0.5336,-7.80090,-5.16204,-7.80090,-6.48147,-9.65629,-11.04360,-11.04360,-10.34994
good,181,42,3.9134,-0.9186,0.5352,-7.26299,-5.80025,-7.26299,-6.53162,-9.47595,-8.39025,-9.47595,-8.93310
good,181,52,4.3980,-0.9528,0.5754,-7.48944,-6.03880,-7.48944,-6.76412,-9.44679,-8.30903,-9.44679,-8.87791
good,181,62,5.1908,-0.9915,0.5432,-7.03756,-9.35128,-9.35128,-8.19442,-7.52763,-10.85415,-10.85415,-9.19089
good,181,149,4.5777,7.9471,0.6732,-10.12578,-11.90063,-11.90063,-11.01320,-17.54892,-18.66253,-18.66253,-18.10573
good,181,159,3.7848,7.6520,0.4732,-14.75173,-14.40006,-14.75173,-14.57590,-8.73625,-19.75699,-19.75699,-14.24662
good,183,22,2.2958,-1.0818,0.5547,-8.00274,-12.09727,-12.09727,-10.05000,-11.25936,-16.10910,-16.10910,-13.68423
good,183,32,3.4649,-0.9332,0.5149,-8.00668,-11.54464,-11.54464,-9.77566,-13.75694,-14.58359,-14.58359,-14.17027
good,183,42,4.2844,-0.8455,0.6115,-9.90127,-9.51990,-9.90127,-9.71059,-13.24711,-12.13015,-13.24711,-12.68863
good,183,52,4.4989,-0.9304,0.5964,-11.98711,-10.12346,-11.98711,-11.05529,-12.98273,-12.31765,-12.98273,-12.65019
good,183,62,4.7260,-0.8712,0.5688,-13.61643,-7.42066,-13.61643,-10.51854,-12.00380,-12.81813,-12.81813,-12.41096
good,183,72,4.9074,-0.7367,0.5598,-17.22606,-9.09509,-17.22606,-13.16058,-16.80508,-14.52823,-16.80508,-15.66666
good,183,82,5.0861,-0.8165,0.5688,-17.50637,-9.31697,-17.50637,-13.41167,-18.21406,-18.61017,-18.61017,-18.41211
good,183,92,5.2771,-0.7227,0.5129,-18.07000,-9.60772,-18.07000,-13.83886,-14.43933,-15.72810,-15.72810,-15.08372
good,183,102,5.4537,-0.8025,0.5137,-14.66989,-9.24903,-14.66989,-11.95946,-17.28268,-16.85503,-17.28268,-17.06886
good,183,112,5.6381,-0.6895,0.5772,-19.62451,-9.45274,-19.62451,-14.53863,-18.28766,-9.71911,-18.28766,-14.00339
good,183,188,5.3382,8.5885,0.5488,-11.07523,-14.64031,-14.64031,-12.85777,-18.12586,-17.16266,-18.12586,-17.64426
good,183,198,4.0485,8.5603,0.6500,-12.60152,-15.88459,-15.88459,-14.24305,-13.30167,-18.88016,-18.88016,-16.09091
good,184,20,2.1715,1.1611,0.5293,-12.71899,-17.51367,-17.51367,-15.11633,-9.50835,-21.08006,-21.08006,-15.29420
good,184,30,2.8870,0.9183,0.5552,-12.01347,-11.19548,-12.01347,-11.60448,-9.54845,-19.58928,-19.58928,-14.56887
good,184,40,3.0754,0.8415,0.5627,-13.02673,-12.73407,-13.02673,-12.88040,-12.17700,-21.64607,-21.64607,-16.91154
good,184,50,3.2006,0.7945,0.4542,-20.61331,-15.97434,-20.61331,-18.29383,-10.68756,-21.51577,-21.51577,-16.10167
good,184,60,3.3236,0.7829,0.5663,-15.41378,-12.28735,-15.41378,-13.85057,-14.75797,-21.95867,-21.95867,-18.35832
good,184,70,3.4642,0.7750,0.5458,-16.97235,-13.26564,-16.97235,-15.11900,-14.48527,-22.89107,-22.89107,-18.68817
good,184,80,3.5988,0.8140,0.5149,-13.61306,-14.66373,-14.66373,-14.13840,-15.75529,-20.36798,-20.36798,-18.06163
good,184,90,3.7367,0.7278,0.6024,-20.65504,-15.50405,-20.65504,-18.07955,-14.58934,-22.19920,-22.19920,-18.39427
good,184,100,3.8424,0.7485,0.5644,-16.14380,-15.09773,-16.14380,-15.62076,-16.28721,-21.92362,-21.92362,-19.10541
good,184,110,3.9751,0.7504,0.5115,-20.63083,-16.44765,-20.63083,-18.53924,-12.96860,-23.08039,-23.08039,-18.02449
good,184,120,4.0571,0.6831,0.5550,-22.53723,-17.67665,-22.53723,-20.10694,-15.65428,-20.42616,-20.42616,-18.04022
good,184,130,4.1638,0.6773,0.5399,-21.37011,-17.08519,-21.37011,-19.22765,-16.49147,-22.19222,-22.19222,-19.34184
good,184,140,4.2590,0.6894,0.4989,-21.00322,-17.97008,-21.00322,-19.48665,-16.12300,-19.62944,-19.62944,-17.87622
good,184,150,4.3779,0.6837,0.5981,-23.34441,-19.58961,-23.34441,-21.46701,-18.26434,-19.25285,-19.25285,-18.75859
good,184,160,4.4555,0.6771,0.6547,-26.94051,-18.13495,-26.94051,-22.53773,-17.48037,-20.94678,-20.94678,-19.21358
good,184,170,4.5243,0.6124,0.6891,-30.27491,-19.90257,-30.27491,-25.08874,-16.31343,-21.87849,-21.87849,-19.09596
good,184,180,4.6138,0.6197,0.5560,-30.24201,-20.37130,-30.24201,-25.30666,-18.53446,-17.58106,-18.53446,-18.05776
good,184,190,4.7151,0.6227,0.5460,-29.42149,-19.99301,-29.42149,-24.70725,-17.59584,-21.32140,-21.32140,-19.45862
good,184,200,4.8099,0.6342,0.6796,-26.54485,-20.40116,-26.54485,-23.47301,-15.47600,-22.21505,-22.21505,-18.84553
good,184,210,4.8733,0.6638,0.6112,-28.17071,-21.08364,-28.17071,-24.62717,-13.73220,-18.24480,-18.24480,-15.98850
good,184,220,4.9690,0.6733,0.5543,-29.13974,-20.56409,-29.13974,-24.85191,-13.57585,-18.99220,-18.99220,-16.28403
good,184,230,5.0454,0.6656,0.5460,-29.65029,-23.16184,-29.65029,-26.40607,-15.30296,-21.27530,-21.27530,-18.28913
good,184,240,5.1330,0.6987,0.5253,-25.20432,-17.90325,-25.20432,-21.55378,-12.40562,-20.93462,-20.93462,-16.67012
good,184,250,5.2909,0.8215,0.5788,-20.79125,-19.54124,-20.79125,-20.16625,-10.07327,-21.86560,-21.86560,-15.96943
good,184,260,5.4376,0.8329,0.5212,-20.81266,-17.02465,-20.81266,-18.91865,-13.70497,-20.17642,-20.17642,-16.94069
good,184,338,5.8863,8.0577,0.5114,-12.38995,-11.56453,-12.38995,-11.97724,-17.64019,-14.59417,-17.64019,-16.11718
good,184,348,4.1179,8.3107,0.6257,-11.31302,-4.47950,-11.31302,-7.89626,-23.23168,-9.75888,-23.23168,-16.49528
good,184,358,2.6549,7.9243,0.4187,-18.16058,-8.29117,-18.16058,-13.22588,-27.10985,-10.39373,-27.10985,-18.75179
good,186,23,2.2226,-0.9805,0.5597,-6.75470,-9.85435,-9.85435,-8.30453,-8.67317,-14.48163,-14.48163,-11.57740
good,186,33,3.1974,-1.0672,0.5565,-4.13300,-9.78967,-9.78967,-6.96133,-8.09996,-14.13770,-14.13770,-11.11883
good,186,43,4.3762,-1.0103,0.5482,-5.87370,-8.96407,-8.96407,-7.41889,-7.67028,-12.63816,-12.63816,-10.15422
good,186,53,5.2733,-0.9759,0.5371,-6.82734,-10.08917,-10.08917,-8.45825,-8.03482,-8.21708,-8.21708,-8.12595
good,186,136,4.9012,8.2314,0.5142,-11.45593,-4.16708,-11.45593,-7.81151,-6.91521,-6.08550,-6.91521,-6.50036
good,186,146,3.3851,8.1289,0.5792,-14.32787,-9.96338,-14.32787,-12.14563,-7.81775,-9.05739,-9.05739,-8.43757
good,186,457,2.1998,8.6791,0.4815,-3.90806,2.28533,-3.90806,-0.81137,-23.58455,-20.53576,-23.58455,-22.06015
good,188,29,2.2590,0.1047,0.5753,-24.63931,-20.63955,-24.63931,-22.63943,-18.92788,-24.32595,-24.32595,-21.62691
good,188,39,2.4744,0.0463,0.6392,-25.65719,-18.27656,-25.65719,-21.96687,-18.95336,-29.33611,-29.33611,-24.14473
good,188,49,2.5335,0.0274,0.5466,-22.57826,-19.42092,-22.57826,-20.99959,-19.32523,-28.85375,-28.85375,-24.08949
good,188,59,2.6003,0.0220,0.5809,-23.87546,-19.43324,-23.87546,-21.65435,-18.80921,-25.44889,-25.44889,-22.12905
good,188,69,2.6691,0.0568,0.5707,-24.13412,-17.90129,-24.13412,-21.01771,-18.89608,-24.66891,-24.66891,-21.78249
good,188,79,2.7427,0.0191,0.4737,-22.05068,-17.24480,-22.05068,-19.64774,-20.73225,-28.14254,-28.14254,-24.43739
good,188,89,2.7965,-0.0020,0.5621,-22.51328,-17.34973,-22.51328,-19.93150,-20.52270,-25.08893,-25.08893,-22.80581
good,188,99,2.8679,-0.0623,0.6606,-24.24711,-19.53294,-24.24711,-21.89003,-19.41676,-24.11704,-24.11704,-21.76690
good,188,109,2.9394,-0.0612,0.5477,-26.19182,-19.10662,-26.19182,-22.64922,-21.20274,-24.04710,-24.04710,-22.62492
good,188,119,2.9863,-0.0214,0.5724,-25.79725,-18.67963,-25.79725,-22.23844,-20.17258,-25.44691,-25.44691,-22.80974
good,188,129,3.0612,0.0094,0.5633,-27.28206,-17.78808,-27.28206,-22.53507,-20.23856,-26.09596,-26.09596,-23.16726
good,188,139,3.1012,0.0572,0.5663,-24.98485,-17.11739,-24.98485,-21.05112,-17.92539,-25.85652,-25.85652,-21.89096
good,188,149,3.1760,0.0788,0.4834,-26.75056,-16.78716,-26.75056,-21.76886,-19.01592,-25.33928,-25.33928,-22.17760
good,188,159,3.2467,0.0621,0.5924,-25.39440,-17.77411,-25.39440,-21.58426,-17.85015,-20.43702,-20.43702,-19.14358
good,188,169,3.3142,0.0034,0.4689,-25.82335,-19.34413,-25.82335,-22.58374,-20.91293,-25.59641,-25.59641,-23.25467
good,188,179,3.3744,0.0204,0.5632,-27.34063,-15.67531,-27.34063,-21.50797,-20.91544,-23.07565,-23.07565,-21.99554
good,188,189,3.4256,0.0291,0.5970,-26.54537,-17.60027,-26.54537,-22.07282,-20.61727,-20.85728,-20.85728,-20.73728
good,188,199,3.4935,0.0581,0.5192,-26.34248,-17.74892,-26.34248,-22.04570,-19.96044,-20.07192,-20.07192,-20.01618
good,188,209,3.5557,0.0489,0.6149,-24.40878,-17.29418,-24.40878,-20.85148,-20.73113,-22.91484,-22.91484,-21.82299
good,188,219,3.6073,0.0803,0.5973,-31.52299,-16.31332,-31.52299,-23.91815,-24.20966,-21.42526,-24.20966,-22.81746
good,188,229,3.6662,0.0904,0.4585,-30.70981,-17.90341,-30.70981,-24.30661,-22.93782,-21.77294,-22.93782,-22.35538
good,188,239,3.7489,0.0721,0.6032,-32.53238,-20.45489,-32.53238,-26.49364,-19.71298,-19.90885,-19.90885,-19.81091
good,188,249,3.8091,0.0499,0.6346,-31.23424,-18.39405,-31.23424,-24.81415,-19.28378,-20.24714,-20.24714,-19.76546
good,188,259,3.8434,0.0365,0.5378,-29.58403,-18.93056,-29.58403,-24.25729,-23.09556,-22.06671,-23.09556,-22.58113
good,188,269,3.9162,0.0141,0.5110,-28.89212,-17.52545,-28.89212,-23.20879,-19.02874,-14.67933,-19.02874,-16.85404
good,188,279,3.9835,-0.0341,0.5177,-27.72234,-17.78047,-27.72234,-22.75140,-20.79187,-14.46993,-20.79187,-17.63090
good,188,289,4.0269,-0.0099,0.5317,-37.30108,-20.35563,-37.30108,-28.82836,-25.26539,-17.80037,-25.26539,-21.53288
good,188,299,4.1045,0.0402,0.4083,-36.01168,-20.34348,-36.01168,-28.17758,-22.42569,-18.16512,-22.42569,-20.29541
good,188,309,4.1713,0.0652,0.6591,-36.35556,-21.31503,-36.35556,-28.83530,-25.80544,-17.83743,-25.80544,-21.82143
good,188,319,4.2532,0.0515,0.4572,-38.11301,-21.55766,-38.11301,-29.83533,-24.46349,-15.22282,-24.46349,-19.84315
good,188,329,4.3234,0.0495,0.5930,-38.72956,-20.99206,-38.72956,-29.86081,-24.64922,-16.73499,-24.64922,-20.69210
good,188,339,4.4113,0.0446,0.5225,-41.83619,-23.48951,-41.83619,-32.66285,-27.18756,-13.77482,-27.18756,-20.48119
good,188,349,4.4594,0.1023,0.6182,-44.03283,-21.38947,-44.03283,-32.71115,-24.50393,-16.66385,-24.50393,-20.58389
good,188,359,4.5033,0.1002,0.5120,-39.98529,-19.06673,-39.98529,-29.52601,-21.73861,-18.37330,-21.73861,-20.05595
good,188,369,4.5684,0.0523,0.5132,-38.26944,-21.77132,-38.26944,-30.02038,-25.67282,-15.66483,-25.67282,-20.66883
good,188,379,4.6097,0.0300,0.5629,-45.28670,-24.35097,-45.28670,-34.81883,-27.50481,-16.33563,-27.50481,-21.92022
good,188,389,4.6640,0.0561,0.6502,-42.93180,-25.44135,-42.93180,-34.18658,-25.22813,-15.07392,-25.22813,-20.15103
good,188,399,4.7347,0.0298,0.4913,-41.65617,-25.00997,-41.65617,-33.33307,-27.19974,-21.18537,-27.19974,-24.19255
good,188,409,4.7743,0.1195,0.5365,-41.53345,-25.55437,-41.53345,-33.54391,-24.82464,-17.04991,-24.82464,-20.93727
good,188,419,4.8394,0.1084,0.6201,-42.45774,-21.86169,-42.45774,-32.15971,-23.78844,-16.24209,-23.78844,-20.01526
good,188,429,4.8943,0.0940,0.5713,-43.92213,-23.85423,-43.92213,-33.88818,-22.54602,-19.49124,-22.54602,-21.01863
good,188,439,4.9495,0.0936,0.7056,-44.12190,-25.69523,-44.12190,-34.90857,-21.60524,-14.63687,-21.60524,-18.12106
good,188,449,5.0210,0.0814,0.7275,-39.76146,-23.61192,-39.76146,-31.68669,-17.18505,-18.26456,-18.26456,-17.72480
good,188,459,5.0777,0.0545,0.4766,-33.52423,-23.01171,-33.52423,-28.26797,-21.99340,-17.79064,-21.99340,-19.89202
good,188,469,5.1613,0.0207,0.6549,-42.73510,-21.85120,-42.73510,-32.29315,-18.39869,-15.77912,-18.39869,-17.08891
good,188,479,5.2247,0.0414,0.5687,-43.10248,-23.62888,-43.10248,-33.36568,-17.63700,-15.08840,-17.63700,-16.36270
good,188,489,5.2870,0.0239,0.7724,-43.83648,-20.50605,-43.83648,-32.17126,-17.19505,-16.16940,-17.19505,-16.68222
good,188,499,5.3305,0.0882,0.5908,-41.93123,-22.37798,-41.93123,-32.15460,-13.66082,-16.76557,-16.76557,-15.21319
good,188,509,5.4019,0.0851,0.5261,-39.72340,-22.10647,-39.72340,-30.91494,-15.04364,-14.77329,-15.04364,-14.90846
good,188,519,5.4503,0.0827,0.5521,-43.04323,-19.66532,-43.04323,-31.35428,-13.01279,-14.07819,-14.07819,-13.54549
good,188,529,5.5205,0.0539,0.5092,-41.08996,-21.38938,-41.08996,-31.23967,-16.69991,-14.38306,-16.69991,-15.54148
good,188,539,5.5602,-0.0184,0.5440,-35.67031,-20.42141,-35.67031,-28.04586,-14.76109,-15.47456,-15.47456,-15.11783
good,188,644,5.0963,7.4177,0.4736,-12.38412,-12.86715,-12.86715,-12.62564,-13.39700,-17.66205,-17.66205,-15.52953
good,188,654,3.2971,8.1293,0.5953,-7.46893,-9.14290,-9.14290,-8.30592,-12.65152,-13.36134,-13.36134,-13.00643
good,189,26,2.2508,0.1721,0.5131,-23.22618,-17.27002,-23.22618,-20.24810,-18.55853,-24.20328,-24.20328,-21.38091
good,189,36,2.4775,0.0820,0.6352,-23.98389,-17.98898,-23.98389,-20.98643,-18.07963,-25.89952,-25.89952,-21.98958
good,189,46,2.5400,0.0872,0.4655,-24.17825,-17.27313,-24.17825,-20.72569,-16.82115,-26.76967,-26.76967,-21.79541
good,189,56,2.5992,0.0678,0.5347,-21.07835,-17.22806,-21.07835,-19.15321,-15.92540,-25.82096,-25.82096,-20.87318
good,189,66,2.6530,0.0546,0.6103,-23.36967,-17.13685,-23.36967,-20.25326,-17.39267,-23.77146,-23.77146,-20.58207
good,189,76,2.7288,-0.0227,0.5643,-23.37418,-16.68641,-23.37418,-20.03029,-13.82930,-26.00488,-26.00488,-19.91709
good,189,86,2.7765,-0.0736,0.5748,-21.03980,-17.58429,-21.03980,-19.31205,-17.60264,-25.04226,-25.04226,-21.32245
good,189,96,2.8174,-0.0763,0.5705,-22.60659,-17.51229,-22.60659,-20.05944,-19.70886,-23.27738,-23.27738,-21.49312
good,189,106,2.8864,-0.0849,0.6557,-21.97611,-17.50629,-21.97611,-19.74120,-17.01168,-20.51065,-20.51065,-18.76117
good,189,116,2.9399,-0.0853,0.5990,-22.82747,-17.18550,-22.82747,-20.00649,-18.48754,-21.49431,-21.49431,-19.99092
good,189,126,3.0024,-0.0350,0.6315,-22.86110,-16.84207,-22.86110,-19.85159,-19.60500,-18.32485,-19.60500,-18.96492
good,189,136,3.0597,0.0162,0.5579,-22.70635,-16.06719,-22.70635,-19.38677,-20.23823,-20.30886,-20.30886,-20.27355
good,189,146,3.1305,0.0078,0.4672,-23.64269,-16.02562,-23.64269,-19.83415,-18.65383,-23.38800,-23.38800,-21.02092
good,189,156,3.2178,0.0353,0.5646,-24.81712,-16.39938,-24.81712,-20.60825,-20.42979,-23.66070,-23.66070,-22.04524
good,189,166,3.2881,0.0038,0.5137,-24.89952,-17.03113,-24.89952,-20.96532,-19.80376,-22.26827,-22.26827,-21.03602
good,189,176,3.3445,0.0011,0.5135,-24.27657,-15.18352,-24.27657,-19.73005,-20.26052,-20.91888,-20.91888,-20.58970
good,189,186,3.4061,-0.0025,0.6103,-25.88979,-17.41832,-25.88979,-21.65405,-21.77562,-18.14791,-21.77562,-19.96176
good,189,196,3.4825,-0.0146,0.5769,-26.02793,-17.40597,-26.02793,-21.71695,-21.13430,-19.05960,-21.13430,-20.09695
good,189,206,3.5462,-0.0185,0.5422,-28.77061,-16.93349,-28.77061,-22.85205,-22.22871,-19.36237,-22.22871,-20.79554
good,189,216,3.6075,-0.0037,0.5725,-26.86350,-16.66199,-26.86350,-21.76275,-22.30992,-16.43814,-22.30992,-19.37403
good,189,226,3.6888,-0.0605,0.5282,-27.50974,-17.81455,-27.50974,-22.66214,-22.88832,-13.85525,-22.88832,-18.37178
good,189,236,3.7644,-0.0602,0.6066,-27.26584,-17.30357,-27.26584,-22.28471,-23.28008,-13.97823,-23.28008,-18.62915
good,189,246,3.8163,-0.0811,0.5723,-29.99093,-17.17180,-29.99093,-23.58137,-24.69903,-14.19224,-24.69903,-19.44564
good,189,256,3.9008,-0.0432,0.5631,-30.77143,-19.79313,-30.77143,-25.28228,-24.07375,-14.06462,-24.07375,-19.06919
good,189,266,3.9566,-0.0566,0.5989,-31.96982,-19.16288,-31.96982,-25.56635,-23.53717,-15.74575,-23.53717,-19.64146
good,189,276,4.0064,-0.0081,0.4726,-30.50038,-18.75966,-30.50038,-24.63002,-26.15500,-14.92813,-26.15500,-20.54156
good,189,286,4.0755,0.0108,0.5079,-31.83187,-19.02688,-31.83187,-25.42937,-25.71271,-17.26433,-25.71271,-21.48852
good,189,296,4.1528,0.0353,0.5979,-33.75085,-19.82393,-33.75085,-26.78740,-23.32254,-14.48110,-23.32254,-18.90182
good,189,306,4.2147,0.0149,0.5936,-35.91246,-20.44244,-35.91246,-28.17745,-25.12362,-14.81424,-25.12362,-19.96894
good,189,316,4.3008,0.0261,0.5518,-33.59100,-20.37912,-33.59100,-26.98506,-23.16206,-14.79051,-23.16206,-18.97628
good,189,326,4.3698,-0.0038,0.6646,-38.10426,-22.30030,-38.10426,-30.20228,-25.06774,-13.87726,-25.06774,-19.47250
good,189,336,4.4413,-0.0146,0.6494,-35.39460,-21.30663,-35.39460,-28.35062,-24.61928,-12.33419,-24.61928,-18.47674
good,189,346,4.5081,-0.0256,0.5400,-39.29884,-20.61184,-39.29884,-29.95534,-24.52250,-12.75889,-24.52250,-18.64070
good,189,356,4.5827,0.0209,0.5792,-38.36064,-20.77434,-38.36064,-29.56749,-26.10053,-11.95887,-26.10053,-19.02970
good,189,366,4.6523,0.0051,0.5682,-34.60502,-20.65573,-34.60502,-27.63037,-25.07445,-13.30351,-25.07445,-19.18898
good,189,376,4.7282,0.0174,0.5473,-37.71768,-19.74088,-37.71768,-28.72928,-23.58801,-10.61584,-23.58801,-17.10192
good,189,386,4.8126,-0.0080,0.5864,-38.81099,-21.20165,-38.81099,-30.00632,-22.10217,-10.40083,-22.10217,-16.25150
good,189,396,4.8810,-0.0013,0.5323,-38.31689,-19.26772,-38.31689,-28.79230,-21.39883,-11.64201,-21.39883,-16.52042
good,189,406,4.9701,-0.0027,0.6246,-42.54802,-21.76968,-42.54802,-32.15885,-22.45602,-10.70192,-22.45602,-16.57897
good,189,416,5.0272,-0.0100,0.5804,-39.55953,-23.14895,-39.55953,-31.35424,-18.85317,-13.27849,-18.85317,-16.06583
good,189,426,5.1067,0.0329,0.5240,-40.48954,-21.07977,-40.48954,-30.78465,-20.52139,-10.81654,-20.52139,-15.66897
good,189,436,5.1851,0.0303,0.5395,-41.05676,-20.16710,-41.05676,-30.61193,-18.67931,-11.25623,-18.67931,-14.96777
good,189,446,5.2642,0.0182,0.4916,-34.92468,-18.96382,-34.92468,-26.94425,-18.50191,-10.27581,-18.50191,-14.38886
good,189,456,5.3271,0.0193,0.5212,-40.29556,-20.11768,-40.29556,-30.20662,-18.02183,-12.40084,-18.02183,-15.21133
good,189,466,5.3864,0.0259,0.5637,-38.78896,-20.29728,-38.78896,-29.54312,-17.52067,-13.46309,-17.52067,-15.49188
good,189,476,5.4641,0.0233,0.6923,-39.34860,-20.20556,-39.34860,-29.77708,-16.28428,-10.01392,-16.28428,-13.14910
good,189,486,5.5420,0.0148,0.6255,-37.47851,-20.42078,-37.47851,-28.94964,-14.11617,-11.19238,-14.11617,-12.65428
good,189,496,5.6387,-0.0403,0.5720,-37.31157,-17.43716,-37.31157,-27.37437,-13.88657,-10.18977,-13.88657,-12.03817
good,189,597,3.9771,8.5019,0.6052,-5.39823,-6.45083,-6.45083,-5.92453,-10.12086,-11.03261,-11.03261,-10.57674
good,190,21,2.2974,-1.2039,0.5218,-8.81400,-11.11219,-11.11219,-9.96310,-8.94823,-15.49257,-15.49257,-12.22040
good,190,31,3.1497,-1.2210,0.5005,-5.74430,-8.16897,-8.16897,-6.95664,-6.66665,-13.16967,-13.16967,-9.91816
good,190,41,3.9769,-1.2684,0.5062,-3.04909,-9.78323,-9.78323,-6.41616,-3.67286,-13.12106,-13.12106,-8.39696
good,190,51,4.9917,-1.2302,0.4554,-3.49379,-9.98467,-9.98467,-6.73923,-1.57035,-7.82067,-7.82067,-4.69551
good,190,139,5.4528,8.7910,0.4835,-12.42666,-12.90929,-12.90929,-12.66797,-5.54479,-10.37952,-10.37952,-7.96215
good,190,149,4.5320,8.3312,0.7040,-11.98068,-20.27294,-20.27294,-16.12681,-16.46336,-14.49948,-16.46336,-15.48142
good,190,159,2.8474,8.5322,0.6493,3.57974,-1.31839,-1.31839,1.13067,-1.27341,-3.63741,-3.63741,-2.45541
good,191,22,2.2471,1.0504,0.5172,-8.91588,-19.32442,-19.32442,-14.12015,-6.11154,-22.29945,-22.29945,-14.20549
good,191,32,3.2274,0.9706,0.5924,-6.95140,-17.33662,-17.33662,-12.14401,-8.52697,-17.96232,-17.96232,-13.24465
good,191,42,3.7943,0.8338,0.5493,-15.77969,-21.50510,-21.50510,-18.64239,-10.23214,-22.09944,-22.09944,-16.16579
good,191,52,3.9530,0.7743,0.5135,-17.74205,-19.66148,-19.66148,-18.70176,-14.89371,-24.24028,-24.24028,-19.56700
good,191,62,4.1417,0.7657,0.6335,-18.20185,-17.37565,-18.20185,-17.78875,-12.19088,-23.60980,-23.60980,-17.90034
good,191,72,4.2952,0.7408,0.6403,-25.44499,-24.79163,-25.44499,-25.11831,-17.04973,-25.88231,-25.88231,-21.46602
good,191,82,4.4505,0.7031,0.5668,-20.72143,-20.83596,-20.83596,-20.77869,-23.48547,-25.63797,-25.63797,-24.56172
good,191,92,4.5584,0.7071,0.5367,-25.18651,-20.67237,-25.18651,-22.92944,-18.93967,-26.28485,-26.28485,-22.61226
good,191,102,4.6750,0.6761,0.6145,-27.89475,-22.04057,-27.89475,-24.96766,-17.32714,-24.42721,-24.42721,-20.87717
good,191,112,4.8186,0.7520,0.5277,-25.70592,-17.24590,-25.70592,-21.47591,-13.55602,-26.69118,-26.69118,-20.12360
good,191,122,4.9551,0.6615,0.6095,-28.21186,-23.03268,-28.21186,-25.62227,-14.77910,-24.09438,-24.09438,-19.43674
good,191,132,5.0655,0.6892,0.5317,-31.87625,-21.21780,-31.87625,-26.54703,-12.27240,-23.78187,-23.78187,-18.02713
good,191,142,5.1811,0.7486,0.6611,-28.91724,-19.82776,-28.91724,-24.37250,-18.10751,-24.69871,-24.69871,-21.40311
good,191,152,5.3428,0.8565,0.6200,-20.89975,-17.81245,-20.89975,-19.35610,-10.13867,-29.85039,-29.85039,-19.99453
good,191,162,5.5705,0.8372,0.5376,-27.38881,-19.54594,-27.38881,-23.46737,-18.57138,-32.99048,-32.99048,-25.78093
good,191,255,4.6996,8.3062,0.5976,-11.80574,-9.35793,-11.80574,-10.58183,-9.89005,-13.88686,-13.88686,-11.88845
good,191,265,2.5615,8.9459,0.4694,-4.68199,-8.27524,-8.27524,-6.47862,-9.02309,-6.13988,-9.02309,-7.58148
good,191,343,2.7486,8.9106,0.5908,-9.58932,-13.94922,-13.94922,-11.76927,-26.22742,-23.63171,-26.22742,-24.92957
good,191,353,2.9811,8.9025,0.6906,-7.75963,-7.25892,-7.75963,-7.50927,-26.12844,-17.58831,-26.12844,-21.85837
good,192,21,2.1999,-1.0953,0.5897,-9.24827,-11.30315,-11.30315,-10.27571,-11.47424,-15.17885,-15.17885,-13.32654
good,192,31,3.2071,-0.8642,0.5876,-10.37753,-7.72798,-10.37753,-9.05275,-12.95829,-12.66989,-12.95829,-12.81409
good,192,41,3.6544,-0.8528,0.5749,-12.51889,-9.78252,-12.51889,-11.15071,-14.57892,-11.34532,-14.57892,-12.96212
good,192,51,3.8797,-0.8585,0.6145,-11.12169,-7.73723,-11.12169,-9.42946,-14.39112,-9.71518,-14.39112,-12.05315
good,192,61,4.0540,-0.7710,0.6107,-10.51275,-5.35085,-10.51275,-7.93180,-13.55533,-11.74307,-13.55533,-12.64920
good,192,71,4.2077,-0.7695,0.5038,-14.07370,-8.46101,-14.07370,-11.26735,-14.71466,-10.63727,-14.71466,-12.67597
good,192,81,4.3632,-0.7747,0.6152,-14.93146,-9.13442,-14.93146,-12.03294,-16.99220,-12.40616,-16.99220,-14.69918
good,192,91,4.4976,-0.7977,0.5655,-12.52387,-8.43248,-12.52387,-10.47818,-14.84225,-9.57570,-14.84225,-12.20897
good,192,101,4.6591,-0.7637,0.4899,-15.57590,-8.33165,-15.57590,-11.95378,-15.39048,-11.07073,-15.39048,-13.23061
good,192,111,4.6883,-0.7412,0.4977,-18.19606,-11.33710,-18.19606,-14.76658,-19.85709,-14.20575,-19.85709,-17.03142
good,192,121,4.8284,-0.7625,0.6861,-17.95669,-10.30555,-17.95669,-14.13112,-15.30703,-12.79650,-15.30703,-14.05177
good,192,131,4.9531,-0.7551,0.6050,-17.08259,-8.56496,-17.08259,-12.82378,-11.99410,-8.45999,-11.99410,-10.22705
good,192,141,5.1108,-0.7757,0.6055,-14.92387,-7.68531,-14.92387,-11.30459,-15.90446,-11.05641,-15.90446,-13.48043
good,192,151,5.3406,-0.8117,0.5187,-12.97992,-9.36333,-12.97992,-11.17163,-12.33616,-11.54296,-12.33616,-11.93956
good,192,161,5.5454,-0.8284,0.5359,-15.86606,-7.61979,-15.86606,-11.74293,-14.45570,-10.67990,-14.45570,-12.56780
good,192,243,5.2790,8.2375,0.5540,-18.83823,-8.47842,-18.83823,-13.65833,-15.70576,-6.26317,-15.70576,-10.98447
good,192,253,3.9881,7.9929,0.4707,-13.89364,-14.34851,-14.34851,-14.12107,-18.77814,-14.16182,-18.77814,-16.46998
good,192,517,2.5756,8.9686,0.4885,-19.68601,-13.20082,-19.68601,-16.44342,-29.58873,-11.57637,-29.58873,-20.58255
good,193,24,2.2367,-1.0211,0.6110,-6.60748,-10.09668,-10.09668,-8.35208,-12.08431,-15.62561,-15.62561,-13.85496
good,193,34,3.0485,-0.8197,0.5920,-11.47974,-10.02312,-11.47974,-10.75143,-15.27834,-14.76613,-15.27834,-15.02223
good,193,44,3.5495,-0.8516,0.5425,-10.97724,-8.73736,-10.97724,-9.85730,-14.26510,-14.57277,-14.57277,-14.41893
good,193,54,3.8022,-0.8338,0.4842,-10.84424,-9.88669,-10.84424,-10.36546,-14.73167,-13.64360,-14.73167,-14.18763
good,193,64,4.0527,-0.9033,0.5644,-11.66864,-9.91006,-11.66864,-10.78935,-15.20958,-11.95162,-15.20958,-13.58060
good,193,74,4.3339,-0.8007,0.6138,-12.90871,-8.82063,-12.90871,-10.86467,-16.35487,-13.25442,-16.35487,-14.80465
good,193,84,4.5045,-0.7430,0.5975,-14.58891,-9.97275,-14.58891,-12.28083,-16.37101,-13.99721,-16.37101,-15.18411
good,193,94,4.6696,-0.7460,0.6344,-15.38762,-9.84965,-15.38762,-12.61863,-15.91475,-12.02852,-15.91475,-13.97163
good,193,104,4.8111,-0.7722,0.5558,-13.46640,-9.61989,-13.46640,-11.54315,-15.64068,-11.59531,-15.64068,-13.61799
good,193,114,4.9740,-0.7387,0.5570,-15.72741,-9.10184,-15.72741,-12.41463,-18.76148,-14.25690,-18.76148,-16.50919
good,193,124,5.1223,-0.8145,0.5467,-15.67985,-7.07625,-15.67985,-11.37805,-12.51842,-13.52708,-13.52708,-13.02275
good,193,134,5.2562,-0.7983,0.5579,-16.76451,-6.60913,-16.76451,-11.68682,-14.14820,-13.31041,-14.14820,-13.72930
good,193,144,5.4836,-0.7758,0.5481,-16.75256,-6.77362,-16.75256,-11.76309,-13.30836,-15.04792,-15.04792,-14.17814
good,193,154,5.6429,-0.6816,0.5082,-19.05703,-8.80912,-19.05703,-13.93308,-15.56956,-15.58599,-15.58599,-15.57778
good,193,253,4.6416,8.6933,0.5681,-14.54405,-16.22310,-16.22310,-15.38358,-14.78778,-7.26597,-14.78778,-11.02687
good,193,263,3.5854,9.0237,0.5974,-2.82398,-6.02798,-6.02798,-4.42598,-10.08766,-17.02462,-17.02462,-13.55614
good,193,273,2.4951,8.7098,0.5536,-15.60080,-12.07929,-15.60080,-13.84005,-23.64792,-21.22935,-23.64792,-22.43864
good,196,26,2.1780,1.0029,0.5831,-9.50092,-16.53661,-16.53661,-13.01876,-10.83051,-20.27378,-20.27378,-15.55215
good,196,36,3.1963,0.9809,0.5728,-7.21236,-16.88949,-16.88949,-12.05093,-7.61290,-16.86909,-16.86909,-12.24099
good,196,46,3.9790,1.0013,0.5927,-4.11712,-12.65313,-12.65313,-8.38513,-3.45434,-19.01178,-19.01178,-11.23306
good,196,56,4.5808,0.9310,0.5831,-6.44130,-17.10862,-17.10862,-11.77496,-8.92309,-16.48583,-16.48583,-12.70446
good,196,66,5.0700,0.9345,0.5242,-6.34933,-17.20641,-17.20641,-11.77787,-8.88373,-17.80306,-17.80306,-13.34340
good,196,149,5.2691,8.4886,0.4838,-9.21278,-8.51313,-9.21278,-8.86296,-2.54258,-12.35231,-12.35231,-7.44745
good,196,159,3.5910,8.0952,0.6083,-6.25431,-12.75357,-12.75357,-9.50394,-8.00574,-6.86404,-8.00574,-7.43489
good,197,23,2.2687,-1.0052,0.5441,-8.36879,-10.00328,-10.00328,-9.18604,-7.57409,-15.63986,-15.63986,-11.60698
good,197,33,3.4657,-1.0381,0.5423,-7.96441,-14.65191,-14.65191,-11.30816,-9.71176,-17.14215,-17.14215,-13.42695
good,197,43,4.6226,-1.0450,0.5643,-3.04345,-13.83776,-13.83776,-8.44060,-8.17276,-15.50073,-15.50073,-11.83674
good,197,134,5.8248,8.6841,0.6095,-7.83510,-9.17408,-9.17408,-8.50459,-9.20423,-20.92712,-20.92712,-15.06568
good,197,144,4.2377,9.2043,0.4734,-3.05260,-5.72775,-5.72775,-4.39017,-4.78227,-8.91607,-8.91607,-6.84917
good,197,154,3.0894,8.3075,0.6705,-1.06218,-6.04612,-6.04612,-3.55415,-9.69361,-22.21264,-22.21264,-15.95312
good,197,164,3.6491,8.8658,0.5959,-9.23855,-12.98647,-12.98647,-11.11251,-13.11563,-17.54902,-17.54902,-15.33232
good,197,174,3.2736,8.7780,0.5868,-9.27183,-4.57163,-9.27183,-6.92173,-6.06162,-12.88201,-12.88201,-9.47182
good,197,184,2.4305,8.8276,0.4881,-2.18723,-10.98829,-10.98829,-6.58776,-15.03579,-22.58955,-22.58955,-18.81267
good,198,22,2.2212,-0.9214,0.5526,-6.81424,-10.05846,-10.05846,-8.43635,-9.36387,-12.56788,-12.56788,-10.96587
good,198,32,3.1166,-0.9665,0.5562,-7.57598,-10.09393,-10.09393,-8.83495,-9.06144,-12.23676,-12.23676,-10.64910
good,198,42,3.9447,-0.9905,0.5425,-8.00191,-12.19816,-12.19816,-10.10003,-8.95584,-14.47534,-14.47534,-11.71559
good,198,52,4.3672,-0.8013,0.5965,-10.72772,-9.17304,-10.72772,-9.95038,-11.84328,-9.63636,-11.84328,-10.73982
good,198,62,4.5986,-0.7928,0.6107,-9.51167,-10.12272,-10.12272,-9.81719,-10.21313,-10.79168,-10.79168,-10.50241
good,198,72,4.7910,-0.8342,0.6116,-12.59462,-10.81346,-12.59462,-11.70404,-13.48901,-15.34149,-15.34149,-14.41525
good,198,82,4.9021,-0.7620,0.4668,-14.59313,-11.43386,-14.59313,-13.01349,-10.89945,-11.20746,-11.20746,-11.05346
good,198,92,5.0637,-0.7844,0.5846,-14.62745,-10.33763,-14.62745,-12.48254,-12.42217,-13.33569,-13.33569,-12.87893
good,198,102,5.1655,-0.7994,0.5946,-13.89367,-10.21826,-13.89367,-12.05597,-10.96321,-13.63175,-13.63175,-12.29748
good,198,112,5.2681,-0.8114,0.5672,-13.02166,-8.54080,-13.02166,-10.78123,-8.28885,-15.24337,-15.24337,-11.76611
good,198,122,5.3887,-0.7545,0.5433,-12.52740,-10.22927,-12.52740,-11.37834,-6.69431,-8.75114,-8.75114,-7.72272
good,198,132,5.5056,-0.8091,0.5519,-11.40576,-7.46998,-11.40576,-9.43787,-4.64001,-12.48467,-12.48467,-8.56234
good,198,225,5.3286,7.7703,0.5506,-12.94002,-9.80966,-12.94002,-11.37484,-5.01808,-12.89297,-12.89297,-8.95552
good,198,235,3.6271,7.2950,0.6157,-7.86900,-11.19718,-11.19718,-9.53309,-4.04220,-16.72683,-16.72683,-10.38451
good,199,28,2.2471,0.9680,0.5263,-9.80920,-17.36709,-17.36709,-13.58814,-11.83666,-20.18465,-20.18465,-16.01065
good,199,38,3.2892,0.9531,0.5850,-6.43604,-19.45530,-19.45530,-12.94567,-7.94943,-23.25624,-23.25624,-15.60283
good,199,48,3.8555,0.9064,0.5364,-6.69272,-13.53037,-13.53037,-10.11155,-5.14153,-16.24873,-16.24873,-10.69513
good,199,58,4.3034,0.8763,0.6183,-6.35198,-14.34721,-14.34721,-10.34959,-8.17810,-16.21342,-16.21342,-12.19576
good,199,68,4.8876,0.8766,0.5126,-7.86473,-13.65789,-13.65789,-10.76131,-3.76563,-18.14956,-18.14956,-10.95759
good,199,78,5.4783,0.8875,0.5739,-9.81245,-14.65379,-14.65379,-12.23312,-8.67357,-19.50714,-19.50714,-14.09035
good,199,154,4.9859,8.1936,0.5290,-15.81191,-15.55566,-15.81191,-15.68379,-14.98643,-20.54528,-20.54528,-17.76585
good,199,164,2.9658,8.6254,0.6826,-22.28909,-22.46670,-22.46670,-22.37790,-28.55351,-23.79042,-28.55351,-26.17197
good,200,22,2.2049,-1.0194,0.6021,-7.68202,-11.58950,-11.58950,-9.63576,-8.47653,-11.12543,-11.12543,-9.80098
good,200,32,3.0578,-1.1247,0.5865,-3.94780,-8.03000,-8.03000,-5.98890,-8.30321,-10.27123,-10.27123,-9.28722
good,200,42,4.1955,-1.1227,0.5271,-4.03563,-9.26106,-9.26106,-6.64835,-5.26625,-9.82845,-9.82845,-7.54735
good,200,52,5.1223,-1.1437,0.5579,-5.13970,-7.29423,-7.29423,-6.21696,-7.20336,-7.78872,-7.78872,-7.49604
good,200,132,5.3259,8.0080,0.4714,-10.11853,-8.86505,-10.11853,-9.49179,-5.27281,-12.93786,-12.93786,-9.10533
good,200,142,4.0132,7.7294,0.5215,-13.07641,-10.70449,-13.07641,-11.89045,-7.23593,-14.23256,-14.23256,-10.73424
good,201,23,2.2464,1.2559,0.5156,-7.54626,-14.06012,-14.06012,-10.80319,-7.06552,-21.25766,-21.25766,-14.16159
good,201,33,3.3030,1.2138,0.5190,-13.72707,-18.99935,-18.99935,-16.36321,-7.35245,-22.10868,-22.10868,-14.73056
good,201,43,3.8305,0.8971,0.6214,-4.78927,-15.26900,-15.26900,-10.02914,-6.50374,-17.64044,-17.64044,-12.07209
good,201,53,4.1251,0.8716,0.5997,-15.14891,-18.52856,-18.52856,-16.83873,-11.40299,-23.86833,-23.86833,-17.63566
good,201,63,4.3185,0.7735,0.5355,-15.46483,-17.78039,-17.78039,-16.62261,-12.15259,-21.71489,-21.71489,-16.93374
good,201,73,4.4642,0.8314,0.6089,-16.50531,-21.13983,-21.13983,-18.82257,-8.28119,-19.86922,-19.86922,-14.07521
good,201,83,4.6248,0.8025,0.5094,-17.73054,-19.84503,-19.84503,-18.78778,-7.64555,-27.24207,-27.24207,-17.44381
good,201,93,4.8168,0.8030,0.5027,-17.30388,-19.56085,-19.56085,-18.43236,-9.53437,-22.69981,-22.69981,-16.11709
good,201,103,4.9492,0.7302,0.5540,-20.33355,-19.40073,-20.33355,-19.86714,-12.59757,-24.60236,-24.60236,-18.59997
good,201,113,5.1095,0.7118,0.6083,-21.39716,-24.01932,-24.01932,-22.70824,-12.28815,-26.25209,-26.25209,-19.27012
good,201,123,5.2687,0.8533,0.5582,-16.49238,-16.61648,-16.61648,-16.55443,-9.35431,-20.81379,-20.81379,-15.08405
good,201,133,5.5172,0.8675,0.5540,-22.32730,-16.58019,-22.32730,-19.45374,-9.94799,-20.04138,-20.04138,-14.99468
good,201,222,4.9592,7.4330,0.4968,-11.28770,-13.96735,-13.96735,-12.62753,-5.58351,-14.87548,-14.87548,-10.22949
good,201,232,3.4492,7.8911,0.5435,-11.83496,-13.29127,-13.29127,-12.56312,-11.09356,-14.41271,-14.41271,-12.75313
good,202,25,2.2931,-1.0045,0.5865,-12.71795,-10.24940,-12.71795,-11.48367,-15.47448,-14.86329,-15.47448,-15.16889
good,202,35,3.1935,-0.8272,0.6158,-13.34445,-10.62914,-13.34445,-11.98680,-16.40898,-14.75394,-16.40898,-15.58146
good,202,45,3.3403,-0.8292,0.5405,-13.03189,-11.47982,-13.03189,-12.25586,-14.07791,-15.58186,-15.58186,-14.82988
good,202,55,3.5099,-0.8654,0.5849,-12.86361,-9.56054,-12.86361,-11.21208,-13.03202,-10.89233,-13.03202,-11.96218
good,202,65,3.6796,-0.8468,0.6202,-12.75875,-9.96052,-12.75875,-11.35964,-15.31992,-13.11128,-15.31992,-14.21560
good,202,75,3.8617,-0.8192,0.5713,-14.14392,-8.41980,-14.14392,-11.28186,-12.60335,-10.46056,-12.60335,-11.53196
good,202,85,3.9895,-0.7363,0.5139,-13.61647,-9.26952,-13.61647,-11.44300,-11.76847,-8.53398,-11.76847,-10.15123
good,202,95,4.1179,-0.7446,0.5471,-14.19755,-9.60451,-14.19755,-11.90103,-15.18766,-14.48673,-15.18766,-14.83720
good,202,105,4.2425,-0.7739,0.6200,-16.91071,-10.53388,-16.91071,-13.72229,-16.38745,-10.98922,-16.38745,-13.68833
good,202,115,4.4163,-0.7693,0.5192,-12.70723,-8.62707,-12.70723,-10.66715,-15.85050,-12.81922,-15.85050,-14.33486
good,202,125,4.5835,-0.9333,0.6143,-9.54365,-9.52221,-9.54365,-9.53293,-9.87134,-12.15067,-12.15067,-11.01101
good,202,135,5.1277,-0.9932,0.6579,-12.50224,-7.25988,-12.50224,-9.88106,-11.97832,-11.27280,-11.97832,-11.62556
good,202,211,5.1444,7.7602,0.5329,-16.82350,-14.47273,-16.82350,-15.64812,-17.31202,-20.49650,-20.49650,-18.90426
good,202,221,3.2029,8.4135,0.4899,-11.93915,-12.81075,-12.81075,-12.37495,-14.45338,-11.94500,-14.45338,-13.19919
good,203,29,2.2266,-0.1094,0.5246,-23.76596,-19.09634,-23.76596,-21.43115,-15.82349,-22.03561,-22.03561,-18.92955
good,203,39,2.4540,-0.1210,0.5637,-21.05723,-17.72847,-21.05723,-19.39285,-17.69780,-23.30720,-23.30720,-20.50250
good,203,49,2.5373,-0.0861,0.5580,-22.39348,-18.86415,-22.39348,-20.62881,-16.13308,-21.62785,-21.62785,-18.88047
good,203,59,2.6173,-0.0798,0.5853,-22.07865,-20.00194,-22.07865,-21.04029,-17.76436,-24.38590,-24.38590,-21.07513
good,203,69,2.6997,-0.0970,0.6693,-23.50314,-19.92034,-23.50314,-21.71174,-16.23237,-22.60502,-22.60502,-19.41870
good,203,79,2.7440,-0.0982,0.5567,-23.26826,-18.90156,-23.26826,-21.08491,-17.40480,-22.67070,-22.67070,-20.03775
good,203,89,2.7997,-0.0911,0.5322,-22.88276,-17.40655,-22.88276,-20.14465,-18.06488,-22.01935,-22.01935,-20.04211
good,203,99,2.8845,-0.1139,0.5301,-21.73866,-16.55016,-21.73866,-19.14441,-17.33188,-19.66463,-19.66463,-18.49825
good,203,109,2.9420,-0.1307,0.6814,-23.85448,-17.66554,-23.85448,-20.76001,-15.49759,-21.70071,-21.70071,-18.59915
good,203,119,3.0212,-0.1735,0.5205,-22.97088,-17.29217,-22.97088,-20.13153,-16.91764,-19.50768,-19.50768,-18.21266
good,203,129,3.0717,-0.1737,0.5919,-22.28557,-18.19406,-22.28557,-20.23981,-17.03710,-19.19902,-19.19902,-18.11806
good,203,139,3.1417,-0.1315,0.6456,-23.38821,-16.82165,-23.38821,-20.10493,-17.48865,-18.42532,-18.42532,-17.95699
good,203,149,3.2318,-0.1124,0.6110,-26.21988,-20.31476,-26.21988,-23.26732,-19.83679,-18.40653,-19.83679,-19.12166
good,203,159,3.2456,-0.1049,0.5343,-25.89395,-16.15074,-25.89395,-21.02234,-21.18871,-22.26858,-22.26858,-21.72865
good,203,169,3.3009,-0.0531,0.6068,-26.46058,-17.42830,-26.46058,-21.94444,-19.00322,-18.85970,-19.00322,-18.93146
good,203,179,3.3820,-0.0131,0.5109,-26.18102,-17.00435,-26.18102,-21.59269,-20.91221,-23.61489,-23.61489,-22.26355
good,203,189,3.4376,0.0315,0.5547,-25.92107,-18.02944,-25.92107,-21.97525,-17.37386,-21.32815,-21.32815,-19.35101
good,203,199,3.5061,0.0304,0.4875,-27.03937,-17.39183,-27.03937,-22.21560,-20.47228,-22.53525,-22.53525,-21.50377
good,203,209,3.5462,0.0344,0.4294,-27.41207,-18.30094,-27.41207,-22.85651,-22.52761,-23.93504,-23.93504,-23.23133
good,203,219,3.6053,-0.0014,0.5154,-27.34985,-18.79811,-27.34985,-23.07398,-22.23557,-16.10520,-22.23557,-19.17038
good,203,229,3.6633,-0.0232,0.5401,-26.49313,-17.99715,-26.49313,-22.24514,-23.24576,-16.73240,-23.24576,-19.98908
good,203,239,3.7321,0.0213,0.5603,-26.10783,-18.06297,-26.10783,-22.08540,-22.10847,-19.12628,-22.10847,-20.61738
good,203,249,3.8001,0.0165,0.5384,-30.93679,-19.72736,-30.93679,-25.33207,-23.39316,-16.45337,-23.39316,-19.92326
good,203,259,3.8560,0.0394,0.7201,-31.60272,-19.25495,-31.60272,-25.42884,-23.23654,-19.28214,-23.23654,-21.25934
good,203,269,3.8997,0.0815,0.4798,-31.00331,-18.31426,-31.00331,-24.65879,-22.15237,-22.14706,-22.15237,-22.14972
good,203,279,3.9885,0.0805,0.6499,-33.12141,-20.44147,-33.12141,-26.78144,-22.71850,-16.22868,-22.71850,-19.47359
good,203,289,4.0552,0.0599,0.5265,-34.16563,-18.96240,-34.16563,-26.56402,-23.20048,-19.53976,-23.20048,-21.37012
good,203,299,4.0576,-0.0013,0.4761,-31.11935,-20.22845,-31.11935,-25.67390,-27.40596,-18.60549,-27.40596,-23.00572
good,203,309,4.1095,0.0136,0.5858,-32.37725,-20.12150,-32.37725,-26.24938,-24.97975,-15.36717,-24.97975,-20.17346
good,203,319,4.1742,-0.0098,0.6344,-34.40318,-20.85506,-34.40318,-27.62912,-22.84597,-16.96389,-22.84597,-19.90493
good,203,329,4.2201,-0.0208,0.6085,-35.72921,-22.88384,-35.72921,-29.30653,-24.69809,-16.62236,-24.69809,-20.66022
good,203,339,4.2963,0.0605,0.5939,-36.88645,-20.66308,-36.88645,-28.77477,-23.78762,-15.69315,-23.78762,-19.74039
good,203,349,4.3562,0.1149,0.5825,-36.50184,-20.47962,-36.50184,-28.49073,-22.53764,-18.25717,-22.53764,-20.39741
good,203,359,4.4199,0.1078,0.6005,-39.32690,-21.86292,-39.32690,-30.59491,-20.85192,-19.31532,-20.85192,-20.08362
good,203,369,4.4981,0.1187,0.6481,-38.59820,-22.78503,-38.59820,-30.69161,-19.70204,-14.85063,-19.70204,-17.27633
good,203,379,4.5595,0.1282,0.5122,-39.30670,-22.53198,-39.30670,-30.91934,-20.94707,-17.43130,-20.94707,-19.18918
good,203,389,4.6463,0.1107,0.5666,-38.85571,-19.74059,-38.85571,-29.29815,-22.41809,-19.43420,-22.41809,-20.92615
good,203,399,4.7018,0.1103,0.6079,-32.84050,-22.09370,-32.84050,-27.46710,-20.76822,-17.52847,-20.76822,-19.14834
good,203,409,4.7796,0.0495,0.8216,-36.57640,-24.11921,-36.57640,-30.34780,-20.35428,-16.04171,-20.35428,-18.19800
good,203,419,4.8326,0.0092,0.6344,-39.69078,-23.90633,-39.69078,-31.79855,-22.61181,-17.18228,-22.61181,-19.89705
good,203,429,4.9072,0.0235,0.5338,-37.70288,-20.49059,-37.70288,-29.09674,-18.36261,-16.36507,-18.36261,-17.36384
good,203,439,4.9731,0.0022,0.5551,-39.17481,-21.90347,-39.17481,-30.53914,-20.56607,-14.65018,-20.56607,-17.60812
good,203,449,5.0436,0.0191,0.5437,-36.87175,-19.99689,-36.87175,-28.43432,-20.19077,-15.03624,-20.19077,-17.61350
good,203,459,5.1360,-0.0130,0.5495,-36.95768,-20.20270,-36.95768,-28.58019,-21.02886,-15.50103,-21.02886,-18.26495
good,203,469,5.1896,-0.0278,0.5728,-38.17262,-21.59120,-38.17262,-29.88191,-15.78242,-15.38680,-15.78242,-15.58461
good,203,479,5.2654,-0.0267,0.6080,-37.40497,-21.60636,-37.40497,-29.50566,-14.90229,-13.58338,-14.90229,-14.24284
good,203,489,5.3501,0.0082,0.5506,-39.88499,-22.16292,-39.88499,-31.02396,-15.40307,-15.59685,-15.59685,-15.49996
good,203,499,5.3883,-0.0076,0.5461,-39.65751,-20.96626,-39.65751,-30.31188,-16.26386,-13.36509,-16.26386,-14.81448
good,203,509,5.4574,0.0334,0.5598,-39.37801,-22.33995,-39.37801,-30.85898,-14.85189,-19.60520,-19.60520,-17.22855
good,203,519,5.5058,0.0688,0.5863,-37.68106,-19.92842,-37.68106,-28.80474,-16.51369,-16.84497,-16.84497,-16.67933
good,203,529,5.5774,0.0726,0.6685,-34.99012,-19.52500,-34.99012,-27.25756,-12.28221,-15.68892,-15.68892,-13.98556
good,203,627,5.2490,8.4253,0.4834,-6.27424,-9.87403,-9.87403,-8.07413,-10.25796,-13.49504,-13.49504,-11.87650
good,203,637,4.0530,8.7431,0.6668,-3.44996,-0.05228,-3.44996,-1.75112,1.46415,-9.77978,-9.77978,-4.15781
good,204,20,2.2786,1.1938,0.6038,-10.46295,-16.48026,-16.48026,-13.47161,-10.03018,-17.92024,-17.92024,-13.97521
good,204,30,3.1164,0.9736,0.5410,-9.39994,-15.09344,-15.09344,-12.24669,-12.10568,-21.51749,-21.51749,-16.81159
good,204,40,3.4922,0.8493,0.5646,-10.58430,-14.85520,-14.85520,-12.71975,-12.49192,-22.10784,-22.10784,-17.29988
good,204,50,3.7065,0.7665,0.5996,-15.94850,-17.20613,-17.20613,-16.57732,-17.71405,-21.98432,-21.98432,-19.84919
good,204,60,3.8679,0.7485,0.5659,-20.86528,-18.26576,-20.86528,-19.56552,-15.40790,-28.46109,-28.46109,-21.93449
good,204,70,3.9235,0.7067,0.5314,-24.46467,-18.52365,-24.46467,-21.49416,-14.51584,-28.91210,-28.91210,-21.71397
good,204,80,4.0049,0.7264,0.5343,-23.63720,-17.10758,-23.63720,-20.37239,-16.71137,-23.20338,-23.20338,-19.95737
good,204,90,4.1192,0.7176,0.5584,-29.91065,-18.81131,-29.91065,-24.36098,-24.64124,-24.13130,-24.64124,-24.38627
good,204,100,4.2014,0.7102,0.5609,-28.52378,-20.21384,-28.52378,-24.36881,-19.76401,-23.52907,-23.52907,-21.64654
good,204,110,4.2965,0.6621,0.5339,-28.96000,-18.81120,-28.96000,-23.88560,-17.70652,-24.02166,-24.02166,-20.86409
good,204,120,4.4148,0.6957,0.5455,-30.48631,-19.36731,-30.48631,-24.92681,-21.71454,-26.88960,-26.88960,-24.30207
good,204,130,4.5186,0.7112,0.5227,-31.97804,-19.97265,-31.97804,-25.97535,-20.17937,-25.81530,-25.81530,-22.99733
good,204,140,4.6521,0.6783,0.5396,-27.76978,-21.91442,-27.76978,-24.84210,-13.95942,-26.98234,-26.98234,-20.47088
good,204,150,4.7872,0.7743,0.5790,-23.50963,-22.47109,-23.50963,-22.99036,-13.47104,-24.41869,-24.41869,-18.94487
good,204,160,4.9343,0.8248,0.6050,-24.75096,-21.96093,-24.75096,-23.35594,-12.20195,-26.74583,-26.74583,-19.47389
good,204,170,5.0663,0.7639,0.4392,-19.97270,-22.40969,-22.40969,-21.19119,-16.30869,-26.71598,-26.71598,-21.51233
good,204,180,5.2417,0.8229,0.5673,-21.34180,-19.39860,-21.34180,-20.37020,-10.63787,-23.03672,-23.03672,-16.83730
good,204,190,5.3587,0.8702,0.6467,-23.68428,-18.46479,-23.68428,-21.07453,-8.37270,-22.06906,-22.06906,-15.22088
good,204,200,5.5860,0.8879,0.5528,-20.82997,-16.00430,-20.82997,-18.41713,-10.62688,-23.96076,-23.96076,-17.29382
good,204,314,5.4719,8.9281,0.4720,-13.81572,-5.40837,-13.81572,-9.61205,-17.91903,-15.57476,-17.91903,-16.74689
good,204,324,4.7006,8.7181,0.4693,-6.90496,-7.95309,-7.95309,-7.42903,-14.28033,-19.79672,-19.79672,-17.03852
good,204,334,4.7667,9.0146,0.4885,-7.05695,-7.71420,-7.71420,-7.38557,-12.22156,-15.02552,-15.02552,-13.62354
good,204,344,4.5434,9.1279,0.5513,-7.82497,-8.77826,-8.77826,-8.30161,-20.75353,-18.67223,-20.75353,-19.71288
good,204,354,4.4357,8.5588,0.4136,-7.77317,-7.96798,-7.96798,-7.87058,-10.52352,-15.61394,-15.61394,-13.06873
good,204,364,3.4420,8.7357,0.4946,-9.99911,-8.48907,-9.99911,-9.24409,-23.49141,-12.58340,-23.49141,-18.03741
good,204,374,2.8809,8.5905,0.5384,3.74816,-4.52375,-4.52375,-0.38780,-10.46607,-8.19809,-10.46607,-9.33208
good,204,384,2.5515,8.8322,0.4520,-11.18038,-10.42297,-11.18038,-10.80168,-16.14460,-17.63462,-17.63462,-16.88961
good,204,413,3.2957,8.9288,0.5453,-10.54455,-5.54854,-10.54455,-8.04654,-24.65958,-10.51453,-24.65958,-17.58706
good,204,423,3.6967,8.7237,0.6680,-2.57197,-9.57974,-9.57974,-6.07585,-11.67745,-11.38551,-11.67745,-11.53148
good,204,433,2.8862,8.7814,0.6980,-9.12710,-6.31005,-9.12710,-7.71858,-21.08502,-24.26345,-24.26345,-22.67423
good,207,21,2.1849,1.0260,0.5214,-8.08010,-16.84730,-16.84730,-12.46370,-6.83547,-23.33477,-23.33477,-15.08512
good,207,31,3.2712,1.0792,0.5328,-3.25913,-18.06722,-18.06722,-10.66317,-8.98039,-17.61177,-17.61177,-13.29608
good,207,41,4.3078,1.1402,0.5460,-2.16681,-13.99738,-13.99738,-8.08209,-4.51824,-19.75140,-19.75140,-12.13482
good,207,51,5.1707,0.9627,0.5845,-4.02852,-12.03805,-12.03805,-8.03328,-10.20405,-15.50301,-15.50301,-12.85353
good,207,140,5.0522,8.7002,0.4987,-15.33628,-13.68662,-15.33628,-14.51145,-17.65521,-20.06212,-20.06212,-18.85867
good,207,150,2.6323,8.6413,0.6493,-13.02699,-7.47920,-13.02699,-10.25310,-15.32096,-19.34536,-19.34536,-17.33316
good,209,21,2.2060,-0.8510,0.5153,-7.22196,-7.82019,-7.82019,-7.52107,-6.69502,-9.68163,-9.68163,-8.18833
good,209,31,3.3001,-1.0882,0.5851,-8.09171,-10.98734,-10.98734,-9.53952,-9.59190,-14.45776,-14.45776,-12.02483
good,209,41,4.4666,-1.1042,0.5264,-7.24555,-11.05309,-11.05309,-9.14932,-7.66641,-13.44475,-13.44475,-10.55558
good,209,51,5.3395,-1.2258,0.5264,-2.36527,-7.57946,-7.57946,-4.97236,-6.38824,-7.79813,-7.79813,-7.09318
good,209,141,4.5367,7.7148,0.5499,-9.56336,-14.34478,-14.34478,-11.95407,-12.53074,-17.81639,-17.81639,-15.17357
good,209,151,3.4260,7.8310,0.6890,-15.56209,-10.57594,-15.56209,-13.06901,-8.15258,-11.78661,-11.78661,-9.96959
good,211,21,2.2268,-1.2156,0.5505,-4.95979,-10.72978,-10.72978,-7.84479,-8.44615,-12.38277,-12.38277,-10.41446
good,211,31,3.2844,-1.2083,0.5311,-6.04267,-9.97551,-9.97551,-8.00909,-7.03341,-11.56913,-11.56913,-9.30127
good,211,41,4.2372,-1.2481,0.4744,-2.94978,-7.67921,-7.67921,-5.31450,-5.00940,-11.77466,-11.77466,-8.39203
good,211,51,5.4041,-1.1371,0.5567,-5.48403,-10.41396,-10.41396,-7.94900,-6.96913,-13.95311,-13.95311,-10.46112
good,211,138,4.4369,8.0765,0.4886,-5.71369,-10.37803,-10.37803,-8.04586,-4.62164,-13.80179,-13.80179,-9.21171
good,211,148,3.5670,8.6947,0.4418,2.05645,-6.97231,-6.97231,-2.45793,0.38533,-8.97259,-8.97259,-4.29363
good,211,158,2.5930,8.9500,0.6320,-6.36024,-5.05643,-6.36024,-5.70834,-1.42146,-6.00226,-6.00226,-3.71186
good,212,24,2.1940,0.9695,0.5324,-8.41657,-16.28047,-16.28047,-12.34852,-4.85653,-17.83332,-17.83332,-11.34493
good,212,34,3.3420,1.0627,0.5513,-4.00799,-15.44666,-15.44666,-9.72732,-6.94239,-18.73140,-18.73140,-12.83689
good,212,44,4.4580,1.0094,0.5537,-3.03885,-11.27960,-11.27960,-7.15922,-9.42091,-18.08475,-18.08475,-13.75283
good,212,54,5.2639,0.8608,0.5716,-8.68392,-16.30905,-16.30905,-12.49648,-6.22079,-19.33525,-19.33525,-12.77802
good,212,64,5.5320,0.9498,0.5180,-8.67809,-14.73463,-14.73463,-11.70636,-8.23837,-17.31884,-17.31884,-12.77861
good,212,188,4.4409,9.0966,0.6254,-7.85052,-5.37299,-7.85052,-6.61176,-7.52356,-7.62559,-7.62559,-7.57458
good,212,198,3.3325,8.4905,0.4518,-15.46031,-8.86848,-15.46031,-12.16440,-15.37858,-10.89967,-15.37858,-13.13913
good,212,258,2.4683,8.8147,0.4399,-10.16255,-12.24361,-12.24361,-11.20308,-20.30635,-16.67097,-20.30635,-18.48866
good,213,25,2.2210,1.1775,0.6014,-10.15439,-18.66866,-18.66866,-14.41152,-13.39398,-24.94852,-24.94852,-19.17125
good,213,35,3.2467,1.1625,0.5733,-6.64375,-16.35294,-16.35294,-11.49834,-5.90897,-16.87144,-16.87144,-11.39020
good,213,45,3.7968,0.9611,0.5339,-11.87014,-19.16665,-19.16665,-15.51839,-9.87365,-22.42466,-22.42466,-16.14915
good,213,55,4.0210,0.8410,0.6107,-14.29002,-15.77792,-15.77792,-15.03397,-11.92750,-24.09898,-24.09898,-18.01324
good,213,65,4.2626,0.8480,0.5734,-16.02785,-18.51303,-18.51303,-17.27044,-12.51780,-27.37204,-27.37204,-19.94492
good,213,75,4.3764,0.7618,0.5418,-21.82269,-20.16111,-21.82269,-20.99190,-14.00081,-26.87824,-26.87824,-20.43953
good,213,85,4.5207,0.7303,0.5811,-23.60618,-20.17956,-23.60618,-21.89287,-15.75955,-21.30828,-21.30828,-18.53391
good,213,95,4.6499,0.7574,0.5254,-20.87122,-25.40808,-25.40808,-23.13965,-9.96794,-22.94491,-22.94491,-16.45643
good,213,105,4.8052,0.8006,0.5318,-19.56819,-20.02755,-20.02755,-19.79787,-14.74385,-24.35992,-24.35992,-19.55189
good,213,115,4.9634,0.7692,0.4538,-18.56233,-18.77445,-18.77445,-18.66839,-8.98236,-20.23332,-20.23332,-14.60784
good,213,125,5.0937,0.7163,0.6098,-23.32986,-21.26845,-23.32986,-22.29915,-8.25289,-24.30757,-24.30757,-16.28023
good,213,135,5.2455,0.8339,0.5497,-18.83006,-17.99722,-18.83006,-18.41364,-8.60240,-18.73804,-18.73804,-13.67022
good,213,145,5.5736,0.8891,0.5738,-16.24722,-19.41059,-19.41059,-17.82891,-12.07105,-24.32835,-24.32835,-18.19970
good,213,238,4.4560,8.0623,0.7398,-7.53042,-16.49798,-16.49798,-12.01420,-10.86308,-17.75290,-17.75290,-14.30799
good,213,248,2.6646,7.9563,0.5486,-2.70839,-9.94331,-9.94331,-6.32585,-14.11358,-15.22317,-15.22317,-14.66838
good,214,20,2.2620,0.9646,0.5222,-14.33208,-13.53243,-14.33208,-13.93225,-9.77985,-26.15430,-26.15430,-17.96708
good,214,30,2.6747,0.9180,0.5639,-13.93909,-12.94630,-13.93909,-13.44270,-12.61088,-21.09543,-21.09543,-16.85316
good,214,40,2.8969,0.7995,0.5828,-14.86514,-14.03444,-14.86514,-14.44979,-12.59583,-23.20215,-23.20215,-17.89899
good,214,50,3.0883,0.7839,0.5705,-15.93024,-13.00731,-15.93024,-14.46878,-15.14724,-24.64176,-24.64176,-19.89450
good,214,60,3.2033,0.7108,0.4929,-17.72502,-14.80622,-17.72502,-16.26562,-14.23564,-24.49804,-24.49804,-19.36684
good,214,70,3.3101,0.6858,0.5870,-18.68131,-15.43213,-18.68131,-17.05672,-14.74812,-20.26994,-20.26994,-17.50903
good,214,80,3.4150,0.6456,0.5797,-19.35797,-14.52191,-19.35797,-16.93994,-16.99948,-22.50913,-22.50913,-19.75431
good,214,90,3.4950,0.6610,0.6292,-20.45517,-13.41043,-20.45517,-16.93280,-18.19695,-20.76278,-20.76278,-19.47986
good,214,100,3.6288,0.6725,0.5486,-20.52797,-15.59456,-20.52797,-18.06127,-19.29160,-25.47334,-25.47334,-22.38247
good,214,110,3.6963,0.6759,0.4904,-19.66070,-12.45113,-19.66070,-16.05591,-18.62930,-17.61772,-18.62930,-18.12351
good,214,120,3.8271,0.6803,0.5350,-21.50835,-13.61383,-21.50835,-17.56109,-21.16591,-24.02334,-24.02334,-22.59463
good,214,130,3.9491,0.7197,0.5048,-18.94650,-12.79753,-18.94650,-15.87202,-20.88113,-23.92683,-23.92683,-22.40398
good,214,140,4.0935,0.7232,0.5103,-17.34469,-14.45524,-17.34469,-15.89996,-16.78631,-22.86651,-22.86651,-19.82641
good,214,150,4.2254,0.7647,0.6022,-20.27333,-16.37595,-20.27333,-18.32464,-18.95441,-17.14855,-18.95441,-18.05148
good,214,160,4.4368,0.8370,0.6105,-12.13631,-13.95862,-13.95862,-13.04746,-10.24910,-18.64511,-18.64511,-14.44710
good,214,170,4.4718,0.7645,0.5263,-18.78092,-16.51537,-18.78092,-17.64814,-24.54982,-24.12701,-24.54982,-24.33842
good,214,180,4.6068,0.8312,0.5475,-18.79641,-14.59103,-18.79641,-16.69372,-16.18046,-26.49439,-26.49439,-21.33743
good,214,190,4.8754,0.9664,0.5544,-11.23499,-11.49408,-11.49408,-11.36453,-15.45571,-18.39634,-18.39634,-16.92602
good,214,200,5.2099,1.0233,0.5348,-7.99543,-11.78808,-11.78808,-9.89176,-5.95267,-16.84973,-16.84973,-11.40120
good,214,312,4.9941,7.7069,0.5553,-23.80594,-13.38216,-23.80594,-18.59405,-17.99827,-27.46003,-27.46003,-22.72915
good,214,322,3.7946,8.2465,0.5916,-16.94371,-17.23194,-17.23194,-17.08783,-21.53525,-26.76670,-26.76670,-24.15098
good,214,332,2.8098,8.9676,0.8574,-13.48541,-19.10082,-19.10082,-16.29311,-33.32047,-20.62162,-33.32047,-26.97105
good,214,342,2.6843,8.7089,0.8606,-13.94728,-12.72590,-13.94728,-13.33659,-28.00961,-26.18084,-28.00961,-27.09522
good,215,24,2.1928,1.2511,0.5322,-11.04369,-17.09383,-17.09383,-14.06876,-10.39557,-22.23199,-22.23199,-16.31378
good,215,34,3.2294,1.0931,0.5396,-6.29659,-16.33522,-16.33522,-11.31590,-6.21288,-18.06554,-18.06554,-12.13921
good,215,44,3.9354,0.9610,0.5533,-5.66957,-13.32596,-13.32596,-9.49777,-11.74145,-19.50604,-19.50604,-15.62374
good,215,54,4.2583,0.9862,0.5570,-11.49613,-15.37544,-15.37544,-13.43579,-10.99219,-18.48581,-18.48581,-14.73900
good,215,64,4.6277,0.9664,0.5599,-5.43362,-10.77650,-10.77650,-8.10506,-4.68604,-13.17700,-13.17700,-8.93152
good,215,74,5.1908,0.9989,0.5994,-7.86980,-14.75717,-14.75717,-11.31349,-8.65156,-15.25329,-15.25329,-11.95242
good,215,163,5.1768,8.2627,0.6003,-13.69560,-8.68258,-13.69560,-11.18909,-13.39400,-17.74788,-17.74788,-15.57094
good,215,173,3.3511,8.2440,0.5001,-6.33819,-4.96399,-6.33819,-5.65109,-5.53063,-3.89816,-5.53063,-4.71440
good,216,24,2.1974,0.9924,0.6126,-16.18125,-18.57879,-18.57879,-17.38002,-16.40482,-27.10675,-27.10675,-21.75578
good,216,34,2.5716,0.8003,0.5186,-16.70065,-17.79612,-17.79612,-17.24838,-13.80762,-24.35913,-24.35913,-19.08337
good,216,44,2.6967,0.7784,0.5477,-16.98746,-16.75723,-16.98746,-16.87234,-19.23183,-29.55302,-29.55302,-24.39243
good,216,54,2.8170,0.6707,0.5744,-19.72226,-15.94672,-19.72226,-17.83449,-18.22621,-26.85310,-26.85310,-22.53965
good,216,64,2.8984,0.7194,0.5338,-22.36260,-15.91885,-22.36260,-19.14073,-19.57185,-31.08749,-31.08749,-25.32967
good,216,74,3.0106,0.6938,0.5837,-21.04371,-16.72892,-21.04371,-18.88631,-16.75422,-28.69559,-28.69559,-22.72490
good,216,84,3.1196,0.6782,0.5540,-24.32562,-19.58313,-24.32562,-21.95437,-25.05633,-36.41356,-36.41356,-30.73494
good,216,94,3.2048,0.6943,0.5821,-14.81444,-19.67921,-19.67921,-17.24683,-19.43163,-33.10191,-33.10191,-26.26677
good,216,104,3.3136,0.7003,0.5151,-21.38139,-19.48016,-21.38139,-20.43077,-21.65130,-30.04004,-30.04004,-25.84567
good,216,114,3.4043,0.6862,0.5351,-22.82291,-19.26726,-22.82291,-21.04509,-16.52934,-28.19635,-28.19635,-22.36284
good,216,124,3.4891,0.6922,0.5422,-24.78817,-16.93222,-24.78817,-20.86020,-16.44480,-32.54603,-32.54603,-24.49542
good,216,134,3.5989,0.6861,0.5314,-23.82148,-18.06233,-23.82148,-20.94191,-19.23242,-26.53214,-26.53214,-22.88228
good,216,144,3.7003,0.7003,0.5741,-26.81449,-16.88333,-26.81449,-21.84891,-19.74708,-24.53690,-24.53690,-22.14199
good,216,154,3.8192,0.7111,0.5596,-27.51208,-17.63331,-27.51208,-22.57269,-18.11180,-26.54520,-26.54520,-22.32850
good,216,164,3.8902,0.6520,0.6058,-27.43240,-18.50443,-27.43240,-22.96842,-18.06645,-26.72031,-26.72031,-22.39338
good,216,174,3.9623,0.6906,0.5959,-29.31967,-19.68456,-29.31967,-24.50211,-23.29013,-29.36068,-29.36068,-26.32541
good,216,184,4.0813,0.7078,0.4826,-25.40059,-20.81983,-25.40059,-23.11021,-16.08214,-26.71471,-26.71471,-21.39842
good,216,194,4.1581,0.6715,0.5650,-26.95540,-18.71762,-26.95540,-22.83651,-19.71249,-24.30749,-24.30749,-22.00999
good,216,204,4.2666,0.6915,0.5740,-32.25072,-20.20540,-32.25072,-26.22806,-20.46681,-26.25584,-26.25584,-23.36133
good,216,214,4.3838,0.7239,0.5473,-30.82343,-20.93958,-30.82343,-25.88151,-19.19286,-27.64376,-27.64376,-23.41831
good,216,224,4.5098,0.6995,0.6222,-30.57060,-21.35328,-30.57060,-25.96194,-14.01132,-24.05473,-24.05473,-19.03303
good,216,234,4.6277,0.7098,0.5525,-31.11764,-24.90661,-31.11764,-28.01213,-15.40359,-23.62856,-23.62856,-19.51608
good,216,244,4.7105,0.6636,0.5474,-35.24469,-24.60661,-35.24469,-29.92565,-22.85044,-26.21055,-26.21055,-24.53049
good,216,254,4.8147,0.6791,0.5554,-29.48441,-24.58990,-29.48441,-27.03716,-13.82073,-23.99294,-23.99294,-18.90683
good,216,264,4.9234,0.6337,0.6088,-35.92501,-23.50434,-35.92501,-29.71468,-19.09814,-25.26602,-25.26602,-22.18208
good,216,274,5.0389,0.5985,0.7082,-40.90393,-25.51898,-40.90393,-33.21145,-15.91554,-27.90561,-27.90561,-21.91057
good,216,284,5.1356,0.6034,0.5856,-38.35896,-23.10809,-38.35896,-30.73352,-9.64160,-24.15240,-24.15240,-16.89700
good,216,294,5.2153,0.7095,0.5139,-26.25068,-21.33028,-26.25068,-23.79048,-16.21210,-25.18639,-25.18639,-20.69925
good,216,304,5.3389,0.7843,0.6393,-28.51034,-22.22883,-28.51034,-25.36958,-11.26348,-31.70015,-31.70015,-21.48182
good,216,314,5.5019,0.8136,0.6060,-26.83852,-22.78388,-26.83852,-24.81120,-14.01315,-31.34373,-31.34373,-22.67844
good,216,410,5.0800,8.4422,0.3983,-12.36145,-4.05984,-12.36145,-8.21064,-7.14672,-12.70397,-12.70397,-9.92534
good,216,420,3.8217,8.2715,0.4608,-11.81276,-10.18472,-11.81276,-10.99874,-16.30435,-22.13253,-22.13253,-19.21844
good,216,430,2.8433,7.9562,0.4979,-14.45875,-17.03071,-17.03071,-15.74473,-12.85719,-18.06625,-18.06625,-15.46172
good,217,24,2.2493,1.2317,0.5543,-9.91408,-16.20227,-16.20227,-13.05818,-9.30275,-20.84414,-20.84414,-15.07344
good,217,34,3.2247,1.1374,0.5623,-5.79082,-14.97980,-14.97980,-10.38531,-9.49012,-18.01447,-18.01447,-13.75230
good,217,44,3.7043,0.8956,0.5238,-12.96387,-16.39457,-16.39457,-14.67922,-11.34389,-22.18504,-22.18504,-16.76447
good,217,54,3.8743,0.7694,0.4999,-18.87977,-18.89035,-18.89035,-18.88506,-12.33274,-24.42878,-24.42878,-18.38076
good,217,64,3.9921,0.7923,0.5824,-17.91118,-17.78973,-17.91118,-17.85045,-14.34540,-21.54998,-21.54998,-17.94769
good,217,74,4.1256,0.7903,0.5401,-18.93366,-19.24358,-19.24358,-19.08862,-13.67223,-24.56903,-24.56903,-19.12063
good,217,84,4.2724,0.7461,0.5562,-21.57220,-20.66873,-21.57220,-21.12046,-12.66193,-22.94849,-22.94849,-17.80521
good,217,94,4.3693,0.7472,0.5324,-23.96528,-21.73028,-23.96528,-22.84778,-17.07895,-20.91658,-20.91658,-18.99776
good,217,104,4.4810,0.8100,0.5263,-18.59394,-20.74759,-20.74759,-19.67076,-11.66124,-22.75940,-22.75940,-17.21032
good,217,114,4.5864,0.7512,0.5275,-20.82044,-20.37965,-20.82044,-20.60005,-11.58149,-22.20858,-22.20858,-16.89504
good,217,124,4.7213,0.6903,0.4816,-25.09742,-20.50731,-25.09742,-22.80236,-12.95394,-20.34448,-20.34448,-16.64921
good,217,134,4.8342,0.7618,0.5495,-22.83513,-18.50263,-22.83513,-20.66888,-13.66492,-22.81839,-22.81839,-18.24165
good,217,144,4.9602,0.6821,0.5482,-23.84548,-21.32288,-23.84548,-22.58418,-11.97344,-21.62002,-21.62002,-16.79673
good,217,154,5.0755,0.6875,0.5165,-26.46809,-21.12419,-26.46809,-23.79614,-11.61730,-21.28011,-21.28011,-16.44871
good,217,164,5.1713,0.7823,0.5130,-20.83512,-14.69123,-20.83512,-17.76318,-18.05766,-22.61795,-22.61795,-20.33781
good,217,174,5.3585,0.7263,0.5712,-26.07215,-17.80656,-26.07215,-21.93935,-8.99628,-24.62229,-24.62229,-16.80928
good,217,184,5.4908,0.8515,0.5513,-17.81491,-16.46684,-17.81491,-17.14087,-10.61943,-18.65413,-18.65413,-14.63678
good,217,261,5.3202,7.6743,0.6233,-21.60094,-18.65128,-21.60094,-20.12611,-25.67130,-22.81526,-25.67130,-24.24328
good,217,271,3.5972,7.5938,0.5009,-13.01369,-20.70213,-20.70213,-16.85791,-13.86775,-23.59900,-23.59900,-18.73338
good,218,32,2.2450,-0.0022,0.5332,-22.36378,-22.73850,-22.73850,-22.55114,-18.21787,-23.35860,-23.35860,-20.78823
good,218,42,2.4613,0.1320,0.5658,-23.20774,-19.01192,-23.20774,-21.10983,-17.99960,-30.15189,-30.15189,-24.07574
good,218,52,2.5146,0.1331,0.5507,-24.07634,-20.15954,-24.07634,-22.11794,-16.60210,-27.66397,-27.66397,-22.13304
good,218,62,2.5469,0.0919,0.6707,-26.43714,-20.60264,-26.43714,-23.51989,-17.02181,-28.38859,-28.38859,-22.70520
good,218,72,2.5994,0.1031,0.4737,-23.92888,-19.47018,-23.92888,-21.69953,-16.69006,-28.84336,-28.84336,-22.76671
good,218,82,2.6448,0.0417,0.6744,-25.44149,-19.09881,-25.44149,-22.27015,-18.47147,-27.54024,-27.54024,-23.00585
good,218,92,2.6984,0.0174,0.7204,-25.37973,-20.76751,-25.37973,-23.07362,-16.80974,-29.48240,-29.48240,-23.14607
good,218,102,2.7662,-0.0118,0.5218,-22.29043,-20.06636,-22.29043,-21.17839,-17.48687,-29.69927,-29.69927,-23.59307
good,218,112,2.8303,-0.0093,0.5946,-23.67479,-19.33130,-23.67479,-21.50304,-17.47817,-25.23293,-25.23293,-21.35555
good,218,122,2.8838,0.0176,0.5841,-25.20922,-18.78863,-25.20922,-21.99893,-18.15926,-26.67654,-26.67654,-22.41790
good,218,132,2.9669,0.0149,0.4850,-24.71370,-20.21587,-24.71370,-22.46478,-19.80637,-26.99615,-26.99615,-23.40126
good,218,142,3.0192,0.0723,0.5171,-24.16565,-18.46082,-24.16565,-21.31323,-16.79758,-24.77476,-24.77476,-20.78617
good,218,152,3.0861,0.0334,0.6263,-22.34987,-18.18460,-22.34987,-20.26723,-17.99850,-23.53342,-23.53342,-20.76596
good,218,162,3.1549,0.0190,0.6944,-25.06879,-18.59336,-25.06879,-21.83107,-19.18723,-23.27552,-23.27552,-21.23138
good,218,172,3.1982,0.0031,0.5598,-24.11197,-16.75188,-24.11197,-20.43193,-19.27806,-21.94333,-21.94333,-20.61069
good,218,182,3.2675,-0.0114,0.5595,-24.25231,-17.56665,-24.25231,-20.90948,-21.61312,-21.92516,-21.92516,-21.76914
good,218,192,3.3279,-0.0291,0.5832,-25.74216,-18.93842,-25.74216,-22.34029,-19.43276,-19.90372,-19.90372,-19.66824
good,218,202,3.3926,-0.0031,0.6951,-27.42846,-20.02090,-27.42846,-23.72468,-23.57413,-21.48572,-23.57413,-22.52993
good,218,212,3.4683,0.0032,0.7029,-27.01305,-19.74356,-27.01305,-23.37831,-18.82853,-19.96459,-19.96459,-19.39656
good,218,222,3.5074,0.0583,0.5860,-26.99795,-17.02081,-26.99795,-22.00938,-18.83703,-18.06987,-18.83703,-18.45345
good,218,232,3.5845,0.0181,0.5427,-26.43737,-18.47703,-26.43737,-22.45720,-21.21417,-21.52148,-21.52148,-21.36783
good,218,242,3.6396,0.0428,0.5073,-26.55556,-18.84745,-26.55556,-22.70150,-17.77316,-22.67328,-22.67328,-20.22322
good,218,252,3.6904,-0.0336,0.5268,-27.01155,-18.28267,-27.01155,-22.64711,-19.24943,-17.40877,-19.24943,-18.32910
good,218,262,3.7398,-0.0484,0.5043,-26.03839,-16.78793,-26.03839,-21.41315,-19.89000,-15.94494,-19.89000,-17.91747
good,218,272,3.8031,-0.0465,0.5083,-27.96169,-18.02245,-27.96169,-22.99207,-22.07048,-18.01527,-22.07048,-20.04287
good,218,282,3.8732,-0.0397,0.6129,-27.11671,-18.73445,-27.11671,-22.92558,-23.12225,-17.14492,-23.12225,-20.13359
good,218,292,3.9292,0.0027,0.5425,-29.62230,-18.69404,-29.62230,-24.15817,-24.41461,-18.45788,-24.41461,-21.43624
good,218,302,3.9832,0.0303,0.5771,-30.99044,-18.73764,-30.99044,-24.86404,-22.93681,-17.47726,-22.93681,-20.20704
good,218,312,4.0506,0.0508,0.5581,-31.76221,-17.21357,-31.76221,-24.48789,-22.75000,-18.62922,-22.75000,-20.68961
good,218,322,4.1332,0.0284,0.5553,-31.38629,-19.02036,-31.38629,-25.20333,-17.20190,-16.34083,-17.20190,-16.77137
good,218,332,4.1797,-0.0156,0.5637,-33.61148,-19.67283,-33.61148,-26.64215,-22.73336,-15.87874,-22.73336,-19.30605
good,218,342,4.2337,0.0296,0.5302,-36.43889,-19.63805,-36.43889,-28.03847,-23.67202,-17.09903,-23.67202,-20.38552
good,218,352,4.3052,0.0237,0.5643,-35.15285,-20.12737,-35.15285,-27.64011,-27.23759,-16.64825,-27.23759,-21.94292
good,218,362,4.3866,0.0627,0.5813,-36.50789,-19.36992,-36.50789,-27.93890,-23.51918,-17.69411,-23.51918,-20.60665
good,218,372,4.4474,0.0934,0.6570,-37.69103,-21.02352,-37.69103,-29.35727,-20.34370,-18.60085,-20.34370,-19.47227
good,218,382,4.5225,0.1080,0.6535,-36.55407,-20.23360,-36.55407,-28.39384,-20.62221,-19.81587,-20.62221,-20.21904
good,218,392,4.5811,0.1255,0.5635,-32.24797,-18.57858,-32.24797,-25.41328,-20.93067,-18.49006,-20.93067,-19.71036
good,218,402,4.6471,0.1080,0.6299,-38.88626,-19.67175,-38.88626,-29.27900,-18.52624,-16.92884,-18.52624,-17.72754
good,218,412,4.6963,0.1788,0.5548,-39.27574,-19.16321,-39.27574,-29.21947,-16.71424,-10.88391,-16.71424,-13.79907
good,218,422,4.7624,0.1383,0.5441,-39.08449,-20.79770,-39.08449,-29.94110,-13.81382,-16.16154,-16.16154,-14.98768
good,218,432,4.8052,0.0804,0.5809,-36.04354,-21.48156,-36.04354,-28.76255,-21.86392,-13.48370,-21.86392,-17.67381
good,218,442,4.8730,0.0929,0.6184,-40.31371,-22.80347,-40.31371,-31.55859,-20.44542,-15.16718,-20.44542,-17.80630
good,218,452,4.9215,0.1069,0.6242,-38.42453,-22.12955,-38.42453,-30.27704,-15.19382,-13.54767,-15.19382,-14.37075
good,218,462,4.9917,0.1031,0.6927,-38.08326,-19.55259,-38.08326,-28.81792,-20.12054,-18.43089,-20.12054,-19.27571
good,218,472,5.0528,0.1611,0.5642,-36.52807,-21.06911,-36.52807,-28.79859,-15.61813,-17.22773,-17.22773,-16.42293
good,218,482,5.0907,0.1822,0.4418,-35.91713,-19.63999,-35.91713,-27.77856,-14.71676,-12.00771,-14.71676,-13.36224
good,218,492,5.1573,0.1835,0.5776,-35.95476,-20.34171,-35.95476,-28.14824,-10.61316,-12.73128,-12.73128,-11.67222
good,218,502,5.2077,0.1247,0.6029,-35.91162,-19.50613,-35.91162,-27.70888,-12.68654,-15.98090,-15.98090,-14.33372
good,218,512,5.2662,0.0646,0.5501,-35.08565,-20.52057,-35.08565,-27.80311,-16.67630,-11.05277,-16.67630,-13.86453
good,218,522,5.3278,0.0239,0.4858,-33.48277,-20.60585,-33.48277,-27.04431,-18.47291,-8.05756,-18.47291,-13.26523
good,218,532,5.4005,0.0392,0.5781,-32.19212,-19.67285,-32.19212,-25.93248,-10.02773,-12.55787,-12.55787,-11.29280
good,218,542,5.4528,0.1181,0.6232,-35.91577,-21.50907,-35.91577,-28.71242,-11.53671,-15.24297,-15.24297,-13.38984
good,218,552,5.5281,0.1413,0.5101,-34.74759,-21.63069,-34.74759,-28.18914,-11.57872,-15.44098,-15.44098,-13.50985
good,218,562,5.5813,0.1377,0.5883,-31.44126,-17.83279,-31.44126,-24.63703,-11.08367,-12.41077,-12.41077,-11.74722
good,218,647,4.8224,7.5533,0.5915,-9.74531,-8.62076,-9.74531,-9.18303,-8.32366,-14.45149,-14.45149,-11.38758
good,218,657,3.1834,7.1730,0.5687,-9.30628,-15.18851,-15.18851,-12.24740,-15.76073,-7.41995,-15.76073,-11.59034
good,219,21,2.2259,-1.0851,0.5994,-6.55694,-12.15039,-12.15039,-9.35366,-8.11048,-11.33002,-11.33002,-9.72025
good,219,31,3.1382,-1.3167,0.4496,-2.81095,-12.05946,-12.05946,-7.43521,-8.25669,-14.43375,-14.43375,-11.34522
good,219,41,4.1714,-1.2878,0.4285,-2.83180,-13.15274,-13.15274,-7.99227,-10.02125,-15.83736,-15.83736,-12.92930
good,219,51,5.2805,-1.2632,0.4862,-4.62247,-12.99636,-12.99636,-8.80942,-6.72627,-13.88844,-13.88844,-10.30736
good,219,128,4.8062,8.1611,0.6606,-6.12889,-14.07168,-14.07168,-10.10029,-6.57022,-11.11039,-11.11039,-8.84030
good,219,138,2.8011,8.0993,0.5335,-1.26280,-17.48281,-17.48281,-9.37281,-12.44980,-11.23074,-12.44980,-11.84027
good,220,21,2.2142,1.0152,0.5393,-8.54637,-17.82224,-17.82224,-13.18431,-7.28146,-16.91214,-16.91214,-12.09680
good,220,31,3.2388,0.9861,0.5670,-7.12011,-19.07138,-19.07138,-13.09575,-5.22309,-20.33871,-20.33871,-12.78090
good,220,41,4.3440,0.8989,0.5305,-5.53751,-14.02480,-14.02480,-9.78116,-7.39662,-14.51110,-14.51110,-10.95386
good,220,51,4.9893,0.9083,0.5143,-7.28122,-12.91887,-12.91887,-10.10005,-5.86221,-17.02256,-17.02256,-11.44238
good,220,139,5.4809,8.0917,0.6029,-3.34884,-10.00215,-10.00215,-6.67549,-4.19523,-9.40512,-9.40512,-6.80018
good,220,149,3.8128,7.8218,0.5881,-10.74922,-11.99093,-11.99093,-11.37008,-5.32479,-12.57856,-12.57856,-8.95168
good,220,625,2.2940,8.4031,0.6177,-8.07705,-9.94280,-9.94280,-9.00992,-22.73072,-25.57487,-25.57487,-24.15279
good,221,23,2.2657,-1.1170,0.5372,-8.69565,-13.77801,-13.77801,-11.23683,-11.66290,-16.71282,-16.71282,-14.18786
good,221,33,3.1920,-0.9212,0.5865,-9.81236,-13.57712,-13.57712,-11.69474,-13.80153,-16.67518,-16.67518,-15.23836
good,221,43,3.4236,-0.8206,0.6950,-13.01225,-11.90976,-13.01225,-12.46100,-11.82856,-15.14108,-15.14108,-13.48482
good,221,53,3.5986,-0.8232,0.5796,-12.38511,-8.20281,-12.38511,-10.29396,-10.98080,-13.42164,-13.42164,-12.20122
good,221,63,3.7615,-0.7361,0.5144,-11.48695,-11.34798,-11.48695,-11.41747,-13.09473,-13.34776,-13.34776,-13.22125
good,221,73,3.9015,-0.7935,0.5455,-12.52769,-10.70999,-12.52769,-11.61884,-14.11827,-15.16678,-15.16678,-14.64252
good,221,83,4.0565,-0.7835,0.5524,-13.63454,-12.85230,-13.63454,-13.24342,-11.39318,-13.03378,-13.03378,-12.21348
good,221,93,4.1934,-0.8150,0.6083,-14.10406,-11.07535,-14.10406,-12.58970,-12.45908,-11.90851,-12.45908,-12.18379
good,221,103,4.3476,-0.7731,0.5085,-12.56140,-13.45082,-13.45082,-13.00611,-13.38166,-14.90470,-14.90470,-14.14318
good,221,113,4.4752,-0.7433,0.5037,-10.30009,-8.46066,-10.30009,-9.38038,-8.24068,-7.71689,-8.24068,-7.97879
good,221,123,4.6850,-0.9935,0.5846,-8.76908,-9.82332,-9.82332,-9.29620,-9.04544,-13.36252,-13.36252,-11.20398
good,221,133,5.3943,-1.1028,0.5738,-2.03130,-8.72505,-8.72505,-5.37817,-6.99704,-13.88495,-13.88495,-10.44099
good,221,208,4.2428,8.5705,0.6422,-9.00792,-8.46985,-9.00792,-8.73888,-9.62584,-14.01161,-14.01161,-11.81873
good,222,24,2.2873,1.1664,0.5269,-8.54873,-19.11625,-19.11625,-13.83249,-7.25560,-18.08860,-18.08860,-12.67210
good,222,34,3.3151,1.0305,0.5514,-6.87879,-16.84740,-16.84740,-11.86309,-8.38077,-18.28109,-18.28109,-13.33093
good,222,44,3.7896,0.8853,0.5164,-14.29259,-16.59135,-16.59135,-15.44197,-9.84487,-24.20470,-24.20470,-17.02478
good,222,54,3.9290,0.8039,0.4840,-15.24041,-16.62489,-16.62489,-15.93265,-11.78286,-25.37174,-25.37174,-18.57730
good,222,64,4.1214,0.7524,0.5617,-20.97138,-17.91303,-20.97138,-19.44221,-17.56624,-24.55878,-24.55878,-21.06251
good,222,74,4.2615,0.7957,0.5859,-21.00450,-18.01490,-21.00450,-19.50970,-16.34117,-25.27262,-25.27262,-20.80689
good,222,84,4.3029,0.6894,0.5488,-25.84344,-21.55222,-25.84344,-23.69783,-12.01619,-20.39091,-20.39091,-16.20355
good,222,94,4.4541,0.6863,0.5176,-26.04297,-19.05900,-26.04297,-22.55098,-16.21100,-21.91534,-21.91534,-19.06317
good,222,104,4.5554,0.6316,0.5725,-30.30910,-19.59812,-30.30910,-24.95361,-12.04812,-21.85496,-21.85496,-16.95154
good,222,114,4.6429,0.6329,0.5396,-29.04589,-19.48247,-29.04589,-24.26418,-16.87572,-22.57732,-22.57732,-19.72652
good,222,124,4.7391,0.6109,0.6704,-31.69660,-20.37162,-31.69660,-26.03411,-12.33042,-26.43660,-26.43660,-19.38351
good,222,134,4.8428,0.6971,0.5715,-26.80483,-20.24748,-26.80483,-23.52616,-11.95502,-23.65448,-23.65448,-17.80475
good,222,144,4.9617,0.6739,0.6065,-26.68773,-17.36399,-26.68773,-22.02586,-11.23238,-21.95452,-21.95452,-16.59345
good,222,154,5.0684,0.7033,0.6263,-21.54752,-20.99763,-21.54752,-21.27258,-10.06514,-23.16567,-23.16567,-16.61540
good,222,164,5.1821,0.6913,0.5167,-23.38013,-19.48662,-23.38013,-21.43338,-12.09598,-21.79520,-21.79520,-16.94559
good,222,174,5.3002,0.7266,0.5697,-21.06668,-18.07590,-21.06668,-19.57129,-13.21469,-24.27546,-24.27546,-18.74508
good,222,184,5.4326,0.8145,0.6030,-24.11895,-23.03803,-24.11895,-23.57849,-10.01972,-19.96612,-19.96612,-14.99292
good,222,194,5.6024,0.8534,0.5086,-15.87270,-15.66724,-15.87270,-15.76997,-11.65859,-23.29713,-23.29713,-17.47786
good,222,276,3.7813,8.7945,0.6147,-5.15720,-9.63065,-9.63065,-7.39392,-3.58859,-12.43338,-12.43338,-8.01099
good,224,23,2.2640,1.2036,0.5407,-10.19701,-18.28258,-18.28258,-14.23980,-7.37945,-19.80617,-19.80617,-13.59281
good,224,33,3.1521,1.0067,0.5685,-7.48512,-14.67736,-14.67736,-11.08124,-6.98739,-17.99975,-17.99975,-12.49357
good,224,43,3.7398,0.9430,0.5473,-4.01673,-11.22898,-11.22898,-7.62285,-6.24826,-16.36044,-16.36044,-11.30435
good,224,53,4.0221,0.9152,0.5402,-10.24162,-13.31209,-13.31209,-11.77686,-8.16794,-16.33000,-16.33000,-12.24897
good,224,63,4.1624,0.9147,0.5195,-11.38292,-10.87626,-11.38292,-11.12959,-10.82874,-16.48994,-16.48994,-13.65934
good,224,73,4.4646,0.9817,0.5294,-8.46857,-11.50763,-11.50763,-9.98810,-7.78085,-16.41775,-16.41775,-12.09930
good,224,83,5.1108,1.1816,0.5255,-3.36190,-12.00446,-12.00446,-7.68318,-8.62475,-16.07133,-16.07133,-12.34804
good,224,149,5.0589,7.5851,0.7354,-14.17751,-14.70825,-14.70825,-14.44288,-13.22408,-16.40472,-16.40472,-14.81440
good,224,159,3.8669,7.8003,0.4454,-13.28692,-8.83010,-13.28692,-11.05851,-12.27518,-19.42673,-19.42673,-15.85096
good,225,24,2.2932,1.2526,0.5212,-9.07477,-14.97267,-14.97267,-12.02372,-8.08071,-14.98219,-14.98219,-11.53145
good,225,34,3.1995,1.1754,0.5407,-5.59501,-13.98250,-13.98250,-9.78876,-6.06112,-17.45660,-17.45660,-11.75886
good,225,44,3.9081,0.9720,0.5479,-7.81338,-14.26443,-14.26443,-11.03890,-8.23530,-16.41561,-16.41561,-12.32545
good,225,54,4.2160,0.9318,0.5919,-7.78074,-11.61859,-11.61859,-9.69966,-5.77174,-12.43422,-12.43422,-9.10298
good,225,64,4.6088,1.0509,0.5773,-6.41086,-10.38475,-10.38475,-8.39780,-6.74658,-15.37355,-15.37355,-11.06006
good,225,74,5.4729,1.0026,0.5533,-6.54559,-13.49360,-13.49360,-10.01960,-10.15734,-10.78850,-10.78850,-10.47292
good,225,159,4.4574,7.9628,0.4135,-21.41835,-11.09645,-21.41835,-16.25740,-15.31896,-16.09407,-16.09407,-15.70651
good,225,169,2.7998,7.7790,0.6065,-10.45664,-8.37982,-10.45664,-9.41823,-13.50698,-13.09148,-13.50698,-13.29923
good,225,435,2.4876,8.5763,0.4896,-8.18647,-12.47219,-12.47219,-10.32933,-29.78274,-21.11297,-29.78274,-25.44785
good,227,23,2.2416,-1.0078,0.6110,-7.32966,-9.60308,-9.60308,-8.46637,-10.05301,-12.73082,-12.73082,-11.39192
good,227,33,3.1616,-1.1407,0.5751,-5.64608,-9.26225,-9.26225,-7.45416,-6.77855,-11.21193,-11.21193,-8.99524
good,227,43,4.0342,-1.1243,0.5564,-6.46587,-9.62391,-9.62391,-8.04489,-6.56486,-8.55314,-8.55314,-7.55900
good,227,53,4.8639,-1.1293,0.5497,-4.67804,-9.46984,-9.46984,-7.07394,-4.75808,-9.53356,-9.53356,-7.14582
good,227,146,5.6560,7.8821,0.5623,-12.72388,-10.08305,-12.72388,-11.40347,-12.73998,-20.80391,-20.80391,-16.77194
good,227,156,3.5856,7.8836,0.6223,-10.90494,-8.89201,-10.90494,-9.89847,-16.94560,-15.45006,-16.94560,-16.19783
good,228,22,2.1832,-0.9331,0.5211,-10.78368,-10.63113,-10.78368,-10.70741,-12.24387,-14.87672,-14.87672,-13.56030
good,228,32,3.2937,-0.9711,0.5123,-7.20472,-8.72174,-8.72174,-7.96323,-14.99996,-12.14826,-14.99996,-13.57411
good,228,42,4.2883,-0.8821,0.6339,-10.82995,-10.11805,-10.82995,-10.47400,-14.61126,-17.80692,-17.80692,-16.20909
good,228,52,4.3053,-0.7946,0.5457,-13.29423,-7.45240,-13.29423,-10.37332,-17.67507,-12.33786,-17.67507,-15.00646
good,228,62,4.4690,-0.7906,0.6395,-12.81163,-9.59461,-12.81163,-11.20312,-14.99508,-12.32868,-14.99508,-13.66188
good,228,72,4.6393,-0.7554,0.5612,-14.10272,-8.70085,-14.10272,-11.40179,-18.01514,-8.38840,-18.01514,-13.20177
good,228,82,4.8541,-0.7649,0.5797,-14.34091,-6.93124,-14.34091,-10.63607,-14.69643,-10.03561,-14.69643,-12.36602
good,228,92,5.0191,-0.8390,0.6867,-14.50861,-10.12209,-14.50861,-12.31535,-19.10786,-12.81054,-19.10786,-15.95920
good,228,102,5.2018,-0.8133,0.6037,-18.00794,-10.47384,-18.00794,-14.24089,-16.63633,-13.74039,-16.63633,-15.18836
good,228,112,5.3248,-0.7387,0.5266,-17.10612,-10.67410,-17.10612,-13.89011,-17.21670,-14.68355,-17.21670,-15.95012
good,228,122,5.4526,-0.7825,0.5041,-16.11197,-8.95758,-16.11197,-12.53478,-14.10216,-11.00038,-14.10216,-12.55127
good,228,132,5.5525,-0.7353,0.5206,-18.91786,-7.90753,-18.91786,-13.41269,-14.22579,-10.16356,-14.22579,-12.19468
good,228,218,4.2335,8.0255,0.4302,-13.79648,-8.63946,-13.79648,-11.21797,-23.54538,-14.12707,-23.54538,-18.83623
good,229,22,2.2060,0.8780,0.5510,-11.78631,-16.20088,-16.20088,-13.99360,-10.90741,-18.37366,-18.37366,-14.64053
good,229,32,3.2209,1.0226,0.5485,-7.91095,-13.43094,-13.43094,-10.67095,-7.06916,-20.93750,-20.93750,-14.00333
good,229,42,4.1993,0.9514,0.5355,-4.22195,-13.58026,-13.58026,-8.90110,-7.04160,-19.21772,-19.21772,-13.12966
good,229,52,4.9888,0.9564,0.5373,-7.00354,-13.83399,-13.83399,-10.41876,-7.27272,-15.94819,-15.94819,-11.61046
good,229,62,5.5130,0.8727,0.5628,-9.61817,-15.43760,-15.43760,-12.52788,-6.37238,-17.58456,-17.58456,-11.97847
good,229,135,4.7201,8.2642,0.6893,-10.85700,-4.48294,-10.85700,-7.66997,-10.04409,-13.44665,-13.44665,-11.74537
good,229,145,3.4917,8.3723,0.6280,-11.26352,-11.23006,-11.26352,-11.24679,-15.03358,-14.35436,-15.03358,-14.69397
good,230,22,2.2957,1.1302,0.5422,-6.72060,-13.78758,-13.78758,-10.25409,-9.45160,-20.66576,-20.66576,-15.05868
good,230,32,3.2478,1.1916,0.5357,-5.00029,-17.66467,-17.66467,-11.33248,-8.64524,-19.59955,-19.59955,-14.12239
good,230,42,4.1132,1.0248,0.5430,-4.02491,-15.37637,-15.37637,-9.70064,-7.29733,-15.67482,-15.67482,-11.48608
good,230,52,4.6594,1.0417,0.5432,-2.90331,-13.10241,-13.10241,-8.00286,-7.24258,-16.93801,-16.93801,-12.09030
good,230,62,5.2126,1.0671,0.5039,-7.06015,-13.68212,-13.68212,-10.37113,-5.08130,-16.34527,-16.34527,-10.71329
good,230,132,5.2969,8.1134,0.5335,-8.74471,-12.04157,-12.04157,-10.39314,-3.99780,-8.93040,-8.93040,-6.46410
good,230,142,3.4018,7.7609,0.4891,-6.77547,-5.81141,-6.77547,-6.29344,-5.07491,-11.95931,-11.95931,-8.51711
good,231,24,2.2715,-1.1757,0.5392,-8.90994,-11.98102,-11.98102,-10.44548,-11.59653,-14.81578,-14.81578,-13.20616
good,231,34,3.0053,-0.9319,0.6153,-10.66899,-10.58330,-10.66899,-10.62615,-10.30694,-15.53948,-15.53948,-12.92321
good,231,44,3.2725,-0.7876,0.5443,-11.35559,-10.38367,-11.35559,-10.86963,-11.83201,-15.14806,-15.14806,-13.49003
good,231,54,3.4863,-0.8329,0.6417,-11.93140,-11.51340,-11.93140,-11.72240,-12.23472,-15.36818,-15.36818,-13.80145
good,231,64,3.6470,-0.8439,0.6009,-10.69701,-10.81879,-10.81879,-10.75790,-12.48255,-13.79979,-13.79979,-13.14117
good,231,74,3.8202,-0.7585,0.5352,-10.55015,-10.24749,-10.55015,-10.39882,-12.81068,-12.95291,-12.95291,-12.88179
good,231,84,3.9862,-0.7638,0.5314,-10.50757,-10.06910,-10.50757,-10.28833,-12.20505,-12.63481,-12.63481,-12.41993
good,231,94,4.0990,-0.8015,0.5058,-13.73445,-8.86405,-13.73445,-11.29925,-11.03383,-13.41130,-13.41130,-12.22256
good,231,104,4.2331,-0.7507,0.5623,-11.25471,-10.41709,-11.25471,-10.83590,-13.05505,-12.23388,-13.05505,-12.64446
good,231,114,4.4049,-0.7417,0.5238,-11.85964,-8.37746,-11.85964,-10.11855,-8.73697,-11.32178,-11.32178,-10.02938
good,231,124,4.4784,-0.8534,0.5261,-11.32437,-10.58859,-11.32437,-10.95648,-9.05619,-10.92932,-10.92932,-9.99275
good,231,134,4.7557,-0.9208,0.5250,-5.46736,-8.88860,-8.88860,-7.17798,-9.51929,-13.23321,-13.23321,-11.37625
good,231,144,5.4205,-1.1149,0.6306,-5.44580,-6.19969,-6.19969,-5.82274,-6.28571,-14.27718,-14.27718,-10.28145
good,231,255,4.7620,8.2637,0.4170,-10.61141,-11.06980,-11.06980,-10.84061,-6.15378,-12.70110,-12.70110,-9.42744
good,231,265,2.9521,8.0472,0.5253,-8.45277,-14.40870,-14.40870,-11.43073,-10.00455,-16.75833,-16.75833,-13.38144
good,231,541,2.7186,8.1473,0.6062,-133.69315,-118.46235,-133.69315,-126.07774,-108.43884,-120.41836,-120.41836,-114.42860
good,231,553,2.3766,8.0884,0.2669,-108.50616,-95.59413,-108.50616,-102.05014,-84.08162,-104.18201,-104.18201,-94.13182
good,231,563,2.3646,8.1103,0.2669,-93.47700,-89.93478,-93.47700,-91.70589,-100.22002,-129.73224,-129.73224,-114.97613
good,231,573,2.3294,8.0879,0.2671,-99.45622,-80.86372,-99.45622,-90.15997,-108.63168,-103.72693,-108.63168,-106.17931
good,231,583,2.5186,7.9984,0.2659,-91.58461,-86.88130,-91.58461,-89.23296,-96.97084,-96.81595,-96.97084,-96.89339
good,231,593,2.3592,7.9272,0.2678,-71.37933,-84.94180,-84.94180,-78.16057,-74.26817,-87.26858,-87.26858,-80.76837
good,231,603,2.4092,8.0660,0.2669,-123.30544,-112.89144,-123.30544,-118.09844,-111.73006,-104.16312,-111.73006,-107.94659
good,231,613,2.5053,8.0232,0.2669,-123.24002,-103.56991,-123.24002,-113.40497,-94.79159,-117.13134,-117.13134,-105.96146
good,231,623,2.5165,7.9998,0.2646,-138.60590,-96.82984,-138.60590,-117.71786,-99.84836,-131.33510,-131.33510,-115.59173
good,231,633,2.5792,7.9648,0.2664,-151.58716,-109.86558,-151.58716,-130.72636,-133.66962,-146.95763,-146.95763,-140.31363
good,231,643,2.4303,7.9613,0.2668,-118.79465,-97.55497,-118.79465,-108.17481,-99.51897,-143.48647,-143.48647,-121.50272
good,231,653,2.5009,7.9693,0.2667,-126.18044,-113.50590,-126.18044,-119.84317,-136.84793,-146.78127,-146.78127,-141.81461
good,231,663,2.4455,7.9824,0.2679,-123.41574,-111.53358,-123.41574,-117.47466,-104.44453,-142.89868,-142.89868,-123.67160
good,231,673,2.4686,8.0403,0.2699,-122.35365,-113.55553,-122.35365,-117.95459,-149.81145,-133.24767,-149.81145,-141.52956
good,231,683,2.4198,7.9459,0.2667,-130.52861,-111.64642,-130.52861,-121.08752,-119.29546,-123.52850,-123.52850,-121.41199
good,231,693,2.3620,7.9139,0.2671,-136.96773,-118.31780,-136.96773,-127.64276,-124.26327,-109.77464,-124.26327,-117.01895
good,231,703,2.3873,7.9763,0.2672,-147.80342,-122.93381,-147.80342,-135.36862,-121.77646,-112.21151,-121.77646,-116.99399
good,231,713,2.3869,7.9704,0.2672,-140.52054,-124.33715,-140.52054,-132.42885,-125.35670,-104.48868,-125.35670,-114.92268
good,231,723,2.3890,7.9735,0.2674,-144.50215,-122.72737,-144.50215,-133.61476,-129.66986,-110.24670,-129.66986,-119.95828
good,231,733,2.3917,7.9677,0.2672,-142.27356,-121.49147,-142.27356,-131.88251,-127.68253,-105.97512,-127.68253,-116.82883
good,231,743,2.3919,7.9703,0.2672,-146.97641,-122.35617,-146.97641,-134.66629,-126.98978,-109.34016,-126.98978,-118.16497
good,231,753,2.3918,7.9714,0.2672,-143.56548,-122.62542,-143.56548,-133.09544,-123.02290,-106.60659,-123.02290,-114.81474
good,231,763,2.3916,7.9720,0.2672,-143.25511,-122.45577,-143.25511,-132.85544,-120.80137,-107.51819,-120.80137,-114.15977
good,231,773,2.3920,7.9740,0.2671,-144.18744,-120.60064,-144.18744,-132.39404,-119.16373,-107.55380,-119.16373,-113.35876
good,231,783,2.3936,7.9777,0.2673,-144.22600,-118.78079,-144.22600,-131.50339,-119.32043,-106.71172,-119.32043,-113.01608
good,231,793,2.3955,7.9783,0.2677,-147.08255,-119.42449,-147.08255,-133.25352,-119.56599,-108.50997,-119.56599,-114.03798
good,232,21,2.2700,1.1369,0.5406,-9.39129,-17.18765,-17.18765,-13.28947,-14.35629,-22.85768,-22.85768,-18.60698
good,232,31,2.9380,0.8878,0.5394,-13.50063,-13.33803,-13.50063,-13.41933,-11.05135,-20.29714,-20.29714,-15.67424
good,232,41,3.0784,0.8034,0.4827,-14.16143,-13.93113,-14.16143,-14.04628,-14.28764,-24.56456,-24.56456,-19.42610
good,232,51,3.2325,0.7528,0.5998,-16.20429,-13.23832,-16.20429,-14.72131,-15.75238,-23.10535,-23.10535,-19.42887
good,232,61,3.3675,0.7855,0.6496,-18.05731,-15.19199,-18.05731,-16.62465,-17.93802,-23.32637,-23.32637,-20.63219
good,232,71,3.4521,0.7745,0.4698,-15.98688,-16.07556,-16.07556,-16.03122,-15.35375,-23.14528,-23.14528,-19.24952
good,232,81,3.5535,0.7618,0.5781,-14.27285,-13.22637,-14.27285,-13.74961,-13.47445,-19.34612,-19.34612,-16.41028
good,232,91,3.7278,0.7459,0.6047,-17.22650,-15.57802,-17.22650,-16.40226,-14.98072,-20.31781,-20.31781,-17.64927
good,232,101,3.8322,0.7352,0.5365,-20.33734,-16.11790,-20.33734,-18.22762,-16.11881,-23.00339,-23.00339,-19.56110
good,232,111,3.9448,0.7308,0.5389,-19.01881,-16.33637,-19.01881,-17.67759,-15.42624,-23.25457,-23.25457,-19.34040
good,232,121,4.0581,0.7543,0.5281,-20.70628,-15.86330,-20.70628,-18.28479,-16.60079,-19.75234,-19.75234,-18.17657
good,232,131,4.1614,0.7121,0.5414,-20.62205,-15.84538,-20.62205,-18.23372,-16.41427,-23.14813,-23.14813,-19.78120
good,232,141,4.2819,0.7100,0.6338,-23.38449,-17.22092,-23.38449,-20.30271,-16.94482,-21.38598,-21.38598,-19.16540
good,232,151,4.3759,0.7214,0.5669,-22.75314,-17.74760,-22.75314,-20.25037,-14.97426,-21.32288,-21.32288,-18.14857
good,232,161,4.4776,0.7057,0.5636,-24.74617,-18.27969,-24.74617,-21.51293,-16.49589,-20.58504,-20.58504,-18.54047
good,232,171,4.5760,0.6959,0.5625,-22.58792,-18.41277,-22.58792,-20.50034,-13.22049,-21.07166,-21.07166,-17.14608
good,232,181,4.6804,0.6987,0.5944,-23.41434,-19.58729,-23.41434,-21.50081,-13.73293,-19.57950,-19.57950,-16.65621
good,232,191,4.7733,0.7098,0.6027,-24.86986,-20.46352,-24.86986,-22.66669,-14.64638,-23.39242,-23.39242,-19.01940
good,232,201,4.9131,0.6735,0.6433,-25.66614,-18.16505,-25.66614,-21.91560,-14.66119,-25.39182,-25.39182,-20.02650
good,232,211,5.0325,0.7091,0.5791,-22.05005,-16.44131,-22.05005,-19.24568,-9.29667,-21.52559,-21.52559,-15.41113
good,232,221,5.1221,0.7405,0.5860,-23.00059,-20.44773,-23.00059,-21.72416,-15.97060,-24.80251,-24.80251,-20.38655
good,232,231,5.2095,0.7397,0.5745,-21.81850,-19.05391,-21.81850,-20.43620,-9.32010,-27.48052,-27.48052,-18.40031
good,232,241,5.3667,0.8175,0.6570,-18.53142,-16.87710,-18.53142,-17.70426,-9.42637,-19.68470,-19.68470,-14.55554
good,232,251,5.5243,0.7926,0.6037,-18.60887,-16.98972,-18.60887,-17.79929,-14.97216,-21.21822,-21.21822,-18.09519
good,232,326,5.0305,7.9787,0.5673,-2.30381,-11.94738,-11.94738,-7.12559,-10.40165,-19.85578,-19.85578,-15.12871
good,232,336,3.0789,7.3669,0.5955,-4.41436,-14.03078,-14.03078,-9.22257,-10.08838,-15.53310,-15.53310,-12.81074
good,233,22,2.2405,1.1817,0.4977,-9.81953,-16.54132,-16.54132,-13.18043,-11.81671,-23.03592,-23.03592,-17.42632
good,233,32,3.1203,1.0797,0.5338,-9.21452,-16.92315,-16.92315,-13.06884,-8.25986,-21.27357,-21.27357,-14.76672
good,233,42,3.6545,0.8859,0.5613,-12.79568,-15.49002,-15.49002,-14.14285,-13.96077,-22.99993,-22.99993,-18.48035
good,233,52,3.8687,0.8502,0.5357,-16.53177,-17.03953,-17.03953,-16.78565,-10.50644,-21.13901,-21.13901,-15.82273
good,233,62,4.0905,0.8580,0.5283,-12.39116,-18.24790,-18.24790,-15.31953,-13.23470,-23.64009,-23.64009,-18.43740
good,233,72,4.2648,0.8177,0.5099,-20.15032,-16.68584,-20.15032,-18.41808,-13.17862,-25.61473,-25.61473,-19.39668
good,233,82,4.4095,0.7170,0.5466,-26.92936,-18.87633,-26.92936,-22.90284,-17.51744,-22.57409,-22.57409,-20.04576
good,233,92,4.5283,0.7386,0.5463,-26.79881,-21.28571,-26.79881,-24.04226,-16.29205,-21.58511,-21.58511,-18.93858
good,233,102,4.5949,0.7078,0.5493,-27.81513,-20.29162,-27.81513,-24.05338,-17.77867,-22.49233,-22.49233,-20.13550
good,233,112,4.6925,0.6348,0.4910,-30.79575,-20.42772,-30.79575,-25.61174,-14.87753,-23.02218,-23.02218,-18.94985
good,233,122,4.7490,0.6155,0.5773,-29.84051,-19.90611,-29.84051,-24.87331,-17.94391,-23.16058,-23.16058,-20.55225
good,233,132,4.8500,0.5944,0.6022,-33.21047,-21.28171,-33.21047,-27.24609,-19.56624,-23.82508,-23.82508,-21.69566
good,233,142,4.9241,0.6387,0.5022,-29.88425,-24.19047,-29.88425,-27.03736,-17.80144,-25.65869,-25.65869,-21.73006
good,233,152,5.0262,0.6258,0.6305,-32.90342,-20.78096,-32.90342,-26.84219,-15.74367,-23.87716,-23.87716,-19.81041
good,233,162,5.0997,0.6383,0.6337,-30.08896,-21.60958,-30.08896,-25.84927,-11.84984,-22.62395,-22.62395,-17.23689
good,233,172,5.1847,0.6800,0.6864,-25.96346,-22.55482,-25.96346,-24.25914,-14.71466,-24.60787,-24.60787,-19.66126
good,233,182,5.2922,0.7563,0.6079,-24.47495,-18.57589,-24.47495,-21.52542,-14.12580,-25.13625,-25.13625,-19.63102
good,233,192,5.4644,0.8100,0.6002,-19.51668,-16.59648,-19.51668,-18.05658,-12.83076,-23.64564,-23.64564,-18.23820
good,233,276,5.4656,8.3726,0.6219,-4.78691,-10.82882,-10.82882,-7.80786,-4.74096,-13.60124,-13.60124,-9.17110
good,233,286,4.0805,7.7242,0.7458,-13.57130,-14.78436,-14.78436,-14.17783,-11.99730,-16.03988,-16.03988,-14.01859
good,233,296,3.2721,7.6164,0.5373,-7.03815,-13.24997,-13.24997,-10.14406,-5.47166,-23.60843,-23.60843,-14.54005
good,234,21,2.2049,-1.1070,0.5391,-8.56797,-13.58895,-13.58895,-11.07846,-12.68664,-15.76643,-15.76643,-14.22654
good,234,31,2.9881,-1.1412,0.5544,-6.23307,-13.39838,-13.39838,-9.81573,-9.81640,-14.26077,-14.26077,-12.03858
good,234,41,4.0086,-1.1954,0.5548,-3.19440,-13.13960,-13.13960,-8.16700,-7.48151,-12.14848,-12.14848,-9.81500
good,234,51,5.0352,-1.2941,0.5369,-4.87756,-14.80587,-14.80587,-9.84172,-10.31850,-14.57277,-14.57277,-12.44563
good,234,134,5.1514,8.1513,0.4875,-8.99065,-23.51400,-23.51400,-16.25232,-12.62734,-15.60465,-15.60465,-14.11599
good,234,144,3.9453,8.2148,0.4856,-4.74527,-10.23856,-10.23856,-7.49191,-8.51662,-14.55286,-14.55286,-11.53474
good,235,28,2.2793,0.0350,0.5162,-23.60338,-18.24914,-23.60338,-20.92626,-16.11328,-22.00753,-22.00753,-19.06040
good,235,38,2.4616,-0.0359,0.5281,-20.68742,-17.19562,-20.68742,-18.94152,-16.24224,-21.79685,-21.79685,-19.01954
good,235,48,2.5487,-0.0416,0.5355,-19.95856,-16.29439,-19.95856,-18.12647,-16.86807,-22.85965,-22.85965,-19.86386
good,235,58,2.6142,-0.0240,0.6321,-21.82029,-18.53523,-21.82029,-20.17776,-17.45692,-22.14103,-22.14103,-19.79897
good,235,68,2.6395,-0.0252,0.5031,-20.82747,-17.17321,-20.82747,-19.00034,-17.85574,-22.64742,-22.64742,-20.25158
good,235,78,2.7058,-0.0720,0.5535,-22.34996,-14.35358,-22.34996,-18.35177,-18.13685,-24.16179,-24.16179,-21.14932
good,235,88,2.7973,-0.0315,0.5530,-22.29746,-14.96007,-22.29746,-18.62877,-20.04590,-23.59572,-23.59572,-21.82081
good,235,98,2.8326,-0.0481,0.6647,-23.44676,-17.19070,-23.44676,-20.31873,-19.37447,-21.19093,-21.19093,-20.28270
good,235,108,2.9043,-0.0502,0.5472,-23.54932,-17.21441,-23.54932,-20.38186,-21.37681,-23.44521,-23.44521,-22.41101
good,235,118,2.9491,-0.0038,0.6095,-21.60855,-15.90786,-21.60855,-18.75820,-18.24262,-18.83130,-18.83130,-18.53696
good,235,128,3.0203,0.0533,0.6068,-23.14285,-16.14714,-23.14285,-19.64499,-18.59118,-21.98126,-21.98126,-20.28622
good,235,138,3.0881,0.0897,0.5372,-21.68677,-15.80386,-21.68677,-18.74531,-16.20343,-21.82744,-21.82744,-19.01543
good,235,148,3.1678,0.0735,0.5834,-23.70250,-16.20503,-23.70250,-19.95377,-18.29795,-22.66314,-22.66314,-20.48054
good,235,158,3.2361,0.0710,0.5697,-22.54154,-15.18900,-22.54154,-18.86527,-18.21508,-21.90099,-21.90099,-20.05804
good,235,168,3.2957,0.0538,0.5236,-23.49365,-14.94723,-23.49365,-19.22044,-20.14447,-21.33899,-21.33899,-20.74173
good,235,178,3.3574,0.0225,0.5793,-26.19783,-15.74205,-26.19783,-20.96994,-20.77417,-19.31552,-20.77417,-20.04485
good,235,188,3.3932,0.0171,0.5337,-24.53763,-15.25565,-24.53763,-19.89664,-19.02786,-18.92938,-19.02786,-18.97862
good,235,198,3.4539,0.0029,0.5559,-25.09182,-17.40682,-25.09182,-21.24932,-19.43708,-17.23680,-19.43708,-18.33694
good,235,208,3.5146,0.0199,0.6237,-23.68961,-15.49285,-23.68961,-19.59123,-22.24862,-17.50418,-22.24862,-19.87640
good,235,218,3.5869,0.0096,0.6576,-26.04848,-18.66029,-26.04848,-22.35439,-21.76010,-15.95337,-21.76010,-18.85674
good,235,228,3.6571,0.0552,0.5326,-29.28319,-16.99109,-29.28319,-23.13714,-23.13961,-16.77902,-23.13961,-19.95932
good,235,238,3.7058,0.0769,0.5332,-24.85982,-15.35716,-24.85982,-20.10849,-22.54777,-18.30725,-22.54777,-20.42751
good,235,248,3.7679,0.0536,0.5384,-27.46230,-17.44418,-27.46230,-22.45324,-20.02174,-18.27011,-20.02174,-19.14592
good,235,258,3.8112,0.0131,0.5862,-28.84767,-18.06948,-28.84767,-23.45858,-24.53581,-13.43123,-24.53581,-18.98352
good,235,268,3.8516,-0.0108,0.5422,-26.98352,-17.23639,-26.98352,-22.10995,-25.86658,-21.10232,-25.86658,-23.48445
good,235,278,3.9133,-0.0401,0.5917,-29.74997,-17.22911,-29.74997,-23.48954,-22.05055,-13.94302,-22.05055,-17.99678
good,235,288,3.9659,-0.0301,0.6050,-27.66201,-18.14023,-27.66201,-22.90112,-23.46078,-13.99394,-23.46078,-18.72736
good,235,298,4.0179,-0.0190,0.6160,-30.94646,-17.44898,-30.94646,-24.19772,-24.03679,-15.30775,-24.03679,-19.67227
good,235,308,4.0839,0.0179,0.5283,-27.74821,-17.09223,-27.74821,-22.42022,-22.84953,-14.25519,-22.84953,-18.55236
good,235,318,4.1306,0.0255,0.5464,-30.22001,-17.66401,-30.22001,-23.94201,-21.46751,-14.51673,-21.46751,-17.99212
good,235,328,4.2151,-0.0087,0.5487,-32.85322,-19.09402,-32.85322,-25.97362,-23.03917,-12.24650,-23.03917,-17.64284
good,235,338,4.2544,-0.0473,0.5609,-31.37050,-18.85927,-31.37050,-25.11488,-22.50968,-13.22924,-22.50968,-17.86946
good,235,348,4.3301,-0.0315,0.5342,-31.44225,-18.85082,-31.44225,-25.14653,-23.92693,-12.82161,-23.92693,-18.37427
good,235,358,4.3843,-0.0555,0.5767,-33.04090,-18.67875,-33.04090,-25.85983,-23.96416,-11.83520,-23.96416,-17.89968
good,235,368,4.4604,-0.0367,0.5738,-32.59975,-17.69088,-32.59975,-25.14532,-22.06576,-10.71529,-22.06576,-16.39053
good,235,378,4.5163,-0.0011,0.5327,-31.52170,-19.63823,-31.52170,-25.57997,-21.52036,-15.90088,-21.52036,-18.71062
good,235,388,4.5742,0.0389,0.5988,-38.00541,-21.12002,-38.00541,-29.56271,-22.12873,-14.42909,-22.12873,-18.27891
good,235,398,4.6427,0.1160,0.5683,-37.07992,-18.77954,-37.07992,-27.92973,-23.78345,-16.01535,-23.78345,-19.89940
good,235,408,4.6638,0.0722,0.7346,-41.72827,-22.00999,-41.72827,-31.86913,-31.98507,-17.39152,-31.98507,-24.68830
good,235,418,4.7014,0.0082,0.5729,-36.78193,-18.92167,-36.78193,-27.85180,-26.69672,-18.34814,-26.69672,-22.52243
good,235,428,4.7207,-0.0222,0.7318,-37.40403,-19.68151,-37.40403,-28.54277,-30.83219,-15.30972,-30.83219,-23.07096
good,235,438,4.7609,-0.0695,0.5410,-33.87205,-17.93192,-33.87205,-25.90198,-24.27819,-11.42916,-24.27819,-17.85367
good,235,448,4.8016,-0.0601,0.5335,-33.27117,-22.20340,-33.27117,-27.73728,-26.19790,-10.88416,-26.19790,-18.54103
good,235,458,4.8710,-0.0222,0.7494,-40.17504,-21.39057,-40.17504,-30.78281,-21.63828,-16.28156,-21.63828,-18.95992
good,235,468,4.9268,-0.0145,0.5384,-35.43202,-20.23156,-35.43202,-27.83179,-20.50983,-13.47501,-20.50983,-16.99242
good,235,478,4.9837,0.0296,0.5387,-37.51395,-21.43085,-37.51395,-29.47240,-22.57218,-15.30225,-22.57218,-18.93721
good,235,488,5.0553,0.0030,0.6414,-39.09225,-22.25332,-39.09225,-30.67278,-22.84939,-11.71720,-22.84939,-17.28329
good,235,498,5.1250,-0.0133,0.7361,-36.26252,-19.63840,-36.26252,-27.95046,-17.97148,-12.14968,-17.97148,-15.06058
good,235,508,5.1550,-0.0460,0.5374,-35.47823,-19.02594,-35.47823,-27.25208,-21.88581,-10.40007,-21.88581,-16.14294
good,235,518,5.2147,-0.0509,0.6892,-37.07423,-19.33395,-37.07423,-28.20409,-23.83973,-14.06400,-23.83973,-18.95187
good,235,528,5.3024,-0.0272,0.5217,-37.93004,-21.07047,-37.93004,-29.50026,-23.16687,-14.07776,-23.16687,-18.62231
good,235,538,5.3358,-0.0071,0.5632,-39.93841,-21.50430,-39.93841,-30.72135,-19.92162,-13.81692,-19.92162,-16.86927
good,235,548,5.4017,0.0371,0.6214,-36.88623,-22.21202,-36.88623,-29.54913,-16.66467,-16.63694,-16.66467,-16.65080
good,235,558,5.4547,0.0511,0.5396,-38.56652,-17.42882,-38.56652,-27.99767,-17.89508,-15.94345,-17.89508,-16.91927
good,235,568,5.5442,0.0261,0.5283,-34.95323,-18.50982,-34.95323,-26.73153,-18.40037,-12.64842,-18.40037,-15.52439
good,235,578,5.5898,0.0094,0.4936,-38.63414,-19.56824,-38.63414,-29.10119,-21.36860,-13.22417,-21.36860,-17.29639
good,235,672,5.2716,8.4166,0.5843,-6.16336,-5.80684,-6.16336,-5.98510,-12.34190,-18.28941,-18.28941,-15.31566
good,235,682,4.5839,8.8882,0.4965,-7.94012,-7.46546,-7.94012,-7.70279,-10.28639,-12.17318,-12.17318,-11.22979
good,235,692,4.3638,8.7695,0.4658,-4.50087,-7.27693,-7.27693,-5.88890,-10.04333,-10.17162,-10.17162,-10.10747
good,235,702,3.4586,8.8531,0.7583,-14.89688,-12.08975,-14.89688,-13.49331,-38.31997,-22.92328,-38.31997,-30.62162
good,235,712,3.8195,8.8927,0.5152,-2.35515,-4.08244,-4.08244,-3.21879,-8.68291,-6.06611,-8.68291,-7.37451
good,235,722,3.4537,9.1488,0.5167,-6.05223,-8.65878,-8.65878,-7.35550,-15.93321,-15.74126,-15.93321,-15.83724
good,235,732,3.4609,8.9971,0.4699,-5.50894,-7.59970,-7.59970,-6.55432,-18.36740,-8.08144,-18.36740,-13.22442
good,235,742,3.3278,9.0970,0.5917,-3.00981,-1.18047,-3.00981,-2.09514,-17.86297,-6.52992,-17.86297,-12.19645
good,235,752,3.4919,8.8096,0.5994,-10.13281,-12.11556,-12.11556,-11.12418,-24.97211,-14.01428,-24.97211,-19.49319
good,235,762,3.2707,8.5822,0.4889,-11.68022,-8.22633,-11.68022,-9.95327,-19.81365,-11.85389,-19.81365,-15.83377
good,235,772,2.7607,8.9507,0.5262,-11.01439,-10.03811,-11.01439,-10.52625,-15.77476,-12.19070,-15.77476,-13.98273
good,236,24,2.1988,-0.9778,0.5285,-5.95187,-12.45631,-12.45631,-9.20409,-7.93197,-15.11991,-15.11991,-11.52594
good,236,34,3.3589,-0.9619,0.5514,-5.89231,-12.83478,-12.83478,-9.36355,-7.67925,-15.63426,-15.63426,-11.65676
good,236,44,4.3761,-1.0368,0.5875,-2.10954,-11.96496,-11.96496,-7.03725,-6.10536,-12.67156,-12.67156,-9.38846
good,236,54,5.5438,-0.9446,0.5542,-4.13087,-12.28342,-12.28342,-8.20715,-9.23284,-14.70347,-14.70347,-11.96816
good,236,126,4.4352,8.4491,0.5426,-6.84886,-11.69742,-11.69742,-9.27314,-9.03362,-5.10078,-9.03362,-7.06720
good,236,136,2.6098,8.5321,0.4604,-1.98018,-6.32648,-6.32648,-4.15333,-4.16293,-15.83975,-15.83975,-10.00134
good,237,33,2.2777,-0.1054,0.5164,-25.83498,-23.39873,-25.83498,-24.61686,-20.74409,-27.01847,-27.01847,-23.88128
good,237,43,2.4583,0.0074,0.4566,-27.84762,-20.14667,-27.84762,-23.99714,-20.68544,-27.91558,-27.91558,-24.30051
good,237,53,2.5246,0.0117,0.5247,-26.04443,-21.09942,-26.04443,-23.57192,-18.68162,-30.22313,-30.22313,-24.45238
good,237,63,2.5984,-0.0025,0.5695,-27.04810,-19.86403,-27.04810,-23.45607,-22.85388,-29.81153,-29.81153,-26.33270
good,237,73,2.6618,0.0031,0.5560,-26.43152,-20.38078,-26.43152,-23.40615,-21.79696,-28.27095,-28.27095,-25.03396
good,237,83,2.7048,-0.0381,0.5446,-25.92638,-19.63044,-25.92638,-22.77841,-21.30551,-24.86625,-24.86625,-23.08588
good,237,93,2.7765,-0.0840,0.6754,-23.38997,-17.67428,-23.38997,-20.53213,-19.19200,-25.18997,-25.18997,-22.19099
good,237,103,2.8238,-0.0834,0.5805,-24.96035,-19.88991,-24.96035,-22.42513,-20.99656,-21.14874,-21.14874,-21.07265
good,237,113,2.8998,-0.0728,0.5227,-26.20606,-17.92674,-26.20606,-22.06640,-23.38134,-29.44065,-29.44065,-26.41100
good,237,123,2.9521,-0.0384,0.6862,-27.34277,-20.86282,-27.34277,-24.10279,-22.87781,-24.22198,-24.22198,-23.54989
good,237,133,3.0110,-0.0439,0.6547,-27.97363,-21.09427,-27.97363,-24.53395,-21.93058,-23.52997,-23.52997,-22.73028
good,237,143,3.0752,0.0179,0.5675,-25.68015,-18.40011,-25.68015,-22.04013,-20.69604,-22.91401,-22.91401,-21.80503
good,237,153,3.1355,-0.0316,0.6481,-29.15389,-20.85920,-29.15389,-25.00654,-25.03655,-25.85999,-25.85999,-25.44827
good,237,163,3.1903,-0.0216,0.5360,-23.55914,-18.16865,-23.55914,-20.86389,-20.11933,-24.02017,-24.02017,-22.06975
good,237,173,3.2732,-0.0418,0.4696,-27.06024,-18.50062,-27.06024,-22.78043,-21.50252,-21.21480,-21.50252,-21.35866
good,237,183,3.3303,-0.0902,0.5396,-28.53198,-18.87496,-28.53198,-23.70347,-22.94374,-19.44888,-22.94374,-21.19631
good,237,193,3.3975,-0.0778,0.6037,-29.47067,-19.71456,-29.47067,-24.59261,-24.83175,-18.72370,-24.83175,-21.77772
good,237,203,3.4666,-0.0485,0.6280,-26.57937,-19.58550,-26.57937,-23.08244,-26.47344,-18.98092,-26.47344,-22.72718
good,237,213,3.4827,0.0523,0.6297,-31.02725,-19.63522,-31.02725,-25.33124,-26.57812,-19.83630,-26.57812,-23.20721
good,237,223,3.5379,0.1209,0.5551,-29.10386,-18.55463,-29.10386,-23.82925,-21.66185,-22.05072,-22.05072,-21.85629
good,237,233,3.5744,0.0963,0.6007,-28.70939,-16.70318,-28.70939,-22.70629,-23.50788,-21.81610,-23.50788,-22.66199
good,237,243,3.6459,0.0739,0.5309,-31.29343,-18.73667,-31.29343,-25.01505,-22.00933,-20.52484,-22.00933,-21.26709
good,237,253,3.7112,0.0187,0.5774,-29.43777,-21.01925,-29.43777,-25.22851,-24.51357,-21.13030,-24.51357,-22.82193
good,237,263,3.7857,-0.0159,0.5212,-32.88465,-19.83283,-32.88465,-26.35874,-25.18078,-18.16111,-25.18078,-21.67094
good,237,273,3.8633,-0.0164,0.5891,-32.83034,-21.53622,-32.83034,-27.18328,-26.71309,-16.38593,-26.71309,-21.54951
good,237,283,3.9229,-0.0193,0.5102,-29.90044,-20.29419,-29.90044,-25.09731,-26.87868,-17.45284,-26.87868,-22.16576
good,237,293,4.0036,-0.0118,0.5571,-36.35517,-21.34517,-36.35517,-28.85017,-28.23680,-15.58961,-28.23680,-21.91320
good,237,303,4.0677,-0.0093,0.5706,-34.41552,-20.66356,-34.41552,-27.53954,-27.77867,-16.95721,-27.77867,-22.36794
good,237,313,4.1396,-0.0026,0.5856,-38.26654,-22.15628,-38.26654,-30.21141,-27.65120,-16.99438,-27.65120,-22.32279
good,237,323,4.2144,-0.0287,0.5390,-41.92635,-22.66675,-41.92635,-32.29655,-28.64993,-15.89606,-28.64993,-22.27299
good,237,333,4.2739,0.0185,0.5306,-41.18567,-22.60432,-41.18567,-31.89500,-31.42288,-14.97337,-31.42288,-23.19813
good,237,343,4.3492,0.0480,0.5835,-41.49677,-23.24451,-41.49677,-32.37064,-29.41377,-15.07581,-29.41377,-22.24479
good,237,353,4.4131,0.0260,0.6523,-43.22066,-22.98867,-43.22066,-33.10467,-27.11794,-13.21055,-27.11794,-20.16424
good,237,363,4.4808,0.0381,0.5268,-40.83669,-22.09746,-40.83669,-31.46708,-30.20226,-13.75267,-30.20226,-21.97747
good,237,373,4.5258,0.0311,0.5668,-45.23585,-24.58875,-45.23585,-34.91230,-29.76608,-15.21386,-29.76608,-22.48997
good,237,383,4.5811,0.0930,0.6137,-45.64654,-25.72831,-45.64654,-35.68742,-28.24294,-15.59039,-28.24294,-21.91667
good,237,393,4.6506,0.0632,0.6830,-45.06688,-25.48255,-45.06688,-35.27472,-25.86160,-18.76032,-25.86160,-22.31096
good,237,403,4.7226,0.0623,0.5127,-41.97927,-23.12717,-41.97927,-32.55322,-30.32323,-17.57017,-30.32323,-23.94670
good,237,413,4.7984,0.0236,0.5946,-41.57069,-22.79454,-41.57069,-32.18261,-24.44636,-17.00257,-24.44636,-20.72447
good,237,423,4.8731,-0.0554,0.5921,-42.68482,-23.49696,-42.68482,-33.09089,-24.48373,-10.82918,-24.48373,-17.65646
good,237,433,4.9217,-0.0884,0.5867,-42.61715,-22.41844,-42.61715,-32.51779,-26.26023,-12.04064,-26.26023,-19.15044
good,237,443,4.9806,-0.0374,0.5504,-44.76934,-23.05249,-44.76934,-33.91092,-25.37128,-9.47548,-25.37128,-17.42338
good,237,453,5.0414,-0.0049,0.5348,-46.96520,-22.74646,-46.96520,-34.85583,-23.90002,-13.85323,-23.90002,-18.87663
good,237,463,5.1302,-0.0156,0.5858,-42.53349,-23.40223,-42.53349,-32.96786,-27.37447,-13.65250,-27.37447,-20.51349
good,237,473,5.1479,0.0273,0.6494,-42.24978,-21.79704,-42.24978,-32.02341,-22.74134,-15.92488,-22.74134,-19.33311
good,237,483,5.2184,0.0383,0.5444,-46.45208,-22.98383,-46.45208,-34.71795,-20.69592,-18.99993,-20.69592,-19.84793
good,237,493,5.2663,0.0431,0.4581,-44.26463,-24.64484,-44.26463,-34.45473,-20.93026,-16.71727,-20.93026,-18.82376
good,237,503,5.3540,0.0381,0.4746,-43.15287,-23.68920,-43.15287,-33.42103,-24.53002,-13.78469,-24.53002,-19.15735
good,237,513,5.4289,0.0141,0.5332,-45.63051,-20.93951,-45.63051,-33.28501,-21.37063,-11.30268,-21.37063,-16.33666
good,237,523,5.4810,-0.0147,0.6034,-42.66873,-20.89403,-42.66873,-31.78138,-20.25798,-12.05845,-20.25798,-16.15822
good,237,533,5.5429,-0.0298,0.6251,-43.75767,-21.14227,-43.75767,-32.44997,-17.14971,-15.43991,-17.14971,-16.29482
good,237,543,5.5985,-0.0038,0.5498,-43.95932,-17.91832,-43.95932,-30.93882,-19.90230,-17.80519,-19.90230,-18.85374
good,237,624,4.9349,7.7140,0.5730,-13.12372,-11.42112,-13.12372,-12.27242,-24.39279,-17.42359,-24.39279,-20.90819
good,237,634,3.5284,8.5981,0.6084,-9.14825,-13.66473,-13.66473,-11.40649,-20.04059,-22.10470,-22.10470,-21.07264
good,237,644,2.3539,8.8957,0.5157,-13.46491,-12.41184,-13.46491,-12.93838,-24.93142,-19.45382,-24.93142,-22.19262
good,239,23,2.2067,1.1124,0.5466,-8.77092,-17.45774,-17.45774,-13.11433,-0.71066,-16.27165,-16.27165,-8.49116
good,239,33,3.1824,1.0194,0.5463,-7.92595,-18.04178,-18.04178,-12.98387,-7.48773,-20.45369,-20.45369,-13.97071
good,239,43,3.7596,0.9003,0.5970,-9.45904,-19.24256,-19.24256,-14.35080,-7.38294,-22.77137,-22.77137,-15.07715
good,239,53,4.0459,0.8399,0.4982,-16.04878,-19.88325,-19.88325,-17.96601,-11.84731,-21.98519,-21.98519,-16.91625
good,239,63,4.2251,0.7979,0.6500,-13.98252,-20.29674,-20.29674,-17.13963,-10.29258,-23.05659,-23.05659,-16.67458
good,239,73,4.3629,0.8949,0.5323,-20.58507,-16.15979,-20.58507,-18.37243,-11.79724,-23.52244,-23.52244,-17.65984
good,239,83,4.5552,0.7939,0.4781,-15.13077,-22.33219,-22.33219,-18.73148,-9.41183,-23.92304,-23.92304,-16.66743
good,239,93,4.7011,0.7824,0.5262,-20.35067,-19.52398,-20.35067,-19.93733,-15.05372,-24.19596,-24.19596,-19.62484
good,239,103,4.8584,0.7763,0.5450,-22.85902,-22.44210,-22.85902,-22.65056,-6.27579,-24.20664,-24.20664,-15.24122
good,239,113,5.0112,0.6891,0.5591,-26.96715,-24.02537,-26.96715,-25.49626,-12.64680,-21.60166,-21.60166,-17.12423
good,239,123,5.0971,0.7053,0.5390,-27.10091,-22.16748,-27.10091,-24.63420,-10.14741,-21.92586,-21.92586,-16.03663
good,239,133,5.2372,0.7141,0.5621,-24.34096,-18.32936,-24.34096,-21.33516,-9.47088,-25.43118,-25.43118,-17.45103
good,239,143,5.2675,0.8519,0.5469,-17.86223,-20.01771,-20.01771,-18.93997,-7.65072,-20.09042,-20.09042,-13.87057
good,239,229,5.8482,7.9666,0.5524,-9.79453,-11.38421,-11.38421,-10.58937,-6.73064,-18.65938,-18.65938,-12.69501
good,239,239,4.3956,8.1617,0.6385,-12.42498,-9.75478,-12.42498,-11.08988,-15.16238,-24.30738,-24.30738,-19.73488
good,239,249,2.9307,7.9912,0.6115,-21.64102,-14.69521,-21.64102,-18.16811,-14.87586,-11.09902,-14.87586,-12.98744
good,239,712,2.4270,8.4380,0.2666,-60.22062,-59.05581,-60.22062,-59.63821,-83.63649,-63.21819,-83.63649,-73.42734
good,239,722,2.3257,8.4951,0.2689,-56.97399,-45.46022,-56.97399,-51.21710,-61.61123,-49.74398,-61.61123,-55.67760
good,239,732,2.3545,8.5819,0.2666,-63.07146,-61.37872,-63.07146,-62.22509,-91.56917,-54.67866,-91.56917,-73.12392
good,239,742,2.4216,8.5632,0.2669,-64.53274,-78.94819,-78.94819,-71.74046,-74.35674,-77.51063,-77.51063,-75.93369
good,239,752,2.3327,8.5775,0.2669,-55.55936,-52.51754,-55.55936,-54.03845,-79.61446,-69.76958,-79.61446,-74.69202
good,239,762,2.4782,8.5925,0.2671,-52.98147,-54.40221,-54.40221,-53.69184,-70.56333,-69.40927,-70.56333,-69.98630
good,239,772,2.4202,8.6222,0.2679,-71.66665,-54.87583,-71.66665,-63.27124,-89.10023,-81.52273,-89.10023,-85.31148
good,239,782,2.3831,8.5873,0.2668,-63.42396,-59.62564,-63.42396,-61.52480,-97.64272,-87.12360,-97.64272,-92.38316
good,239,792,2.5759,8.6323,0.2665,-49.41850,-42.96665,-49.41850,-46.19257,-81.74106,-55.21025,-81.74106,-68.47565
good,240,23,2.2839,0.9860,0.5391,-9.61618,-15.85102,-15.85102,-12.73360,-6.33360,-17.29365,-17.29365,-11.81363
good,240,33,3.0438,0.8835,0.5547,-5.81226,-12.48053,-12.48053,-9.14639,-11.79222,-20.54319,-20.54319,-16.16770
good,240,43,3.5617,0.8920,0.5672,-9.08231,-12.94223,-12.94223,-11.01227,-10.39401,-15.17540,-15.17540,-12.78470
good,240,53,3.9859,1.0881,0.5511,-3.33477,-9.60079,-9.60079,-6.46778,-9.32547,-18.95083,-18.95083,-14.13815
good,240,63,4.8031,1.0007,0.5263,-4.82701,-12.09266,-12.09266,-8.45984,-5.41641,-15.74487,-15.74487,-10.58064
good,240,73,5.3709,0.9346,0.5407,-8.08070,-13.58177,-13.58177,-10.83123,-3.07228,-16.86531,-16.86531,-9.96880
good,240,153,5.3586,8.8098,0.5022,-5.61704,-2.60742,-5.61704,-4.11223,-17.51770,-2.02011,-17.51770,-9.76890
good,240,163,4.0802,8.4247,0.6217,-15.19937,-7.84171,-15.19937,-11.52054,-0.52149,-18.94927,-18.94927,-9.73538
good,242,23,2.2755,-1.1002,0.5513,-5.64617,-11.36342,-11.36342,-8.50480,-11.20153,-14.28627,-14.28627,-12.74390
good,242,33,3.2288,-1.1572,0.5673,-6.86309,-11.84371,-11.84371,-9.35340,-5.99778,-13.20881,-13.20881,-9.60329
good,242,43,4.2301,-1.2045,0.5107,-1.18061,-9.97315,-9.97315,-5.57688,-2.88456,-13.69530,-13.69530,-8.28993
good,242,53,5.3678,-1.1432,0.5152,-6.28010,-10.51658,-10.51658,-8.39834,-6.36060,-11.15627,-11.15627,-8.75844
good,242,159,4.6023,8.5265,0.4698,-8.28813,-9.66396,-9.66396,-8.97604,-2.38628,-11.06199,-11.06199,-6.72413
good,242,169,3.2386,8.0534,0.4958,-11.92994,-11.33568,-11.92994,-11.63281,-7.74239,-17.90871,-17.90871,-12.82555
good,242,179,2.5073,8.6084,0.5560,-1.96562,-10.52313,-10.52313,-6.24437,-12.12959,-13.90144,-13.90144,-13.01552
good,243,24,2.2030,1.2162,0.5236,-16.32257,-14.64730,-16.32257,-15.48493,-12.75317,-19.29483,-19.29483,-16.02400
good,243,34,2.7460,0.9379,0.5162,-11.31723,-13.93545,-13.93545,-12.62634,-13.80398,-23.40522,-23.40522,-18.60460
good,243,44,2.9827,0.7874,0.5577,-16.24381,-13.84563,-16.24381,-15.04472,-13.79939,-22.61204,-22.61204,-18.20571
good,243,54,3.0971,0.7373,0.5430,-15.78664,-13.76049,-15.78664,-14.77356,-16.18291,-22.07949,-22.07949,-19.13120
good,243,64,3.2259,0.7219,0.5849,-14.15661,-13.31703,-14.15661,-13.73682,-19.14017,-25.56899,-25.56899,-22.35458
good,243,74,3.3783,0.7697,0.5463,-16.66046,-12.77660,-16.66046,-14.71853,-17.87514,-23.65231,-23.65231,-20.76373
good,243,84,3.5007,0.6967,0.5774,-18.07172,-13.63818,-18.07172,-15.85495,-17.98952,-25.33548,-25.33548,-21.66250
good,243,94,3.5912,0.7124,0.6460,-19.03556,-16.13560,-19.03556,-17.58558,-15.82381,-23.10562,-23.10562,-19.46471
good,243,104,3.7180,0.7017,0.5893,-20.89197,-16.27067,-20.89197,-18.58132,-19.09112,-24.21714,-24.21714,-21.65413
good,243,114,3.8359,0.6971,0.5516,-18.47472,-15.56112,-18.47472,-17.01792,-13.98742,-21.46454,-21.46454,-17.72598
good,243,124,3.9669,0.7872,0.5138,-11.34484,-16.23595,-16.23595,-13.79039,-16.14940,-22.33859,-22.33859,-19.24400
good,243,134,4.2629,0.8347,0.5936,-10.51021,-14.46366,-14.46366,-12.48693,-18.10170,-17.46012,-18.10170,-17.78091
good,243,144,4.4122,0.7985,0.6071,-13.06333,-17.03122,-17.03122,-15.04727,-17.89310,-17.51321,-17.89310,-17.70316
good,243,154,4.6771,0.8499,0.5509,-17.58205,-12.55041,-17.58205,-15.06623,-19.82841,-21.61886,-21.61886,-20.72363
good,243,164,4.8929,0.8746,0.5688,-8.79867,-11.36962,-11.36962,-10.08415,-11.24928,-15.56080,-15.56080,-13.40504
good,243,174,5.4847,0.8941,0.5003,-4.98836,-14.32115,-14.32115,-9.65476,-11.99511,-15.79937,-15.79937,-13.89724
good,243,276,4.8278,7.5427,0.5813,-11.23498,-10.78885,-11.23498,-11.01192,-2.27200,-19.53253,-19.53253,-10.90227
good,244,26,2.2773,1.0664,0.5861,-9.75767,-14.20149,-14.20149,-11.97958,-14.43392,-21.08880,-21.08880,-17.76136
good,244,36,2.6631,0.8647,0.5791,-14.96350,-13.64421,-14.96350,-14.30386,-12.11883,-21.97755,-21.97755,-17.04819
good,244,46,2.7899,0.8548,0.5833,-13.38082,-12.09083,-13.38082,-12.73582,-15.83126,-21.75037,-21.75037,-18.79081
good,244,56,2.9495,0.8378,0.5123,-13.28053,-13.76251,-13.76251,-13.52152,-14.33637,-23.00726,-23.00726,-18.67181
good,244,66,3.1193,0.7959,0.5560,-14.02208,-13.08866,-14.02208,-13.55537,-14.97019,-23.79272,-23.79272,-19.38146
good,244,76,3.2587,0.7946,0.5453,-14.41165,-13.08217,-14.41165,-13.74691,-15.34456,-19.74412,-19.74412,-17.54434
good,244,86,3.4120,0.7413,0.5503,-14.60396,-12.98599,-14.60396,-13.79498,-13.35974,-18.61304,-18.61304,-15.98639
good,244,96,3.5800,0.7744,0.5162,-13.98417,-13.65724,-13.98417,-13.82070,-16.04808,-22.54088,-22.54088,-19.29448
good,244,106,3.7060,0.7255,0.5547,-15.88714,-14.26477,-15.88714,-15.07595,-17.56853,-16.13315,-17.56853,-16.85084
good,244,116,3.8276,0.7424,0.6313,-13.82287,-16.06471,-16.06471,-14.94379,-14.13597,-16.86890,-16.86890,-15.50244
good,244,126,3.9053,0.8979,0.5342,-7.54242,-13.12992,-13.12992,-10.33617,-13.23766,-14.98814,-14.98814,-14.11290
good,244,136,4.3002,0.9162,0.5627,-8.40082,-12.74594,-12.74594,-10.57338,-12.50439,-13.76364,-13.76364,-13.13401
good,244,146,4.7806,0.8861,0.5237,-5.47756,-14.99373,-14.99373,-10.23564,-9.14383,-15.30040,-15.30040,-12.22211
good,244,156,5.3354,0.8760,0.4907,-10.60168,-14.89495,-14.89495,-12.74832,-5.87083,-18.51240,-18.51240,-12.19161
good,244,258,5.1905,8.4775,0.7624,-6.95409,-7.85618,-7.85618,-7.40514,1.50023,-11.49626,-11.49626,-4.99802
good,244,268,3.0263,8.5439,0.4649,-10.13957,-8.19888,-10.13957,-9.16923,0.70226,-8.48060,-8.48060,-3.88917
good,245,23,2.2053,1.2265,0.5534,-9.03825,-16.05514,-16.05514,-12.54670,-8.65530,-19.27483,-19.27483,-13.96507
good,245,33,3.3645,1.2638,0.5202,-2.41664,-16.00897,-16.00897,-9.21281,-6.30352,-20.00401,-20.00401,-13.15376
good,245,43,4.3838,1.1516,0.5120,-5.02326,-16.76679,-16.76679,-10.89503,-8.34618,-22.28287,-22.28287,-15.31452
good,245,53,5.2024,1.0588,0.5124,-6.10246,-16.52331,-16.52331,-11.31289,-10.42275,-19.81025,-19.81025,-15.11650
good,245,145,5.4660,8.4140,0.6180,-12.40911,-13.18028,-13.18028,-12.79469,-7.19773,-15.16046,-15.16046,-11.17910
good,245,155,4.1456,7.5012,0.4904,-16.23681,-8.46140,-16.23681,-12.34911,-14.86695,-9.70008,-14.86695,-12.28351
good,245,165,2.8771,8.1357,0.6036,-3.48171,-15.14037,-15.14037,-9.31104,-15.03952,-23.80689,-23.80689,-19.42320
good,245,175,3.3898,8.7377,0.4760,-13.34999,-12.11777,-13.34999,-12.73388,-5.10372,-12.64136,-12.64136,-8.87254
good,246,21,2.2428,-1.2686,0.4910,-9.22633,-12.33332,-12.33332,-10.77983,-12.62573,-14.51762,-14.51762,-13.57167
good,246,31,3.1132,-1.2223,0.5706,-5.98915,-12.40202,-12.40202,-9.19558,-10.67408,-16.00737,-16.00737,-13.34073
good,246,41,4.2426,-1.1447,0.5512,-7.58254,-9.99125,-9.99125,-8.78689,-4.15996,-13.74480,-13.74480,-8.95238
good,246,51,5.1664,-1.0481,0.5713,-3.99058,-10.94878,-10.94878,-7.46968,-8.48531,-12.86324,-12.86324,-10.67428
good,246,138,4.9261,7.6513,0.5280,-9.97920,-15.27207,-15.27207,-12.62563,-15.38642,-15.08646,-15.38642,-15.23644
good,246,148,3.2254,8.2446,0.5503,-7.32301,-8.30059,-8.30059,-7.81180,-21.12441,-14.05331,-21.12441,-17.58886
good,248,23,2.2781,-0.9294,0.5694,-6.93061,-10.54381,-10.54381,-8.73721,-8.43846,-12.42303,-12.42303,-10.43074
good,248,33,3.3762,-0.9105,0.5222,-5.40896,-7.71676,-7.71676,-6.56286,-7.79327,-10.55298,-10.55298,-9.17312
good,248,43,4.2986,-0.9466,0.5462,-3.18591,-9.58328,-9.58328,-6.38459,-7.12711,-12.68026,-12.68026,-9.90368
good,248,53,5.3521,-0.9477,0.5172,-3.35740,-8.35250,-8.35250,-5.85495,-4.60218,-8.91777,-8.91777,-6.75998
good,248,139,4.9377,8.4115,0.4631,-8.02921,-10.16915,-10.16915,-9.09918,-1.41693,-11.57172,-11.57172,-6.49432
good,248,149,3.7462,8.0290,0.5604,-11.93587,-13.19790,-13.19790,-12.56688,-5.73506,-15.23952,-15.23952,-10.48729
good,248,159,2.7435,7.7568,0.6891,-14.37911,-12.68194,-14.37911,-13.53052,-6.85350,-5.83285,-6.85350,-6.34318
good,248,782,2.3745,8.8814,0.2672,-44.85564,-41.51739,-44.85564,-43.18652,-56.17881,-60.26717,-60.26717,-58.22299
good,248,792,2.4876,8.8200,0.2670,-42.92608,-38.73891,-42.92608,-40.83250,-33.67294,-40.58510,-40.58510,-37.12902
good,249,23,2.2320,-1.0609,0.6009,-7.63882,-12.78713,-12.78713,-10.21298,-8.60499,-15.00620,-15.00620,-11.80559
good,249,33,3.1328,-1.2276,0.5048,-3.73841,-11.36019,-11.36019,-7.54930,-8.44912,-13.27461,-13.27461,-10.86186
good,249,43,4.1741,-1.2959,0.4297,-2.80184,-10.97638,-10.97638,-6.88911,-9.17723,-14.26288,-14.26288,-11.72006
good,249,53,5.2727,-1.3646,0.5060,-2.43583,-12.14300,-12.14300,-7.28942,-4.49484,-14.19060,-14.19060,-9.34272
good,249,128,4.5421,7.9278,0.4047,-9.31377,-6.93192,-9.31377,-8.12284,-12.10027,-14.93986,-14.93986,-13.52007
good,249,138,2.7377,8.6219,0.5487,-7.69680,-7.49209,-7.69680,-7.59444,-12.70768,-20.64435,-20.64435,-16.67602
good,250,25,2.2018,0.9526,0.5540,-8.28559,-14.11522,-14.11522,-11.20041,-9.41272,-18.61152,-18.61152,-14.01212
good,250,35,3.2729,0.9579,0.5784,-8.02953,-17.13685,-17.13685,-12.58319,-8.84840,-17.24561,-17.24561,-13.04700
good,250,45,3.9800,0.9255,0.5480,-6.12344,-13.37739,-13.37739,-9.75041,-6.26144,-16.16884,-16.16884,-11.21514
good,250,55,4.5431,0.9551,0.5675,-5.69516,-14.76176,-14.76176,-10.22846,-9.11789,-16.57634,-16.57634,-12.84711
good,250,65,5.2773,0.8643,0.5538,-8.96686,-16.87589,-16.87589,-12.92137,-8.56158,-16.89028,-16.89028,-12.72593
good,250,163,5.6605,7.3145,0.6158,-15.30383,-11.36300,-15.30383,-13.33342,-5.53073,-7.30021,-7.30021,-6.41547
good,250,173,4.2469,7.2600,0.5580,-11.46365,-12.16068,-12.16068,-11.81217,-14.18312,-10.50647,-14.18312,-12.34480
good,251,26,2.2670,0.9727,0.4680,-18.97215,-16.08153,-18.97215,-17.52684,-10.59100,-17.40090,-17.40090,-13.99595
good,251,36,2.5924,0.8147,0.5890,-15.64400,-13.40310,-15.64400,-14.52355,-13.17630,-27.59502,-27.59502,-20.38566
good,251,46,2.7551,0.7700,0.5073,-14.40074,-15.04122,-15.04122,-14.72098,-16.15110,-24.34131,-24.34131,-20.24620
good,251,56,2.8694,0.7500,0.5891,-18.13354,-14.83802,-18.13354,-16.48578,-16.67547,-28.20473,-28.20473,-22.44010
good,251,66,3.0093,0.7316,0.5723,-19.35723,-14.19429,-19.35723,-16.77576,-18.14612,-24.63142,-24.63142,-21.38877
good,251,76,3.1279,0.7548,0.5555,-17.44306,-14.39213,-17.44306,-15.91759,-17.51047,-22.99047,-22.99047,-20.25047
good,251,86,3.2422,0.6745,0.5717,-20.02022,-14.36770,-20.02022,-17.19396,-16.66250,-24.38519,-24.38519,-20.52385
good,251,96,3.3266,0.7331,0.5776,-16.97732,-13.52470,-16.97732,-15.25101,-14.78708,-24.28033,-24.28033,-19.53371
good,251,106,3.3927,0.6980,0.6074,-17.57450,-15.69986,-17.57450,-16.63718,-17.17399,-22.52266,-22.52266,-19.84833
good,251,116,3.4893,0.7225,0.5337,-19.83348,-14.69910,-19.83348,-17.26629,-15.83180,-25.31828,-25.31828,-20.57504
good,251,126,3.5701,0.7040,0.5159,-23.04391,-14.88553,-23.04391,-18.96472,-18.56830,-27.16569,-27.16569,-22.86700
good,251,136,3.6881,0.6854,0.6050,-21.35913,-15.97746,-21.35913,-18.66829,-14.74422,-22.60952,-22.60952,-18.67687
good,251,146,3.7702,0.7614,0.5515,-17.33627,-14.78071,-17.33627,-16.05849,-17.02884,-20.55027,-20.55027,-18.78956
good,251,156,3.9062,0.7556,0.6590,-17.46659,-11.08612,-17.46659,-14.27636,-18.32318,-19.13942,-19.13942,-18.73130
good,251,166,4.0061,0.8058,0.5519,-14.42223,-12.53052,-14.42223,-13.47637,-18.23684,-20.03016,-20.03016,-19.13350
good,251,176,4.1694,0.8606,0.5448,-12.64185,-18.56130,-18.56130,-15.60157,-11.29390,-18.99841,-18.99841,-15.14615
good,251,186,4.3580,0.9144,0.5173,-11.60137,-12.22599,-12.22599,-11.91368,-14.05954,-20.13730,-20.13730,-17.09842
good,251,196,4.7248,1.1040,0.5287,-4.54666,-12.05842,-12.05842,-8.30254,-8.80470,-16.93763,-16.93763,-12.87117
good,251,206,5.4068,1.0071,0.5614,-7.39028,-14.54709,-14.54709,-10.96868,-6.56502,-15.32329,-15.32329,-10.94415
good,251,285,5.1081,7.4346,0.4652,-11.14145,-15.04818,-15.04818,-13.09481,-15.67970,-20.32454,-20.32454,-18.00212
good,251,295,3.5021,7.2021,0.6995,-15.33067,-14.88415,-15.33067,-15.10741,-10.72606,-15.37111,-15.37111,-13.04858
good,251,305,2.4957,7.4841,0.4575,-18.96679,-15.22874,-18.96679,-17.09777,-14.07158,-24.72973,-24.72973,-19.40065
good,253,26,2.2761,-1.0569,0.5902,-10.27831,-10.36075,-10.36075,-10.31953,-11.71042,-15.91204,-15.91204,-13.81123
good,253,36,3.1246,-0.8765,0.6332,-11.46887,-10.21789,-11.46887,-10.84338,-15.78334,-14.45061,-15.78334,-15.11698
good,253,46,3.1680,-0.8782,0.4714,-18.07328,-11.84829,-18.07328,-14.96079,-15.42354,-16.94147,-16.94147,-16.18250
good,253,56,3.3167,-0.8508,0.6040,-12.39656,-9.93142,-12.39656,-11.16399,-13.99019,-14.10368,-14.10368,-14.04694
good,253,66,3.5343,-0.8332,0.5717,-12.75541,-7.33634,-12.75541,-10.04588,-13.80239,-13.91934,-13.91934,-13.86087
good,253,76,3.6572,-0.7911,0.5206,-14.15212,-8.50883,-14.15212,-11.33047,-15.70347,-12.18468,-15.70347,-13.94407
good,253,86,3.8316,-0.7338,0.5818,-15.11876,-10.16353,-15.11876,-12.64115,-13.91872,-12.38719,-13.91872,-13.15296
good,253,96,3.9480,-0.7529,0.5715,-14.76703,-8.80644,-14.76703,-11.78674,-15.47125,-10.93961,-15.47125,-13.20543
good,253,106,4.0530,-0.7174,0.5605,-13.90993,-8.42207,-13.90993,-11.16600,-17.64313,-13.32460,-17.64313,-15.48386
good,253,116,4.1613,-0.7476,0.6548,-17.08044,-9.44785,-17.08044,-13.26414,-15.84141,-9.80809,-15.84141,-12.82475
good,253,126,4.3015,-0.7598,0.5725,-14.26607,-8.36197,-14.26607,-11.31402,-15.67123,-12.00507,-15.67123,-13.83815
good,253,136,4.4504,-0.7847,0.5990,-12.89340,-9.40822,-12.89340,-11.15081,-13.89276,-12.63360,-13.89276,-13.26318
good,253,146,4.6431,-0.8251,0.5795,-13.26247,-9.51432,-13.26247,-11.38840,-14.11749,-14.45369,-14.45369,-14.28559
good,253,156,4.8580,-0.7572,0.6206,-17.20674,-9.52064,-17.20674,-13.36369,-17.57591,-13.83044,-17.57591,-15.70318
good,253,166,5.0012,-0.8226,0.7178,-15.38412,-9.12288,-15.38412,-12.25350,-17.61595,-14.66572,-17.61595,-16.14084
good,253,176,5.0718,-0.7824,0.5257,-15.24722,-8.76524,-15.24722,-12.00623,-16.41990,-14.18943,-16.41990,-15.30466
good,253,186,5.1829,-0.7045,0.5767,-16.00859,-9.08609,-16.00859,-12.54734,-16.11547,-13.30672,-16.11547,-14.71110
good,253,196,5.2927,-0.8010,0.5679,-20.82179,-10.21338,-20.82179,-15.51759,-17.80724,-17.74989,-17.80724,-17.77856
good,253,206,5.5006,-0.8531,0.5726,-14.96352,-8.38805,-14.96352,-11.67579,-17.90994,-14.20938,-17.90994,-16.05967
good,253,303,5.2691,8.7472,0.5135,-15.20750,-6.72417,-15.20750,-10.96584,-20.95586,-15.25212,-20.95586,-18.10399
good,253,313,4.7146,9.0268,0.5289,-5.90608,-3.34801,-5.90608,-4.62705,-10.22679,-18.95459,-18.95459,-14.59069
good,253,323,4.2364,8.5973,0.5535,-12.60550,-6.51013,-12.60550,-9.55782,-16.73718,-23.82802,-23.82802,-20.28260
good,253,333,4.6024,8.6564,0.4896,-6.89663,-7.02209,-7.02209,-6.95936,-11.95326,-23.47299,-23.47299,-17.71312
good,253,343,4.7533,9.0316,0.5167,-13.30190,-10.05089,-13.30190,-11.67640,-17.04227,-16.30493,-17.04227,-16.67360
good,253,353,4.4464,8.8131,0.5205,-7.32049,-10.81843,-10.81843,-9.06946,-11.82475,-16.81003,-16.81003,-14.31739
good,253,363,4.0665,8.9025,0.5010,-9.34222,-10.57483,-10.57483,-9.95852,-27.33156,-16.04445,-27.33156,-21.68801
good,253,373,4.0230,8.8758,0.6052,-2.91680,-4.57554,-4.57554,-3.74617,-7.72281,-14.58757,-14.58757,-11.15519
good,253,383,3.4962,8.4468,0.4651,-15.48509,-11.34132,-15.48509,-13.41320,-14.95439,-18.61469,-18.61469,-16.78454
good,253,393,2.8227,8.6223,0.5605,-9.01488,-8.75504,-9.01488,-8.88496,-14.39313,-20.32921,-20.32921,-17.36117
good,254,21,2.2536,1.1027,0.5326,-10.03038,-20.26588,-20.26588,-15.14813,-9.23593,-23.56084,-23.56084,-16.39839
good,254,31,3.2921,1.0042,0.5648,-8.17634,-23.67142,-23.67142,-15.92388,-4.98819,-24.87574,-24.87574,-14.93196
good,254,41,4.0904,0.8498,0.5308,-11.03658,-17.60181,-17.60181,-14.31919,-11.51659,-24.22588,-24.22588,-17.87123
good,254,51,4.2897,0.8228,0.4622,-13.08851,-20.25888,-20.25888,-16.67370,-15.19000,-26.05971,-26.05971,-20.62486
good,254,61,4.4853,0.7951,0.5454,-18.64206,-21.02568,-21.02568,-19.83387,-14.70447,-26.76212,-26.76212,-20.73330
good,254,71,4.6975,0.8410,0.6233,-15.39051,-19.58579,-19.58579,-17.48815,-8.71034,-24.15905,-24.15905,-16.43469
good,254,81,4.8815,0.8982,0.5522,-12.16146,-20.07431,-20.07431,-16.11789,-12.08285,-25.10798,-25.10798,-18.59542
good,254,91,5.0426,0.8028,0.6176,-20.45468,-20.72548,-20.72548,-20.59008,-10.01840,-24.27149,-24.27149,-17.14495
good,254,101,5.1806,0.8134,0.6098,-22.60262,-17.47059,-22.60262,-20.03661,-11.98121,-27.72738,-27.72738,-19.85429
good,254,111,5.3753,0.8334,0.5054,-20.18197,-15.11772,-20.18197,-17.64985,-14.15276,-24.12569,-24.12569,-19.13923
good,254,121,5.4367,0.9721,0.5707,-20.22893,-17.86066,-20.22893,-19.04480,-12.11637,-24.80535,-24.80535,-18.46086
good,254,216,5.5889,8.7208,0.6695,-8.03844,-3.84720,-8.03844,-5.94282,-13.07383,-15.46247,-15.46247,-14.26815
good,254,226,4.1274,8.1288,0.4564,-19.10276,-16.04191,-19.10276,-17.57233,-17.50660,-16.57806,-17.50660,-17.04233
good,254,236,2.9484,8.2544,0.6553,-13.99827,-12.75914,-13.99827,-13.37870,-19.12888,-17.37289,-19.12888,-18.25089
good,255,24,2.2298,-1.0874,0.5427,-8.92484,-10.00792,-10.00792,-9.46638,-10.48714,-13.00399,-13.00399,-11.74556
good,255,34,3.2411,-1.0231,0.5410,-6.02722,-11.31872,-11.31872,-8.67297,-10.82511,-16.04962,-16.04962,-13.43736
good,255,44,4.3230,-1.0103,0.5822,-6.96610,-10.66069,-10.66069,-8.81339,-8.00760,-15.70069,-15.70069,-11.85414
good,255,54,5.4282,-0.9755,0.5699,-5.51129,-7.09994,-7.09994,-6.30562,-8.89273,-11.30923,-11.30923,-10.10098
good,255,130,4.9319,7.8766,0.5626,-9.71497,-11.45953,-11.45953,-10.58725,-18.10635,-13.24345,-18.10635,-15.67490
good,255,140,3.5372,8.7783,0.6408,-8.08442,-13.03058,-13.03058,-10.55750,-15.05547,-12.77099,-15.05547,-13.91323
good,255,303,2.4769,7.8995,0.5480,-19.54631,-17.46161,-19.54631,-18.50396,-29.66361,-20.41938,-29.66361,-25.04150
good,256,29,2.2262,-0.0425,0.5136,-23.25582,-19.59658,-23.25582,-21.42620,-17.97331,-20.70166,-20.70166,-19.33749
good,256,39,2.4958,0.1415,0.5385,-21.29920,-17.00194,-21.29920,-19.15057,-17.39701,-23.47519,-23.47519,-20.43610
good,256,49,2.5611,0.1117,0.6316,-22.46716,-17.33219,-22.46716,-19.89967,-17.74854,-25.75877,-25.75877,-21.75365
good,256,59,2.6434,0.0948,0.6209,-23.15678,-17.87424,-23.15678,-20.51551,-18.78681,-25.82506,-25.82506,-22.30594
good,256,69,2.7140,0.0689,0.5691,-22.06757,-16.06293,-22.06757,-19.06525,-18.77201,-25.00641,-25.00641,-21.88921
good,256,79,2.7905,0.0797,0.5786,-21.23545,-15.64003,-21.23545,-18.43774,-16.81267,-23.93820,-23.93820,-20.37544
good,256,89,2.8445,0.0568,0.5440,-23.33415,-16.14490,-23.33415,-19.73952,-18.62037,-25.00492,-25.00492,-21.81265
good,256,99,2.9173,0.0777,0.5395,-22.79044,-15.91581,-22.79044,-19.35312,-17.06894,-22.96769,-22.96769,-20.01832
good,256,109,2.9018,0.0170,0.5522,-21.83455,-16.70379,-21.83455,-19.26917,-18.29584,-20.90397,-20.90397,-19.59991
good,256,119,2.9717,-0.0221,0.5298,-21.73262,-15.42006,-21.73262,-18.57634,-19.69175,-21.14798,-21.14798,-20.41987
good,256,129,3.0238,-0.0596,0.5879,-21.70571,-17.00027,-21.70571,-19.35299,-19.21911,-18.91259,-19.21911,-19.06585
good,256,139,3.0891,0.0008,0.5610,-22.18128,-15.79313,-22.18128,-18.98721,-18.31934,-17.63198,-18.31934,-17.97566
good,256,149,3.1201,0.0209,0.5334,-22.45999,-16.70716,-22.45999,-19.58358,-19.05218,-19.55855,-19.55855,-19.30537
good,256,159,3.1999,0.0547,0.5382,-23.46507,-17.09204,-23.46507,-20.27856,-19.80068,-19.70137,-19.80068,-19.75103
good,256,169,3.2486,0.0828,0.5346,-23.39022,-15.08509,-23.39022,-19.23765,-18.96321,-19.32430,-19.32430,-19.14376
good,256,179,3.3425,0.0325,0.5778,-22.17258,-15.13140,-22.17258,-18.65199,-19.62309,-18.27342,-19.62309,-18.94825
good,256,189,3.4002,0.0415,0.4828,-22.98396,-15.25908,-22.98396,-19.12152,-19.85822,-19.51346,-19.85822,-19.68584
good,256,199,3.4556,0.0423,0.5795,-26.34361,-16.86678,-26.34361,-21.60519,-20.04869,-18.61989,-20.04869,-19.33429
good,256,209,3.5329,0.0525,0.5446,-24.62769,-15.46655,-24.62769,-20.04712,-21.03971,-17.39425,-21.03971,-19.21698
good,256,219,3.5958,-0.0170,0.5389,-27.46358,-17.83393,-27.46358,-22.64876,-23.54393,-15.61530,-23.54393,-19.57961
good,256,229,3.6158,0.0061,0.5074,-24.84475,-16.11749,-24.84475,-20.48112,-23.95772,-18.12123,-23.95772,-21.03947
good,256,239,3.6472,-0.0234,0.6465,-28.47679,-16.88193,-28.47679,-22.67936,-22.09647,-16.51429,-22.09647,-19.30538
good,256,249,3.7018,0.0179,0.5181,-29.49497,-17.38906,-29.49497,-23.44202,-24.36372,-18.36504,-24.36372,-21.36438
good,256,259,3.7692,0.0557,0.4791,-29.84974,-18.12420,-29.84974,-23.98697,-24.01677,-20.31154,-24.01677,-22.16416
good,256,269,3.8393,0.0926,0.6552,-29.77699,-17.91226,-29.77699,-23.84462,-24.12416,-17.45850,-24.12416,-20.79133
good,256,279,3.8812,0.1182,0.5924,-29.70024,-17.60282,-29.70024,-23.65153,-22.14183,-19.41979,-22.14183,-20.78081
good,256,289,3.9658,0.1153,0.5612,-29.92526,-17.79001,-29.92526,-23.85764,-20.69964,-17.06295,-20.69964,-18.88129
good,256,299,4.0240,0.0578,0.5932,-34.01560,-18.46644,-34.01560,-26.24102,-24.97225,-16.77735,-24.97225,-20.87480
good,256,309,4.0942,0.0066,0.6964,-33.97395,-18.88969,-33.97395,-26.43182,-25.64072,-15.07743,-25.64072,-20.35908
good,256,319,4.1265,-0.0450,0.5373,-32.94178,-20.00467,-32.94178,-26.47322,-23.51195,-14.23952,-23.51195,-18.87574
good,256,329,4.2087,-0.0664,0.6101,-31.56549,-17.86720,-31.56549,-24.71634,-24.07907,-11.19997,-24.07907,-17.63952
good,256,339,4.2300,0.0067,0.5411,-32.69456,-18.59236,-32.69456,-25.64346,-26.67159,-13.23701,-26.67159,-19.95430
good,256,349,4.2966,0.0360,0.5053,-31.03836,-18.02941,-31.03836,-24.53389,-23.70188,-14.08567,-23.70188,-18.89378
good,256,359,4.3421,0.1060,0.6029,-35.18527,-20.38772,-35.18527,-27.78649,-24.40894,-16.65771,-24.40894,-20.53333
good,256,369,4.3931,0.0869,0.5801,-36.33497,-19.25860,-36.33497,-27.79679,-23.75659,-14.58143,-23.75659,-19.16901
good,256,379,4.4636,0.0294,0.5665,-34.97472,-20.77476,-34.97472,-27.87474,-22.87463,-10.53305,-22.87463,-16.70384
good,256,389,4.5200,0.0345,0.5104,-32.69982,-19.03418,-32.69982,-25.86700,-20.87833,-13.17334,-20.87833,-17.02584
good,256,399,4.5886,-0.0070,0.4686,-34.59943,-18.07704,-34.59943,-26.33823,-21.02505,-9.71892,-21.02505,-15.37199
good,256,409,4.6594,-0.0316,0.5905,-38.33649,-20.17971,-38.33649,-29.25810,-25.93987,-11.46212,-25.93987,-18.70100
good,256,419,4.7297,-0.0411,0.5278,-35.71250,-20.02878,-35.71250,-27.87064,-17.69528,-9.87624,-17.69528,-13.78576
good,256,429,4.8142,-0.0477,0.6336,-39.72002,-21.71801,-39.72002,-30.71902,-24.95774,-12.50504,-24.95774,-18.73139
good,256,439,4.8913,-0.0532,0.5822,-37.18037,-20.43296,-37.18037,-28.80667,-20.93607,-13.22937,-20.93607,-17.08272
good,256,449,4.9480,-0.0261,0.5128,-35.97054,-17.45904,-35.97054,-26.71479,-21.07362,-13.54786,-21.07362,-17.31074
good,256,459,5.0233,-0.0166,0.4642,-34.57948,-18.39448,-34.57948,-26.48698,-20.88078,-11.77108,-20.88078,-16.32593
good,256,469,5.0928,-0.0238,0.6042,-36.67859,-19.39765,-36.67859,-28.03812,-21.89417,-9.69156,-21.89417,-15.79287
good,256,479,5.1643,-0.0038,0.5406,-38.16872,-20.67798,-38.16872,-29.42335,-16.95755,-11.25191,-16.95755,-14.10473
good,256,489,5.2494,0.0233,0.5173,-37.89242,-19.17798,-37.89242,-28.53520,-19.49194,-12.76014,-19.49194,-16.12604
good,256,499,5.3299,0.0137,0.5584,-36.08821,-18.57845,-36.08821,-27.33333,-16.84479,-12.28845,-16.84479,-14.56662
good,256,509,5.4093,0.0430,0.5406,-38.07292,-19.14773,-38.07292,-28.61032,-15.07262,-11.88012,-15.07262,-13.47637
good,256,519,5.4641,0.0097,0.6164,-37.02525,-17.40403,-37.02525,-27.21464,-14.19941,-11.79305,-14.19941,-12.99623
good,256,529,5.5417,0.0153,0.5116,-36.92949,-18.61226,-36.92949,-27.77087,-14.37707,-10.67077,-14.37707,-12.52392
good,256,539,5.5968,0.0274,0.5109,-39.00898,-18.37627,-39.00898,-28.69262,-16.86006,-10.29501,-16.86006,-13.57753
good,256,671,5.0842,8.2659,0.5311,-8.11194,-9.46199,-9.46199,-8.78697,-8.65268,-10.72332,-10.72332,-9.68800
good,256,681,3.1699,7.8198,0.5082,-13.39506,-8.25222,-13.39506,-10.82364,-15.57494,-11.51595,-15.57494,-13.54544
good,257,20,2.1991,-1.2928,0.5592,-8.72674,-13.45772,-13.45772,-11.09223,-9.12216,-13.74775,-13.74775,-11.43496
good,257,30,3.3554,-1.1544,0.5023,-5.71795,-11.19072,-11.19072,-8.45434,-8.44876,-11.85966,-11.85966,-10.15421
good,257,40,4.1521,-1.2520,0.4806,-3.77345,-10.41689,-10.41689,-7.09517,-4.68902,-13.68313,-13.68313,-9.18608
good,257,50,5.2697,-1.2724,0.5524,-5.18233,-12.31703,-12.31703,-8.74968,-5.33664,-12.18316,-12.18316,-8.75990
good,257,146,4.2471,7.7229,0.4733,-17.29826,-10.21324,-17.29826,-13.75575,-8.06466,-10.42792,-10.42792,-9.24629
good,257,156,2.5343,7.2019,0.4443,-14.04747,-14.80990,-14.80990,-14.42869,-5.96176,-14.12042,-14.12042,-10.04109
good,258,25,2.2469,1.0836,0.5914,-8.87436,-15.71227,-15.71227,-12.29331,-10.17533,-22.78918,-22.78918,-16.48226
good,258,35,2.7824,0.9579,0.5070,-13.02477,-14.74868,-14.74868,-13.88672,-13.05542,-23.85242,-23.85242,-18.45392
good,258,45,3.0289,0.9424,0.5545,-14.64606,-16.91735,-16.91735,-15.78171,-12.23672,-25.08840,-25.08840,-18.66256
good,258,55,3.1831,0.8189,0.5431,-15.13845,-14.85093,-15.13845,-14.99469,-15.55149,-27.22005,-27.22005,-21.38577
good,258,65,3.3110,0.8044,0.5521,-16.97742,-13.94972,-16.97742,-15.46357,-14.92002,-24.29885,-24.29885,-19.60944
good,258,75,3.4241,0.7593,0.4670,-18.56634,-15.46844,-18.56634,-17.01739,-15.45585,-22.99018,-22.99018,-19.22301
good,258,85,3.5205,0.7390,0.5443,-18.94883,-17.31052,-18.94883,-18.12968,-15.65627,-24.37523,-24.37523,-20.01575
good,258,95,3.6484,0.7116,0.5834,-17.72401,-13.85259,-17.72401,-15.78830,-17.66376,-22.31743,-22.31743,-19.99060
good,258,105,3.8020,0.6730,0.5734,-21.72955,-16.15686,-21.72955,-18.94320,-17.75048,-25.01009,-25.01009,-21.38029
good,258,115,3.8945,0.7719,0.5295,-18.88086,-14.84687,-18.88086,-16.86387,-16.08613,-25.22598,-25.22598,-20.65605
good,258,125,4.0196,0.8076,0.6988,-16.38978,-11.65385,-16.38978,-14.02181,-11.59611,-18.55371,-18.55371,-15.07491
good,258,135,4.2045,0.8848,0.6268,-8.74880,-10.96819,-10.96819,-9.85850,-11.84275,-20.89715,-20.89715,-16.36995
good,258,145,4.2500,0.9178,0.5587,-7.60201,-14.31816,-14.31816,-10.96009,-14.54982,-26.23080,-26.23080,-20.39031
good,258,155,4.8940,0.9905,0.5653,-8.20451,-17.91584,-17.91584,-13.06017,-14.37045,-22.00294,-22.00294,-18.18669
good,258,235,5.7192,8.9442,0.5034,-2.01379,-4.87272,-4.87272,-3.44325,-0.13277,-9.98724,-9.98724,-5.06001
good,258,245,4.3080,8.6523,0.5634,-0.40816,-3.03260,-3.03260,-1.72038,-0.83996,-8.32453,-8.32453,-4.58224
good,258,255,3.3206,8.8778,0.5571,-21.67691,-11.56889,-21.67691,-16.62290,-15.82197,-13.27912,-15.82197,-14.55054
good,258,265,2.4689,8.8271,0.5725,-18.38914,-10.41527,-18.38914,-14.40221,-13.37250,-17.41463,-17.41463,-15.39356
good,258,665,3.5442,8.7766,0.4567,-6.38286,-12.99830,-12.99830,-9.69058,-12.39718,-9.44491,-12.39718,-10.92104
good,258,675,3.0586,8.9126,0.5623,-12.38649,-14.10804,-14.10804,-13.24726,-14.08710,-34.19752,-34.19752,-24.14231
good,258,685,2.8280,8.8819,0.5389,-10.98896,-10.00978,-10.98896,-10.49937,-17.09436,-19.04762,-19.04762,-18.07099
good,258,695,2.6599,8.8528,0.6763,-12.94389,-11.03585,-12.94389,-11.98987,-20.67900,-20.66305,-20.67900,-20.67102
good,258,712,2.6028,8.8270,0.7108,-18.18034,-15.54844,-18.18034,-16.86439,-7.94514,-28.47985,-28.47985,-18.21250
good,258,722,3.0038,8.8262,0.4084,-59.28187,-50.91194,-59.28187,-55.09690,-52.26413,-55.40427,-55.40427,-53.83420
good,258,732,3.6999,8.8756,0.2653,-106.26157,-82.73437,-106.26157,-94.49797,-77.61365,-63.32084,-77.61365,-70.46724
good,258,742,3.5963,8.9131,0.2669,-82.22672,-72.89255,-82.22672,-77.55963,-66.00909,-69.38125,-69.38125,-67.69517
good,258,752,3.6622,8.8642,0.2669,-96.64564,-79.55808,-96.64564,-88.10186,-83.61541,-71.28120,-83.61541,-77.44830
good,258,762,3.7081,8.8669,0.2668,-99.58675,-72.83852,-99.58675,-86.21263,-72.69305,-53.81849,-72.69305,-63.25578
good,258,772,3.6592,8.8319,0.2645,-78.04858,-77.09927,-78.04858,-77.57393,-88.48989,-64.83241,-88.48989,-76.66115
good,258,782,3.5668,8.8657,0.2674,-93.04297,-80.18829,-93.04297,-86.61563,-94.63483,-64.44693,-94.63483,-79.54088
good,258,792,3.6173,8.8322,0.2673,-92.97251,-73.76142,-92.97251,-83.36697,-91.11824,-69.74760,-91.11824,-80.43292
good,259,27,2.2596,0.8997,0.5139,-6.95769,-16.21815,-16.21815,-11.58792,-12.41722,-21.78785,-21.78785,-17.10254
good,259,37,3.3765,0.8886,0.5076,-7.06469,-15.98422,-15.98422,-11.52445,-10.60927,-21.20470,-21.20470,-15.90699
good,259,47,3.7949,0.8749,0.6041,-7.89754,-16.78982,-16.78982,-12.34368,-9.16241,-15.98421,-15.98421,-12.57331
good,259,57,4.3855,1.0945,0.5314,-8.24928,-13.50406,-13.50406,-10.87667,-10.63759,-23.78403,-23.78403,-17.21081
good,259,67,5.3668,1.0478,0.5395,-5.00778,-15.02672,-15.02672,-10.01725,-11.00519,-19.79321,-19.79321,-15.39920
good,259,155,5.0918,7.6492,0.5376,-24.89619,-17.67806,-24.89619,-21.28712,-18.39536,-19.46677,-19.46677,-18.93107
good,259,165,4.2615,8.6620,0.5160,-16.57330,-13.80618,-16.57330,-15.18974,-14.85823,-18.80452,-18.80452,-16.83137
good,259,175,3.6881,9.0646,0.4490,-5.19137,-7.12054,-7.12054,-6.15596,-13.37143,-10.78681,-13.37143,-12.07912
good,259,185,2.8095,8.8395,0.5344,-13.23579,-13.10805,-13.23579,-13.17192,-17.69785,-17.88847,-17.88847,-17.79316
good,259,454,2.5537,8.4848,0.4894,-19.11659,-12.78152,-19.11659,-15.94905,-29.39510,-16.59882,-29.39510,-22.99696
good,260,20,2.2830,-1.2214,0.5661,-7.33549,-9.94244,-9.94244,-8.63897,-11.71325,-13.30759,-13.30759,-12.51042
good,260,30,3.1936,-1.0903,0.4403,-12.35152,-11.55531,-12.35152,-11.95341,-10.60709,-12.28168,-12.28168,-11.44439
good,260,40,3.6004,-0.9160,0.6075,-10.06382,-7.99654,-10.06382,-9.03018,-10.58080,-11.85291,-11.85291,-11.21686
good,260,50,3.8287,-0.8261,0.6182,-11.71146,-9.37088,-11.71146,-10.54117,-14.18318,-10.72482,-14.18318,-12.45400
good,260,60,3.9595,-0.7978,0.4789,-12.56956,-9.35209,-12.56956,-10.96083,-12.09434,-10.36673,-12.09434,-11.23054
good,260,70,4.1268,-0.7809,0.6195,-11.06219,-9.64389,-11.06219,-10.35304,-14.32115,-8.14836,-14.32115,-11.23476
good,260,80,4.2573,-0.8870,0.4861,-9.83961,-8.99945,-9.83961,-9.41953,-12.20709,-9.12274,-12.20709,-10.66491
good,260,90,4.4125,-0.8820,0.6002,-11.80788,-9.91869,-11.80788,-10.86328,-11.96953,-11.24997,-11.96953,-11.60975
good,260,100,4.6742,-1.0302,0.6391,-5.66219,-4.82858,-5.66219,-5.24539,-8.26643,-1.79821,-8.26643,-5.03232
good,260,110,5.3681,-1.1380,0.5611,-6.33898,-7.10565,-7.10565,-6.72232,-9.35730,-8.90719,-9.35730,-9.13225
good,260,210,4.7499,7.6158,0.5497,-11.11961,-6.33375,-11.11961,-8.72668,-9.94401,-6.19110,-9.94401,-8.06755
good,260,220,3.2445,8.3588,0.5434,-6.06056,-7.95257,-7.95257,-7.00657,-7.41236,2.75845,-7.41236,-2.32696
good,261,25,2.2638,1.0223,0.5235,-9.14334,-14.92386,-14.92386,-12.03360,-8.07037,-20.98295,-20.98295,-14.52666
good,261,35,3.2928,0.9705,0.5682,-6.29614,-14.83994,-14.83994,-10.56804,-8.88360,-14.87076,-14.87076,-11.87718
good,261,45,3.9407,0.9991,0.5848,-2.54078,-14.30640,-14.30640,-8.42359,-4.09917,-16.83287,-16.83287,-10.46602
good,261,55,4.6049,0.9619,0.5650,-4.18231,-16.27249,-16.27249,-10.22740,-8.29738,-16.86058,-16.86058,-12.57898
good,261,65,5.2178,1.0223,0.5838,-3.56586,-11.32197,-11.32197,-7.44391,-6.68358,-19.44349,-19.44349,-13.06353
good,261,146,5.1134,8.4362,0.7123,-9.99639,-15.45282,-15.45282,-12.72460,-4.42388,-11.12180,-11.12180,-7.77284
good,261,156,3.0253,8.3864,0.5631,-12.44015,-14.87115,-14.87115,-13.65565,-10.40036,-8.84968,-10.40036,-9.62502
good,262,22,2.2037,-1.0820,0.5683,-7.90054,-9.87804,-9.87804,-8.88929,-9.07468,-13.02483,-13.02483,-11.04975
good,262,32,3.3018,-1.0271,0.5394,-6.03324,-8.33904,-8.33904,-7.18614,-13.27380,-13.12408,-13.27380,-13.19894
good,262,42,4.2385,-1.0982,0.5940,-5.15194,-10.70260,-10.70260,-7.92727,-8.79830,-10.87377,-10.87377,-9.83604
good,262,52,5.2500,-1.3132,0.5248,-0.92450,-8.04248,-8.04248,-4.48349,-3.33765,-8.30841,-8.30841,-5.82303
good,262,129,4.7041,7.8226,0.4226,-9.46513,-9.91894,-9.91894,-9.69204,-17.00535,-16.04051,-17.00535,-16.52293
good,262,139,2.4974,8.1012,0.6442,-14.37116,-10.65544,-14.37116,-12.51330,-17.29637,-17.20458,-17.29637,-17.25047
good,263,20,2.1772,-1.0026,0.5555,-7.18772,-11.58393,-11.58393,-9.38583,-11.82290,-12.45187,-12.45187,-12.13738
good,263,30,2.9215,-1.0624,0.6076,-7.11510,-12.14102,-12.14102,-9.62806,-10.61478,-15.17474,-15.17474,-12.89476
good,263,40,3.8670,-1.2204,0.4611,-3.84887,-9.80712,-9.80712,-6.82799,-8.38623,-13.05946,-13.05946,-10.72285
good,263,50,4.4429,-0.9795,0.5766,-9.85103,-10.52513,-10.52513,-10.18808,-11.22187,-14.43907,-14.43907,-12.83047
good,263,60,4.7191,-0.8316,0.5087,-13.71351,-12.20299,-13.71351,-12.95825,-12.88362,-15.03153,-15.03153,-13.95757
good,263,70,4.8931,-0.8120,0.6097,-11.72641,-8.00553,-11.72641,-9.86597,-9.25002,-10.79290,-10.79290,-10.02146
good,263,80,5.0351,-0.7384,0.5953,-12.79975,-10.44470,-12.79975,-11.62222,-13.56596,-13.54943,-13.56596,-13.55770
good,263,90,5.2361,-0.7388,0.5537,-15.25599,-10.83012,-15.25599,-13.04305,-10.79266,-14.62874,-14.62874,-12.71070
good,263,100,5.3864,-0.7455,0.6008,-16.88827,-10.82587,-16.88827,-13.85707,-11.58407,-14.35288,-14.35288,-12.96847
good,263,110,5.5662,-0.7574,0.5381,-15.58458,-9.59168,-15.58458,-12.58813,-9.55865,-14.43092,-14.43092,-11.99479
good,263,207,5.5856,8.7135,0.6293,-3.29778,-7.69526,-7.69526,-5.49652,-1.98228,-14.29947,-14.29947,-8.14087
good,263,217,5.1723,8.7297,0.6065,-3.89911,-1.45161,-3.89911,-2.67536,-0.42076,-10.43134,-10.43134,-5.42605
good,263,227,4.0014,8.6969,0.6353,-6.77138,-8.04388,-8.04388,-7.40763,-9.54556,-10.21054,-10.21054,-9.87805
good,264,24,2.2944,1.0843,0.5991,-17.28637,-18.48533,-18.48533,-17.88585,-13.23690,-25.71118,-25.71118,-19.47404
good,264,34,2.7850,0.9815,0.5497,-13.14865,-16.94619,-16.94619,-15.04742,-13.19284,-25.03255,-25.03255,-19.11270
good,264,44,3.0388,0.8221,0.5492,-15.82365,-17.41974,-17.41974,-16.62169,-18.31251,-25.03801,-25.03801,-21.67526
good,264,54,3.1369,0.7489,0.5438,-18.54585,-16.83743,-18.54585,-17.69164,-16.32519,-28.31182,-28.31182,-22.31851
good,264,64,3.2496,0.7644,0.5443,-23.19922,-14.42498,-23.19922,-18.81210,-16.37763,-26.46724,-26.46724,-21.42243
good,264,74,3.3648,0.7236,0.6322,-22.51261,-16.86018,-22.51261,-19.68639,-18.73125,-23.44731,-23.44731,-21.08928
good,264,84,3.4605,0.7537,0.6138,-20.06697,-15.82515,-20.06697,-17.94606,-15.60565,-24.81231,-24.81231,-20.20898
good,264,94,3.5548,0.7311,0.5313,-21.74565,-16.55962,-21.74565,-19.15263,-16.63980,-24.35193,-24.35193,-20.49586
good,264,104,3.6377,0.7233,0.4600,-21.38786,-16.70987,-21.38786,-19.04886,-17.20010,-21.46452,-21.46452,-19.33231
good,264,114,3.7738,0.7087,0.6478,-24.32005,-17.11546,-24.32005,-20.71776,-16.33179,-24.99278,-24.99278,-20.66229
good,264,124,3.8558,0.6991,0.4754,-20.80049,-14.35440,-20.80049,-17.57744,-22.88863,-28.63118,-28.63118,-25.75990
good,264,134,3.9957,0.7564,0.6047,-21.42588,-16.58331,-21.42588,-19.00460,-20.95780,-22.74504,-22.74504,-21.85142
good,264,144,4.0959,0.7866,0.4656,-18.19973,-14.14031,-18.19973,-16.17002,-19.75717,-27.63700,-27.63700,-23.69709
good,264,154,4.2403,0.8289,0.5953,-22.20975,-18.61878,-22.20975,-20.41426,-22.57775,-22.68793,-22.68793,-22.63284
good,264,164,4.3848,0.8289,0.4859,-16.87760,-13.53713,-16.87760,-15.20737,-20.21547,-21.09678,-21.09678,-20.65613
good,264,174,4.5285,0.8521,0.6285,-13.35186,-15.93980,-15.93980,-14.64583,-14.91977,-21.54476,-21.54476,-18.23227
good,264,184,4.6868,0.8440,0.5613,-18.25832,-20.32084,-20.32084,-19.28958,-11.71568,-19.26678,-19.26678,-15.49123
good,264,194,4.9086,0.8518,0.6171,-12.19399,-19.78771,-19.78771,-15.99085,-13.03155,-17.77378,-17.77378,-15.40266
good,264,204,5.4494,0.9379,0.5730,-9.61627,-13.63494,-13.63494,-11.62560,-2.69768,-15.80197,-15.80197,-9.24983
good,264,305,4.3378,8.6606,0.5651,-4.57067,-13.43829,-13.43829,-9.00448,-5.98638,-7.58887,-7.58887,-6.78763
good,264,315,3.1147,8.7699,0.5111,-13.43584,-8.54782,-13.43584,-10.99183,-10.85771,-15.40298,-15.40298,-13.13034
good,264,638,2.3458,9.0435,0.6856,-2.39512,-10.68935,-10.68935,-6.54223,-13.08120,-24.12082,-24.12082,-18.60101
good,264,669,2.4393,8.8813,0.2747,-33.32952,-31.03255,-33.32952,-32.18104,-59.03503,-47.11602,-59.03503,-53.07553
good,264,679,2.5150,8.8849,0.2668,-33.30017,-31.29244,-33.30017,-32.29631,-58.54714,-31.73009,-58.54714,-45.13861
good,264,689,2.5186,8.9571,0.2671,-39.77111,-49.09724,-49.09724,-44.43417,-50.55386,-40.80988,-50.55386,-45.68187
good,264,699,2.4924,8.9032,0.2667,-58.66236,-38.80133,-58.66236,-48.73185,-75.40098,-57.29213,-75.40098,-66.34656
good,264,709,2.4789,8.8893,0.2616,-50.32302,-44.78999,-50.32302,-47.55650,-69.85001,-51.78364,-69.85001,-60.81683
good,264,719,2.7234,8.8721,0.2667,-47.52120,-55.72197,-55.72197,-51.62159,-71.29028,-48.92710,-71.29028,-60.10869
good,264,729,2.5670,8.8901,0.2830,-39.94832,-37.09299,-39.94832,-38.52065,-62.54929,-49.36232,-62.54929,-55.95581
good,264,739,2.6450,8.8122,0.2666,-49.61280,-62.93853,-62.93853,-56.27566,-68.23933,-51.79152,-68.23933,-60.01542
good,264,749,2.5946,8.8502,0.2680,-52.64993,-57.48517,-57.48517,-55.06755,-81.03819,-52.60577,-81.03819,-66.82198
good,264,759,2.4441,8.8222,0.2699,-53.51222,-54.04134,-54.04134,-53.77678,-63.60751,-64.73631,-64.73631,-64.17191
good,264,769,2.5734,8.8494,0.2671,-54.85650,-49.51059,-54.85650,-52.18354,-85.45672,-63.45281,-85.45672,-74.45477
good,264,779,2.4793,8.8253,0.2660,-47.34063,-53.07012,-53.07012,-50.20538,-63.68789,-70.48357,-70.48357,-67.08573
good,264,789,2.6534,8.8386,0.2667,-52.29712,-60.33755,-60.33755,-56.31733,-69.66520,-61.68447,-69.66520,-65.67484
good,264,799,2.5010,8.8894,0.2684,-47.89154,-52.42789,-52.42789,-50.15972,-71.09928,-59.90606,-71.09928,-65.50267
good,266,22,2.2081,-0.9216,0.5206,-7.40668,-7.68590,-7.68590,-7.54629,-9.65986,-11.64839,-11.64839,-10.65412
good,266,32,3.3394,-0.9060,0.5278,-6.33681,-6.56558,-6.56558,-6.45119,-10.10546,-11.05106,-11.05106,-10.57826
good,266,42,4.2375,-0.9211,0.5152,-5.44436,-8.06329,-8.06329,-6.75383,-6.73864,-10.85369,-10.85369,-8.79616
good,266,52,5.2126,-0.9728,0.5574,-3.31956,-8.14208,-8.14208,-5.73082,-9.01719,-9.80164,-9.80164,-9.40942
good,266,158,5.3465,8.5095,0.6431,-10.61653,-11.64899,-11.64899,-11.13276,-16.46444,-11.55662,-16.46444,-14.01053
good,266,168,4.4208,8.8590,0.7368,-11.69980,-11.06339,-11.69980,-11.38159,-20.04332,-12.43694,-20.04332,-16.24013
good,266,178,3.6898,8.3985,0.4039,-16.36297,-6.14575,-16.36297,-11.25436,-22.97968,-13.94531,-22.97968,-18.46250
good,267,22,2.2743,-1.1177,0.5614,-8.33254,-12.52023,-12.52023,-10.42638,-10.85854,-15.81435,-15.81435,-13.33644
good,267,32,3.3510,-0.8566,0.5753,-10.54104,-9.38281,-10.54104,-9.96193,-12.36963,-13.36533,-13.36533,-12.86748
good,267,42,3.5776,-0.8012,0.5617,-9.63467,-8.64517,-9.63467,-9.13992,-10.59446,-11.63945,-11.63945,-11.11695
good,267,52,3.8962,-0.7858,0.5607,-10.78076,-9.54654,-10.78076,-10.16365,-10.92381,-9.75096,-10.92381,-10.33739
good,267,62,4.0934,-0.7629,0.5418,-10.39181,-10.43075,-10.43075,-10.41128,-12.45722,-11.78794,-12.45722,-12.12258
good,267,72,4.2459,-0.8130,0.5650,-8.07970,-8.57617,-8.57617,-8.32793,-8.76373,-9.36504,-9.36504,-9.06439
good,267,82,4.5537,-0.8779,0.4848,-8.44614,-8.33475,-8.44614,-8.39045,-8.40382,-11.22301,-11.22301,-9.81342
good,267,92,5.1109,-0.9938,0.5736,-7.86842,-7.16624,-7.86842,-7.51733,-5.50327,-13.58358,-13.58358,-9.54342
good,267,171,5.0329,7.6970,0.6977,-11.85129,-15.67270,-15.67270,-13.76199,-12.65481,-12.65580,-12.65580,-12.65531
good,267,181,3.6022,8.3817,0.5843,-16.72725,-15.63188,-16.72725,-16.17956,-14.50156,-16.26756,-16.26756,-15.38456
good,267,191,2.6508,8.8540,0.5036,-5.33747,-4.26849,-5.33747,-4.80298,-11.39491,-18.24553,-18.24553,-14.82022
good,268,24,2.2380,-0.9707,0.5317,-10.23563,-12.05177,-12.05177,-11.14370,-11.56011,-14.76858,-14.76858,-13.16434
good,268,34,3.4395,-0.9241,0.5409,-5.61389,-7.37357,-7.37357,-6.49373,-11.63580,-12.05202,-12.05202,-11.84391
good,268,44,4.2540,-0.9018,0.5042,-10.18341,-10.79115,-10.79115,-10.48728,-15.19401,-11.31801,-15.19401,-13.25601
good,268,54,4.5806,-0.7978,0.5769,-12.19407,-8.75219,-12.19407,-10.47313,-15.65092,-10.53624,-15.65092,-13.09358
good,268,64,4.7042,-0.7713,0.5234,-13.01695,-8.22165,-13.01695,-10.61930,-16.82631,-14.21961,-16.82631,-15.52296
good,268,74,4.8786,-0.7313,0.5256,-15.94153,-8.95231,-15.94153,-12.44692,-17.19179,-13.10399,-17.19179,-15.14789
good,268,84,5.0267,-0.7637,0.5076,-17.25629,-9.71630,-17.25629,-13.48630,-19.04689,-12.32074,-19.04689,-15.68381
good,268,94,5.1615,-0.7159,0.6021,-17.80311,-9.21149,-17.80311,-13.50730,-14.68181,-10.39213,-14.68181,-12.53697
good,268,104,5.3054,-0.7318,0.6351,-18.23210,-11.34644,-18.23210,-14.78927,-15.93921,-13.91018,-15.93921,-14.92469
good,268,114,5.4271,-0.7306,0.6126,-18.80977,-8.27351,-18.80977,-13.54164,-11.86713,-10.57949,-11.86713,-11.22331
good,268,124,5.5357,-0.7374,0.5480,-16.96878,-7.41218,-16.96878,-12.19048,-12.04274,-13.89575,-13.89575,-12.96924
good,268,200,5.2292,8.0297,0.4932,-12.20943,-10.19276,-12.20943,-11.20110,-15.07594,-12.13176,-15.07594,-13.60385
good,268,210,3.8294,8.8136,0.4646,-14.85892,-7.20196,-14.85892,-11.03044,-20.26132,-13.25939,-20.26132,-16.76035
good,268,220,3.1231,8.5589,0.5458,-10.66144,-8.68761,-10.66144,-9.67453,-28.30021,-12.83825,-28.30021,-20.56923
good,269,28,2.2901,0.1396,0.5701,-26.30951,-22.62653,-26.30951,-24.46802,-20.04727,-28.11354,-28.11354,-24.08041
good,269,38,2.4824,0.0433,0.6842,-28.84906,-23.12520,-28.84906,-25.98713,-19.38115,-33.20833,-33.20833,-26.29474
good,269,48,2.5491,0.0235,0.5643,-28.24318,-22.50683,-28.24318,-25.37501,-20.71894,-31.91630,-31.91630,-26.31762
good,269,58,2.5897,0.0363,0.4533,-27.57069,-21.68693,-27.57069,-24.62881,-18.73725,-31.07798,-31.07798,-24.90762
good,269,68,2.6508,0.0379,0.5306,-27.15614,-22.46366,-27.15614,-24.80990,-20.27588,-28.60923,-28.60923,-24.44256
good,269,78,2.7271,0.0010,0.6760,-27.51648,-23.57581,-27.51648,-25.54614,-17.58421,-28.41552,-28.41552,-22.99986
good,269,88,2.8053,-0.0071,0.5701,-27.84426,-21.91991,-27.84426,-24.88209,-21.34763,-31.45928,-31.45928,-26.40345
good,269,98,2.8623,-0.0329,0.6667,-29.75956,-21.16629,-29.75956,-25.46292,-23.76641,-30.79324,-30.79324,-27.27983
good,269,108,2.9343,-0.0352,0.6052,-27.21536,-24.45068,-27.21536,-25.83302,-20.56018,-28.61726,-28.61726,-24.58872
good,269,118,2.9791,0.0179,0.4661,-26.92001,-21.00609,-26.92001,-23.96305,-20.63024,-28.75827,-28.75827,-24.69426
good,269,128,3.0456,0.0287,0.6945,-27.45323,-21.25373,-27.45323,-24.35348,-21.71065,-26.48365,-26.48365,-24.09715
good,269,138,3.1038,0.0268,0.5696,-29.05453,-22.08885,-29.05453,-25.57169,-24.66923,-27.89144,-27.89144,-26.28033
good,269,148,3.1830,0.0300,0.5404,-27.49000,-20.89487,-27.49000,-24.19243,-23.82530,-28.03866,-28.03866,-25.93198
good,269,158,3.2376,0.0055,0.5902,-28.10089,-21.52563,-28.10089,-24.81326,-19.47152,-25.24881,-25.24881,-22.36016
good,269,168,3.2619,0.0044,0.5645,-28.31890,-18.25804,-28.31890,-23.28847,-23.98701,-26.29081,-26.29081,-25.13891
good,269,178,3.3115,-0.0166,0.6837,-27.69408,-18.12566,-27.69408,-22.90987,-24.62921,-31.31200,-31.31200,-27.97060
good,269,188,3.3672,-0.0302,0.6123,-29.61118,-22.12883,-29.61118,-25.87000,-25.68743,-22.58244,-25.68743,-24.13493
good,269,198,3.4311,-0.0321,0.5290,-27.33265,-20.10453,-27.33265,-23.71859,-23.04518,-19.88080,-23.04518,-21.46299
good,269,208,3.4844,0.0061,0.5845,-30.35329,-20.87012,-30.35329,-25.61170,-19.61630,-25.64443,-25.64443,-22.63037
good,269,218,3.5163,0.0477,0.6243,-31.60851,-19.05454,-31.60851,-25.33152,-29.09241,-27.04493,-29.09241,-28.06867
good,269,228,3.5858,0.0956,0.6346,-33.59563,-20.16458,-33.59563,-26.88011,-23.31811,-27.35740,-27.35740,-25.33776
good,269,238,3.6467,0.0828,0.4974,-33.15918,-19.03477,-33.15918,-26.09698,-20.05853,-24.47957,-24.47957,-22.26905
good,269,248,3.7132,0.0623,0.6652,-32.16363,-20.99663,-32.16363,-26.58013,-23.47107,-22.33756,-23.47107,-22.90431
good,269,258,3.7663,0.0341,0.7491,-32.07781,-20.75998,-32.07781,-26.41890,-21.51391,-21.40838,-21.51391,-21.46115
good,269,268,3.8434,0.0036,0.5932,-34.89632,-22.44221,-34.89632,-28.66927,-24.73498,-19.88751,-24.73498,-22.31124
good,269,278,3.9210,0.0053,0.6060,-34.71739,-21.82514,-34.71739,-28.27127,-25.40636,-19.11618,-25.40636,-22.26127
good,269,288,3.9758,0.0114,0.5653,-40.49047,-22.00689,-40.49047,-31.24868,-25.09055,-22.30095,-25.09055,-23.69575
good,269,298,4.0298,0.0950,0.6270,-38.46233,-23.37231,-38.46233,-30.91732,-25.25864,-21.90652,-25.25864,-23.58258
good,269,308,4.0898,0.1146,0.6511,-38.05239,-23.69601,-38.05239,-30.87420,-26.10253,-19.90186,-26.10253,-23.00220
good,269,318,4.1514,0.1223,0.6974,-37.61225,-19.83839,-37.61225,-28.72532,-22.84976,-21.59952,-22.84976,-22.22464
good,269,328,4.2215,0.1101,0.5906,-40.52644,-22.99663,-40.52644,-31.76154,-24.30869,-19.08665,-24.30869,-21.69767
good,269,338,4.2890,0.0597,0.6930,-38.36159,-24.27079,-38.36159,-31.31619,-24.43031,-22.59693,-24.43031,-23.51362
good,269,348,4.3423,0.0026,0.5789,-39.95145,-23.67521,-39.95145,-31.81333,-24.51053,-17.90692,-24.51053,-21.20873
good,269,358,4.4431,-0.0376,0.5811,-36.42757,-23.15258,-36.42757,-29.79008,-25.85230,-17.04355,-25.85230,-21.44793
good,269,368,4.5241,-0.0450,0.6314,-40.69518,-24.62180,-40.69518,-32.65849,-28.55804,-20.62491,-28.55804,-24.59147
good,269,378,4.5833,-0.0361,0.5902,-40.86394,-25.09847,-40.86394,-32.98120,-27.58080,-15.12215,-27.58080,-21.35147
good,269,388,4.6553,0.0362,0.5597,-43.93097,-24.24366,-43.93097,-34.08731,-25.60193,-15.78250,-25.60193,-20.69221
good,269,398,4.7381,0.0178,0.6279,-43.52198,-25.52086,-43.52198,-34.52142,-24.58218,-19.21346,-24.58218,-21.89782
good,269,408,4.8206,-0.0118,0.5953,-44.81298,-24.32440,-44.81298,-34.56870,-23.93969,-16.82043,-23.93969,-20.38006
good,269,418,4.8743,-0.0104,0.5965,-41.15696,-23.89555,-41.15696,-32.52625,-21.22155,-18.03323,-21.22155,-19.62739
good,269,428,4.9378,0.0279,0.6598,-43.39054,-24.67531,-43.39054,-34.03293,-20.19275,-19.98513,-20.19275,-20.08894
good,269,438,5.0070,0.0504,0.6116,-40.31875,-20.90665,-40.31875,-30.61270,-20.20849,-18.26643,-20.20849,-19.23746
good,269,448,5.0756,0.0628,0.5030,-38.51678,-21.26404,-38.51678,-29.89041,-19.91824,-20.23533,-20.23533,-20.07679
good,269,458,5.1432,0.0560,0.6257,-44.06248,-25.44825,-44.06248,-34.75536,-18.92115,-13.50292,-18.92115,-16.21204
good,269,468,5.2146,0.0667,0.5713,-44.55106,-24.70516,-44.55106,-34.62811,-16.04054,-15.94759,-16.04054,-15.99407
good,269,478,5.2635,0.0612,0.5670,-42.36145,-20.17911,-42.36145,-31.27028,-14.98932,-13.12819,-14.98932,-14.05875
good,269,488,5.3327,0.0204,0.4999,-39.53614,-25.73698,-39.53614,-32.63656,-18.16707,-17.61316,-18.16707,-17.89011
good,269,498,5.4089,-0.0147,0.6368,-42.23637,-23.56539,-42.23637,-32.90088,-17.78799,-17.69644,-17.78799,-17.74221
good,269,508,5.4490,-0.0300,0.5308,-41.63706,-23.36719,-41.63706,-32.50212,-21.27037,-15.22716,-21.27037,-18.24877
good,269,518,5.5042,0.0586,0.6071,-42.01691,-25.11648,-42.01691,-33.56670,-19.89089,-15.62587,-19.89089,-17.75838
good,269,528,5.5599,0.0731,0.5197,-42.28223,-27.26083,-42.28223,-34.77153,-18.13680,-19.54265,-19.54265,-18.83973
good,269,614,5.4408,8.9509,0.6558,-10.01634,-11.66872,-11.66872,-10.84253,-9.66055,-18.57241,-18.57241,-14.11648
good,269,624,4.4221,8.2355,0.4754,-14.40764,-13.81236,-14.40764,-14.11000,-11.46663,-19.65195,-19.65195,-15.55929
good,269,634,3.3208,8.7829,0.4659,-1.86716,-10.71005,-10.71005,-6.28860,-16.98806,-25.91268,-25.91268,-21.45037
good,269,644,2.3960,8.7848,0.5553,-19.45302,-13.91168,-19.45302,-16.68235,-30.06247,-26.46302,-30.06247,-28.26274
good,269,659,2.3930,8.9118,0.5823,-5.37849,-8.81624,-8.81624,-7.09737,-37.55319,-22.00382,-37.55319,-29.77851
good,270,24,2.2250,-0.8969,0.5240,-8.27657,-9.78313,-9.78313,-9.02985,-10.18354,-11.76903,-11.76903,-10.97628
good,270,34,3.2126,-0.9066,0.6030,-9.23241,-10.10267,-10.10267,-9.66754,-12.75380,-11.35571,-12.75380,-12.05476
good,270,44,3.4802,-0.8482,0.6634,-12.23663,-7.91074,-12.23663,-10.07368,-15.77272,-12.42157,-15.77272,-14.09715
good,270,54,3.6584,-0.7849,0.6418,-12.00962,-7.95472,-12.00962,-9.98217,-12.94283,-11.24919,-12.94283,-12.09601
good,270,64,3.8017,-0.8198,0.7398,-10.47814,-6.54738,-10.47814,-8.51276,-8.73128,-9.96804,-9.96804,-9.34966
good,270,74,3.9121,-0.7152,0.5590,-10.77670,-7.90490,-10.77670,-9.34080,-10.80668,-8.96090,-10.80668,-9.88379
good,270,84,4.0790,-0.7772,0.5296,-12.91652,-7.76289,-12.91652,-10.33971,-12.92436,-11.25355,-12.92436,-12.08896
good,270,94,4.2472,-0.7068,0.5828,-10.98565,-7.94866,-10.98565,-9.46715,-13.18859,-8.26184,-13.18859,-10.72521
good,270,104,4.3804,-0.7035,0.5682,-12.62956,-7.30470,-12.62956,-9.96713,-10.99873,-9.02397,-10.99873,-10.01135
good,270,114,4.5051,-0.7825,0.7421,-11.25112,-7.48580,-11.25112,-9.36846,-11.13748,-5.71354,-11.13748,-8.42551
good,270,124,4.6526,-0.9039,0.5045,-9.21099,-6.50008,-9.21099,-7.85554,-8.41296,-8.87004,-8.87004,-8.64150
good,270,134,4.9519,-1.0524,0.4763,-8.97693,-7.86737,-8.97693,-8.42215,-8.44080,-7.66775,-8.44080,-8.05428
good,270,230,5.7173,8.4149,0.5441,-17.00683,-18.69904,-18.69904,-17.85293,-16.16041,-12.75407,-16.16041,-14.45724
good,270,240,4.1086,8.1172,0.5808,-10.35676,-11.94817,-11.94817,-11.15246,-19.97001,-6.23323,-19.97001,-13.10162
good,270,250,2.4607,8.0856,0.3881,-11.87936,-8.55742,-11.87936,-10.21839,-18.32682,-15.18987,-18.32682,-16.75834
good,271,24,2.2968,1.0514,0.5933,-16.37418,-17.59671,-17.59671,-16.98545,-12.51775,-22.80226,-22.80226,-17.66000
good,271,34,2.7036,0.8294,0.6085,-14.04577,-11.94432,-14.04577,-12.99504,-16.64209,-25.71184,-25.71184,-21.17697
good,271,44,2.8911,0.8154,0.5211,-16.71996,-15.93696,-16.71996,-16.32846,-14.50874,-29.58064,-29.58064,-22.04469
good,271,54,3.0678,0.8024,0.6066,-18.40900,-15.75860,-18.40900,-17.08381,-13.99247,-22.89607,-22.89607,-18.44427
good,271,64,3.2026,0.7346,0.5797,-15.40629,-15.21206,-15.40629,-15.30917,-16.01713,-21.84518,-21.84518,-18.93115
good,271,74,3.3692,0.7063,0.4923,-17.54878,-17.56766,-17.56766,-17.55822,-17.70930,-30.40765,-30.40765,-24.05847
good,271,84,3.4453,0.6861,0.5727,-17.66590,-15.14880,-17.66590,-16.40735,-20.71248,-25.51848,-25.51848,-23.11548
good,271,94,3.5681,0.6853,0.5818,-21.21102,-16.13147,-21.21102,-18.67125,-19.11937,-23.40021,-23.40021,-21.25979
good,271,104,3.6819,0.6967,0.6260,-21.74330,-17.16849,-21.74330,-19.45590,-14.99555,-22.16180,-22.16180,-18.57868
good,271,114,3.7956,0.6717,0.5134,-21.12743,-16.80005,-21.12743,-18.96374,-15.63187,-25.47577,-25.47577,-20.55382
good,271,124,3.9340,0.6588,0.5663,-23.06980,-17.20704,-23.06980,-20.13842,-17.57298,-23.91896,-23.91896,-20.74597
good,271,134,4.0313,0.7100,0.5577,-24.59285,-17.45452,-24.59285,-21.02369,-16.37432,-21.38704,-21.38704,-18.88068
good,271,144,4.1628,0.6688,0.5650,-25.40377,-20.09136,-25.40377,-22.74756,-19.38523,-21.52311,-21.52311,-20.45417
good,271,154,4.2536,0.7334,0.5259,-26.22364,-20.55381,-26.22364,-23.38873,-19.12735,-25.67717,-25.67717,-22.40226
good,271,164,4.3866,0.6633,0.5783,-29.12702,-22.22741,-29.12702,-25.67722,-18.00670,-23.93145,-23.93145,-20.96908
good,271,174,4.4772,0.6983,0.5487,-26.30204,-19.36468,-26.30204,-22.83336,-17.81730,-21.99438,-21.99438,-19.90584
good,271,184,4.5586,0.6612,0.6324,-28.43505,-21.06676,-28.43505,-24.75090,-19.20936,-22.47341,-22.47341,-20.84138
good,271,194,4.6696,0.7096,0.6118,-28.32650,-19.63246,-28.32650,-23.97948,-20.57820,-22.40719,-22.40719,-21.49270
good,271,204,4.7835,0.6848,0.6103,-30.74088,-19.29784,-30.74088,-25.01936,-14.35718,-23.98782,-23.98782,-19.17250
good,271,214,4.8933,0.6553,0.5604,-30.62001,-20.90917,-30.62001,-25.76459,-20.00598,-24.56981,-24.56981,-22.28789
good,271,224,4.9648,0.6935,0.4590,-26.91795,-22.22015,-26.91795,-24.56905,-11.32710,-25.11694,-25.11694,-18.22202
good,271,234,5.1033,0.7034,0.5544,-30.19424,-23.40642,-30.19424,-26.80033,-9.59474,-20.09416,-20.09416,-14.84445
good,271,244,5.2033,0.7743,0.5690,-23.69100,-18.08869,-23.69100,-20.88984,-18.24361,-20.07587,-20.07587,-19.15974
good,271,254,5.4449,0.9528,0.5758,-13.70000,-15.47430,-15.47430,-14.58715,-10.05497,-23.05647,-23.05647,-16.55572
good,271,349,5.2549,8.8159,0.5299,-7.05367,-4.64096,-7.05367,-5.84732,-20.78678,-16.46757,-20.78678,-18.62717
good,271,359,3.6079,8.4568,0.4812,-16.14637,-11.80336,-16.14637,-13.97487,-21.10691,-19.94956,-21.10691,-20.52824
good,271,425,2.3891,8.9721,0.6221,-13.68123,-9.42405,-13.68123,-11.55264,-52.89459,-16.77116,-52.89459,-34.83288
good,271,726,2.5093,9.0367,0.6101,-6.93623,-13.10601,-13.10601,-10.02112,-22.96298,-19.86489,-22.96298,-21.41394
good,271,736,2.4833,9.0645,0.5250,-6.56849,-8.90543,-8.90543,-7.73696,-22.51608,-20.72617,-22.51608,-21.62112
good,271,746,2.4885,8.5675,0.6524,-13.70014,-20.52046,-20.52046,-17.11030,-21.67326,-36.01022,-36.01022,-28.84174
good,272,25,2.2265,1.1333,0.5233,-8.40681,-13.80521,-13.80521,-11.10601,-10.76131,-20.59296,-20.59296,-15.67714
good,272,35,3.1194,0.9947,0.5297,-8.23095,-13.05136,-13.05136,-10.64116,-5.38059,-16.76381,-16.76381,-11.07220
good,272,45,3.6638,0.9266,0.5431,-4.80230,-16.60844,-16.60844,-10.70537,-5.02802,-16.72613,-16.72613,-10.87708
good,272,55,4.0685,0.8886,0.6029,-6.54466,-16.45194,-16.45194,-11.49830,-6.74558,-18.00881,-18.00881,-12.37719
good,272,65,4.6628,0.9378,0.5665,-7.95475,-15.08562,-15.08562,-11.52018,-4.90685,-13.79627,-13.79627,-9.35156
good,272,75,5.3223,1.0189,0.5370,-5.21031,-13.06254,-13.06254,-9.13643,-7.13211,-13.90582,-13.90582,-10.51896
good,272,163,4.9974,8.0104,0.5189,-10.15576,-12.55501,-12.55501,-11.35538,-5.94166,-20.59033,-20.59033,-13.26600
good,272,173,3.6895,7.3932,0.4131,-17.89300,-12.13411,-17.89300,-15.01356,-14.94050,-16.60099,-16.60099,-15.77075
good,273,24,2.1933,1.2240,0.5617,-7.92285,-13.55854,-13.55854,-10.74069,-7.49826,-21.43426,-21.43426,-14.46626
good,273,34,3.2632,1.2065,0.6128,-6.68858,-15.36834,-15.36834,-11.02846,-9.84070,-21.46347,-21.46347,-15.65208
good,273,44,4.3786,1.1247,0.5340,-6.89917,-15.23967,-15.23967,-11.06942,-7.08827,-21.42017,-21.42017,-14.25422
good,273,54,5.0318,1.0556,0.5400,-8.46813,-14.11493,-14.11493,-11.29153,-6.66978,-20.42984,-20.42984,-13.54981
good,273,64,5.4833,1.0527,0.5686,-9.39736,-13.89938,-13.89938,-11.64837,-5.16652,-16.78367,-16.78367,-10.97509
good,273,170,4.9928,8.4084,0.5232,-10.85891,-14.68550,-14.68550,-12.77221,-8.26359,-11.32341,-11.32341,-9.79350
good,273,180,3.3714,8.5119,0.6263,-6.98631,-6.58143,-6.98631,-6.78387,-12.16566,-14.75563,-14.75563,-13.46064
good,274,24,2.2769,-1.0585,0.5453,-6.86624,-9.60501,-9.60501,-8.23563,-10.37327,-11.44452,-11.44452,-10.90890
good,274,34,3.3272,-0.8731,0.6699,-10.04126,-8.29701,-10.04126,-9.16913,-11.46246,-13.32932,-13.32932,-12.39589
good,274,44,3.5846,-0.8786,0.6337,-12.20610,-8.60347,-12.20610,-10.40479,-14.13500,-9.52579,-14.13500,-11.83039
good,274,54,3.8701,-0.8462,0.5435,-11.69574,-9.78048,-11.69574,-10.73811,-12.64036,-9.48501,-12.64036,-11.06269
good,274,64,4.0322,-0.8054,0.6322,-5.74611,-5.57066,-5.74611,-5.65838,-15.31961,-10.85738,-15.31961,-13.08850
good,274,74,4.3068,-0.8111,0.5479,-11.12646,-7.80303,-11.12646,-9.46475,-14.58335,-9.67259,-14.58335,-12.12797
good,274,84,4.4862,-0.8218,0.4792,-6.84744,-7.78511,-7.78511,-7.31628,-8.96115,-6.09515,-8.96115,-7.52815
good,274,94,4.7889,-0.9955,0.6135,-8.20307,-4.94638,-8.20307,-6.57473,-10.33066,-8.95952,-10.33066,-9.64509
good,274,104,5.5867,-1.0913,0.5720,-4.83210,-6.41163,-6.41163,-5.62187,-10.13653,-9.69363,-10.13653,-9.91508
good,274,192,3.5545,8.5181,0.5078,-10.94153,-10.58481,-10.94153,-10.76317,-17.78886,-7.35793,-17.78886,-12.57339
good,274,537,2.3903,9.1430,0.3835,-19.81823,-17.65530,-19.81823,-18.73676,-38.25833,-23.25960,-38.25833,-30.75896
good,274,758,2.5971,8.8168,0.5021,-9.67539,-21.10105,-21.10105,-15.38822,-42.16560,-24.54965,-42.16560,-33.35762
good,275,22,2.2004,-0.8879,0.5193,-7.70603,-7.77617,-7.77617,-7.74110,-10.60243,-11.17121,-11.17121,-10.88682
good,275,32,3.2321,-0.8507,0.6181,-10.33019,-8.00509,-10.33019,-9.16764,-12.56529,-11.67697,-12.56529,-12.12113
good,275,42,3.4190,-0.8468,0.6113,-9.95420,-8.04389,-9.95420,-8.99904,-12.67539,-8.82511,-12.67539,-10.75025
good,275,52,3.6185,-0.8291,0.7248,-10.16096,-7.72356,-10.16096,-8.94226,-12.56417,-9.29137,-12.56417,-10.92777
good,275,62,3.7249,-0.7515,0.5576,-11.79072,-7.09118,-11.79072,-9.44095,-13.13148,-9.32829,-13.13148,-11.22989
good,275,72,3.9130,-0.7244,0.5425,-11.99213,-6.93313,-11.99213,-9.46263,-12.71945,-7.80748,-12.71945,-10.26347
good,275,82,4.0604,-0.7407,0.5818,-12.54480,-8.28920,-12.54480,-10.41700,-10.28371,-8.92885,-10.28371,-9.60628
good,275,92,4.2507,-0.7403,0.5845,-11.12250,-7.43468,-11.12250,-9.27859,-11.42352,-10.03488,-11.42352,-10.72920
good,275,102,4.3727,-0.7576,0.5354,-10.19988,-7.00022,-10.19988,-8.60005,-13.25346,-6.65335,-13.25346,-9.95340
good,275,112,4.5755,-0.7738,0.5455,-12.27846,-5.24716,-12.27846,-8.76281,-10.65395,-6.49519,-10.65395,-8.57457
good,275,122,4.8745,-0.8609,0.5283,-10.48069,-6.16649,-10.48069,-8.32359,-13.78060,-7.74754,-13.78060,-10.76407
good,275,208,5.8217,8.1740,0.6262,-15.70778,-11.88738,-15.70778,-13.79758,-22.27672,-17.09454,-22.27672,-19.68563
good,275,218,4.1766,7.8699,0.5843,-12.59819,-15.05060,-15.05060,-13.82440,-14.59111,-14.45773,-14.59111,-14.52442
good,277,25,2.2441,-1.0774,0.5691,-7.96871,-10.70961,-10.70961,-9.33916,-10.76729,-13.50527,-13.50527,-12.13628
good,277,35,3.4419,-1.1616,0.5307,-7.90047,-11.79881,-11.79881,-9.84964,-9.24497,-13.70493,-13.70493,-11.47495
good,277,45,4.3650,-1.1184,0.5707,-7.72678,-8.97422,-8.97422,-8.35050,-5.70776,-8.97429,-8.97429,-7.34103
good,277,55,5.2151,-1.1056,0.5876,-5.90260,-8.62474,-8.62474,-7.26367,-7.66309,-8.94342,-8.94342,-8.30326
good,277,176,4.6355,8.6921,0.6670,-11.68838,-17.43970,-17.43970,-14.56404,-16.93497,-12.82679,-16.93497,-14.88088
good,277,186,2.6450,8.4797,0.4469,-18.76147,-15.10066,-18.76147,-16.93106,-18.20877,-10.85820,-18.20877,-14.53348
good,277,654,2.5815,8.7317,0.4793,-10.95226,-12.47550,-12.47550,-11.71388,-23.92086,-20.95189,-23.92086,-22.43637
good,277,664,2.7882,8.8671,0.5864,-9.34875,-9.46061,-9.46061,-9.40468,-19.69507,-16.12786,-19.69507,-17.91146
good,277,674,2.8153,8.9455,0.4801,-9.46320,-11.24900,-11.24900,-10.35610,-15.45767,-21.05877,-21.05877,-18.25822
good,277,684,2.5014,8.9381,0.6020,-23.01825,-21.47900,-23.01825,-22.24863,-37.22076,-33.90068,-37.22076,-35.56072
good,277,694,3.3614,8.8383,0.2939,-81.93519,-76.25614,-81.93519,-79.09566,-65.47903,-85.34898,-85.34898,-75.41400
good,277,704,3.1409,8.7464,0.2766,-64.28812,-63.16421,-64.28812,-63.72617,-52.23710,-54.72697,-54.72697,-53.48203
good,277,714,3.2389,8.8400,0.2671,-76.79874,-50.08083,-76.79874,-63.43979,-93.61189,-68.74450,-93.61189,-81.17819
good,277,724,3.2640,8.9160,0.2668,-52.36723,-50.88210,-52.36723,-51.62466,-55.67886,-18.01322,-55.67886,-36.84604
good,277,734,3.2111,8.9380,0.2672,-55.90525,-55.52376,-55.90525,-55.71450,-62.45989,-37.13905,-62.45989,-49.79947
good,277,744,3.3267,9.0266,0.2671,-71.12383,-59.48104,-71.12383,-65.30244,-77.20541,-43.66133,-77.20541,-60.43337
good,277,754,3.2492,8.8349,0.2671,-77.40427,-67.55713,-77.40427,-72.48070,-79.33768,-43.56047,-79.33768,-61.44908
good,277,764,3.3147,8.9019,0.2669,-59.05475,-53.37734,-59.05475,-56.21605,-72.17815,-39.00847,-72.17815,-55.59331
good,277,774,3.3798,8.8492,0.2669,-76.40126,-69.28288,-76.40126,-72.84207,-77.49370,-47.94405,-77.49370,-62.71888
good,277,784,3.4388,8.9686,0.2650,-73.52204,-58.04721,-73.52204,-65.78462,-70.14834,-47.77037,-70.14834,-58.95935
good,277,794,3.4183,8.9625,0.2666,-60.28377,-48.23261,-60.28377,-54.25819,-84.87289,-41.18898,-84.87289,-63.03093
good,278,21,2.2189,1.1234,0.5074,-6.27123,-13.40035,-13.40035,-9.83579,-9.69658,-18.03735,-18.03735,-13.86696
good,278,31,3.0062,1.0240,0.5821,-11.24666,-13.85280,-13.85280,-12.54973,-11.79824,-16.54034,-16.54034,-14.16929
good,278,41,3.4712,0.8738,0.5257,-12.16668,-14.57253,-14.57253,-13.36961,-11.02243,-19.37236,-19.37236,-15.19740
good,278,51,3.7053,0.8617,0.5778,-14.37232,-15.12747,-15.12747,-14.74990,-12.23860,-21.13243,-21.13243,-16.68552
good,278,61,3.8591,0.8141,0.5522,-15.01842,-16.24143,-16.24143,-15.62993,-11.47503,-20.40258,-20.40258,-15.93880
good,278,71,4.0282,0.7451,0.5585,-16.01428,-16.07069,-16.07069,-16.04249,-12.39639,-21.71433,-21.71433,-17.05536
good,278,81,4.1197,0.7196,0.5537,-21.39235,-17.25893,-21.39235,-19.32564,-15.93722,-21.05124,-21.05124,-18.49423
good,278,91,4.2086,0.7282,0.5319,-18.69961,-18.45907,-18.69961,-18.57934,-15.00564,-20.46124,-20.46124,-17.73344
good,278,101,4.3521,0.6985,0.5558,-22.32251,-18.72106,-22.32251,-20.52179,-14.35524,-21.30415,-21.30415,-17.82969
good,278,111,4.5026,0.7812,0.5744,-18.66395,-16.76627,-18.66395,-17.71511,-12.34677,-19.06840,-19.06840,-15.70759
good,278,121,4.6456,0.7261,0.6618,-20.07407,-19.30889,-20.07407,-19.69148,-11.75707,-19.07727,-19.07727,-15.41717
good,278,131,4.7725,0.7369,0.5398,-17.94488,-19.05165,-19.05165,-18.49827,-14.15206,-18.42546,-18.42546,-16.28876
good,278,141,4.9068,0.7638,0.6026,-21.67535,-17.90912,-21.67535,-19.79224,-12.58081,-20.07835,-20.07835,-16.32958
good,278,151,4.9760,0.6994,0.5749,-25.66363,-18.66209,-25.66363,-22.16286,-12.38872,-20.91616,-20.91616,-16.65244
good,278,161,5.0791,0.7287,0.6579,-22.11828,-16.98595,-22.11828,-19.55211,-13.71712,-20.05003,-20.05003,-16.88357
good,278,171,5.2010,0.7836,0.6242,-24.43177,-19.22922,-24.43177,-21.83050,-15.33206,-24.19556,-24.19556,-19.76381
good,278,181,5.3649,0.8565,0.5593,-17.61169,-21.85329,-21.85329,-19.73249,-12.20029,-21.39277,-21.39277,-16.79653
good,278,191,5.5690,0.9324,0.5519,-15.82728,-15.78156,-15.82728,-15.80442,-10.73466,-17.71175,-17.71175,-14.22321
good,278,271,4.5063,7.6747,0.6953,-14.02453,-11.57004,-14.02453,-12.79728,-13.44620,-20.10047,-20.10047,-16.77333
good,278,281,2.7118,8.1571,0.5179,-13.97659,-13.33749,-13.97659,-13.65704,-12.81080,-10.04379,-12.81080,-11.42729
good,278,533,2.2795,8.8852,0.4382,-16.60698,-11.08405,-16.60698,-13.84551,-36.41277,-18.37663,-36.41277,-27.39470
good,279,23,2.2519,-0.9845,0.5543,-7.62799,-9.77885,-9.77885,-8.70342,-9.05171,-13.99740,-13.99740,-11.52456
good,279,33,3.3940,-0.9930,0.5870,-4.76858,-10.63917,-10.63917,-7.70388,-8.48947,-15.81086,-15.81086,-12.15017
good,279,43,4.5706,-0.9570,0.5184,-4.30226,-8.66394,-8.66394,-6.48310,-9.77759,-11.88244,-11.88244,-10.83002
good,279,53,5.4833,-1.0496,0.5581,-2.98561,-9.86918,-9.86918,-6.42740,-7.05301,-10.52190,-10.52190,-8.78745
good,279,137,4.5617,7.6735,0.4043,-12.44026,-14.31078,-14.31078,-13.37552,-7.62289,-7.88836,-7.88836,-7.75563
good,279,147,2.6907,8.4040,0.6739,-7.12392,-3.30607,-7.12392,-5.21500,-1.88916,-12.97889,-12.97889,-7.43402
good,280,26,2.1860,-1.0941,0.5426,-7.79142,-10.88163,-10.88163,-9.33652,-10.27024,-14.29498,-14.29498,-12.28261
good,280,36,2.9345,-1.0529,0.5358,-4.12804,-8.06207,-8.06207,-6.09505,-8.03143,-12.55841,-12.55841,-10.29492
good,280,46,3.8107,-1.0890,0.5566,-2.74177,-10.80884,-10.80884,-6.77531,-7.29091,-11.90414,-11.90414,-9.59753
good,280,56,4.7179,-1.0110,0.5434,-4.31142,-5.82590,-5.82590,-5.06866,-7.84276,-13.79012,-13.79012,-10.81644
good,280,66,5.4931,-0.9932,0.5564,-10.02478,-7.20105,-10.02478,-8.61291,-3.75559,-11.30200,-11.30200,-7.52880
good,280,192,4.4137,8.8817,0.6674,-3.84826,-3.36443,-3.84826,-3.60635,-8.01742,-14.67738,-14.67738,-11.34740
good,280,202,2.7563,8.6362,0.5657,-3.47066,-3.20440,-3.47066,-3.33753,-12.90577,-8.87545,-12.90577,-10.89061
good,280,441,2.6470,8.9064,0.4047,-4.12841,-9.11046,-9.11046,-6.61944,-9.58300,-9.86415,-9.86415,-9.72357
good,282,21,2.2174,1.0193,0.5255,-13.91410,-17.43743,-17.43743,-15.67577,-11.52725,-23.16849,-23.16849,-17.34787
good,282,31,2.9073,0.8549,0.5594,-14.35070,-15.31597,-15.31597,-14.83334,-11.14111,-24.47094,-24.47094,-17.80603
good,282,41,3.0912,0.8075,0.4760,-18.05829,-16.68027,-18.05829,-17.36928,-15.46053,-28.16823,-28.16823,-21.81438
good,282,51,3.2533,0.7964,0.5970,-13.16331,-16.86685,-16.86685,-15.01508,-14.45518,-22.85534,-22.85534,-18.65526
good,282,61,3.4301,0.7889,0.5538,-12.77310,-16.35498,-16.35498,-14.56404,-20.59025,-26.88736,-26.88736,-23.73880
good,282,71,3.5738,0.8002,0.5381,-18.10212,-18.72875,-18.72875,-18.41543,-18.57031,-21.81311,-21.81311,-20.19171
good,282,81,3.7367,0.7506,0.5748,-20.49867,-19.70008,-20.49867,-20.09937,-18.11905,-26.44673,-26.44673,-22.28289
good,282,91,3.8648,0.7644,0.5238,-22.36505,-18.59055,-22.36505,-20.47780,-16.89945,-24.57626,-24.57626,-20.73786
good,282,101,3.9872,0.7300,0.5252,-23.60966,-17.24460,-23.60966,-20.42713,-16.66628,-24.14037,-24.14037,-20.40332
good,282,111,4.0707,0.7325,0.5731,-26.40659,-18.70963,-26.40659,-22.55811,-14.12285,-25.65435,-25.65435,-19.88860
good,282,121,4.1644,0.7411,0.4996,-22.60910,-19.00238,-22.60910,-20.80574,-16.41642,-24.50087,-24.50087,-20.45864
good,282,131,4.2694,0.7213,0.5254,-26.79944,-19.93023,-26.79944,-23.36484,-16.47714,-31.72541,-31.72541,-24.10128
good,282,141,4.4132,0.7721,0.5806,-22.43443,-19.13527,-22.43443,-20.78485,-16.55007,-24.26732,-24.26732,-20.40870
good,282,151,4.4923,0.7310,0.4891,-22.36380,-22.53247,-22.53247,-22.44814,-16.48983,-29.85288,-29.85288,-23.17135
good,282,161,4.6144,0.7163,0.6080,-24.26919,-20.61222,-24.26919,-22.44071,-17.34116,-24.21154,-24.21154,-20.77635
good,282,171,4.7224,0.7057,0.5089,-23.34552,-23.93711,-23.93711,-23.64132,-14.41107,-26.50694,-26.50694,-20.45901
good,282,181,4.8299,0.7197,0.6329,-23.88975,-23.51035,-23.88975,-23.70005,-13.44362,-25.95115,-25.95115,-19.69739
good,282,191,4.9156,0.7070,0.5074,-16.72827,-20.51233,-20.51233,-18.62030,-10.79923,-20.28161,-20.28161,-15.54042
good,282,201,5.0487,0.7275,0.4843,-24.22893,-22.22205,-24.22893,-23.22549,-9.49814,-25.57728,-25.57728,-17.53771
good,282,211,5.1821,0.8091,0.6999,-23.30975,-19.77673,-23.30975,-21.54324,-8.81371,-26.79782,-26.79782,-17.80577
good,282,221,5.3731,0.7902,0.5930,-25.97744,-19.87488,-25.97744,-22.92616,-10.41868,-25.55316,-25.55316,-17.98592
good,282,231,5.5784,0.8372,0.5950,-22.11884,-18.79555,-22.11884,-20.45720,-10.13772,-23.38345,-23.38345,-16.76059
good,282,335,5.3008,8.9557,0.5506,-4.55423,-3.80275,-4.55423,-4.17849,-0.07776,-6.62893,-6.62893,-3.35335
good,282,345,4.4570,8.8158,0.5044,-4.36268,-8.98149,-8.98149,-6.67209,-0.77962,-7.56503,-7.56503,-4.17232
good,282,355,3.9109,8.6514,0.5067,-5.17869,-6.12081,-6.12081,-5.64975,-3.68360,-12.06076,-12.06076,-7.87218
good,282,365,2.9391,8.6716,0.5319,-5.75615,-4.38848,-5.75615,-5.07231,-3.04256,-7.60527,-7.60527,-5.32391
good,283,24,2.2329,1.2010,0.5591,-13.88692,-15.37123,-15.37123,-14.62908,-8.98913,-19.75857,-19.75857,-14.37385
good,283,34,2.7046,0.9135,0.5331,-11.00970,-13.47689,-13.47689,-12.24329,-10.53426,-20.09666,-20.09666,-15.31546
good,283,44,2.9768,0.9259,0.5698,-13.11795,-13.81720,-13.81720,-13.46757,-10.03489,-25.90460,-25.90460,-17.96974
good,283,54,3.1324,0.8632,0.5441,-12.29928,-13.62610,-13.62610,-12.96269,-11.39785,-21.25379,-21.25379,-16.32582
good,283,64,3.2418,0.7329,0.5132,-14.34950,-14.76118,-14.76118,-14.55534,-11.71324,-20.71712,-20.71712,-16.21518
good,283,74,3.3662,0.7300,0.5680,-14.46292,-14.13809,-14.46292,-14.30050,-14.14864,-19.99566,-19.99566,-17.07215
good,283,84,3.5313,0.7425,0.5474,-15.69908,-13.08563,-15.69908,-14.39235,-13.91930,-21.75416,-21.75416,-17.83673
good,283,94,3.6640,0.6789,0.6343,-19.48347,-15.59455,-19.48347,-17.53901,-13.13308,-21.40674,-21.40674,-17.26991
good,283,104,3.7771,0.6609,0.6134,-19.91285,-13.74123,-19.91285,-16.82704,-18.12784,-18.80440,-18.80440,-18.46612
good,283,114,3.8817,0.7022,0.5303,-15.49552,-13.49423,-15.49552,-14.49487,-12.84118,-17.57507,-17.57507,-15.20813
good,283,124,3.9929,0.6597,0.6433,-22.39093,-17.16553,-22.39093,-19.77823,-17.01733,-21.24778,-21.24778,-19.13256
good,283,134,4.1000,0.6581,0.4940,-23.42093,-17.35134,-23.42093,-20.38613,-15.69782,-19.17390,-19.17390,-17.43586
good,283,144,4.2165,0.6774,0.6193,-19.11735,-16.39085,-19.11735,-17.75410,-17.04922,-17.78860,-17.78860,-17.41891
good,283,154,4.3067,0.7078,0.5963,-24.71173,-17.56154,-24.71173,-21.13663,-15.78045,-20.37016,-20.37016,-18.07531
good,283,164,4.3921,0.6883,0.4521,-23.82597,-17.98744,-23.82597,-20.90671,-14.21871,-22.23606,-22.23606,-18.22738
good,283,174,4.4896,0.7200,0.6364,-22.81738,-19.64231,-22.81738,-21.22985,-12.28871,-21.89173,-21.89173,-17.09022
good,283,184,4.5750,0.7554,0.5171,-18.57683,-17.32209,-18.57683,-17.94946,-10.89858,-21.10848,-21.10848,-16.00353
good,283,194,4.7165,0.7161,0.6035,-21.20128,-17.40070,-21.20128,-19.30099,-12.99430,-19.83126,-19.83126,-16.41278
good,283,204,4.8471,0.7323,0.5788,-21.96643,-18.44510,-21.96643,-20.20576,-13.88952,-20.40323,-20.40323,-17.14637
good,283,214,4.9264,0.7326,0.4611,-24.53690,-21.13518,-24.53690,-22.83604,-14.87080,-22.24383,-22.24383,-18.55732
good,283,224,5.0563,0.7251,0.6391,-22.23842,-18.84943,-22.23842,-20.54392,-8.76023,-20.79005,-20.79005,-14.77514
good,283,234,5.1853,0.7363,0.6036,-24.73910,-20.90309,-24.73910,-22.82110,-11.84124,-20.38010,-20.38010,-16.11067
good,283,244,5.3564,0.8092,0.4415,-16.47239,-15.71383,-16.47239,-16.09311,-8.89994,-19.72079,-19.72079,-14.31037
good,283,339,5.4711,8.1255,0.6246,-12.67843,-11.12071,-12.67843,-11.89957,-3.62415,-12.21940,-12.21940,-7.92178
good,283,349,4.1822,7.3204,0.5376,-12.60369,-12.86912,-12.86912,-12.73640,-7.57280,-10.03133,-10.03133,-8.80207
good,283,359,2.7671,7.4508,0.5451,-11.25330,-13.23159,-13.23159,-12.24244,-13.06894,-18.15508,-18.15508,-15.61201
good,284,24,2.2736,1.1660,0.5201,-7.69611,-12.45657,-12.45657,-10.07634,-4.52914,-14.58132,-14.58132,-9.55523
good,284,34,3.0382,1.0237,0.5582,-5.50189,-11.97554,-11.97554,-8.73871,-5.48363,-14.99208,-14.99208,-10.23785
good,284,44,3.5463,1.0790,0.5675,-4.24645,-12.71924,-12.71924,-8.48284,-7.73175,-14.47795,-14.47795,-11.10485
good,284,54,4.2646,1.0699,0.5336,-3.70713,-13.69524,-13.69524,-8.70119,-3.90198,-16.87332,-16.87332,-10.38765
good,284,64,4.7833,1.0812,0.5418,-8.22735,-14.99895,-14.99895,-11.61315,-4.03164,-18.61647,-18.61647,-11.32405
good,284,74,5.3666,0.9977,0.5338,-7.47146,-13.85034,-13.85034,-10.66090,-5.02608,-15.86196,-15.86196,-10.44402
good,284,145,5.4652,8.3180,0.5101,-8.57083,-12.04403,-12.04403,-10.30743,-6.82477,-10.20377,-10.20377,-8.51427
good,284,155,3.8951,8.0449,0.5514,-9.50519,-11.48550,-11.48550,-10.49534,-6.01220,-10.42543,-10.42543,-8.21882
good,286,24,2.2651,-1.0463,0.5452,-10.22677,-13.62903,-13.62903,-11.92790,-13.74495,-17.91761,-17.91761,-15.83128
good,286,34,3.1992,-1.0969,0.5878,-6.00139,-10.23833,-10.23833,-8.11986,-9.59051,-14.22245,-14.22245,-11.90648
good,286,44,4.2680,-1.1258,0.5498,-7.03394,-11.05133,-11.05133,-9.04263,-7.25309,-12.15227,-12.15227,-9.70268
good,286,54,5.1867,-1.1820,0.5415,-4.09048,-8.46911,-8.46911,-6.27980,-3.97106,-6.73160,-6.73160,-5.35133
good,286,154,5.1306,7.8059,0.4992,-17.10771,-13.85511,-17.10771,-15.48141,-15.69145,-25.23377,-25.23377,-20.46261
good,286,164,3.9975,7.4481,0.4792,-11.53695,-17.58802,-17.58802,-14.56249,-13.43934,-24.71619,-24.71619,-19.07776
good,286,174,2.7941,8.3290,0.5544,-20.38181,-20.04047,-20.38181,-20.21114,-26.48669,-28.48428,-28.48428,-27.48549
good,286,558,2.5917,8.8843,0.7264,-15.85148,-18.44816,-18.44816,-17.14982,-32.66392,-40.73579,-40.73579,-36.69985
good,286,568,2.7895,8.9574,0.3968,-5.48550,-4.11742,-5.48550,-4.80146,-20.06162,-13.28628,-20.06162,-16.67395
good,286,578,2.7922,8.9295,0.5265,-4.73043,-8.49923,-8.49923,-6.61483,-12.82637,-15.79286,-15.79286,-14.30962
good,286,594,2.3443,8.7967,0.8025,-18.05015,-13.04794,-18.05015,-15.54904,-39.38170,-21.03528,-39.38170,-30.20849
good,286,604,2.3725,8.7575,0.5394,-15.68604,-13.78121,-15.68604,-14.73362,-25.43242,-13.05696,-25.43242,-19.24469
good,287,25,2.2989,-1.1161,0.6153,-8.59848,-9.74456,-9.74456,-9.17152,-11.52707,-13.05032,-13.05032,-12.28870
good,287,35,3.3123,-1.0527,0.5444,-6.38350,-9.46581,-9.46581,-7.92465,-9.18393,-11.76649,-11.76649,-10.47521
good,287,45,4.0967,-1.0141,0.5797,-9.08242,-10.18341,-10.18341,-9.63292,-13.77044,-16.87284,-16.87284,-15.32164
good,287,55,4.5856,-0.8659,0.5671,-11.50943,-7.86921,-11.50943,-9.68932,-10.87927,-13.22935,-13.22935,-12.05431
good,287,65,4.8881,-0.8599,0.4762,-13.45255,-6.89703,-13.45255,-10.17479,-16.87943,-11.21641,-16.87943,-14.04792
good,287,75,5.2448,-0.8240,0.5777,-15.13319,-7.28129,-15.13319,-11.20724,-10.74967,-14.90009,-14.90009,-12.82488
good,287,85,5.4760,-0.8886,0.5618,-12.14407,-9.92002,-12.14407,-11.03204,-11.99087,-19.27003,-19.27003,-15.63045
good,287,168,5.1108,8.4949,0.5087,-13.02348,-10.03186,-13.02348,-11.52767,-10.52028,-5.88624,-10.52028,-8.20326
good,287,178,2.9019,8.3838,0.6595,-8.09374,-5.39551,-8.09374,-6.74462,-11.02164,-15.04744,-15.04744,-13.03454
good,288,19,2.1702,-1.0277,0.5438,-8.40586,-9.76596,-9.76596,-9.08591,-12.80684,-12.83007,-12.83007,-12.81845
good,288,29,3.0424,-1.0013,0.5765,-7.80722,-7.91370,-7.91370,-7.86046,-10.98737,-11.98676,-11.98676,-11.48706
good,288,39,3.8574,-1.0539,0.5498,-5.45664,-9.38978,-9.38978,-7.42321,-9.25924,-13.51799,-13.51799,-11.38862
good,288,49,4.8191,-1.1266,0.5446,-3.16357,-8.40812,-8.40812,-5.78584,-5.73706,-10.15570,-10.15570,-7.94638
good,288,139,5.3956,8.9020,0.5715,-2.37624,-4.61125,-4.61125,-3.49375,-10.79793,-15.76376,-15.76376,-13.28084
good,288,149,4.2938,8.7709,0.4833,-12.19936,-5.66715,-12.19936,-8.93325,-11.98479,-11.54603,-11.98479,-11.76541
good,288,159,3.5482,9.0270,0.6154,-9.70912,-13.85415,-13.85415,-11.78163,-11.90455,-14.85738,-14.85738,-13.38097
good,288,169,2.9132,8.6422,0.5451,-15.36214,-11.33049,-15.36214,-13.34632,-34.33737,-20.49749,-34.33737,-27.41743
good,288,179,2.7568,8.8648,0.5875,-5.27866,-9.19495,-9.19495,-7.23680,-28.22902,-18.82662,-28.22902,-23.52782
good,288,189,2.9889,8.9328,0.4238,-0.28960,-9.04579,-9.04579,-4.66769,-19.22723,-16.76249,-19.22723,-17.99486
good,288,199,3.3978,8.8217,0.5117,-9.89994,-11.08738,-11.08738,-10.49366,-27.54783,-18.54703,-27.54783,-23.04743
good,288,209,2.7244,8.6647,0.7535,-14.67637,-9.17410,-14.67637,-11.92524,-26.69210,-28.54769,-28.54769,-27.61989
good,290,23,2.2448,-0.9886,0.5221,-7.28425,-8.88142,-8.88142,-8.08283,-8.19711,-12.64770,-12.64770,-10.42240
good,290,33,3.3001,-0.9990,0.5334,-4.40191,-8.31928,-8.31928,-6.36059,-10.96460,-13.26307,-13.26307,-12.11383
good,290,43,4.3174,-1.2293,0.5836,-3.93911,-11.16685,-11.16685,-7.55298,-6.13186,-14.34390,-14.34390,-10.23788
good,290,53,5.4118,-1.2804,0.5193,-4.02575,-10.60266,-10.60266,-7.31421,-4.69457,-13.06706,-13.06706,-8.88081
good,290,149,4.1624,8.4932,0.5487,-10.87669,-2.13938,-10.87669,-6.50803,-12.01058,-5.33771,-12.01058,-8.67414
good,290,159,2.8488,8.0520,0.5140,-12.07408,-11.47946,-12.07408,-11.77677,-8.68340,-17.39347,-17.39347,-13.03844
good,291,21,2.2518,1.0508,0.5167,-7.93433,-15.99516,-15.99516,-11.96475,-7.75095,-17.98173,-17.98173,-12.86634
good,291,31,3.3096,0.9837,0.5946,-6.99266,-17.62150,-17.62150,-12.30708,-6.92652,-17.04156,-17.04156,-11.98404
good,291,41,4.3987,0.9343,0.5155,-4.25110,-13.11700,-13.11700,-8.68405,-5.38909,-16.92909,-16.92909,-11.15909
good,291,51,5.2065,0.8524,0.5108,-10.51487,-15.70703,-15.70703,-13.11095,-5.79988,-15.88693,-15.88693,-10.84341
good,291,144,5.6807,8.7405,0.6420,-5.12695,-11.76585,-11.76585,-8.44640,-0.18666,-12.38341,-12.38341,-6.28503
good,291,154,3.5057,8.2336,0.4712,-4.48757,-4.15531,-4.48757,-4.32144,-6.63991,-5.46863,-6.63991,-6.05427
good,293,22,2.2186,1.1317,0.5017,-15.75322,-16.51040,-16.51040,-16.13181,-16.42683,-24.96126,-24.96126,-20.69404
good,293,32,2.8439,0.8673,0.6140,-14.52471,-13.02335,-14.52471,-13.77403,-11.73021,-25.04231,-25.04231,-18.38626
good,293,42,3.0115,0.8294,0.5741,-15.68077,-15.98497,-15.98497,-15.83287,-13.93562,-20.53483,-20.53483,-17.23523
good,293,52,3.1987,0.7690,0.4854,-18.26507,-16.43443,-18.26507,-17.34975,-14.11794,-24.63163,-24.63163,-19.37478
good,293,62,3.3205,0.8614,0.5767,-12.20558,-14.94234,-14.94234,-13.57396,-14.30668,-22.16599,-22.16599,-18.23634
good,293,72,3.5276,0.7745,0.5856,-13.83650,-15.32679,-15.32679,-14.58165,-17.43192,-18.80905,-18.80905,-18.12049
good,293,82,3.6356,0.7667,0.5925,-14.13154,-15.91516,-15.91516,-15.02335,-13.61927,-24.05755,-24.05755,-18.83841
good,293,92,3.7965,0.7196,0.5683,-18.76304,-16.53033,-18.76304,-17.64668,-12.95847,-21.58356,-21.58356,-17.27101
good,293,102,3.9241,0.7573,0.5157,-13.35364,-12.68633,-13.35364,-13.01999,-13.86657,-22.48997,-22.48997,-18.17827
good,293,112,4.0409,0.8129,0.5589,-11.75184,-13.67264,-13.67264,-12.71224,-13.37874,-16.88280,-16.88280,-15.13077
good,293,122,4.1699,0.8003,0.4921,-16.88612,-13.58993,-16.88612,-15.23802,-15.14487,-25.05791,-25.05791,-20.10139
good,293,132,4.4077,0.9261,0.5981,-8.84639,-14.92939,-14.92939,-11.88789,-11.86761,-18.56077,-18.56077,-15.21419
good,293,142,4.8602,1.0073,0.6018,-5.32319,-12.85220,-12.85220,-9.08769,-1.91289,-15.76268,-15.76268,-8.83778
good,293,152,5.5142,0.8992,0.5354,-6.49047,-15.42685,-15.42685,-10.95866,-7.63303,-18.08152,-18.08152,-12.85727
good,293,259,5.1065,8.0554,0.5063,-7.68942,-14.46149,-14.46149,-11.07545,-10.30732,-12.12802,-12.12802,-11.21767
good,293,269,3.8023,7.6704,0.5081,-14.25285,-15.98047,-15.98047,-15.11666,-4.98656,-13.58161,-13.58161,-9.28409
good,293,279,2.5537,8.0691,0.4744,-8.84070,-11.64882,-11.64882,-10.24476,-13.69799,-19.80153,-19.80153,-16.74976
good,295,24,2.2623,-0.9249,0.5801,-7.38884,-9.98600,-9.98600,-8.68742,-9.52973,-14.61021,-14.61021,-12.06997
good,295,34,3.3445,-0.9238,0.5227,-5.51423,-7.57176,-7.57176,-6.54299,-8.47238,-12.32702,-12.32702,-10.39970
good,295,44,4.2781,-0.9001,0.5892,-9.07250,-9.30995,-9.30995,-9.19123,-11.51402,-14.29963,-14.29963,-12.90682
good,295,54,4.5684,-0.8015,0.5193,-11.29566,-8.37420,-11.29566,-9.83493,-11.47351,-12.94407,-12.94407,-12.20879
good,295,64,4.7635,-0.8602,0.5311,-10.28705,-7.95151,-10.28705,-9.11928,-10.88200,-10.39836,-10.88200,-10.64018
good,295,74,4.9698,-0.8208,0.5743,-11.73784,-9.14329,-11.73784,-10.44057,-8.09496,-11.81113,-11.81113,-9.95304
good,295,84,5.2819,-0.8421,0.5528,-12.43423,-6.51582,-12.43423,-9.47502,-8.11660,-10.00940,-10.00940,-9.06300
good,295,94,5.5133,-0.8334,0.5397,-9.37052,-7.18085,-9.37052,-8.27569,-8.53214,-10.29911,-10.29911,-9.41562
good,295,188,4.8252,8.5076,0.4831,-9.84382,-10.86463,-10.86463,-10.35423,-8.56349,-17.82897,-17.82897,-13.19623
good,295,198,2.9580,7.7232,0.4304,-12.54190,-11.97400,-12.54190,-12.25795,-7.34037,-15.25955,-15.25955,-11.29996
good,296,25,2.2836,0.9643,0.5571,-10.46580,-13.58406,-13.58406,-12.02493,-4.62976,-20.97473,-20.97473,-12.80225
good,296,35,2.8174,0.9348,0.5216,-9.95626,-15.65471,-15.65471,-12.80549,-5.78850,-20.33456,-20.33456,-13.06153
good,296,45,3.4373,1.2071,0.5413,-4.07603,-18.13378,-18.13378,-11.10491,-1.38437,-20.72590,-20.72590,-11.05513
good,296,55,4.5148,1.1917,0.5793,-4.75071,-17.13045,-17.13045,-10.94058,-6.21072,-19.21837,-19.21837,-12.71455
good,296,65,5.5207,1.1643,0.5364,-5.87990,-16.39845,-16.39845,-11.13918,-8.86347,-21.36286,-21.36286,-15.11316
good,296,156,3.6120,8.5463,0.6413,-10.26244,-6.81515,-10.26244,-8.53880,-20.09437,-20.68549,-20.68549,-20.38993
good,297,24,2.2353,1.0222,0.5602,-9.89596,-13.50614,-13.50614,-11.70105,-9.11335,-16.24769,-16.24769,-12.68052
good,297,34,3.1319,0.8938,0.5660,-7.45538,-14.22543,-14.22543,-10.84041,-7.26235,-16.09832,-16.09832,-11.68033
good,297,44,3.7051,0.9478,0.5477,-5.33286,-14.12650,-14.12650,-9.72968,-10.18516,-15.95329,-15.95329,-13.06923
good,297,54,4.2377,0.9643,0.5342,-5.70281,-9.89081,-9.89081,-7.79681,-7.49018,-16.81422,-16.81422,-12.15220
good,297,64,4.6760,1.0589,0.5856,-3.80907,-10.42857,-10.42857,-7.11882,-6.18782,-17.13553,-17.13553,-11.66167
good,297,74,5.3107,0.9893,0.5275,-7.19887,-14.21214,-14.21214,-10.70551,-7.22684,-15.98548,-15.98548,-11.60616
good,297,166,5.4659,8.5040,0.5288,-9.41560,-15.10431,-15.10431,-12.25996,-24.89651,-10.43999,-24.89651,-17.66825
good,297,176,4.0252,8.3957,0.6651,-15.80520,-12.54989,-15.80520,-14.17754,-8.99773,-10.79575,-10.79575,-9.89674
good,297,186,2.8794,8.7306,0.6015,-10.54033,-11.17080,-11.17080,-10.85556,-11.90046,-8.54820,-11.90046,-10.22433
good,297,587,2.7253,8.9168,0.6255,-10.94666,-3.14413,-10.94666,-7.04540,-20.63582,-11.00701,-20.63582,-15.82141
good,297,597,2.6157,8.8146,0.4893,-18.18190,-13.94080,-18.18190,-16.06135,-18.24084,-20.39519,-20.39519,-19.31801
good,298,24,2.2784,-0.9711,0.5368,-5.94792,-10.12085,-10.12085,-8.03438,-8.28691,-12.79403,-12.79403,-10.54047
good,298,34,3.4393,-0.9496,0.5279,-5.21680,-9.38649,-9.38649,-7.30164,-8.27347,-12.82619,-12.82619,-10.54983
good,298,44,4.5720,-0.9307,0.5179,-4.04296,-9.32431,-9.32431,-6.68363,-6.04314,-11.23720,-11.23720,-8.64017
good,298,54,5.5021,-1.0755,0.5402,-3.14773,-9.19506,-9.19506,-6.17139,-7.57738,-11.15207,-11.15207,-9.36473
good,298,153,4.4672,8.4511,0.6400,-2.08752,-10.98294,-10.98294,-6.53523,-7.53563,-8.39758,-8.39758,-7.96661
good,298,163,3.5355,8.9455,0.5290,-1.25844,-5.02275,-5.02275,-3.14059,-3.07946,-10.40769,-10.40769,-6.74358
good,298,173,2.5653,8.8055,0.6487,-6.66681,-1.37864,-6.66681,-4.02273,-5.70156,-11.95336,-11.95336,-8.82746
good,299,23,2.2675,1.3074,0.4903,-12.14702,-17.44754,-17.44754,-14.79728,-3.63317,-23.80838,-23.80838,-13.72077
good,299,33,2.7657,0.8259,0.5670,-14.46299,-15.73097,-15.73097,-15.09698,-11.73271,-27.86662,-27.86662,-19.79966
good,299,43,2.9847,0.8317,0.5585,-14.58975,-15.71061,-15.71061,-15.15018,-13.65188,-24.04161,-24.04161,-18.84675
good,299,53,3.0600,0.8146,0.5901,-16.15526,-15.18088,-16.15526,-15.66807,-14.53899,-23.95229,-23.95229,-19.24564
good,299,63,3.2232,0.7472,0.5266,-18.28093,-14.69155,-18.28093,-16.48624,-16.51343,-23.69496,-23.69496,-20.10419
good,299,73,3.3496,0.7051,0.5446,-19.18053,-17.49117,-19.18053,-18.33585,-18.55738,-28.67568,-28.67568,-23.61653
good,299,83,3.4303,0.7451,0.5346,-18.69193,-16.78903,-18.69193,-17.74048,-16.00977,-20.88876,-20.88876,-18.44926
good,299,93,3.5347,0.7402,0.5048,-16.78296,-18.44752,-18.44752,-17.61524,-15.93295,-24.51991,-24.51991,-20.22643
good,299,103,3.7117,0.7364,0.6386,-20.16535,-20.05738,-20.16535,-20.11136,-18.17267,-26.00325,-26.00325,-22.08796
good,299,113,3.8723,0.7142,0.5703,-22.46563,-19.71268,-22.46563,-21.08915,-16.82500,-23.58973,-23.58973,-20.20737
good,299,123,4.0229,0.7741,0.5893,-20.23674,-18.27737,-20.23674,-19.25705,-17.00249,-24.74531,-24.74531,-20.87390
good,299,133,4.1411,0.7387,0.6300,-22.73581,-18.90341,-22.73581,-20.81961,-17.20376,-24.31474,-24.31474,-20.75925
good,299,143,4.2541,0.6895,0.5947,-27.46665,-20.29700,-27.46665,-23.88182,-17.83370,-24.52692,-24.52692,-21.18031
good,299,153,4.3301,0.6772,0.5268,-32.71571,-21.17951,-32.71571,-26.94761,-21.42535,-24.92665,-24.92665,-23.17600
good,299,163,4.4394,0.6104,0.5201,-31.32187,-19.67374,-31.32187,-25.49780,-17.44913,-23.63136,-23.63136,-20.54024
good,299,173,4.5113,0.6836,0.5816,-30.86520,-21.54587,-30.86520,-26.20554,-17.69774,-24.34343,-24.34343,-21.02058
good,299,183,4.6166,0.6639,0.5102,-28.73446,-21.74889,-28.73446,-25.24167,-15.88833,-24.13352,-24.13352,-20.01093
good,299,193,4.7271,0.6744,0.6275,-28.53540,-22.22629,-28.53540,-25.38085,-15.54258,-23.27017,-23.27017,-19.40638
good,299,203,4.8082,0.6071,0.6697,-33.79729,-20.73071,-33.79729,-27.26400,-16.40450,-24.23739,-24.23739,-20.32095
good,299,213,4.8840,0.6405,0.5569,-35.73741,-19.98795,-35.73741,-27.86268,-15.12370,-23.99324,-23.99324,-19.55847
good,299,223,4.9597,0.6513,0.6717,-32.02522,-22.13088,-32.02522,-27.07805,-16.06760,-22.88869,-22.88869,-19.47814
good,299,233,5.0456,0.6645,0.5103,-30.97489,-19.57108,-30.97489,-25.27299,-11.94650,-23.85458,-23.85458,-17.90054
good,299,243,5.1438,0.7117,0.7368,-28.61855,-20.96427,-28.61855,-24.79141,-14.08709,-25.47820,-25.47820,-19.78264
good,299,253,5.2155,0.7190,0.5179,-26.55284,-19.64827,-26.55284,-23.10055,-15.56515,-26.08262,-26.08262,-20.82388
good,299,263,5.2311,0.8404,0.6893,-19.70575,-15.21676,-19.70575,-17.46126,-14.52679,-25.05910,-25.05910,-19.79294
good,299,273,5.3744,0.8426,0.4790,-19.56827,-14.58442,-19.56827,-17.07635,-15.90835,-28.17297,-28.17297,-22.04066
good,299,375,5.5609,7.2358,0.7313,-10.12104,-14.13137,-14.13137,-12.12620,-4.82316,-8.94400,-8.94400,-6.88358
good,299,385,3.8980,7.6994,0.5934,-8.27774,-17.08514,-17.08514,-12.68144,-7.16194,-10.73797,-10.73797,-8.94996
