{
  "xy": {
    "arm": "xy",
    "env": "antmaze_open_near",
    "ckpt": "qual_open_near/adaptive_te8_s0/gate_30000.pkl",
    "step": 30000,
    "n_states": 30,
    "gradient": {
      "norm_median": 0.7334151268005371,
      "norm_p10": 0.4619301676750183,
      "norm_p90": 1.153707790374756,
      "participation_ratio_median": 5.341784954071045,
      "top_dim_share_median": 0.27744749188423157,
      "saturated_dim_frac_median": 0.125,
      "blocked_outward_mass_median": 0.0,
      "finite_diff_rel_err_median": 0.0017009456336468975,
      "f0_mean": -10.437071480353673
    },
    "perturbations": {
      "0.02": {
        "df_plus_mean": 0.013763731718063355,
        "df_plus_pos_frac": 1.0,
        "df_minus_mean": -0.014968826373418172,
        "eff_norm_plus": 0.018948548970123134,
        "prog1_margin_vs_minus": [
          4.708340990415098e-06,
          [
            -3.1272872468021496e-05,
            4.2129762367997185e-05
          ]
        ],
        "prog1_margin_vs_random": [
          -5.671212616233563e-06,
          [
            -2.93332700059765e-05,
            1.7815055047118158e-05
          ]
        ],
        "prog3_margin_vs_minus": [
          0.00014534741676655027,
          [
            -0.00012486889154786053,
            0.00048435734483716944
          ]
        ],
        "prog3_margin_vs_random": [
          5.177779357218296e-06,
          [
            -0.00011467322889733122,
            0.00013892240762241722
          ]
        ],
        "prog5_margin_vs_minus": [
          7.466897586564011e-05,
          [
            -0.0007434184551344246,
            0.0007818787322798107
          ]
        ],
        "prog5_margin_vs_random": [
          0.00015731195411724708,
          [
            -0.00016260816648797083,
            0.00048499550073636616
          ]
        ],
        "fell5_plus": 0.0,
        "fell5_random": 0.0,
        "minz5_plus": 0.603514099099668
      },
      "0.05": {
        "df_plus_mean": 0.03251312375068664,
        "df_plus_pos_frac": 1.0,
        "df_minus_mean": -0.03695058623949687,
        "eff_norm_plus": 0.046240894310176375,
        "prog1_margin_vs_minus": [
          2.1120699660507707e-05,
          [
            -5.999381697311845e-05,
            0.00010621838137926755
          ]
        ],
        "prog1_margin_vs_random": [
          1.8781570171649242e-06,
          [
            -4.4419463971985726e-05,
            4.885703685841548e-05
          ]
        ],
        "prog3_margin_vs_minus": [
          0.00035143106113381115,
          [
            -3.821983595525658e-05,
            0.000844058901731685
          ]
        ],
        "prog3_margin_vs_random": [
          0.00024435122603758065,
          [
            -9.214804598466836e-06,
            0.0005528594674308088
          ]
        ],
        "prog5_margin_vs_minus": [
          0.0007325392369148161,
          [
            -0.0008696244237203719,
            0.0024589906408760496
          ]
        ],
        "prog5_margin_vs_random": [
          0.000602482331501153,
          [
            7.435864010125398e-06,
            0.0012780942752913182
          ]
        ],
        "fell5_plus": 0.0,
        "fell5_random": 0.0,
        "minz5_plus": 0.6036240317837323
      },
      "0.1": {
        "df_plus_mean": 0.06205076177914937,
        "df_plus_pos_frac": 1.0,
        "df_minus_mean": -0.07262062033017476,
        "eff_norm_plus": 0.09001846636335055,
        "prog1_margin_vs_minus": [
          0.00010118837461700428,
          [
            -7.548828915776518e-05,
            0.00029663134533561357
          ]
        ],
        "prog1_margin_vs_random": [
          2.0200873123712067e-05,
          [
            -7.192865857679593e-05,
            0.00011386558486827311
          ]
        ],
        "prog3_margin_vs_minus": [
          0.0008564732100966384,
          [
            -3.223463465426901e-05,
            0.0019260295162114374
          ]
        ],
        "prog3_margin_vs_random": [
          0.0002710233877355115,
          [
            -6.065043931050005e-05,
            0.0006417921489579877
          ]
        ],
        "prog5_margin_vs_minus": [
          0.0018616083737624542,
          [
            -0.00027621799271051144,
            0.0047955493760798735
          ]
        ],
        "prog5_margin_vs_random": [
          0.00045753268100087854,
          [
            -0.00024869572320941597,
            0.0011862557685746989
          ]
        ],
        "fell5_plus": 0.0,
        "fell5_random": 0.0,
        "minz5_plus": 0.6041797796654926
      }
    },
    "score_progress_coupling": {
      "spearman_df_prog1": 0.06509008183529161,
      "spearman_df_prog5": 0.04917029803941236
    },
    "actor_step_1": {
      "df_mean": 0.08270665208498637,
      "df_pos_frac": 0.8333333333333334,
      "da_median": 0.2147960066795349,
      "sat_mean": 0.10416666666666667,
      "dprog1_mean": 5.458908412992643e-05,
      "dprog5_mean": 0.0025056698352572664,
      "dprog5_ci": [
        -0.00562272616950955,
        0.012053951594478186
      ],
      "sp_df_dprog5": 0.3232480533926585
    },
    "actor_steps_50_probe": {
      "df_mean": 0.5445100088914235,
      "df_pos_frac": 1.0,
      "da_median": 1.7978346943855286,
      "sat_mean": 0.06666666666666667,
      "dprog1_mean": 0.00048106427229427373,
      "dprog5_mean": -0.0058583429073817495,
      "dprog5_ci": [
        -0.030536914448728948,
        0.02065581254362836
      ],
      "sp_df_dprog5": -0.04382647385984427,
      "loss_first": 23.296192169189453,
      "loss_last": 22.7725887298584,
      "sat_before": 0.10416666666666667
    },
    "checks": {
      "score_valid": true,
      "vanishes": false,
      "drives_saturation": false,
      "aligns": false,
      "actor_step_increases_score": true
    },
    "verdict": "CRITIC_GRADIENT_SCORE_ONLY"
  },
  "gcompact": {
    "arm": "gcompact",
    "env": "antmaze_open_near_gcompact",
    "ckpt": "qual_open_near/gcompact_te8_s0/gate_30000.pkl",
    "step": 30000,
    "n_states": 30,
    "gradient": {
      "norm_median": 0.6234920024871826,
      "norm_p10": 0.4972530394792557,
      "norm_p90": 1.0552202343940735,
      "participation_ratio_median": 5.379384279251099,
      "top_dim_share_median": 0.2668936401605606,
      "saturated_dim_frac_median": 0.125,
      "blocked_outward_mass_median": 0.143099807202816,
      "finite_diff_rel_err_median": 0.0046672990668094275,
      "f0_mean": -9.431847008069356
    },
    "perturbations": {
      "0.02": {
        "df_plus_mean": 0.01189263661702474,
        "df_plus_pos_frac": 1.0,
        "df_minus_mean": -0.013815673192342122,
        "eff_norm_plus": 0.01810453205058972,
        "prog1_margin_vs_minus": [
          2.8830923025524592e-06,
          [
            -1.2684282382504723e-05,
            1.8695640327415582e-05
          ]
        ],
        "prog1_margin_vs_random": [
          1.2012531926924855e-06,
          [
            -9.490092551026558e-06,
            1.3200588091176586e-05
          ]
        ],
        "prog3_margin_vs_minus": [
          -0.00014740857760238887,
          [
            -0.0003694749864383707,
            1.4379516573298657e-05
          ]
        ],
        "prog3_margin_vs_random": [
          -5.056171916610806e-05,
          [
            -0.00018895750337469304,
            9.74255308680158e-05
          ]
        ],
        "prog5_margin_vs_minus": [
          -0.00040464034940811594,
          [
            -0.0008772670180387205,
            -2.9469205694283535e-06
          ]
        ],
        "prog5_margin_vs_random": [
          -0.00010791323148136912,
          [
            -0.0006998222011150389,
            0.0004040302675344413
          ]
        ],
        "fell5_plus": 0.03333333333333333,
        "fell5_random": 0.03333333333333333,
        "minz5_plus": 0.5175965526383537
      },